STATION,DATE,TYPE,TEMP,DEW PNT,RH,W.DIR,W.SPEED,PRECIP,GC,FFMC,DMC,DC,ISI,BUI,FWI,DGR
BLUE RIVER 2,2024-03-01,ACTUAL,-1.2,-2.8,89,30,5,4.4,,,,,,,,
BLUE RIVER 2,2024-03-02,ACTUAL,-3.9,-11.4,56,354,26,3.2,,,,,,,,
BLUE RIVER 2,2024-03-03,ACTUAL,-6.1,-14.6,51,20,12,0,,,,,,,,
BLUE RIVER 2,2024-03-04,ACTUAL,-5.7,-14.5,50,80,5,0,,,,,,,,
BLUE RIVER 2,2024-03-05,ACTUAL,-3.9,-13.4,48,299,3,0,,,,,,,,
BLUE RIVER 2,2024-03-06,ACTUAL,-2.6,-14.8,39,32,5,0,,,,,,,,
BLUE RIVER 2,2024-03-07,ACTUAL,0.3,-11.2,42,46,6,0,,,,,,,,
BLUE RIVER 2,2024-03-08,ACTUAL,-0.5,-2,90,228,4,0,,,,,,,,
BLUE RIVER 2,2024-03-09,ACTUAL,2.4,0.6,88,333,2,3,,,,,,,,
BLUE RIVER 2,2024-03-10,ACTUAL,1.2,0.9,98,16,3,4.6,,,,,,,,
BLUE RIVER 2,2024-03-11,ACTUAL,6.5,0,63,200,11,5.6,,,,,,,,
BLUE RIVER 2,2024-03-12,ACTUAL,4.4,2.4,87,214,4,4.6,,,,,,,,
BLUE RIVER 2,2024-03-13,ACTUAL,7.5,1.2,64,359,3,1.4,,,,,,,,
BLUE RIVER 2,2024-03-14,ACTUAL,9.7,-0.8,48,35,4,0,,,,,,,,
BLUE RIVER 2,2024-03-15,ACTUAL,13.6,-0.6,38,217,2,0,,,,,,,,
BLUE RIVER 2,2024-03-16,ACTUAL,11.1,2.2,54,32,4,0,,,,,,,,
BLUE RIVER 2,2024-03-17,ACTUAL,14,-0.2,38,50,5,0,,,,,,,,
BLUE RIVER 2,2024-03-18,ACTUAL,15.9,0.3,35,264,2,0,,,,,,,,
BLUE RIVER 2,2024-03-19,ACTUAL,9.8,-1,47,36,4,0,,,,,,,,
BLUE RIVER 2,2024-03-20,ACTUAL,6.2,0.2,65,12,18,0,,,,,,,,
BLUE RIVER 2,2024-03-21,ACTUAL,8.1,-5.5,38,323,8,0,,,,,,,,
BLUE RIVER 2,2024-03-22,ACTUAL,9.1,-10,25,17,12,0,,,,,,,,
BLUE RIVER 2,2024-03-23,ACTUAL,8.1,-9.4,28,32,23,0,,,,,,,,
BLUE RIVER 2,2024-03-24,ACTUAL,10.8,-14.9,15,27,5,0,,,,,,,,
BLUE RIVER 2,2024-03-25,ACTUAL,10.6,-10.9,21,22,8,0,,,,,,,,
BLUE RIVER 2,2024-03-26,ACTUAL,8.7,-2,47,143,6,0,,,,,,,,
BLUE RIVER 2,2024-03-27,ACTUAL,9,-3,43,240,6,0,,,,,,,,
BLUE RIVER 2,2024-03-28,ACTUAL,8,2.7,69,84,7,8,,,,,,,,
BLUE RIVER 2,2024-03-29,ACTUAL,1.1,-0.8,87,8,10,6.6,,,,,,,,
BLUE RIVER 2,2024-03-30,ACTUAL,4.7,-1.7,63,53,3,0.6,,,,,,,,
BLUE RIVER 2,2024-03-31,ACTUAL,8.7,-5,38,42,6,0,,,,,,,,
BLUE RIVER 2,2024-04-01,ACTUAL,14.2,-6.2,24,303,6,0,,,,,,,,
BLUE RIVER 2,2024-04-02,ACTUAL,5.3,2,79,38,5,0,,,,,,,,
BLUE RIVER 2,2024-04-03,ACTUAL,7.6,-8.6,31,217,13,3.2,,,,,,,,
BLUE RIVER 2,2024-04-04,ACTUAL,7.2,-4.6,43,32,18,0,,,,,,,,
BLUE RIVER 2,2024-04-05,ACTUAL,8.5,-5.1,38,10,12,0,,,,,,,,
BLUE RIVER 2,2024-04-06,ACTUAL,8.4,-0.9,52,230,3,0,,,,,,,,
BLUE RIVER 2,2024-04-07,ACTUAL,9.9,-3.5,39,52,9,0,,,,,,,,
BLUE RIVER 2,2024-04-08,ACTUAL,3.9,0.6,79,208,12,0,,,,,,,,
BLUE RIVER 2,2024-04-09,ACTUAL,8.1,-1.4,51,240,3,10.2,,,,,,,,
BLUE RIVER 2,2024-04-10,ACTUAL,10.2,-5.9,32,319,7,0,,,,,,,,
BLUE RIVER 2,2024-04-11,ACTUAL,5.6,1.9,77,59,4,0,,,,,,,,
BLUE RIVER 2,2024-04-12,ACTUAL,8.1,3,70,301,12,4.2,,,,,,,,
BLUE RIVER 2,2024-04-13,ACTUAL,14.2,-5.6,25,179,13,0.4,,,,,,,,
BLUE RIVER 2,2024-04-14,ACTUAL,15.8,-5.4,23,25,7,0,,,,,,,,
BLUE RIVER 2,2024-04-15,ACTUAL,10.9,-6.6,29,220,13,0,,85,6,15,4.1,6,3,
BLUE RIVER 2,2024-04-16,ACTUAL,8.8,-10.3,25,44,18,0,,88.8,8,18,9.2,8,8,2
BLUE RIVER 2,2024-04-17,MANUAL,8.9,-12.3,21,67,11,0,100,90.6,10,20,8.1,10,8,2
BLUE RIVER 2,2024-04-18,ACTUAL,8.7,-14.4,18,41,16,0,100,91.7,12,23,12.2,12,13,2
BLUE RIVER 2,2024-04-19,ACTUAL,10.1,-14.6,16,58,16,0,100,92.6,14,25,13.7,14,15,2
BLUE RIVER 2,2024-04-20,ACTUAL,14,-10,18,60,15,0,100,92.9,17,29,13.5,17,16,2
BLUE RIVER 2,2024-04-21,ACTUAL,9.2,0.1,53,177,15,2.2,100,73.7,15,31,1.5,15,2,2
BLUE RIVER 2,2024-04-22,ACTUAL,10.8,-4.6,34,332,5,0.6,100,82.2,17,34,1.9,17,3,2
BLUE RIVER 2,2024-04-23,ACTUAL,15.1,-6,23,42,12,0,100,89.5,20,38,7.2,20,11,3
BLUE RIVER 2,2024-04-24,ACTUAL,6,3.7,85,43,7,1.8,100,66.7,19,40,0.8,19,1,1
BLUE RIVER 2,2024-04-25,ACTUAL,9.5,3.9,68,141,5,5.4,100,44.2,12,36,0.1,13,0,1
BLUE RIVER 2,2024-04-26,ACTUAL,11.5,-0.7,43,25,12,0,100,70.2,14,39,1.2,15,1,1
BLUE RIVER 2,2024-04-27,ACTUAL,9.1,6.7,85,35,3,1.8,100,57,13,41,0.4,14,0,1
BLUE RIVER 2,2024-04-28,ACTUAL,6.2,3.7,84,189,15,6.8,100,33.6,7,34,0,9,0,1
BLUE RIVER 2,2024-04-29,ACTUAL,1.4,1,97,37,5,9.4,100,9.4,3,22,0,5,0,1
BLUE RIVER 2,2024-04-30,ACTUAL,9.3,-3.4,41,235,7,1,100,42.4,5,24,0.1,6,0,1
BLUE RIVER 2,2024-05-01,ACTUAL,10.1,-2,43,7,11,0,100,68,6,28,1,8,1,1
BLUE RIVER 2,2024-05-02,ACTUAL,15.5,-4,26,27,17,0,100,85.7,10,34,5.5,11,6,2
BLUE RIVER 2,2024-05-03,ACTUAL,17.2,-6,20,79,12,0,100,91.4,14,39,9.7,14,12,2
BLUE RIVER 2,2024-05-04,ACTUAL,17.6,-5,21,76,15,0,100,92.5,17,45,13.2,18,16,2
BLUE RIVER 2,2024-05-05,ACTUAL,18.9,-1.1,26,77,9,0,100,92.6,21,50,9.5,21,14,3
BLUE RIVER 2,2024-05-06,ACTUAL,11.1,4.4,63,28,6,7,50,50.7,13,45,0.2,15,0,1
BLUE RIVER 2,2024-05-07,ACTUAL,13.4,-4.4,29,49,9,0.8,50,74.8,16,50,1.2,18,1,1
BLUE RIVER 2,2024-05-08,ACTUAL,16.6,-7.2,19,154,11,0,50,88.8,19,55,6.4,21,10,3
BLUE RIVER 2,2024-05-09,ACTUAL,19.9,-0.8,25,271,6,0,50,91.5,24,61,7.1,24,12,3
BLUE RIVER 2,2024-05-10,ACTUAL,22.9,1.8,25,7,7,0,50,92.5,28,68,8.6,28,15,3
BLUE RIVER 2,2024-05-11,ACTUAL,23.5,-0.8,20,26,9,0,50,93.7,34,74,11.3,33,20,3
BLUE RIVER 2,2024-05-12,ACTUAL,23.3,0.9,23,225,15,0,50,93.8,38,81,15.6,38,27,3
BLUE RIVER 2,2024-05-13,ACTUAL,17.1,7.2,52,193,20,2,50,79.9,37,86,3.1,37,8,2
BLUE RIVER 2,2024-05-14,ACTUAL,16,2.7,41,196,10,0.4,50,86,40,92,4,40,10,3
BLUE RIVER 2,2024-05-15,ACTUAL,16,5,48,205,13,0,50,86.8,42,97,5.3,42,13,3
BLUE RIVER 2,2024-05-16,ACTUAL,11.4,7.2,75,199,14,19.4,50,40.1,18,66,0.1,21,0,2
BLUE RIVER 2,2024-05-17,ACTUAL,11.7,1.3,49,208,24,2,50,63.8,17,70,1.7,21,3,2
BLUE RIVER 2,2024-05-18,ACTUAL,12.3,0.6,45,203,21,0,50,80,19,75,3.3,23,6,2
BLUE RIVER 2,2024-05-19,ACTUAL,13.1,0,41,204,13,0,50,85.5,21,80,4.4,26,8,3
BLUE RIVER 2,2024-05-20,ACTUAL,17.8,-3.7,23,198,8,0,50,90.7,25,85,7,29,13,3
BLUE RIVER 2,2024-05-21,ACTUAL,9.9,7.8,87,286,6,2.6,50,58.4,21,89,0.5,26,1,2
BLUE RIVER 2,2024-05-22,ACTUAL,18.4,1.7,33,30,17,5.8,50,68.8,16,86,1.4,22,2,2
BLUE RIVER 2,2024-05-23,ACTUAL,17.5,2.5,37,61,9,0,50,83.7,19,92,2.8,25,5,2
BLUE RIVER 2,2024-05-24,ACTUAL,11,9.2,89,57,5,0.6,50,79.8,19,96,1.5,26,3,2
BLUE RIVER 2,2024-05-25,ACTUAL,10.8,8.2,84,191,13,13.4,50,34.4,9,77,0,14,0,1
BLUE RIVER 2,2024-05-26,ACTUAL,11.3,5,65,195,18,0.2,50,60.9,10,81,1.1,16,1,1
BLUE RIVER 2,2024-05-27,ACTUAL,10.9,6.7,75,148,8,0,50,70.1,11,86,0.9,17,1,1
BLUE RIVER 2,2024-05-28,ACTUAL,9.6,9,96,220,9,3.6,50,37.2,7,86,0,12,0,1
BLUE RIVER 2,2024-05-29,MANUAL,11.9,1.5,49,197,14,25.6,0,42.9,5,44,0.1,7,0,1
BLUE RIVER 2,2024-05-30,MANUAL,10.2,6.4,77,43,5,0,0,56.4,5,48,0.4,8,0,1
BLUE RIVER 2,2024-05-31,ACTUAL,14.8,-0.6,35,204,13,0,0,79.4,8,53,2.1,12,2,2
BLUE RIVER 2,2024-06-01,ACTUAL,11.6,8.3,80,85,4,5.4,0,43.2,5,52,0.1,8,0,1
BLUE RIVER 2,2024-06-02,ACTUAL,14.8,9,68,146,4,6.8,0,38.4,3,48,0,6,0,1
BLUE RIVER 2,2024-06-03,ACTUAL,10.8,8.7,87,4,9,11.4,0,22.1,2,36,0,3,0,1
BLUE RIVER 2,2024-06-04,ACTUAL,8.5,7.4,93,84,3,6,0,13.2,0,33,0,1,0,1
BLUE RIVER 2,2024-06-05,ACTUAL,11.9,8.2,78,47,9,2.8,0,31.1,1,36,0,1,0,1
BLUE RIVER 2,2024-06-06,ACTUAL,16.4,3.4,42,52,6,0.4,0,65,3,42,0.7,6,0,1
BLUE RIVER 2,2024-06-07,ACTUAL,19.2,-1.9,24,120,9,0,0,85.9,7,49,3.8,11,4,2
BLUE RIVER 2,2024-06-08,ACTUAL,21.5,-1.2,22,36,18,0,0,92.1,12,57,14,16,16,2
BLUE RIVER 2,2024-06-09,ACTUAL,22.6,4,30,45,11,0,0,92.2,16,64,10,20,14,3
BLUE RIVER 2,2024-06-10,ACTUAL,18,10.7,62,200,8,0,0,87.9,18,71,4.8,22,8,3
BLUE RIVER 2,2024-06-11,ACTUAL,14.8,10.5,75,60,9,5.6,0,52.3,12,69,0.3,17,0,1
BLUE RIVER 2,2024-06-12,ACTUAL,14.3,6.2,58,196,16,6.8,0,53,8,65,0.5,12,0,1
BLUE RIVER 2,2024-06-13,ACTUAL,21.2,1.9,28,64,12,0,0,83.6,12,72,3.2,17,5,2
BLUE RIVER 2,2024-06-14,ACTUAL,17,2.8,39,114,9,0,0,87.5,15,78,4.6,20,7,2
BLUE RIVER 2,2024-06-15,ACTUAL,13.9,6.6,61,201,17,7.6,0,57.8,10,72,0.8,14,1,1
BLUE RIVER 2,2024-06-16,ACTUAL,16.8,3,40,109,7,0.2,0,78.6,12,79,1.4,18,2,2
BLUE RIVER 2,2024-06-17,ACTUAL,12.7,8,73,206,8,3.2,0,58.2,10,81,0.5,15,0,1
BLUE RIVER 2,2024-06-18,ACTUAL,17.9,0.4,31,22,8,0,0,81.4,13,88,2,19,3,2
BLUE RIVER 2,2024-06-19,ACTUAL,19.7,1.5,30,212,21,0,0,89.6,17,95,11.6,23,17,3
BLUE RIVER 2,2024-06-20,ACTUAL,24.6,-0.6,19,280,8,0,0,93.7,22,103,10.8,29,18,3
BLUE RIVER 2,2024-06-21,ACTUAL,27.4,-3.5,13,263,7,0,0,96,29,111,14.2,35,24,3
BLUE RIVER 2,2024-06-22,ACTUAL,22.5,4.9,32,51,6,0,0,93.7,33,118,9.7,39,19,3
BLUE RIVER 2,2024-06-23,ACTUAL,17.6,7.7,52,98,7,0.2,0,89.8,36,125,5.9,42,14,3
BLUE RIVER 2,2024-06-24,ACTUAL,14.8,10.3,74,93,9,5.4,0,54,23,123,0.4,32,0,2
BLUE RIVER 2,2024-06-25,ACTUAL,22.3,4.2,31,253,6,1.6,0,77.6,26,130,1.2,35,3,2
BLUE RIVER 2,2024-06-26,ACTUAL,25,6.6,31,48,9,0,0,89.5,31,138,6.4,40,14,3
BLUE RIVER 2,2024-06-27,ACTUAL,15.6,11.4,76,114,3,13.6,0,37.9,14,117,0,22,0,2
BLUE RIVER 2,2024-06-28,ACTUAL,20.4,11.7,57,36,6,0.4,0,67.6,17,124,0.8,25,1,2
BLUE RIVER 2,2024-06-29,ACTUAL,21.4,12.1,55,359,5,1.2,0,76.1,20,132,1,29,2,2
BLUE RIVER 2,2024-06-30,ACTUAL,18.1,13.9,76,175,7,2.4,0,63.9,17,138,0.7,26,1,2
BLUE RIVER 2,2024-07-01,ACTUAL,19.5,9.7,53,163,10,1.4,0,75.3,20,145,1.3,29,2,2
BLUE RIVER 2,2024-07-02,ACTUAL,15.4,11.6,78,358,4,1,0,72.5,20,152,0.8,31,1,2
BLUE RIVER 2,2024-07-03,ACTUAL,20.6,6.1,39,272,4,0,0,84.7,24,159,2.5,34,6,2
BLUE RIVER 2,2024-07-04,ACTUAL,24,2.7,25,38,11,0,0,91.7,28,167,9.4,39,19,3
BLUE RIVER 2,2024-07-05,ACTUAL,27.2,4.2,23,251,14,0,0,93.7,33,176,14.6,45,27,4
BLUE RIVER 2,2024-07-06,ACTUAL,27.8,5.3,24,51,12,0,0,93.7,38,185,13.6,50,28,4
BLUE RIVER 2,2024-07-07,ACTUAL,30,5.9,22,31,10,0,0,94.5,44,194,13.3,56,29,4
BLUE RIVER 2,2024-07-08,ACTUAL,31.2,8.8,25,29,10,0,0,94.5,50,203,13.6,62,31,4
BLUE RIVER 2,2024-07-09,ACTUAL,33.9,6.3,18,62,6,0,0,96,56,213,13.1,68,31,4
BLUE RIVER 2,2024-07-10,ACTUAL,34.3,7.4,19,37,11,0,0,96,63,223,17.4,74,39,5
BLUE RIVER 2,2024-07-11,ACTUAL,28.8,-0.4,15,216,21,0,0,96.1,69,232,29.5,79,57,5
BLUE RIVER 2,2024-07-12,ACTUAL,28.4,2.5,19,159,11,0,0,96.1,75,240,17.5,84,42,5
BLUE RIVER 2,2024-07-13,ACTUAL,27.5,9.3,32,50,8,0,0,94.1,79,249,11.4,88,32,5
BLUE RIVER 2,2024-07-14,ACTUAL,29.1,8.1,27,34,11,0,0,94.2,84,258,13.2,93,37,5
BLUE RIVER 2,2024-07-15,ACTUAL,30.9,6.7,22,30,8,0,0,94.7,90,267,12.2,98,36,5
BLUE RIVER 2,2024-07-16,ACTUAL,31.6,8.5,24,31,10,0,0,94.7,96,277,13.8,103,39,5
BLUE RIVER 2,2024-07-17,ACTUAL,33,6.3,19,12,5,0,0,95.6,103,286,12.3,108,38,5
BLUE RIVER 2,2024-07-18,ACTUAL,30.5,7.6,24,33,6,0,0,95.6,108,296,12.7,113,39,5
BLUE RIVER 2,2024-07-19,ACTUAL,31.4,12.2,31,32,10,0,0,94.6,114,305,13.8,118,42,5
BLUE RIVER 2,2024-07-20,ACTUAL,31.6,11.3,29,24,7,0,0,94.6,119,314,11.7,122,38,5
BLUE RIVER 2,2024-07-21,ACTUAL,32.5,12.1,29,42,8,0,0,94.7,125,324,12.6,127,41,5
BLUE RIVER 2,2024-07-22,ACTUAL,28.3,13.8,41,198,12,0,0,92.4,129,333,11.2,131,38,5
BLUE RIVER 2,2024-07-23,ACTUAL,24,4.8,29,206,12,2.8,0,84,95,336,3.3,111,15,4
BLUE RIVER 2,2024-07-24,ACTUAL,23.4,5.7,32,39,6,0,0,89.9,99,344,5.6,115,23,4
BLUE RIVER 2,2024-07-25,ACTUAL,17.2,4.4,43,207,18,1.8,0,81.7,92,351,3.4,111,15,4
BLUE RIVER 2,2024-07-26,ACTUAL,15.7,9.7,67,25,6,0,0,82.9,93,357,2.2,113,11,4
BLUE RIVER 2,2024-07-27,ACTUAL,20.7,9.9,50,24,4,0.4,0,86.2,96,365,3.1,115,14,4
BLUE RIVER 2,2024-07-28,ACTUAL,21,9.3,47,206,5,0,0,87.6,98,372,4,118,18,4
BLUE RIVER 2,2024-07-29,ACTUAL,15,14.3,96,66,5,6.4,0,31.5,57,359,0,82,0,2
BLUE RIVER 2,2024-07-30,ACTUAL,19.9,15.2,74,119,7,28,0,33.9,23,272,0,39,0,2
BLUE RIVER 2,2024-07-31,ACTUAL,22.9,13.5,55,38,5,0,0,67.2,26,280,0.7,42,1,2
BLUE RIVER 2,2024-08-01,ACTUAL,27.1,11.5,38,32,8,0,0,86.9,30,288,4.2,47,11,3
BLUE RIVER 2,2024-08-02,ACTUAL,28.3,10.9,34,39,8,0,0,91.1,34,296,7.5,52,19,4
BLUE RIVER 2,2024-08-03,ACTUAL,26.7,11.5,39,188,6,0,0,91.2,37,304,6.7,57,18,4
BLUE RIVER 2,2024-08-04,ACTUAL,29.3,8.8,28,33,7,0,0,92.9,42,312,9.4,62,24,4
BLUE RIVER 2,2024-08-05,ACTUAL,23.4,13,52,29,7,0.4,0,90,44,319,6.2,65,18,4
BLUE RIVER 2,2024-08-06,ACTUAL,23.6,11.3,46,222,4,2.6,0,77.3,39,326,1.1,60,4,3
BLUE RIVER 2,2024-08-07,ACTUAL,25.8,6.8,30,247,3,0.4,0,89.2,43,334,4.5,65,14,3
BLUE RIVER 2,2024-08-08,ACTUAL,27.7,8.5,30,337,3,0,0,91.9,47,342,6.4,70,19,4
BLUE RIVER 2,2024-08-09,ACTUAL,24.3,9.8,40,136,4,0,0,91.6,50,349,6.5,74,20,4
BLUE RIVER 2,2024-08-10,ACTUAL,27.3,9.5,33,47,7,0,0,91.7,54,357,7.9,79,24,4
BLUE RIVER 2,2024-08-11,ACTUAL,27.9,9.6,32,80,7,0,0,92,58,365,7.9,84,25,4
BLUE RIVER 2,2024-08-12,ACTUAL,23.6,10.6,44,29,12,0,0,90.9,61,373,8.7,87,27,4
BLUE RIVER 2,2024-08-13,ACTUAL,22.8,13.4,55,47,4,0.6,0,88.3,64,380,4,90,16,4
BLUE RIVER 2,2024-08-14,ACTUAL,21.9,13.9,60,186,3,0,0,87.7,65,387,3.7,92,15,4
BLUE RIVER 2,2024-08-15,ACTUAL,21.4,14.4,64,352,14,0,0,86.9,67,393,5.5,94,20,4
BLUE RIVER 2,2024-08-16,ACTUAL,18.1,14.4,79,219,3,0,0,84.2,68,400,2.2,95,10,4
BLUE RIVER 2,2024-08-17,ACTUAL,19.6,14.7,73,27,6,4,0,59.5,49,395,0.5,75,2,3
BLUE RIVER 2,2024-08-18,ACTUAL,24.5,13.4,50,21,11,0,0,82.1,52,403,2.6,78,10,4
BLUE RIVER 2,2024-08-19,ACTUAL,23.9,11.6,46,52,11,7,0,70.9,33,386,1.1,54,4,3
BLUE RIVER 2,2024-08-20,ACTUAL,20,7,43,129,3,0,0,82.9,35,393,1.8,58,6,3
BLUE RIVER 2,2024-08-21,ACTUAL,19.3,10.1,55,201,13,0,0,85.6,37,400,4.4,60,13,3
BLUE RIVER 2,2024-08-22,ACTUAL,23.8,10.1,42,59,8,0,0,88.7,40,407,5.2,65,16,3
BLUE RIVER 2,2024-08-23,ACTUAL,25.1,9.3,37,64,9,0,0,90.3,44,414,6.9,69,20,4
BLUE RIVER 2,2024-08-24,ACTUAL,13.2,11.7,91,299,2,25.8,0,21,17,321,0,30,0,2
BLUE RIVER 2,2024-08-25,ACTUAL,14.7,11.7,82,69,5,8,0,24.2,9,304,0,17,0,1
BLUE RIVER 2,2024-08-26,ACTUAL,15.8,12.6,81,34,6,0,0,43.9,10,310,0.1,19,0,1
BLUE RIVER 2,2024-08-27,ACTUAL,14.3,9.6,73,234,3,24.6,0,27.2,5,241,0,9,0,1
BLUE RIVER 2,2024-08-28,ACTUAL,15.7,10.1,69,39,8,4.6,0,41.3,4,238,0.1,7,0,1
BLUE RIVER 2,2024-08-29,ACTUAL,20,11,56,285,4,0,0,67.5,5,244,0.7,10,0,1
BLUE RIVER 2,2024-08-30,ACTUAL,24.7,12.7,47,88,8,0,0,84.1,8,252,2.7,15,4,2
BLUE RIVER 2,2024-08-31,ACTUAL,24.1,11.4,45,21,7,0,0,87.9,11,259,4.5,20,7,2
BLUE RIVER 2,2024-09-01,ACTUAL,25.7,10.3,38,34,7,0,0,90.1,14,265,6.1,25,11,3
BLUE RIVER 2,2024-09-02,ACTUAL,23,13,53,205,3,0,0,89.2,16,271,4.5,28,9,3
BLUE RIVER 2,2024-09-03,ACTUAL,24.2,11.9,46,48,10,0,0,89.3,19,277,6.5,32,13,3
BLUE RIVER 2,2024-09-04,ACTUAL,22.4,7.3,38,41,6,0,0,89.8,21,283,5.6,36,12,3
BLUE RIVER 2,2024-09-05,ACTUAL,23.5,10.2,43,15,7,0,0,89.9,24,289,5.8,39,13,3
BLUE RIVER 2,2024-09-06,ACTUAL,26.4,8.7,33,35,5,0,0,91.3,27,295,6.6,44,15,3
BLUE RIVER 2,2024-09-07,ACTUAL,26.3,9.5,35,23,5,0,0,91.4,30,302,6.8,48,17,3
BLUE RIVER 2,2024-09-08,ACTUAL,18.5,9.3,55,198,2,0,0,89,32,307,4.1,50,11,3
BLUE RIVER 2,2024-09-09,ACTUAL,19.4,5.7,41,179,15,0,0,89.1,34,312,7.9,53,19,4
BLUE RIVER 2,2024-09-10,ACTUAL,17.3,3.8,41,43,7,0,0,89.1,36,317,5.4,56,15,3
BLUE RIVER 2,2024-09-11,ACTUAL,10.3,5.3,71,18,7,0,0,85.5,36,321,3.2,57,10,3
BLUE RIVER 2,2024-09-12,ACTUAL,17.5,10.2,62,77,7,0.8,0,82.7,38,325,2.2,58,7,3
BLUE RIVER 2,2024-09-13,ACTUAL,13.5,9.8,78,67,3,3,0,56.3,30,324,0.4,49,1,2
BLUE RIVER 2,2024-09-14,ACTUAL,14.5,10.9,79,222,5,11.2,0,32.3,15,294,0,26,0,2
BLUE RIVER 2,2024-09-15,ACTUAL,14.7,9.1,69,244,11,3.2,0,47.3,11,293,0.2,21,0,2
BLUE RIVER 2,2024-09-16,ACTUAL,15,9.4,69,55,6,0.2,0,65.2,12,297,0.7,22,1,2
BLUE RIVER 2,2024-09-17,ACTUAL,16.2,8.7,61,35,7,0,0,77.1,13,302,1.3,24,2,2
BLUE RIVER 2,2024-09-18,ACTUAL,21.8,3.8,31,163,14,0,0,88.8,16,308,7.3,29,13,3
BLUE RIVER 2,2024-09-19,ACTUAL,14,7.1,63,103,2,0,0,86.9,17,312,3,30,6,2
BLUE RIVER 2,2024-09-20,ACTUAL,14.1,4.1,51,4,7,1,0,82.2,18,316,2,32,4,2
BLUE RIVER 2,2024-09-21,ACTUAL,8.5,4.5,76,34,4,0,0,82.2,19,319,1.8,33,4,2
BLUE RIVER 2,2024-09-22,ACTUAL,10.1,9.8,98,52,5,6.6,0,26.8,11,305,0,20,0,1
BLUE RIVER 2,2024-09-23,ACTUAL,12.3,12,98,2,0,8.4,0,6.8,5,286,0,10,0,1
BLUE RIVER 2,2024-09-24,ACTUAL,19,14.3,74,285,2,0.2,0,31.5,6,291,0,12,0,1
BLUE RIVER 2,2024-09-25,ACTUAL,15.4,14.6,95,16,4,35.4,0,7.5,2,194,0,5,0,1
BLUE RIVER 2,2024-09-26,ACTUAL,12.5,7,69,44,10,9.4,0,30.9,1,178,0,3,0,1
BLUE RIVER 2,2024-09-27,ACTUAL,17.9,3.7,39,214,15,2.4,0,66,2,183,1.2,5,1,1
BLUE RIVER 2,2024-09-28,ACTUAL,9.8,5.6,75,9,6,0,0,72.7,3,186,0.9,6,0,1
BLUE RIVER 2,2024-09-29,ACTUAL,9.4,1.8,59,214,22,0.4,0,80,4,190,3.4,7,3,2
BLUE RIVER 2,2024-09-30,ACTUAL,10.1,2.2,58,50,9,0.4,0,82.6,5,193,2.4,9,2,2
BLUE RIVER 2,2024-10-01,ACTUAL,4.7,4.2,97,120,8,37.2,0,13.1,2,110,0,3,0,1
BLUE RIVER 2,2024-10-02,ACTUAL,7.1,4.9,86,65,4,3,0,18.9,1,109,0,1,0,1
BLUE RIVER 2,2024-10-03,ACTUAL,10.7,7.2,79,73,4,2,0,31.1,0,112,0,1,0,1
BLUE RIVER 2,2024-10-04,ACTUAL,6.2,6,99,304,2,2,0,22.4,0,113,0,0,0,1
BLUE RIVER 2,2024-10-05,ACTUAL,11,7.2,77,52,4,9.6,0,23.4,0,99,0,1,0,1
BLUE RIVER 2,2024-10-06,ACTUAL,8.1,7.9,99,307,3,3,0,14,0,98,0,0,0,1
BLUE RIVER 2,2024-10-07,ACTUAL,8.9,6.8,87,36,3,3,0,18.7,0,97,0,0,0,1
BLUE RIVER 2,2024-10-08,ACTUAL,13.3,11.2,87,28,6,2.6,0,26.4,0,100,0,1,0,1
BLUE RIVER 2,2024-10-09,ACTUAL,12.2,8.5,78,94,2,5,0,26.3,0,96,0,1,0,1
BLUE RIVER 2,2024-10-10,ACTUAL,11.6,5.1,64,112,10,3,0,43.9,1,96,0.1,1,0,1
BLUE RIVER 2,2024-10-11,ACTUAL,7.5,3,73,45,7,0,0,58.3,1,98,0.5,2,0,1
BLUE RIVER 2,2024-10-12,ACTUAL,9.2,3.9,69,14,4,0,0,68.3,2,100,0.7,3,0,1
BLUE RIVER 2,2024-10-13,ACTUAL,11.2,6.8,74,45,2,0,0,73.5,2,103,0.8,4,0,1
BLUE RIVER 2,2024-10-14,ACTUAL,7.4,7.4,100,53,4,0.6,0,71.6,2,105,0.8,4,0,1
BLUE RIVER 2,2024-10-15,ACTUAL,9.1,9.1,100,184,5,6.2,0,22.6,0,97,0,1,0,1
BLUE RIVER 2,2024-10-16,ACTUAL,9.4,8.8,96,90,4,1.2,0,23.2,1,100,0,1,0,1
BLUE RIVER 2,2024-10-17,ACTUAL,7.4,3.3,75,168,11,3.2,0,34.3,0,98,0,1,0,1
BLUE RIVER 2,2024-10-18,ACTUAL,4.1,2.3,88,86,7,0,0,42.9,0,100,0.1,1,0,1
BLUE RIVER 2,2024-10-19,ACTUAL,3.6,3.5,99,248,4,15.2,0,7,0,74,0,0,0,1
BLUE RIVER 2,2024-10-20,ACTUAL,5.9,5.7,99,240,6,13,0,1.4,0,53,0,0,0,1
BLUE RIVER 2,2024-10-21,ACTUAL,7.9,2.8,70,20,11,11.6,0,25.5,0,37,0,1,0,1
BLUE RIVER 2,2024-10-22,ACTUAL,8,-1.3,52,200,18,0,0,56.3,1,39,0.8,2,0,1
BLUE RIVER 2,2024-10-23,ACTUAL,3.5,0.7,82,211,2,0,0,61.5,1,41,0.5,2,0,1
BLUE RIVER 2,2024-10-24,ACTUAL,4.9,0.9,75,168,8,0.2,0,68.9,1,42,0.9,3,0,1
BLUE RIVER 2,2024-10-25,ACTUAL,4,1,81,9,5,0.6,0,70.7,2,44,0.8,3,0,1
BLUE RIVER 2,2024-10-26,ACTUAL,3.4,2.7,95,56,4,4.8,0,30.5,0,39,0,1,0,1
BLUE RIVER 2,2024-10-27,ACTUAL,5.1,4.9,99,109,3,19.4,0,3.4,0,10,0,0,0,1
BLUE RIVER 2,2024-10-28,ACTUAL,6.6,4.7,88,197,8,2.4,0,13.1,0,12,0,0,0,1
BLUE RIVER 2,2024-10-29,ACTUAL,5.5,0.7,71,13,6,2,0,29.2,0,13,0,1,0,1
BLUE RIVER 2,2024-10-30,ACTUAL,2.2,-0.4,83,240,5,0,0,39.2,0,14,0,1,0,1
BLUE RIVER 2,2024-10-31,ACTUAL,4.4,2.1,85,258,5,0.2,0,47.8,1,16,0.2,1,0,1
BLUEBERRY,2024-03-01,[object Object],,,,,,,,,,,,,,
BLUEBERRY,2024-03-02,[object Object],,,,,,,,,,,,,,
BLUEBERRY,2024-03-03,[object Object],,,,,,,,,,,,,,
BLUEBERRY,2024-03-04,[object Object],,,,,,,,,,,,,,
BLUEBERRY,2024-03-05,[object Object],,,,,,,,,,,,,,
BLUEBERRY,2024-03-06,[object Object],,,,,,,,,,,,,,
BLUEBERRY,2024-03-07,[object Object],,,,,,,,,,,,,,
BLUEBERRY,2024-03-08,[object Object],,,,,,,,,,,,,,
BLUEBERRY,2024-03-09,[object Object],,,,,,,,,,,,,,
BLUEBERRY,2024-03-10,[object Object],,,,,,,,,,,,,,
BLUEBERRY,2024-03-11,[object Object],,,,,,,,,,,,,,
BLUEBERRY,2024-03-12,[object Object],,,,,,,,,,,,,,
BLUEBERRY,2024-03-13,[object Object],,,,,,,,,,,,,,
BLUEBERRY,2024-03-14,[object Object],,,,,,,,,,,,,,
BLUEBERRY,2024-03-15,[object Object],,,,,,,,,,,,,,
BLUEBERRY,2024-03-16,[object Object],,,,,,,,,,,,,,
BLUEBERRY,2024-03-17,[object Object],,,,,,,,,,,,,,
BLUEBERRY,2024-03-18,[object Object],,,,,,,,,,,,,,
BLUEBERRY,2024-03-19,[object Object],,,,,,,,,,,,,,
BLUEBERRY,2024-03-20,[object Object],,,,,,,,,,,,,,
BLUEBERRY,2024-03-21,[object Object],,,,,,,,,,,,,,
BLUEBERRY,2024-03-22,[object Object],,,,,,,,,,,,,,
BLUEBERRY,2024-03-23,[object Object],,,,,,,,,,,,,,
BLUEBERRY,2024-03-24,[object Object],,,,,,,,,,,,,,
BLUEBERRY,2024-03-25,[object Object],,,,,,,,,,,,,,
BLUEBERRY,2024-03-26,[object Object],,,,,,,,,,,,,,
BLUEBERRY,2024-03-27,[object Object],,,,,,,,,,,,,,
BLUEBERRY,2024-03-28,[object Object],,,,,,,,,,,,,,
BLUEBERRY,2024-03-29,[object Object],,,,,,,,,,,,,,
BLUEBERRY,2024-03-30,[object Object],,,,,,,,,,,,,,
BLUEBERRY,2024-03-31,[object Object],,,,,,,,,,,,,,
BLUEBERRY,2024-04-01,[object Object],,,,,,,,,,,,,,
BLUEBERRY,2024-04-02,[object Object],,,,,,,,,,,,,,
BLUEBERRY,2024-04-03,[object Object],,,,,,,,,,,,,,
BLUEBERRY,2024-04-04,[object Object],,,,,,,,,,,,,,
BLUEBERRY,2024-04-05,[object Object],,,,,,,,,,,,,,
BLUEBERRY,2024-04-06,[object Object],,,,,,,,,,,,,,
BLUEBERRY,2024-04-07,[object Object],,,,,,,,,,,,,,
BLUEBERRY,2024-04-08,[object Object],,,,,,,,,,,,,,
BLUEBERRY,2024-04-09,[object Object],,,,,,,,,,,,,,
BLUEBERRY,2024-04-10,[object Object],,,,,,,,,,,,,,
BLUEBERRY,2024-04-11,[object Object],,,,,,,,,,,,,,
BLUEBERRY,2024-04-12,[object Object],,,,,,,,,,,,,,
BLUEBERRY,2024-04-13,[object Object],,,,,,,,,,,,,,
BLUEBERRY,2024-04-14,[object Object],,,,,,,,,,,,,,
BLUEBERRY,2024-04-15,[object Object],,,,,,,,,,,,,,
BLUEBERRY,2024-04-16,[object Object],,,,,,,,,,,,,,
BLUEBERRY,2024-04-17,[object Object],,,,,,,,,,,,,,
BLUEBERRY,2024-04-18,[object Object],,,,,,,,,,,,,,
BLUEBERRY,2024-04-19,[object Object],,,,,,,,,,,,,,
BLUEBERRY,2024-04-20,[object Object],,,,,,,,,,,,,,
BLUEBERRY,2024-04-21,[object Object],,,,,,,,,,,,,,
BLUEBERRY,2024-04-22,[object Object],,,,,,,,,,,,,,
BLUEBERRY,2024-04-23,[object Object],,,,,,,,,,,,,,
BLUEBERRY,2024-04-24,[object Object],,,,,,,,,,,,,,
BLUEBERRY,2024-04-25,[object Object],,,,,,,,,,,,,,
BLUEBERRY,2024-04-26,[object Object],,,,,,,,,,,,,,
BLUEBERRY,2024-04-27,[object Object],,,,,,,,,,,,,,
BLUEBERRY,2024-04-28,[object Object],,,,,,,,,,,,,,
BLUEBERRY,2024-04-29,[object Object],,,,,,,,,,,,,,
BLUEBERRY,2024-04-30,[object Object],,,,,,,,,,,,,,
BLUEBERRY,2024-05-01,[object Object],,,,,,,,,,,,,,
BLUEBERRY,2024-05-02,[object Object],,,,,,,,,,,,,,
BLUEBERRY,2024-05-03,[object Object],,,,,,,,,,,,,,
BLUEBERRY,2024-05-04,[object Object],,,,,,,,,,,,,,
BLUEBERRY,2024-05-05,[object Object],,,,,,,,,,,,,,
BLUEBERRY,2024-05-06,[object Object],,,,,,,,,,,,,,
BLUEBERRY,2024-05-07,[object Object],,,,,,,,,,,,,,
BLUEBERRY,2024-05-08,[object Object],,,,,,,,,,,,,,
BLUEBERRY,2024-05-09,[object Object],,,,,,,,,,,,,,
BLUEBERRY,2024-05-10,[object Object],,,,,,,,,,,,,,
BLUEBERRY,2024-05-11,[object Object],,,,,,,,,,,,,,
BLUEBERRY,2024-05-12,[object Object],,,,,,,,,,,,,,
BLUEBERRY,2024-05-13,[object Object],,,,,,,,,,,,,,
BLUEBERRY,2024-05-14,[object Object],,,,,,,,,,,,,,
BLUEBERRY,2024-05-15,[object Object],,,,,,,,,,,,,,
BLUEBERRY,2024-05-16,[object Object],,,,,,,,,,,,,,
BLUEBERRY,2024-05-17,[object Object],,,,,,,,,,,,,,
BLUEBERRY,2024-05-18,[object Object],,,,,,,,,,,,,,
BLUEBERRY,2024-05-19,[object Object],,,,,,,,,,,,,,
BLUEBERRY,2024-05-20,[object Object],,,,,,,,,,,,,,
BLUEBERRY,2024-05-21,[object Object],,,,,,,,,,,,,,
BLUEBERRY,2024-05-22,[object Object],,,,,,,,,,,,,,
BLUEBERRY,2024-05-23,[object Object],,,,,,,,,,,,,,
BLUEBERRY,2024-05-24,[object Object],,,,,,,,,,,,,,
BLUEBERRY,2024-05-25,[object Object],,,,,,,,,,,,,,
BLUEBERRY,2024-05-26,[object Object],,,,,,,,,,,,,,
BLUEBERRY,2024-05-27,[object Object],,,,,,,,,,,,,,
BLUEBERRY,2024-05-28,[object Object],,,,,,,,,,,,,,
BLUEBERRY,2024-05-29,[object Object],,,,,,,,,,,,,,
BLUEBERRY,2024-05-30,[object Object],,,,,,,,,,,,,,
BLUEBERRY,2024-05-31,[object Object],,,,,,,,,,,,,,
BLUEBERRY,2024-06-01,[object Object],,,,,,,,,,,,,,
BLUEBERRY,2024-06-02,[object Object],,,,,,,,,,,,,,
BLUEBERRY,2024-06-03,[object Object],,,,,,,,,,,,,,
BLUEBERRY,2024-06-04,[object Object],,,,,,,,,,,,,,
BLUEBERRY,2024-06-05,[object Object],,,,,,,,,,,,,,
BLUEBERRY,2024-06-06,[object Object],,,,,,,,,,,,,,
BLUEBERRY,2024-06-07,[object Object],,,,,,,,,,,,,,
BLUEBERRY,2024-06-08,[object Object],,,,,,,,,,,,,,
BLUEBERRY,2024-06-09,[object Object],,,,,,,,,,,,,,
BLUEBERRY,2024-06-10,[object Object],,,,,,,,,,,,,,
BLUEBERRY,2024-06-11,[object Object],,,,,,,,,,,,,,
BLUEBERRY,2024-06-12,[object Object],,,,,,,,,,,,,,
BLUEBERRY,2024-06-13,[object Object],,,,,,,,,,,,,,
BLUEBERRY,2024-06-14,[object Object],,,,,,,,,,,,,,
BLUEBERRY,2024-06-15,[object Object],,,,,,,,,,,,,,
BLUEBERRY,2024-06-16,[object Object],,,,,,,,,,,,,,
BLUEBERRY,2024-06-17,[object Object],,,,,,,,,,,,,,
BLUEBERRY,2024-06-18,[object Object],,,,,,,,,,,,,,
BLUEBERRY,2024-06-19,[object Object],,,,,,,,,,,,,,
BLUEBERRY,2024-06-20,[object Object],,,,,,,,,,,,,,
BLUEBERRY,2024-06-21,[object Object],,,,,,,,,,,,,,
BLUEBERRY,2024-06-22,[object Object],,,,,,,,,,,,,,
BLUEBERRY,2024-06-23,[object Object],,,,,,,,,,,,,,
BLUEBERRY,2024-06-24,[object Object],,,,,,,,,,,,,,
BLUEBERRY,2024-06-25,[object Object],,,,,,,,,,,,,,
BLUEBERRY,2024-06-26,[object Object],,,,,,,,,,,,,,
BLUEBERRY,2024-06-27,[object Object],,,,,,,,,,,,,,
BLUEBERRY,2024-06-28,[object Object],,,,,,,,,,,,,,
BLUEBERRY,2024-06-29,[object Object],,,,,,,,,,,,,,
BLUEBERRY,2024-06-30,[object Object],,,,,,,,,,,,,,
BLUEBERRY,2024-07-01,[object Object],,,,,,,,,,,,,,
BLUEBERRY,2024-07-02,[object Object],,,,,,,,,,,,,,
BLUEBERRY,2024-07-03,[object Object],,,,,,,,,,,,,,
BLUEBERRY,2024-07-04,[object Object],,,,,,,,,,,,,,
BLUEBERRY,2024-07-05,[object Object],,,,,,,,,,,,,,
BLUEBERRY,2024-07-06,[object Object],,,,,,,,,,,,,,
BLUEBERRY,2024-07-07,[object Object],,,,,,,,,,,,,,
BLUEBERRY,2024-07-08,[object Object],,,,,,,,,,,,,,
BLUEBERRY,2024-07-09,[object Object],,,,,,,,,,,,,,
BLUEBERRY,2024-07-10,[object Object],,,,,,,,,,,,,,
BLUEBERRY,2024-07-11,[object Object],,,,,,,,,,,,,,
BLUEBERRY,2024-07-12,[object Object],,,,,,,,,,,,,,
BLUEBERRY,2024-07-13,[object Object],,,,,,,,,,,,,,
BLUEBERRY,2024-07-14,[object Object],,,,,,,,,,,,,,
BLUEBERRY,2024-07-15,[object Object],,,,,,,,,,,,,,
BLUEBERRY,2024-07-16,[object Object],,,,,,,,,,,,,,
BLUEBERRY,2024-07-17,[object Object],,,,,,,,,,,,,,
BLUEBERRY,2024-07-18,[object Object],,,,,,,,,,,,,,
BLUEBERRY,2024-07-19,[object Object],,,,,,,,,,,,,,
BLUEBERRY,2024-07-20,[object Object],,,,,,,,,,,,,,
BLUEBERRY,2024-07-21,[object Object],,,,,,,,,,,,,,
BLUEBERRY,2024-07-22,[object Object],,,,,,,,,,,,,,
BLUEBERRY,2024-07-23,[object Object],,,,,,,,,,,,,,
BLUEBERRY,2024-07-24,[object Object],,,,,,,,,,,,,,
BLUEBERRY,2024-07-25,[object Object],,,,,,,,,,,,,,
BLUEBERRY,2024-07-26,[object Object],,,,,,,,,,,,,,
BLUEBERRY,2024-07-27,[object Object],,,,,,,,,,,,,,
BLUEBERRY,2024-07-28,[object Object],,,,,,,,,,,,,,
BLUEBERRY,2024-07-29,[object Object],,,,,,,,,,,,,,
BLUEBERRY,2024-07-30,[object Object],,,,,,,,,,,,,,
BLUEBERRY,2024-07-31,[object Object],,,,,,,,,,,,,,
BLUEBERRY,2024-08-01,[object Object],,,,,,,,,,,,,,
BLUEBERRY,2024-08-02,[object Object],,,,,,,,,,,,,,
BLUEBERRY,2024-08-03,[object Object],,,,,,,,,,,,,,
BLUEBERRY,2024-08-04,[object Object],,,,,,,,,,,,,,
BLUEBERRY,2024-08-05,[object Object],,,,,,,,,,,,,,
BLUEBERRY,2024-08-06,[object Object],,,,,,,,,,,,,,
BLUEBERRY,2024-08-07,[object Object],,,,,,,,,,,,,,
BLUEBERRY,2024-08-08,[object Object],,,,,,,,,,,,,,
BLUEBERRY,2024-08-09,[object Object],,,,,,,,,,,,,,
BLUEBERRY,2024-08-10,[object Object],,,,,,,,,,,,,,
BLUEBERRY,2024-08-11,[object Object],,,,,,,,,,,,,,
BLUEBERRY,2024-08-12,[object Object],,,,,,,,,,,,,,
BLUEBERRY,2024-08-13,[object Object],,,,,,,,,,,,,,
BLUEBERRY,2024-08-14,[object Object],,,,,,,,,,,,,,
BLUEBERRY,2024-08-15,[object Object],,,,,,,,,,,,,,
BLUEBERRY,2024-08-16,[object Object],,,,,,,,,,,,,,
BLUEBERRY,2024-08-17,[object Object],,,,,,,,,,,,,,
BLUEBERRY,2024-08-18,[object Object],,,,,,,,,,,,,,
BLUEBERRY,2024-08-19,[object Object],,,,,,,,,,,,,,
BLUEBERRY,2024-08-20,[object Object],,,,,,,,,,,,,,
BLUEBERRY,2024-08-21,[object Object],,,,,,,,,,,,,,
BLUEBERRY,2024-08-22,[object Object],,,,,,,,,,,,,,
BLUEBERRY,2024-08-23,[object Object],,,,,,,,,,,,,,
BLUEBERRY,2024-08-24,[object Object],,,,,,,,,,,,,,
BLUEBERRY,2024-08-25,[object Object],,,,,,,,,,,,,,
BLUEBERRY,2024-08-26,[object Object],,,,,,,,,,,,,,
BLUEBERRY,2024-08-27,[object Object],,,,,,,,,,,,,,
BLUEBERRY,2024-08-28,[object Object],,,,,,,,,,,,,,
BLUEBERRY,2024-08-29,[object Object],,,,,,,,,,,,,,
BLUEBERRY,2024-08-30,[object Object],,,,,,,,,,,,,,
BLUEBERRY,2024-08-31,[object Object],,,,,,,,,,,,,,
BLUEBERRY,2024-09-01,[object Object],,,,,,,,,,,,,,
BLUEBERRY,2024-09-02,[object Object],,,,,,,,,,,,,,
BLUEBERRY,2024-09-03,[object Object],,,,,,,,,,,,,,
BLUEBERRY,2024-09-04,[object Object],,,,,,,,,,,,,,
BLUEBERRY,2024-09-05,[object Object],,,,,,,,,,,,,,
BLUEBERRY,2024-09-06,[object Object],,,,,,,,,,,,,,
BLUEBERRY,2024-09-07,[object Object],,,,,,,,,,,,,,
BLUEBERRY,2024-09-08,[object Object],,,,,,,,,,,,,,
BLUEBERRY,2024-09-09,[object Object],,,,,,,,,,,,,,
BLUEBERRY,2024-09-10,[object Object],,,,,,,,,,,,,,
BLUEBERRY,2024-09-11,[object Object],,,,,,,,,,,,,,
BLUEBERRY,2024-09-12,[object Object],,,,,,,,,,,,,,
BLUEBERRY,2024-09-13,[object Object],,,,,,,,,,,,,,
BLUEBERRY,2024-09-14,[object Object],,,,,,,,,,,,,,
BLUEBERRY,2024-09-15,[object Object],,,,,,,,,,,,,,
BLUEBERRY,2024-09-16,[object Object],,,,,,,,,,,,,,
BLUEBERRY,2024-09-17,[object Object],,,,,,,,,,,,,,
BLUEBERRY,2024-09-18,[object Object],,,,,,,,,,,,,,
BLUEBERRY,2024-09-19,[object Object],,,,,,,,,,,,,,
BLUEBERRY,2024-09-20,[object Object],,,,,,,,,,,,,,
BLUEBERRY,2024-09-21,[object Object],,,,,,,,,,,,,,
BLUEBERRY,2024-09-22,[object Object],,,,,,,,,,,,,,
BLUEBERRY,2024-09-23,[object Object],,,,,,,,,,,,,,
BLUEBERRY,2024-09-24,[object Object],,,,,,,,,,,,,,
BLUEBERRY,2024-09-25,[object Object],,,,,,,,,,,,,,
BLUEBERRY,2024-09-26,[object Object],,,,,,,,,,,,,,
BLUEBERRY,2024-09-27,[object Object],,,,,,,,,,,,,,
BLUEBERRY,2024-09-28,[object Object],,,,,,,,,,,,,,
BLUEBERRY,2024-09-29,[object Object],,,,,,,,,,,,,,
BLUEBERRY,2024-09-30,[object Object],,,,,,,,,,,,,,
BLUEBERRY,2024-10-01,[object Object],,,,,,,,,,,,,,
BLUEBERRY,2024-10-02,[object Object],,,,,,,,,,,,,,
BLUEBERRY,2024-10-03,[object Object],,,,,,,,,,,,,,
BLUEBERRY,2024-10-04,[object Object],,,,,,,,,,,,,,
BLUEBERRY,2024-10-05,[object Object],,,,,,,,,,,,,,
BLUEBERRY,2024-10-06,[object Object],,,,,,,,,,,,,,
BLUEBERRY,2024-10-07,[object Object],,,,,,,,,,,,,,
BLUEBERRY,2024-10-08,[object Object],,,,,,,,,,,,,,
BLUEBERRY,2024-10-09,[object Object],,,,,,,,,,,,,,
BLUEBERRY,2024-10-10,ACTUAL,4.4,3.2,92,223,3,2.6,,,,,,,,
BLUEBERRY,2024-10-11,ACTUAL,8.3,0.8,59,271,6,0,,,,,,,,
BLUEBERRY,2024-10-12,ACTUAL,10,1.1,54,232,2,0,,,,,,,,
BLUEBERRY,2024-10-13,ACTUAL,18.9,8.6,51,147,4,0,,,,,,,,
BLUEBERRY,2024-10-14,ACTUAL,9.8,9.5,98,205,1,1.2,,,,,,,,
BLUEBERRY,2024-10-15,ACTUAL,8,7.7,98,286,3,15.2,,,,,,,,
BLUEBERRY,2024-10-16,ACTUAL,6.1,6.1,100,144,5,1,,,,,,,,
BLUEBERRY,2024-10-17,ACTUAL,2.8,1.6,92,263,6,4.4,,,,,,,,
BLUEBERRY,2024-10-18,ACTUAL,2.5,2.4,99,186,1,0,,,,,,,,
BLUEBERRY,2024-10-19,ACTUAL,2.8,2.8,100,73,4,7.8,,,,,,,,
BLUEBERRY,2024-10-20,ACTUAL,3.5,3.5,100,202,0,12.2,,,,,,,,
BLUEBERRY,2024-10-21,ACTUAL,-0.7,-4,78,81,5,4.6,,,,,,,,
BLUEBERRY,2024-10-22,ACTUAL,2.5,-2.4,70,255,2,5.6,,,,,,,,
BLUEBERRY,2024-10-23,ACTUAL,-0.6,-1.2,96,182,0,0.6,,,,,,,,
BLUEBERRY,2024-10-24,ACTUAL,1.4,-0.1,90,221,2,1.2,,,,,,,,
BLUEBERRY,2024-10-25,ACTUAL,2.1,-1.5,77,212,1,3.6,,,,,,,,
BLUEBERRY,2024-10-26,ACTUAL,3.2,2,92,123,2,1.6,,,,,,,,
BLUEBERRY,2024-10-27,ACTUAL,4,4,100,296,7,3.2,,,,,,,,
BLUEBERRY,2024-10-28,ACTUAL,2,2,100,256,10,9,,,,,,,,
BLUEBERRY,2024-10-29,ACTUAL,2.9,-1.6,72,257,4,2.6,,,,,,,,
BLUEBERRY,2024-10-30,ACTUAL,3.9,-2,65,140,4,0,,,,,,,,
BLUEBERRY,2024-10-31,ACTUAL,3.6,0.8,82,243,0,0.2,,,,,,,,
GOATLICK,2024-03-01,ACTUAL,1.8,-4,65,190,7,1.6,,,,,,,,
GOATLICK,2024-03-02,ACTUAL,-3.3,-12,51,62,2,1.8,,,,,,,,
GOATLICK,2024-03-03,ACTUAL,-2.5,-13.5,43,229,5,0.6,,,,,,,,
GOATLICK,2024-03-04,ACTUAL,-5.9,-17.1,41,278,8,0,,,,,,,,
GOATLICK,2024-03-05,ACTUAL,-4.1,-16.1,39,237,7,0,,,,,,,,
GOATLICK,2024-03-06,ACTUAL,0.3,-13.2,36,182,10,0.6,,,,,,,,
GOATLICK,2024-03-07,ACTUAL,0.9,-10.1,44,170,10,1.8,,,,,,,,
GOATLICK,2024-03-08,ACTUAL,-0.9,-6.4,66,149,17,0.2,,,,,,,,
GOATLICK,2024-03-09,ACTUAL,5.5,-3.3,53,19,6,0.8,,,,,,,,
GOATLICK,2024-03-10,ACTUAL,1.8,0.3,90,109,7,2.6,,,,,,,,
GOATLICK,2024-03-11,ACTUAL,6.9,-1,57,149,10,2.4,,,,,,,,
GOATLICK,2024-03-12,ACTUAL,7.8,0.1,58,105,9,0.2,,,,,,,,
GOATLICK,2024-03-13,ACTUAL,13.6,-2.5,33,205,9,0.8,,,,,,,,
GOATLICK,2024-03-14,ACTUAL,12.1,-2.7,36,184,13,0,,,,,,,,
GOATLICK,2024-03-15,ACTUAL,14.8,-0.6,35,195,9,0,,,,,,,,
GOATLICK,2024-03-16,ACTUAL,18.8,0.7,30,207,5,0,,,,,,,,
GOATLICK,2024-03-17,ACTUAL,17.1,-1.2,29,164,12,0,,,,,,,,
GOATLICK,2024-03-18,ACTUAL,16,0.4,35,188,12,0,,,,,,,,
GOATLICK,2024-03-19,ACTUAL,13.5,-1,37,223,5,0,,,,,,,,
GOATLICK,2024-03-20,ACTUAL,3.2,2.6,96,261,4,4.8,,,,,,,,
GOATLICK,2024-03-21,ACTUAL,7.8,-3.5,45,285,12,1.6,,,,,,,,
GOATLICK,2024-03-22,ACTUAL,9.1,-6.9,32,261,5,0,,,,,,,,
GOATLICK,2024-03-23,ACTUAL,8.2,-8.9,29,270,9,0,,,,,,,,
GOATLICK,2024-03-24,ACTUAL,8.8,-13.6,19,244,5,0,,,,,,,,
GOATLICK,2024-03-25,ACTUAL,10,-9.7,24,171,14,0,,,,,,,,
GOATLICK,2024-03-26,ACTUAL,9.6,-3.1,41,169,14,0,,,,,,,,
GOATLICK,2024-03-27,ACTUAL,7.8,-2.3,49,162,15,0,,,,,,,,
GOATLICK,2024-03-28,ACTUAL,3.3,-0.2,78,157,7,4,,,,,,,,
GOATLICK,2024-03-29,ACTUAL,9.8,-2.3,43,270,7,11.6,,,,,,,,
GOATLICK,2024-03-30,ACTUAL,7.7,-4.5,42,199,10,0,,,,,,,,
GOATLICK,2024-03-31,ACTUAL,8.9,-6.7,33,191,11,0,,,,,,,,
GOATLICK,2024-04-01,ACTUAL,13.4,-4,30,165,8,0,,,,,,,,
GOATLICK,2024-04-02,ACTUAL,9,-0.6,51,145,16,0,,,,,,,,
GOATLICK,2024-04-03,ACTUAL,7.6,2.3,69,216,5,13.4,,,,,,,,
GOATLICK,2024-04-04,ACTUAL,5,-1.6,62,240,8,0,,,,,,,,
GOATLICK,2024-04-05,ACTUAL,7.4,-2.4,50,184,6,0,,,,,,,,
GOATLICK,2024-04-06,ACTUAL,6.9,-0.8,58,241,3,0,,,,,,,,
GOATLICK,2024-04-07,ACTUAL,8.5,-3.5,43,154,7,0,,,,,,,,
GOATLICK,2024-04-08,ACTUAL,6.5,-2.9,51,154,15,0,,,,,,,,
GOATLICK,2024-04-09,ACTUAL,6.5,1.7,71,214,5,3.4,,,,,,,,
GOATLICK,2024-04-10,ACTUAL,10.4,-3.8,37,175,13,0,,,,,,,,
GOATLICK,2024-04-11,ACTUAL,7.8,-2.9,47,182,15,0,,,,,,,,
GOATLICK,2024-04-12,ACTUAL,10.6,2.5,57,205,8,0.4,,,,,,,,
GOATLICK,2024-04-13,ACTUAL,15.9,-3.7,26,209,6,0,,,,,,,,
GOATLICK,2024-04-14,ACTUAL,16.4,-4.3,24,171,13,0,,,,,,,,
GOATLICK,2024-04-15,ACTUAL,10,-4.9,35,116,12,0,,,,,,,,
GOATLICK,2024-04-16,ACTUAL,8.2,-9.8,27,306,15,0,,,,,,,,
GOATLICK,2024-04-17,MANUAL,9.3,-12.6,20,252,10,0,100,,,,,,,
GOATLICK,2024-04-18,ACTUAL,10.1,-13.9,17,238,11,0,100,85,6,168,3.7,11,4,
GOATLICK,2024-04-19,ACTUAL,10.7,-15,15,198,15,0,100,91,8,171,10.3,15,13,2
GOATLICK,2024-04-20,ACTUAL,13,-11.5,17,176,21,0,100,92.6,11,174,17.7,19,21,3
GOATLICK,2024-04-21,ACTUAL,9.8,-3.6,39,113,6,0,100,90.7,13,177,6.5,22,10,3
GOATLICK,2024-04-22,ACTUAL,14,-4.3,28,225,9,0,100,90.8,16,180,7.6,26,13,3
GOATLICK,2024-04-23,ACTUAL,14.1,-5.7,25,167,23,0,100,91.2,18,184,16,29,24,3
GOATLICK,2024-04-24,ACTUAL,9,1.2,58,211,6,0,100,87.9,19,186,4.2,31,9,3
GOATLICK,2024-04-25,ACTUAL,8.3,5.9,85,204,8,8.8,100,35.5,10,170,0,18,0,1
GOATLICK,2024-04-26,ACTUAL,15,-1.3,33,233,8,0,100,69.4,13,174,0.9,22,1,2
GOATLICK,2024-04-27,ACTUAL,12,4.3,59,171,14,1.4,100,72.3,14,177,1.4,24,2,2
GOATLICK,2024-04-28,ACTUAL,12.9,0.5,43,154,16,0.8,100,81.1,16,180,2.9,26,6,2
GOATLICK,2024-04-29,ACTUAL,8.8,0,54,185,11,5.8,100,54.5,10,172,0.5,18,0,1
GOATLICK,2024-04-30,ACTUAL,13.1,-7.6,23,299,12,0,100,80,13,175,2.1,22,4,2
GOATLICK,2024-05-01,ACTUAL,8.9,-3.4,42,333,26,0,100,84.9,15,179,7.7,24,13,3
GOATLICK,2024-05-02,ACTUAL,13.4,-3.1,32,266,10,0,100,88.3,17,184,5.4,28,10,3
GOATLICK,2024-05-03,ACTUAL,17.6,-5.7,20,193,11,0,100,92,21,190,10,33,18,3
GOATLICK,2024-05-04,ACTUAL,19.1,-5.8,18,191,16,0,100,93.5,25,195,15.9,38,27,3
GOATLICK,2024-05-05,MANUAL,21.4,-2.5,20,197,12,0,100,93.6,30,202,13.1,44,25,4
GOATLICK,2024-05-06,ACTUAL,13.1,2,47,180,12,0.2,100,90,32,207,8,46,18,4
GOATLICK,2024-05-07,ACTUAL,11.4,-4.4,33,307,16,1,100,85.8,34,211,5.3,49,14,3
GOATLICK,2024-05-08,ACTUAL,18.1,-6.6,18,261,8,0,100,91.9,39,217,8.2,53,20,4
GOATLICK,2024-05-09,ACTUAL,21,-1.6,22,264,10,0,100,92.9,43,223,10.9,58,25,4
GOATLICK,2024-05-10,ACTUAL,20.8,1,27,220,5,0,100,92.9,47,229,8.1,62,22,4
GOATLICK,2024-05-11,ACTUAL,22.6,2.6,27,205,12,0,100,93,52,235,12.1,67,29,4
GOATLICK,2024-05-12,ACTUAL,24.2,-0.2,20,248,8,0,100,93.9,57,242,11.1,72,29,4
GOATLICK,2024-05-13,ACTUAL,14.9,6.5,57,157,13,1.2,100,82.5,59,247,2.9,74,11,4
GOATLICK,2024-05-14,ACTUAL,16.6,2.5,39,169,11,1.2,100,82.9,62,253,2.8,77,11,4
GOATLICK,2024-05-15,ACTUAL,16.2,3.9,44,189,10,0,100,86.5,64,258,4.4,79,15,4
GOATLICK,2024-05-16,ACTUAL,13.2,4.7,56,153,9,10.8,100,51.6,34,235,0.3,50,1,2
GOATLICK,2024-05-17,ACTUAL,14.7,0,37,328,16,2.8,100,68.1,30,240,1.3,45,4,3
GOATLICK,2024-05-18,ACTUAL,15.6,0.8,37,282,13,0,100,83.2,32,245,3.1,49,9,3
GOATLICK,2024-05-19,ACTUAL,15.8,-0.2,34,222,9,0,100,87.9,35,250,4.9,52,13,3
GOATLICK,2024-05-20,ACTUAL,18.2,-1.2,27,310,10,0,100,90.7,39,256,7.9,56,20,4
GOATLICK,2024-05-21,ACTUAL,12.6,3.8,55,158,10,0,100,88.1,41,261,5.5,58,15,3
GOATLICK,2024-05-22,ACTUAL,17,3.6,41,306,14,2,100,80.1,39,266,2.4,58,8,3
GOATLICK,2024-05-23,ACTUAL,18.1,2.7,36,195,7,0,100,87.1,43,272,3.9,61,12,3
GOATLICK,2024-05-24,ACTUAL,15.4,5,50,170,9,0,100,87.1,45,277,4.5,64,14,3
GOATLICK,2024-05-25,ACTUAL,14.6,7.5,62,223,7,2.6,100,68.5,39,282,0.9,58,3,3
GOATLICK,2024-05-26,ACTUAL,15,5,51,152,11,0.8,100,78.6,41,287,1.7,60,6,3
GOATLICK,2024-05-27,ACTUAL,15.5,2.6,42,170,15,0.2,100,85.6,43,292,4.8,63,15,3
GOATLICK,2024-05-28,ACTUAL,11.6,9,84,195,5,4.8,100,45,29,286,0.1,47,0,2
GOATLICK,2024-05-29,MANUAL,12.1,4.9,61,359,5,10.6,0,37.3,15,261,0,27,0,2
GOATLICK,2024-05-30,MANUAL,14.8,2.3,43,298,5,0,0,66,18,266,0.7,30,1,2
GOATLICK,2024-05-31,ACTUAL,17.4,-1.9,27,160,7,0,0,84.4,21,272,2.8,36,7,2
GOATLICK,2024-06-01,ACTUAL,12.8,4.3,56,167,13,0,0,84.9,23,278,4.1,38,10,3
GOATLICK,2024-06-02,ACTUAL,16.7,4.7,45,177,12,0.6,0,86.4,25,284,4.6,42,11,3
GOATLICK,2024-06-03,ACTUAL,14,5.9,58,210,7,1,0,81,27,290,1.8,44,5,3
GOATLICK,2024-06-04,ACTUAL,9.2,4.8,74,120,5,0.6,0,79.9,28,295,1.4,45,4,3
GOATLICK,2024-06-05,ACTUAL,15.2,4.2,48,194,17,5.4,0,65.5,19,288,1.3,33,3,2
GOATLICK,2024-06-06,ACTUAL,17.4,2.4,37,234,6,0,0,82,22,295,1.9,38,5,2
GOATLICK,2024-06-07,ACTUAL,20.7,-2.5,21,261,10,0.6,0,90.7,27,302,7.9,44,18,4
GOATLICK,2024-06-08,ACTUAL,23.5,-0.8,20,249,10,0,0,93.5,32,309,11.5,51,25,4
GOATLICK,2024-06-09,ACTUAL,23.9,2.6,25,167,16,0,0,93.5,37,317,16.1,57,33,4
GOATLICK,2024-06-10,ACTUAL,22.2,5.9,35,170,12,0,0,92.4,41,325,11,62,27,4
GOATLICK,2024-06-11,ACTUAL,14.9,10.4,74,129,8,7.4,0,49.5,24,310,0.2,41,0,2
GOATLICK,2024-06-12,ACTUAL,13,5.2,59,152,8,3,0,55.2,20,310,0.4,35,1,2
GOATLICK,2024-06-13,ACTUAL,23.1,1.4,24,179,16,0.2,0,86.9,25,318,6.3,42,14,3
GOATLICK,2024-06-14,ACTUAL,18.6,2.3,34,308,15,0,0,89.5,28,325,8.6,47,19,4
GOATLICK,2024-06-15,ACTUAL,16.4,5.7,49,173,11,4,0,68.8,22,322,1,38,2,2
GOATLICK,2024-06-16,ACTUAL,16.3,4.9,47,304,18,0.4,0,82.6,25,328,3.8,41,10,3
GOATLICK,2024-06-17,ACTUAL,12,7.4,73,221,11,7.8,0,46.7,14,311,0.2,25,0,2
GOATLICK,2024-06-18,ACTUAL,16.7,2.9,40,323,10,0,0,75,17,318,1.2,30,2,2
GOATLICK,2024-06-19,ACTUAL,22.2,-0.6,22,171,8,0,0,89.8,22,325,6.3,37,14,3
GOATLICK,2024-06-20,ACTUAL,25.1,1.8,22,200,9,0,0,93.2,27,333,10.7,45,22,4
GOATLICK,2024-06-21,ACTUAL,27.1,2.2,20,216,10,0,0,94.4,33,341,13.2,53,28,4
GOATLICK,2024-06-22,ACTUAL,24.2,2.3,24,153,12,0,0,94.4,38,349,14.4,60,31,4
GOATLICK,2024-06-23,ACTUAL,20.2,3.3,33,168,14,0,0,92.7,42,356,12.5,65,30,4
GOATLICK,2024-06-24,ACTUAL,18.7,5.8,43,172,14,2.6,0,78.6,38,363,2,60,7,3
GOATLICK,2024-06-25,ACTUAL,24.4,4.1,27,201,11,0,0,90.4,43,371,7.9,66,22,4
GOATLICK,2024-06-26,ACTUAL,23.9,8.6,38,214,4,0,0,90.5,47,378,5.6,71,18,4
GOATLICK,2024-06-27,ACTUAL,17.9,10.8,63,201,8,4.4,0,63.5,34,373,0.7,55,2,3
GOATLICK,2024-06-28,ACTUAL,25.2,7.2,32,209,9,0,0,86.8,39,381,4.3,62,13,3
GOATLICK,2024-06-29,ACTUAL,25.3,9.1,36,201,6,0,0,90.1,43,389,5.8,68,18,4
GOATLICK,2024-06-30,ACTUAL,21.9,11.9,53,155,5,0.4,0,89.1,46,396,4.8,71,16,4
GOATLICK,2024-07-01,ACTUAL,22.6,10.1,45,264,17,0.4,0,89.1,49,404,8.9,75,25,4
GOATLICK,2024-07-02,ACTUAL,15.9,9.6,66,305,5,0.2,0,86.6,50,411,3.4,77,12,4
GOATLICK,2024-07-03,ACTUAL,21.5,7.3,40,262,9,0.4,0,88.9,54,418,5.8,81,19,4
GOATLICK,2024-07-04,ACTUAL,26.7,5.5,26,215,10,0,0,92.6,58,427,10.1,87,30,4
GOATLICK,2024-07-05,ACTUAL,28.7,4.2,21,198,9,0,0,94.4,64,436,12.2,94,35,5
GOATLICK,2024-07-06,ACTUAL,29.5,5.5,22,231,9,0,0,94.5,70,445,12.4,100,36,5
GOATLICK,2024-07-07,ACTUAL,30.6,7.1,23,163,15,0,0,94.5,75,454,16.8,106,45,5
GOATLICK,2024-07-08,ACTUAL,33.8,9.1,22,196,6,0,0,95.1,82,464,11.9,113,37,5
GOATLICK,2024-07-09,ACTUAL,33.4,7.4,20,181,9,0,0,95.5,88,473,14.8,120,44,5
GOATLICK,2024-07-10,ACTUAL,35.6,5.9,16,154,13,0,0,96.8,95,483,21.2,128,56,5
GOATLICK,2024-07-11,ACTUAL,33.1,5.6,18,20,6,0,0,96.8,102,493,15.3,134,47,5
GOATLICK,2024-07-12,ACTUAL,29.3,5.4,22,280,8,0,0,96.1,108,502,14.7,140,46,5
GOATLICK,2024-07-13,ACTUAL,26.5,9.7,35,298,6,0.2,0,93.6,112,510,9.5,145,35,5
GOATLICK,2024-07-14,ACTUAL,29.6,6.9,24,254,7,0.2,0,94,117,520,10.7,150,38,5
GOATLICK,2024-07-15,ACTUAL,33,7.8,21,260,8,0,0,95.2,124,529,13.2,156,44,5
GOATLICK,2024-07-16,ACTUAL,33.3,9.3,23,207,9,0,0,95.2,130,539,14.4,162,47,5
GOATLICK,2024-07-17,ACTUAL,34.5,8.3,20,208,7,0,0,95.7,137,549,13.4,168,46,5
GOATLICK,2024-07-18,ACTUAL,32.4,9.2,24,148,1,0,0,95.8,143,558,10.2,174,38,5
GOATLICK,2024-07-19,ACTUAL,33.8,10.4,24,205,13,0,0,95.8,149,568,18.4,180,56,5
GOATLICK,2024-07-20,ACTUAL,33.9,9.8,23,205,8,0,0,95.9,155,578,14.2,186,48,5
GOATLICK,2024-07-21,ACTUAL,35.2,10.3,22,224,6,0,0,95.9,162,588,13.4,192,47,5
GOATLICK,2024-07-22,ACTUAL,27.8,12.1,38,226,4,0,0,93.3,166,597,8.3,196,34,5
GOATLICK,2024-07-23,ACTUAL,27.7,3.4,21,132,11,0.8,0,93.4,171,605,11.9,201,43,5
GOATLICK,2024-07-24,ACTUAL,25.2,9,36,173,5,0,0,92.6,175,614,7.9,204,33,5
GOATLICK,2024-07-25,ACTUAL,13.9,11.9,88,303,5,6,0,41.2,82,587,0.1,121,0,3
GOATLICK,2024-07-26,ACTUAL,14.5,10.7,78,79,2,0.6,0,53.2,83,594,0.3,123,1,3
GOATLICK,2024-07-27,ACTUAL,24.2,8.5,37,202,10,0.2,0,83,86,602,2.7,127,14,4
GOATLICK,2024-07-28,ACTUAL,22.6,10.1,45,180,6,0,0,87.4,89,609,4,131,19,5
GOATLICK,2024-07-29,ACTUAL,17,14.5,85,201,4,0.6,0,82.3,90,616,1.8,132,10,4
GOATLICK,2024-07-30,ACTUAL,22.3,12.6,54,162,13,1.8,0,79.9,84,624,2.2,126,12,4
GOATLICK,2024-07-31,ACTUAL,22,10.8,49,151,5,0,0,85.7,87,632,3,130,15,4
GOATLICK,2024-08-01,ACTUAL,27.5,14.2,44,247,5,0,0,89,90,640,4.7,134,21,5
GOATLICK,2024-08-02,ACTUAL,30.3,8,25,187,6,0,0,93.4,95,648,9.3,139,34,5
GOATLICK,2024-08-03,ACTUAL,26.6,8.9,33,122,4,0,0,93.2,99,656,8.4,144,32,5
GOATLICK,2024-08-04,ACTUAL,29.7,8.6,27,261,13,0.4,0,93.4,104,664,13.2,149,44,5
GOATLICK,2024-08-05,ACTUAL,25,14.2,51,251,6,1.8,0,82.2,95,672,2,141,11,4
GOATLICK,2024-08-06,ACTUAL,22.4,12.7,54,267,13,5.8,0,69,60,643,1.2,97,6,3
GOATLICK,2024-08-07,ACTUAL,27.6,6.3,26,196,8,0,0,89.9,64,651,6.3,103,23,4
GOATLICK,2024-08-08,ACTUAL,28.6,7.2,26,164,10,0,0,93.1,69,659,11.2,109,35,5
GOATLICK,2024-08-09,ACTUAL,29.3,6.6,24,185,16,0,0,93.9,73,667,16.6,115,47,5
GOATLICK,2024-08-10,ACTUAL,28.9,7.4,26,210,10,0,0,94,78,676,12.6,121,40,5
GOATLICK,2024-08-11,ACTUAL,29,7.5,26,176,15,0,0,94,83,684,16.1,127,47,5
GOATLICK,2024-08-12,ACTUAL,28.8,7.9,27,303,5,0,0,94.1,87,692,9.9,133,35,5
GOATLICK,2024-08-13,ACTUAL,23.9,12.2,48,162,12,2,0,82.8,79,699,2.9,123,14,4
GOATLICK,2024-08-14,ACTUAL,27.7,9.4,32,234,9,0.4,0,90.8,83,707,7.5,129,29,5
GOATLICK,2024-08-15,ACTUAL,20.9,15.5,71,320,6,0.8,0,83.6,84,714,2.4,130,13,4
GOATLICK,2024-08-16,ACTUAL,16.6,14.4,87,166,4,3.2,0,52.6,64,704,0.3,104,1,2
GOATLICK,2024-08-17,ACTUAL,18.7,17.5,93,300,5,28.8,0,15.7,25,511,0,44,0,2
GOATLICK,2024-08-18,ACTUAL,24.1,17,64,161,5,1.2,0,53.1,27,518,0.3,47,0,2
GOATLICK,2024-08-19,ACTUAL,28.2,10.3,33,196,9,0.2,0,86,31,526,3.8,53,11,3
GOATLICK,2024-08-20,ACTUAL,20.9,7.1,41,207,3,0,0,88.3,33,533,4,58,12,3
GOATLICK,2024-08-21,ACTUAL,20.6,10.1,51,176,7,0,0,88.3,35,540,4.9,61,15,3
GOATLICK,2024-08-22,ACTUAL,25.6,9.8,37,161,10,0.2,0,90.3,39,547,7.4,66,21,4
GOATLICK,2024-08-23,ACTUAL,28,10.1,33,275,7,0,0,91.7,43,555,7.6,72,22,4
GOATLICK,2024-08-24,ACTUAL,12.3,11.5,95,126,5,39,0,17.3,15,369,0,27,0,2
GOATLICK,2024-08-25,ACTUAL,16.1,11.3,73,147,10,6.4,0,36.4,9,356,0,17,0,1
GOATLICK,2024-08-26,ACTUAL,21.3,12.2,56,161,9,0,0,69.7,11,362,1,21,1,2
GOATLICK,2024-08-27,ACTUAL,15.3,11.1,76,163,8,17,0,37.7,6,310,0,11,0,1
GOATLICK,2024-08-28,ACTUAL,18,4.1,40,319,25,0,0,76.4,8,316,2.9,15,4,2
GOATLICK,2024-08-29,ACTUAL,20.4,9.7,50,138,10,0,0,84.7,10,323,3.4,19,5,2
GOATLICK,2024-08-30,ACTUAL,21,10.5,51,163,11,0,0,86.8,13,330,4.8,23,8,3
GOATLICK,2024-08-31,ACTUAL,23.9,10.2,42,210,7,0,0,88.9,15,337,5.1,28,10,3
GOATLICK,2024-09-01,ACTUAL,25.6,11.3,41,168,11,0,0,89.8,18,343,7.1,32,14,3
GOATLICK,2024-09-02,ACTUAL,26.5,9.7,35,161,13,0,0,91.1,21,350,9.8,37,19,3
GOATLICK,2024-09-03,ACTUAL,20.9,10.7,52,256,6,0,0,89.3,23,355,5.4,40,12,3
GOATLICK,2024-09-04,ACTUAL,21.8,8.3,42,178,8,0,0,89.4,26,361,5.8,44,14,3
GOATLICK,2024-09-05,ACTUAL,24.1,10.7,43,195,8,0,0,89.4,28,367,5.9,47,15,3
GOATLICK,2024-09-06,ACTUAL,26.1,9.8,36,185,11,0,0,90.8,31,373,8.2,52,20,4
GOATLICK,2024-09-07,ACTUAL,24.7,10.5,41,192,9,0,0,90.8,34,379,7.4,56,19,4
GOATLICK,2024-09-08,ACTUAL,24,8.7,38,163,10,0,0,90.9,37,386,8,60,21,4
GOATLICK,2024-09-09,ACTUAL,19,5.7,42,269,9,0.6,0,88.6,39,391,5.5,62,16,3
GOATLICK,2024-09-10,ACTUAL,17.4,5.3,45,190,6,0,0,88.6,41,395,4.7,65,15,3
GOATLICK,2024-09-11,ACTUAL,11.3,6.5,72,184,4,0,0,85.4,41,399,2.7,66,9,3
GOATLICK,2024-09-12,ACTUAL,15.6,6.1,53,308,13,0.2,0,86,43,404,4.7,68,15,3
GOATLICK,2024-09-13,ACTUAL,15.8,6.8,55,173,9,0,0,86,44,408,3.8,69,13,3
GOATLICK,2024-09-14,ACTUAL,13.6,10.6,82,209,6,0.8,0,79.5,45,412,1.5,70,6,3
GOATLICK,2024-09-15,ACTUAL,13.5,6.2,61,144,5,1.6,0,72.1,44,417,0.8,69,3,3
GOATLICK,2024-09-16,ACTUAL,16.9,8.4,57,202,8,0,0,81,45,421,1.9,71,7,3
GOATLICK,2024-09-17,ACTUAL,19.7,7.7,46,197,10,0,0,86.3,47,427,4.2,74,14,4
GOATLICK,2024-09-18,ACTUAL,19.3,8.3,49,269,10,0,0,87.2,49,432,4.8,76,16,4
GOATLICK,2024-09-19,ACTUAL,12.5,7.8,73,73,6,0,0,84.8,50,436,2.7,77,11,4
GOATLICK,2024-09-20,ACTUAL,12.6,-0.1,42,319,20,5.6,0,65.6,33,420,1.5,55,5,3
GOATLICK,2024-09-21,ACTUAL,9.5,3.9,68,188,4,0,0,73,33,424,0.8,56,2,3
GOATLICK,2024-09-22,ACTUAL,9.6,7.9,89,138,8,2,0,56.2,30,427,0.5,51,1,2
GOATLICK,2024-09-23,ACTUAL,13.9,10.7,81,150,9,3.6,0,46.5,23,422,0.2,40,0,2
GOATLICK,2024-09-24,ACTUAL,19.6,11.5,59,152,13,0.2,0,73.2,24,427,1.4,42,4,2
GOATLICK,2024-09-25,ACTUAL,15.2,13.4,89,171,6,38.8,0,22.1,9,285,0,16,0,1
GOATLICK,2024-09-26,ACTUAL,11.8,6.6,70,162,13,14.8,0,33.1,4,247,0,9,0,1
GOATLICK,2024-09-27,ACTUAL,14.1,8.1,67,330,4,6.6,0,35.9,3,236,0,5,0,1
GOATLICK,2024-09-28,ACTUAL,8.4,7,91,270,4,2.2,0,31.3,2,239,0,3,0,1
GOATLICK,2024-09-29,ACTUAL,4.7,2.4,85,333,19,5.4,0,27.8,0,230,0,1,0,1
GOATLICK,2024-09-30,ACTUAL,9,-1.2,49,162,7,3.2,0,44.4,1,229,0.1,2,0,1
GOATLICK,2024-10-01,ACTUAL,4.8,3.6,92,91,7,9.4,0,17.6,0,208,0,0,0,1
GOATLICK,2024-10-02,ACTUAL,7.6,4,78,155,9,1.2,0,34,0,210,0,1,0,1
GOATLICK,2024-10-03,ACTUAL,11.1,3.9,61,171,9,0,0,58.2,1,213,0.6,2,0,1
GOATLICK,2024-10-04,ACTUAL,6.1,4.2,88,124,9,4.4,0,35,0,207,0,0,0,1
GOATLICK,2024-10-05,ACTUAL,9.9,4.9,71,166,11,4.4,0,39.9,0,202,0.1,1,0,1
GOATLICK,2024-10-06,ACTUAL,7.5,6.1,91,152,7,0.2,0,46.8,1,204,0.1,1,0,1
GOATLICK,2024-10-07,ACTUAL,9.8,5.8,76,87,8,0.6,0,59.9,1,206,0.6,2,0,1
GOATLICK,2024-10-08,ACTUAL,10.8,7.5,80,123,15,5.6,0,42.6,0,198,0.1,1,0,1
GOATLICK,2024-10-09,ACTUAL,13.3,6.7,64,180,17,6.4,0,48.7,1,188,0.3,2,0,1
GOATLICK,2024-10-10,ACTUAL,8,4.2,77,272,3,1.8,0,47.7,1,190,0.1,1,0,1
GOATLICK,2024-10-11,ACTUAL,9.9,3,62,192,11,0,0,66.2,1,193,0.9,2,0,1
GOATLICK,2024-10-12,ACTUAL,11.5,4.5,62,187,9,0,0,76.2,2,195,1.3,4,0,1
GOATLICK,2024-10-13,ACTUAL,14.5,3.6,48,164,11,0,0,83.5,3,199,3,6,2,2
GOATLICK,2024-10-14,ACTUAL,10.7,5.5,70,110,9,0,0,83.6,4,201,2.7,7,2,2
GOATLICK,2024-10-15,ACTUAL,9.5,8.7,95,138,5,4.2,0,38.8,2,197,0,3,0,1
GOATLICK,2024-10-16,ACTUAL,7.9,6.7,92,175,2,3,0,27.1,1,195,0,1,0,1
GOATLICK,2024-10-17,ACTUAL,6.4,-0.5,61,175,9,5,0,35.9,0,188,0,1,0,1
GOATLICK,2024-10-18,ACTUAL,4.2,1.6,83,164,13,0,0,48.7,1,189,0.3,1,0,1
GOATLICK,2024-10-19,ACTUAL,3.5,2.4,93,141,14,3.4,0,31.7,0,186,0,0,0,1
GOATLICK,2024-10-20,ACTUAL,4.8,4.5,98,158,7,15.4,0,5.9,0,153,0,0,0,1
GOATLICK,2024-10-21,ACTUAL,5.1,0.7,73,268,8,17.8,0,20.3,0,117,0,1,0,1
GOATLICK,2024-10-22,ACTUAL,4.6,-1.4,65,218,6,0,0,40.3,1,119,0.1,1,0,1
GOATLICK,2024-10-23,ACTUAL,5,-0.4,68,183,10,0,0,56.9,1,120,0.5,2,0,1
GOATLICK,2024-10-24,ACTUAL,6.9,-6.9,37,283,5,0,0,72.8,2,122,0.9,3,0,1
GOATLICK,2024-10-25,ACTUAL,6.3,-1.3,58,189,19,0,0,79.3,2,124,2.7,4,1,2
GOATLICK,2024-10-26,ACTUAL,5.4,1.9,78,141,16,0.2,0,79.7,2,126,2.4,4,1,1
GOATLICK,2024-10-27,ACTUAL,4,3.2,95,136,8,14.4,0,19.7,1,99,0,1,0,1
GOATLICK,2024-10-28,ACTUAL,6.2,3,80,163,9,2.4,0,29.9,0,101,0,0,0,1
GOATLICK,2024-10-29,ACTUAL,4.1,-0.8,70,159,5,1.4,0,40.8,0,103,0.1,1,0,1
GOATLICK,2024-10-30,ACTUAL,4.7,-2.1,61,178,12,0,0,59.5,1,104,0.7,2,0,1
GOATLICK,2024-10-31,ACTUAL,5.1,-0.3,68,177,12,0,0,69.8,1,106,1.1,2,0,1
GOSNEL,2024-03-01,[object Object],,,,,,,,,,,,,,
GOSNEL,2024-03-02,[object Object],,,,,,,,,,,,,,
GOSNEL,2024-03-03,[object Object],,,,,,,,,,,,,,
GOSNEL,2024-03-04,[object Object],,,,,,,,,,,,,,
GOSNEL,2024-03-05,[object Object],,,,,,,,,,,,,,
GOSNEL,2024-03-06,[object Object],,,,,,,,,,,,,,
GOSNEL,2024-03-07,[object Object],,,,,,,,,,,,,,
GOSNEL,2024-03-08,[object Object],,,,,,,,,,,,,,
GOSNEL,2024-03-09,[object Object],,,,,,,,,,,,,,
GOSNEL,2024-03-10,[object Object],,,,,,,,,,,,,,
GOSNEL,2024-03-11,[object Object],,,,,,,,,,,,,,
GOSNEL,2024-03-12,[object Object],,,,,,,,,,,,,,
GOSNEL,2024-03-13,[object Object],,,,,,,,,,,,,,
GOSNEL,2024-03-14,[object Object],,,,,,,,,,,,,,
GOSNEL,2024-03-15,[object Object],,,,,,,,,,,,,,
GOSNEL,2024-03-16,[object Object],,,,,,,,,,,,,,
GOSNEL,2024-03-17,[object Object],,,,,,,,,,,,,,
GOSNEL,2024-03-18,[object Object],,,,,,,,,,,,,,
GOSNEL,2024-03-19,[object Object],,,,,,,,,,,,,,
GOSNEL,2024-03-20,[object Object],,,,,,,,,,,,,,
GOSNEL,2024-03-21,[object Object],,,,,,,,,,,,,,
GOSNEL,2024-03-22,[object Object],,,,,,,,,,,,,,
GOSNEL,2024-03-23,[object Object],,,,,,,,,,,,,,
GOSNEL,2024-03-24,[object Object],,,,,,,,,,,,,,
GOSNEL,2024-03-25,[object Object],,,,,,,,,,,,,,
GOSNEL,2024-03-26,[object Object],,,,,,,,,,,,,,
GOSNEL,2024-03-27,[object Object],,,,,,,,,,,,,,
GOSNEL,2024-03-28,[object Object],,,,,,,,,,,,,,
GOSNEL,2024-03-29,[object Object],,,,,,,,,,,,,,
GOSNEL,2024-03-30,[object Object],,,,,,,,,,,,,,
GOSNEL,2024-03-31,[object Object],,,,,,,,,,,,,,
GOSNEL,2024-04-01,[object Object],,,,,,,,,,,,,,
GOSNEL,2024-04-02,[object Object],,,,,,,,,,,,,,
GOSNEL,2024-04-03,[object Object],,,,,,,,,,,,,,
GOSNEL,2024-04-04,[object Object],,,,,,,,,,,,,,
GOSNEL,2024-04-05,[object Object],,,,,,,,,,,,,,
GOSNEL,2024-04-06,[object Object],,,,,,,,,,,,,,
GOSNEL,2024-04-07,[object Object],,,,,,,,,,,,,,
GOSNEL,2024-04-08,[object Object],,,,,,,,,,,,,,
GOSNEL,2024-04-09,[object Object],,,,,,,,,,,,,,
GOSNEL,2024-04-10,[object Object],,,,,,,,,,,,,,
GOSNEL,2024-04-11,[object Object],,,,,,,,,,,,,,
GOSNEL,2024-04-12,[object Object],,,,,,,,,,,,,,
GOSNEL,2024-04-13,[object Object],,,,,,,,,,,,,,
GOSNEL,2024-04-14,[object Object],,,,,,,,,,,,,,
GOSNEL,2024-04-15,[object Object],,,,,,,,,,,,,,
GOSNEL,2024-04-16,[object Object],,,,,,,,,,,,,,
GOSNEL,2024-04-17,[object Object],,,,,,,,,,,,,,
GOSNEL,2024-04-18,[object Object],,,,,,,,,,,,,,
GOSNEL,2024-04-19,[object Object],,,,,,,,,,,,,,
GOSNEL,2024-04-20,[object Object],,,,,,,,,,,,,,
GOSNEL,2024-04-21,[object Object],,,,,,,,,,,,,,
GOSNEL,2024-04-22,[object Object],,,,,,,,,,,,,,
GOSNEL,2024-04-23,[object Object],,,,,,,,,,,,,,
GOSNEL,2024-04-24,[object Object],,,,,,,,,,,,,,
GOSNEL,2024-04-25,[object Object],,,,,,,,,,,,,,
GOSNEL,2024-04-26,[object Object],,,,,,,,,,,,,,
GOSNEL,2024-04-27,[object Object],,,,,,,,,,,,,,
GOSNEL,2024-04-28,[object Object],,,,,,,,,,,,,,
GOSNEL,2024-04-29,[object Object],,,,,,,,,,,,,,
GOSNEL,2024-04-30,[object Object],,,,,,,,,,,,,,
GOSNEL,2024-05-01,[object Object],,,,,,,,,,,,,,
GOSNEL,2024-05-02,[object Object],,,,,,,,,,,,,,
GOSNEL,2024-05-03,[object Object],,,,,,,,,,,,,,
GOSNEL,2024-05-04,[object Object],,,,,,,,,,,,,,
GOSNEL,2024-05-05,[object Object],,,,,,,,,,,,,,
GOSNEL,2024-05-06,[object Object],,,,,,,,,,,,,,
GOSNEL,2024-05-07,[object Object],,,,,,,,,,,,,,
GOSNEL,2024-05-08,[object Object],,,,,,,,,,,,,,
GOSNEL,2024-05-09,[object Object],,,,,,,,,,,,,,
GOSNEL,2024-05-10,[object Object],,,,,,,,,,,,,,
GOSNEL,2024-05-11,[object Object],,,,,,,,,,,,,,
GOSNEL,2024-05-12,[object Object],,,,,,,,,,,,,,
GOSNEL,2024-05-13,[object Object],,,,,,,,,,,,,,
GOSNEL,2024-05-14,[object Object],,,,,,,,,,,,,,
GOSNEL,2024-05-15,[object Object],,,,,,,,,,,,,,
GOSNEL,2024-05-16,[object Object],,,,,,,,,,,,,,
GOSNEL,2024-05-17,[object Object],,,,,,,,,,,,,,
GOSNEL,2024-05-18,[object Object],,,,,,,,,,,,,,
GOSNEL,2024-05-19,[object Object],,,,,,,,,,,,,,
GOSNEL,2024-05-20,[object Object],,,,,,,,,,,,,,
GOSNEL,2024-05-21,[object Object],,,,,,,,,,,,,,
GOSNEL,2024-05-22,[object Object],,,,,,,,,,,,,,
GOSNEL,2024-05-23,[object Object],,,,,,,,,,,,,,
GOSNEL,2024-05-24,[object Object],,,,,,,,,,,,,,
GOSNEL,2024-05-25,[object Object],,,,,,,,,,,,,,
GOSNEL,2024-05-26,[object Object],,,,,,,,,,,,,,
GOSNEL,2024-05-27,[object Object],,,,,,,,,,,,,,
GOSNEL,2024-05-28,[object Object],,,,,,,,,,,,,,
GOSNEL,2024-05-29,[object Object],,,,,,,,,,,,,,
GOSNEL,2024-05-30,[object Object],,,,,,,,,,,,,,
GOSNEL,2024-05-31,[object Object],,,,,,,,,,,,,,
GOSNEL,2024-06-01,[object Object],,,,,,,,,,,,,,
GOSNEL,2024-06-02,[object Object],,,,,,,,,,,,,,
GOSNEL,2024-06-03,[object Object],,,,,,,,,,,,,,
GOSNEL,2024-06-04,[object Object],,,,,,,,,,,,,,
GOSNEL,2024-06-05,[object Object],,,,,,,,,,,,,,
GOSNEL,2024-06-06,[object Object],,,,,,,,,,,,,,
GOSNEL,2024-06-07,[object Object],,,,,,,,,,,,,,
GOSNEL,2024-06-08,[object Object],,,,,,,,,,,,,,
GOSNEL,2024-06-09,[object Object],,,,,,,,,,,,,,
GOSNEL,2024-06-10,[object Object],,,,,,,,,,,,,,
GOSNEL,2024-06-11,[object Object],,,,,,,,,,,,,,
GOSNEL,2024-06-12,[object Object],,,,,,,,,,,,,,
GOSNEL,2024-06-13,[object Object],,,,,,,,,,,,,,
GOSNEL,2024-06-14,[object Object],,,,,,,,,,,,,,
GOSNEL,2024-06-15,[object Object],,,,,,,,,,,,,,
GOSNEL,2024-06-16,[object Object],,,,,,,,,,,,,,
GOSNEL,2024-06-17,[object Object],,,,,,,,,,,,,,
GOSNEL,2024-06-18,[object Object],,,,,,,,,,,,,,
GOSNEL,2024-06-19,[object Object],,,,,,,,,,,,,,
GOSNEL,2024-06-20,[object Object],,,,,,,,,,,,,,
GOSNEL,2024-06-21,[object Object],,,,,,,,,,,,,,
GOSNEL,2024-06-22,[object Object],,,,,,,,,,,,,,
GOSNEL,2024-06-23,[object Object],,,,,,,,,,,,,,
GOSNEL,2024-06-24,[object Object],,,,,,,,,,,,,,
GOSNEL,2024-06-25,[object Object],,,,,,,,,,,,,,
GOSNEL,2024-06-26,[object Object],,,,,,,,,,,,,,
GOSNEL,2024-06-27,[object Object],,,,,,,,,,,,,,
GOSNEL,2024-06-28,[object Object],,,,,,,,,,,,,,
GOSNEL,2024-06-29,[object Object],,,,,,,,,,,,,,
GOSNEL,2024-06-30,[object Object],,,,,,,,,,,,,,
GOSNEL,2024-07-01,[object Object],,,,,,,,,,,,,,
GOSNEL,2024-07-02,[object Object],,,,,,,,,,,,,,
GOSNEL,2024-07-03,MANUAL,10,0,50,270,5,0,,,,,,,,
GOSNEL,2024-07-04,ACTUAL,13.5,1.7,45,354,4,0,,85,6,15,2.6,6,2,2
GOSNEL,2024-07-05,ACTUAL,18.8,1.6,32,0,6,0,,89.1,9,22,5,9,5,2
GOSNEL,2024-07-06,ACTUAL,17.1,2.6,38,143,8,0,,89.2,12,29,5.7,12,7,2
GOSNEL,2024-07-07,ACTUAL,23.3,4.7,30,143,10,0,,91.3,16,37,8.7,16,11,2
GOSNEL,2024-07-08,ACTUAL,24.2,3.9,27,35,5,0,,92.3,20,45,7.8,20,12,3
GOSNEL,2024-07-09,ACTUAL,26.9,2.7,21,94,8,0,,94,25,53,11,25,17,3
GOSNEL,2024-07-10,ACTUAL,26.5,5.4,26,127,10,0,,94.1,30,62,12.5,30,20,3
GOSNEL,2024-07-11,ACTUAL,21.5,3.6,31,205,8,0,,93.1,34,69,9.9,34,18,3
GOSNEL,2024-07-12,ACTUAL,15.7,3.8,45,186,3,0,,90.7,36,76,5.5,36,12,3
GOSNEL,2024-07-13,ACTUAL,17.4,7.5,52,35,2,1.2,,81.6,38,83,1.5,38,4,2
GOSNEL,2024-07-14,ACTUAL,20.7,4.6,35,101,6,0,,88.2,41,90,4.6,41,11,3
GOSNEL,2024-07-15,ACTUAL,23.4,6.5,34,120,8,0,,90.4,45,98,6.8,45,16,3
GOSNEL,2024-07-16,ACTUAL,21.5,5.7,36,351,4,0,,90.5,49,106,5.7,49,14,3
GOSNEL,2024-07-17,ACTUAL,26.5,4.8,25,138,5,0,,92.9,53,114,8.4,53,20,4
GOSNEL,2024-07-18,ACTUAL,25.6,7.6,32,134,7,0,,92.9,58,122,9.3,58,23,4
GOSNEL,2024-07-19,ACTUAL,26.2,10.3,37,138,16,0.2,,92.4,62,131,13.5,62,30,4
GOSNEL,2024-07-20,ACTUAL,26.5,5.4,26,131,10,0,,93,67,139,10.7,66,27,4
GOSNEL,2024-07-21,ACTUAL,29.5,5.5,22,155,14,0,,94.4,72,148,16,72,37,5
GOSNEL,2024-07-22,ACTUAL,24.9,9.5,38,325,1,0.2,,92.8,76,157,6.7,76,21,4
GOSNEL,2024-07-23,ACTUAL,12,3.5,56,146,18,3,,70.5,60,159,1.5,62,5,3
GOSNEL,2024-07-24,ACTUAL,14.3,3.1,47,163,9,0,,81.4,62,165,2.1,64,7,3
GOSNEL,2024-07-25,ACTUAL,7.3,5.6,89,301,6,3.6,,45.7,46,165,0.1,54,0,2
GOSNEL,2024-07-26,ACTUAL,5.9,4.5,91,260,3,1,,45.8,46,170,0.1,55,0,2
GOSNEL,2024-07-27,ACTUAL,15.1,7.7,61,144,14,0.6,,69.1,47,176,1.2,57,4,3
GOSNEL,2024-07-28,ACTUAL,13,7.1,67,182,14,0,,77.7,49,182,1.9,58,6,3
GOSNEL,2024-07-29,ACTUAL,8.7,8.5,99,175,18,4.8,,30.8,32,179,0,45,0,2
GOSNEL,2024-07-30,ACTUAL,12.6,10.7,88,178,17,4.6,,30.7,22,177,0,33,0,2
GOSNEL,2024-07-31,ACTUAL,12.6,9.3,80,163,18,0,,52.8,23,183,0.6,34,1,2
GOSNEL,2024-08-01,ACTUAL,17.3,7.7,53,140,20,0,,77.1,24,190,2.4,37,6,2
GOSNEL,2024-08-02,ACTUAL,24.9,5.1,28,145,12,0,,90.2,28,197,8.2,41,17,3
GOSNEL,2024-08-03,ACTUAL,22.3,8,40,153,10,0,,90.3,31,204,7.5,45,17,4
GOSNEL,2024-08-04,ACTUAL,22,5.7,35,60,5,0,,90.4,34,211,5.8,49,15,3
GOSNEL,2024-08-05,ACTUAL,17.3,10.7,65,14,3,1.2,,79.7,35,217,1.3,50,4,3
GOSNEL,2024-08-06,ACTUAL,14.8,7.7,62,33,13,1.6,,74.7,35,223,1.4,51,4,3
GOSNEL,2024-08-07,ACTUAL,16.6,4.6,45,24,6,0,,83.6,37,229,2.4,53,7,3
GOSNEL,2024-08-08,ACTUAL,18.3,5.1,42,156,8,0,,87.2,40,235,4.3,56,12,3
GOSNEL,2024-08-09,ACTUAL,20.1,5.2,38,140,12,0,,89.1,42,242,6.7,59,18,4
GOSNEL,2024-08-10,ACTUAL,21.5,4,32,70,6,0,,90.6,46,249,6.2,62,18,4
GOSNEL,2024-08-11,ACTUAL,18.2,5,42,315,2,0,,90.3,48,255,4.8,65,15,3
GOSNEL,2024-08-12,ACTUAL,17.8,6.6,48,333,2,0,,89.4,50,261,4.4,68,14,3
GOSNEL,2024-08-13,ACTUAL,15.2,9.6,69,169,12,4.2,,61.5,36,259,0.8,53,2,3
GOSNEL,2024-08-14,ACTUAL,15.5,8.6,63,148,10,0,,75.4,37,264,1.3,55,4,3
GOSNEL,2024-08-15,ACTUAL,12.1,9.7,85,204,2,3.4,,46.4,28,264,0.1,45,0,2
GOSNEL,2024-08-16,ACTUAL,11,9.7,92,45,10,2.2,,39.7,25,269,0.1,40,0,2
GOSNEL,2024-08-17,ACTUAL,11.1,10.9,99,163,12,4,,19.1,17,266,0,30,0,2
GOSNEL,2024-08-18,ACTUAL,16.3,11.7,74,350,5,2.8,,37,14,268,0,25,0,2
GOSNEL,2024-08-19,ACTUAL,15.9,6.1,52,141,22,13,,53.5,8,239,0.7,15,1,1
GOSNEL,2024-08-20,ACTUAL,10.6,3.7,62,166,19,0,,71.5,9,244,1.7,17,2,2
GOSNEL,2024-08-21,ACTUAL,12.9,5.9,62,161,8,0,,78.9,10,249,1.5,18,2,2
GOSNEL,2024-08-22,ACTUAL,16.7,7.1,53,78,7,0,,83.9,12,255,2.5,21,4,2
GOSNEL,2024-08-23,ACTUAL,20.5,3.6,33,337,4,0,,88.9,15,262,4.5,26,8,3
GOSNEL,2024-08-24,ACTUAL,4.9,4.9,100,175,16,28.4,,11.9,6,189,0,11,0,1
GOSNEL,2024-08-25,ACTUAL,8.7,8.7,100,162,13,5.8,,4,3,182,0,6,0,1
GOSNEL,2024-08-26,ACTUAL,10.1,6.3,77,160,12,0,,28.5,3,187,0,7,0,1
GOSNEL,2024-08-27,ACTUAL,6.4,5.5,94,165,13,27.8,,9.2,1,128,0,2,0,1
GOSNEL,2024-08-28,ACTUAL,7.6,5.4,86,41,3,5.2,,13.9,0,124,0,1,0,1
GOSNEL,2024-08-29,ACTUAL,14,7.4,64,163,14,0,,48.3,1,130,0.3,3,0,1
GOSNEL,2024-08-30,ACTUAL,15.7,6.5,54,184,10,0,,71.8,3,136,1.1,6,0,1
GOSNEL,2024-08-31,ACTUAL,20.5,7.1,42,130,12,0,,85.1,6,142,3.9,10,4,2
GOSNEL,2024-09-01,ACTUAL,22.4,5.2,33,139,15,0,,90.1,8,148,9.3,15,11,2
GOSNEL,2024-09-02,ACTUAL,19.3,5.3,40,169,19,0,,90.1,11,153,11.4,18,15,2
GOSNEL,2024-09-03,ACTUAL,16.1,4.4,46,32,7,3.6,,69.3,8,153,0.9,15,1,1
GOSNEL,2024-09-04,ACTUAL,17,3.2,40,146,10,0,,83.2,10,158,2.7,18,4,2
GOSNEL,2024-09-05,ACTUAL,20.5,5.2,37,150,14,0,,88.6,13,163,6.9,21,11,3
GOSNEL,2024-09-06,ACTUAL,23.3,5.1,31,140,16,0,,91.1,16,169,11.4,26,18,3
GOSNEL,2024-09-07,ACTUAL,21.7,2.3,28,149,17,0,,91.7,19,175,13.1,30,21,3
GOSNEL,2024-09-08,ACTUAL,18.9,3.4,36,174,22,0,,91.4,21,180,15.6,33,25,3
GOSNEL,2024-09-09,ACTUAL,11.8,2.3,52,182,7,1,,83.1,22,184,2.3,34,5,2
GOSNEL,2024-09-10,ACTUAL,13.1,-3.4,32,63,4,0,,87.4,24,188,3.7,36,9,3
GOSNEL,2024-09-11,ACTUAL,8.7,2.3,64,172,9,0,,85.7,24,191,3.6,37,8,3
GOSNEL,2024-09-12,ACTUAL,8.6,3.1,68,43,8,3.2,,59.7,19,190,0.6,30,1,2
GOSNEL,2024-09-13,ACTUAL,9.1,3.1,66,173,16,0,,72.4,20,193,1.5,31,3,2
GOSNEL,2024-09-14,ACTUAL,7.4,6.6,95,145,11,7,,27.1,11,182,0,19,0,1
GOSNEL,2024-09-15,ACTUAL,7.1,6.3,95,143,8,5.2,,15.4,6,176,0,12,0,1
GOSNEL,2024-09-16,ACTUAL,9.8,4.8,71,151,10,0.2,,40.3,7,179,0.1,12,0,1
GOSNEL,2024-09-17,ACTUAL,14.9,5.4,53,157,11,0,,68.1,8,183,1,15,1,1
GOSNEL,2024-09-18,ACTUAL,9.4,3.4,66,169,6,0,,75.2,9,187,1,16,1,1
GOSNEL,2024-09-19,ACTUAL,10.5,1.3,53,202,6,0,,80.9,10,190,1.7,17,2,2
GOSNEL,2024-09-20,ACTUAL,3.5,1.8,89,98,6,1.6,,63.3,9,193,0.7,16,1,1
GOSNEL,2024-09-21,ACTUAL,5.1,-0.9,65,164,17,0,,73.2,10,195,1.6,17,2,2
GOSNEL,2024-09-22,ACTUAL,5.8,5.8,100,181,18,2.6,,42.1,7,198,0.1,13,0,1
GOSNEL,2024-09-23,ACTUAL,6.8,6.8,100,178,26,4,,18.6,4,194,0,8,0,1
GOSNEL,2024-09-24,ACTUAL,13.6,8.7,72,157,18,0,,49.8,5,199,0.4,9,0,1
GOSNEL,2024-09-25,ACTUAL,8.4,8.1,98,170,30,44,,8,2,101,0,3,0,1
GOSNEL,2024-09-26,ACTUAL,0.3,0.2,99,192,21,26,,1.4,0,55,0,0,0,1
GOSNEL,2024-09-27,ACTUAL,6.9,4.5,85,181,15,8,,17.6,0,46,0,0,0,1
GOSNEL,2024-09-28,ACTUAL,5.7,0.1,67,355,5,0.2,,37.3,1,49,0,1,0,1
GOSNEL,2024-09-29,ACTUAL,-0.2,-0.5,98,248,5,1.2,,32.9,1,50,0,1,0,1
GOSNEL,2024-09-30,ACTUAL,0.2,-1.7,87,172,15,4.8,,24.7,0,46,0,0,0,1
GOSNEL,2024-10-01,ACTUAL,-0.5,-0.6,99,186,22,1,,23.3,0,47,0,0,0,1
GOSNEL,2024-10-02,ACTUAL,0,-0.3,98,187,15,0.6,,25,0,47,0,0,0,1
GOSNEL,2024-10-03,ACTUAL,1.3,0.9,97,141,15,4.4,,13.9,0,43,0,0,0,1
GOSNEL,2024-10-04,ACTUAL,-0.7,-1,98,184,21,4.8,,8.2,0,38,0,0,0,1
GOSNEL,2024-10-05,ACTUAL,2.5,1.6,94,156,16,2.6,,12.4,0,39,0,0,0,1
GOSNEL,2024-10-06,ACTUAL,2.4,2.1,98,167,20,8.4,,5.7,0,28,0,0,0,1
GOSNEL,2024-10-07,ACTUAL,8,2.3,67,171,11,0.8,,31.8,0,30,0,1,0,1
GOSNEL,2024-10-08,ACTUAL,5.2,4.6,96,187,27,7.4,,15,0,21,0,0,0,1
GOSNEL,2024-10-09,ACTUAL,3.4,2.8,96,165,10,7.8,,8.2,0,12,0,0,0,1
GOSNEL,2024-10-10,ACTUAL,0.2,-0.1,98,173,11,0.8,,9.6,0,13,0,0,0,1
GOSNEL,2024-10-11,ACTUAL,6.5,-2.1,54,137,11,0,,38.8,1,15,0,1,0,1
GOSNEL,2024-10-12,ACTUAL,11.5,-4,34,162,6,0,,66.9,2,17,0.8,3,0,1
GOSNEL,2024-10-13,ACTUAL,12.8,1.1,45,165,23,0,,81.4,3,20,4.3,4,3,2
GOSNEL,2024-10-14,ACTUAL,5.2,4.4,95,167,25,1.4,,65.4,3,22,1.9,5,1,1
GOSNEL,2024-10-15,ACTUAL,3.3,2.6,95,182,17,13.2,,18.7,1,4,0,1,0,1
GOSNEL,2024-10-16,ACTUAL,0.3,-0.1,97,183,15,6.6,,8.9,0,1,0,0,0,1
GOSNEL,2024-10-17,ACTUAL,-1.7,-2.6,94,191,7,0.2,,13.6,0,1,0,0,0,1
GOSNEL,2024-10-18,ACTUAL,-3.2,-3.9,95,168,25,0,,19.4,0,1,0,0,0,1
GOSNEL,2024-10-19,ACTUAL,0,0,100,178,19,0,,19.4,0,2,0,0,0,1
GOSNEL,2024-10-20,ACTUAL,0.4,0.4,100,218,11,15.2,,1.9,0,1,0,0,0,1
GOSNEL,2024-10-21,ACTUAL,-0.6,-1.6,93,35,5,36.6,,5,0,1,0,0,0,1
GOSNEL,2024-10-22,ACTUAL,-2.8,-3.8,93,173,8,0,,10.6,0,1,0,0,0,1
GOSNEL,2024-10-23,ACTUAL,-2.2,-3.6,90,175,17,0,,20.2,0,1,0,0,0,1
GOSNEL,2024-10-24,ACTUAL,-3.1,-3.8,95,177,7,0,,23.8,0,1,0,0,0,1
GOSNEL,2024-10-25,ACTUAL,-0.2,-1.2,93,255,0,2.6,,16.6,0,2,0,0,0,1
GOSNEL,2024-10-26,ACTUAL,1.2,0.6,96,191,27,0,,22.3,0,3,0,0,0,1
GOSNEL,2024-10-27,ACTUAL,0.1,0,99,183,13,11.6,,4.4,0,1,0,0,0,1
GOSNEL,2024-10-28,ACTUAL,-1.2,-1.6,97,174,2,0.8,,5.3,0,1,0,0,0,1
GOSNEL,2024-10-29,ACTUAL,-2.7,-3.8,92,187,0,0.4,,7.6,0,1,0,0,0,1
GOSNEL,2024-10-30,ACTUAL,2.2,-1.6,76,127,0,0.4,,15.6,0,3,0,0,0,1
GOSNEL,2024-10-31,ACTUAL,-0.2,-1.7,90,183,0,2.4,,13.9,0,3,0,0,0,1
MCBRIDE,2024-03-01,ACTUAL,-3.9,-11.2,57,83,2,1.6,,,,,,,,
MCBRIDE,2024-03-02,ACTUAL,-6.9,-16.9,45,179,0,1.8,,,,,,,,
MCBRIDE,2024-03-03,ACTUAL,-8.8,-18.4,46,147,0,0.2,,,,,,,,
MCBRIDE,2024-03-04,ACTUAL,-10.3,-20.3,44,265,16,0,,,,,,,,
MCBRIDE,2024-03-05,ACTUAL,-7.5,-18,43,274,16,0,,,,,,,,
MCBRIDE,2024-03-06,ACTUAL,-5.4,-14.7,48,118,0,0,,,,,,,,
MCBRIDE,2024-03-07,ACTUAL,-1.9,-11.8,47,86,18,2.6,,,,,,,,
MCBRIDE,2024-03-08,ACTUAL,1.4,-5.3,61,94,34,0,,,,,,,,
MCBRIDE,2024-03-09,ACTUAL,3.1,-1.8,70,98,34,0.4,,,,,,,,
MCBRIDE,2024-03-10,ACTUAL,3.3,-0.2,78,86,22,0.8,,,,,,,,
MCBRIDE,2024-03-11,ACTUAL,6.3,0.7,67,101,19,4,,,,,,,,
MCBRIDE,2024-03-12,ACTUAL,8.3,-0.7,53,105,31,0,,,,,,,,
MCBRIDE,2024-03-13,ACTUAL,8,0.3,58,282,11,0.4,,,,,,,,
MCBRIDE,2024-03-14,ACTUAL,8.2,-1.4,51,87,14,0,,,,,,,,
MCBRIDE,2024-03-15,ACTUAL,10.5,-0.7,46,110,10,0,,,,,,,,
MCBRIDE,2024-03-16,ACTUAL,13.4,1.6,45,94,12,0,,,,,,,,
MCBRIDE,2024-03-17,ACTUAL,16.6,-0.3,32,72,10,0,,,,,,,,
MCBRIDE,2024-03-18,ACTUAL,14.2,-2.8,31,285,11,0,,,,,,,,
MCBRIDE,2024-03-19,ACTUAL,12.6,-4.2,31,10,4,0,,,,,,,,
MCBRIDE,2024-03-20,ACTUAL,3.8,-0.2,75,299,10,2.4,,,,,,,,
MCBRIDE,2024-03-21,ACTUAL,7.7,-6.6,36,277,14,0,,85,6,275,4.2,11,5,
MCBRIDE,2024-03-22,ACTUAL,7,-9.5,30,127,6,0,,87.4,7,276,4.1,13,5,2
MCBRIDE,2024-03-23,ACTUAL,7,-9.5,30,168,5,0,,88.4,8,277,4.3,15,6,2
MCBRIDE,2024-03-24,ACTUAL,8.3,-12.3,22,125,0,0,,89.7,9,278,4.1,17,6,2
MCBRIDE,2024-03-25,ACTUAL,11.6,-10.7,20,125,11,0,,91.4,11,280,9.1,20,13,2
MCBRIDE,2024-03-26,ACTUAL,11.7,-5.9,29,285,11,0,,91.4,12,282,9.2,22,14,3
MCBRIDE,2024-03-27,ACTUAL,9.9,-3.9,38,110,23,0,,90.1,14,283,14,24,20,3
MCBRIDE,2024-03-28,ACTUAL,6.9,-2.8,50,194,9,2.4,,69.7,12,284,1,21,1,2
MCBRIDE,2024-03-29,ACTUAL,8.2,-9.4,28,234,8,0,,81.9,13,285,2.1,23,4,2
MCBRIDE,2024-03-30,ACTUAL,4.5,-8.4,39,109,10,0,,84.7,13,286,3.3,24,6,2
MCBRIDE,2024-03-31,ACTUAL,7.3,-5.2,41,144,11,0,,86.1,14,287,4.2,25,8,2
MCBRIDE,2024-04-01,ACTUAL,13,-10.1,19,121,6,0,,90.6,17,290,6.3,29,12,3
MCBRIDE,2024-04-02,ACTUAL,11.4,4.9,64,81,23,0,,86.5,18,293,8.3,31,15,3
MCBRIDE,2024-04-03,ACTUAL,5.2,-2.1,59,293,13,21.6,,40,8,232,0.1,15,0,1
MCBRIDE,2024-04-04,ACTUAL,5.3,-3.5,53,291,11,0,,61,9,234,0.8,16,1,1
MCBRIDE,2024-04-05,ACTUAL,5.7,-4.2,49,298,11,0,,74,10,236,1.3,17,1,2
MCBRIDE,2024-04-06,ACTUAL,10,-3.1,40,146,0,0,,80.1,11,239,1.2,20,1,2
MCBRIDE,2024-04-07,ACTUAL,10.2,-1,46,115,2,0.2,,83.5,13,241,1.9,22,3,2
MCBRIDE,2024-04-08,ACTUAL,6,-0.9,61,120,23,0,,83.6,13,244,5.4,23,9,3
MCBRIDE,2024-04-09,ACTUAL,7,-0.4,59,218,10,12.4,,43.3,7,214,0.1,13,0,1
MCBRIDE,2024-04-10,ACTUAL,10.6,-5.2,33,116,18,0.2,,72.8,9,217,1.7,16,2,2
MCBRIDE,2024-04-11,ACTUAL,9.9,-3.5,39,108,36,0,,83.9,10,220,11.3,19,15,2
MCBRIDE,2024-04-12,ACTUAL,9.6,1.8,58,256,8,1.6,,73.8,11,223,1.1,19,1,1
MCBRIDE,2024-04-13,ACTUAL,13.2,-8.7,21,323,4,0.2,,85.8,14,226,2.9,24,5,2
MCBRIDE,2024-04-14,ACTUAL,17.6,-9.4,15,77,8,0,,92.4,17,230,9.3,29,16,3
MCBRIDE,2024-04-15,ACTUAL,9.7,-8.5,27,295,18,0,,91.9,19,233,13.7,32,22,3
MCBRIDE,2024-04-16,ACTUAL,6.3,-7.8,36,291,15,0,,90.3,20,235,9.7,34,18,3
MCBRIDE,2024-04-17,MANUAL,9.9,-12.7,19,306,12,0,100,91.6,23,238,9.8,37,19,3
MCBRIDE,2024-04-18,ACTUAL,10.9,-11.9,19,13,7,0,100,92,25,241,8,40,17,3
MCBRIDE,2024-04-19,ACTUAL,10.2,-17.1,13,95,13,0,100,93.4,27,243,13.2,43,25,3
MCBRIDE,2024-04-20,ACTUAL,14.4,-9.7,18,106,25,0,100,93.4,30,247,24,47,39,4
MCBRIDE,2024-04-21,ACTUAL,11.5,-3.2,36,113,10,0.2,100,91.4,32,250,8.7,49,20,4
MCBRIDE,2024-04-22,ACTUAL,12.2,-3.3,34,294,16,0.2,100,90.8,35,253,10.8,52,24,4
MCBRIDE,2024-04-23,ACTUAL,16.1,-5.7,22,104,18,0,100,92,38,257,14.2,55,30,4
MCBRIDE,2024-04-24,ACTUAL,7.1,-0.6,58,275,16,0,100,87.7,39,259,6.8,56,18,4
MCBRIDE,2024-04-25,ACTUAL,12.6,-7.5,24,250,8,0.4,100,90.2,41,262,6.5,59,18,4
MCBRIDE,2024-04-26,ACTUAL,14.5,-5.4,25,111,6,0,100,91,44,266,6.8,62,19,4
MCBRIDE,2024-04-27,ACTUAL,11.4,5.1,65,82,14,2.8,100,67.7,37,269,1.2,55,4,3
MCBRIDE,2024-04-28,ACTUAL,9.8,2.4,60,70,17,1,100,73.9,38,272,1.7,56,6,3
MCBRIDE,2024-04-29,ACTUAL,8.1,-8.6,30,297,9,1.6,100,74.8,38,274,1.2,56,4,3
MCBRIDE,2024-04-30,ACTUAL,13,-9.5,20,329,14,0,100,87.6,41,277,6.1,59,17,3
MCBRIDE,2024-05-01,ACTUAL,10.4,-3.8,37,310,13,0,100,88,42,282,6,62,17,4
MCBRIDE,2024-05-02,ACTUAL,14.7,-4.2,27,103,11,0,100,90.2,45,287,7.7,65,21,4
MCBRIDE,2024-05-03,ACTUAL,17.8,-5.5,20,117,11,0,100,92.5,49,292,10.6,70,27,4
MCBRIDE,2024-05-04,ACTUAL,18.8,-4.7,20,43,10,0,100,93.1,54,298,10.8,74,29,4
MCBRIDE,2024-05-05,ACTUAL,19.1,-0.4,27,100,16,0,100,93.1,58,304,14.7,78,36,5
MCBRIDE,2024-05-06,ACTUAL,15.7,0.5,36,278,8,2.8,50,75.8,49,309,1.2,70,5,3
MCBRIDE,2024-05-07,ACTUAL,10.7,-3.2,38,316,13,0.2,50,84,51,313,3.6,73,13,4
MCBRIDE,2024-05-08,ACTUAL,17.8,-6.2,19,288,10,0,50,91.3,55,319,8.6,77,25,4
MCBRIDE,2024-05-09,ACTUAL,20.9,-2.9,20,271,16,0,50,93.2,60,325,15.1,82,38,5
MCBRIDE,2024-05-10,ACTUAL,22.5,1.4,25,94,17,0,50,93.3,64,332,15.6,87,40,5
MCBRIDE,2024-05-11,ACTUAL,23.1,1.4,24,319,10,0,50,93.3,69,338,11.3,92,33,5
MCBRIDE,2024-05-12,ACTUAL,20,-1.3,24,313,10,0,50,93.4,74,344,11.3,96,34,5
MCBRIDE,2024-05-13,ACTUAL,12.8,2.6,50,295,15,0,50,89.4,75,349,8.3,98,27,4
MCBRIDE,2024-05-14,ACTUAL,15.4,2.1,41,78,0,0,50,89.5,78,354,4,101,16,4
MCBRIDE,2024-05-15,ACTUAL,12.4,8.1,75,294,15,0.8,50,82,79,359,3.1,102,14,4
MCBRIDE,2024-05-16,ACTUAL,11.7,5,63,275,10,9.2,50,48.5,44,334,0.2,66,0,2
MCBRIDE,2024-05-17,ACTUAL,11.5,1.7,51,292,19,1.8,50,65.4,42,338,1.4,64,5,3
MCBRIDE,2024-05-18,ACTUAL,13.4,0.7,42,271,12,0,50,80.4,44,343,2.1,67,8,3
MCBRIDE,2024-05-19,ACTUAL,11,2.1,54,310,15,0.6,50,82.8,46,347,3.3,69,11,3
MCBRIDE,2024-05-20,ACTUAL,17,-2.2,27,302,8,0,50,89.2,49,353,5.7,73,18,4
MCBRIDE,2024-05-21,ACTUAL,13.2,2.1,47,226,10,1.2,50,82,51,358,2.4,75,9,4
MCBRIDE,2024-05-22,ACTUAL,16.4,1.2,36,295,11,0,50,87.5,54,363,5.1,79,17,4
MCBRIDE,2024-05-23,ACTUAL,19,-1,26,319,13,0,50,91,58,369,9.6,83,28,4
MCBRIDE,2024-05-24,ACTUAL,14.5,7.8,64,249,6,0.8,50,83.8,60,374,2.5,85,10,4
MCBRIDE,2024-05-25,ACTUAL,14.4,10.7,78,240,9,3,50,60.2,48,373,0.6,72,2,3
MCBRIDE,2024-05-26,ACTUAL,13.4,7,65,268,7,0.2,50,72.9,49,378,1,74,4,3
MCBRIDE,2024-05-27,ACTUAL,13.4,2.9,49,103,24,0.2,50,82.8,51,382,5.2,77,17,4
MCBRIDE,2024-05-28,ACTUAL,11.7,7.8,77,90,20,10.8,50,45.2,26,349,0.2,44,0,2
MCBRIDE,2024-05-29,MANUAL,10.3,2.9,60,326,9,7.6,0,41.6,15,330,0.1,28,0,2
MCBRIDE,2024-05-30,MANUAL,12.3,0.6,45,294,13,1.2,0,65.9,17,335,1.1,31,2,2
MCBRIDE,2024-05-31,ACTUAL,14.8,1.2,40,297,9,1,0,78,20,340,1.5,35,3,2
MCBRIDE,2024-06-01,ACTUAL,13.1,7,66,94,9,0,0,81.3,21,346,2,37,5,2
MCBRIDE,2024-06-02,ACTUAL,17.1,5,45,102,19,0,0,86.3,24,352,6.5,41,15,3
MCBRIDE,2024-06-03,ACTUAL,16.3,5.9,50,100,5,0,0,86.7,26,359,3.4,44,9,3
MCBRIDE,2024-06-04,ACTUAL,13.3,1.9,46,101,21,0,0,86.9,28,365,7.9,47,18,4
MCBRIDE,2024-06-05,MANUAL,14.4,-0.2,37,105,13,3.2,0,73.3,24,364,1.4,41,3,2
MCBRIDE,2024-06-06,MANUAL,16,-0.8,32,301,15,0,0,86.1,27,370,5.2,46,13,3
MCBRIDE,2024-06-07,MANUAL,20.5,-1.4,23,264,9,0,0,91.5,31,377,8.3,52,20,4
MCBRIDE,2024-06-08,MANUAL,19.4,1.3,30,2,12,0,0,91.5,35,384,9.8,57,23,4
MCBRIDE,2024-06-09,MANUAL,22.1,5.8,35,302,8,0,0,91.6,39,391,8,63,21,4
MCBRIDE,2024-06-10,ACTUAL,13,10.9,87,318,14,1,0,79.2,40,397,2.1,63,7,3
MCBRIDE,2024-06-11,ACTUAL,17.5,7,50,105,26,1,0,83.1,42,404,6,67,18,4
MCBRIDE,2024-06-12,ACTUAL,13.8,6.7,62,285,12,2.2,0,71,38,410,1.2,62,4,3
MCBRIDE,2024-06-13,MANUAL,16.3,5.6,49,109,8,0.8,0,79.7,41,416,1.7,65,6,3
MCBRIDE,2024-06-14,MANUAL,11.5,7.1,74,44,14,0,0,80.9,41,421,2.5,67,9,3
MCBRIDE,2024-06-15,ACTUAL,15.4,1,38,305,19,0,0,87,44,428,7.4,70,21,4
MCBRIDE,2024-06-16,MANUAL,17.1,3.7,41,292,8,0.4,0,88.1,47,434,4.9,74,16,4
MCBRIDE,2024-06-17,ACTUAL,11.5,4.5,62,316,11,11.8,0,48.3,24,393,0.2,42,0,2
MCBRIDE,2024-06-18,MANUAL,18.1,-0.3,29,254,8,0.6,0,78.1,28,399,1.4,47,4,3
MCBRIDE,2024-06-19,MANUAL,19.3,1.6,31,84,14,0,0,88.3,31,406,6.8,52,17,4
MCBRIDE,2024-06-20,ACTUAL,25.5,2.8,23,300,5,0,0,92.7,37,414,8.2,60,21,4
MCBRIDE,2024-06-21,MANUAL,26.9,1.3,19,84,7,0,0,94.5,43,423,11.5,68,29,4
MCBRIDE,2024-06-22,ACTUAL,24.2,3.4,26,132,10,0,0,94.2,48,430,12.7,74,32,5
MCBRIDE,2024-06-23,ACTUAL,20.8,3.4,32,275,13,1.6,0,86.4,50,437,4.9,77,17,4
MCBRIDE,2024-06-24,ACTUAL,19.6,5.2,39,219,10,0.2,0,88.7,53,444,5.8,82,20,4
MCBRIDE,2024-06-25,MANUAL,23.1,7.1,36,64,10,0,0,90.2,57,452,7.3,87,24,4
MCBRIDE,2024-06-26,MANUAL,20.7,9.6,49,129,4,0,0,89.5,60,459,4.9,90,18,4
MCBRIDE,2024-06-27,MANUAL,18.2,8.8,54,292,7,15,0,54.2,29,402,0.4,50,1,2
MCBRIDE,2024-06-28,ACTUAL,22.6,8.6,41,124,15,0,0,82.4,33,409,3.2,55,10,3
MCBRIDE,2024-06-29,ACTUAL,20.2,9.2,49,106,26,0,0,86.7,36,416,10,59,24,4
MCBRIDE,2024-06-30,MANUAL,19.4,12,62,148,7,0.6,0,84.9,38,423,3,62,10,3
MCBRIDE,2024-07-01,MANUAL,16.2,8,58,305,12,0.6,0,84.5,40,430,3.6,65,12,3
MCBRIDE,2024-07-02,ACTUAL,13.6,9.5,76,299,16,0.8,0,80,41,436,2.5,66,9,3
MCBRIDE,2024-07-03,ACTUAL,18.1,9,55,304,11,0.2,0,84.5,43,443,3.5,69,12,3
MCBRIDE,2024-07-04,MANUAL,22.1,9.3,44,357,7,0,0,87.8,46,451,4.5,73,15,4
MCBRIDE,2024-07-05,ACTUAL,25.8,7.3,31,269,5,0,0,91.2,50,459,6.5,79,21,4
MCBRIDE,2024-07-06,ACTUAL,25.9,5.9,28,298,10,0,0,92.4,55,467,10,84,29,4
MCBRIDE,2024-07-07,MANUAL,29.4,8.9,28,102,10,0,0,93.1,60,476,11,91,32,5
MCBRIDE,2024-07-08,MANUAL,30.7,12,32,304,11,0,0,93.1,65,486,11.6,97,34,5
MCBRIDE,2024-07-09,ACTUAL,32,10.1,26,109,16,0,0,94,71,495,16.8,104,45,5
MCBRIDE,2024-07-10,MANUAL,34.2,6.5,18,291,12,0,0,96,77,505,18.2,112,49,5
MCBRIDE,2024-07-11,ACTUAL,25,6.6,31,299,13,0,0,93.9,82,513,14,117,42,5
MCBRIDE,2024-07-12,ACTUAL,25.6,7.1,31,283,9,0,0,93.5,86,521,11,122,36,5
MCBRIDE,2024-07-13,ACTUAL,24.2,10.4,42,274,14,0,0,91.5,89,529,10.6,126,36,5
MCBRIDE,2024-07-14,ACTUAL,28,10.1,33,253,12,0,0,91.8,94,538,10.4,131,36,5
MCBRIDE,2024-07-15,ACTUAL,27.7,11.6,37,271,10,0,0,91.9,98,547,9.2,136,34,5
MCBRIDE,2024-07-16,ACTUAL,29.6,12.5,35,242,5,0.6,0,91.4,103,556,6.9,141,28,5
MCBRIDE,2024-07-17,ACTUAL,31.9,13.6,33,141,10,0,0,92.5,108,565,10,146,37,5
MCBRIDE,2024-07-18,ACTUAL,31.6,12.8,32,138,8,0,0,92.7,113,575,9.4,152,35,5
MCBRIDE,2024-07-19,ACTUAL,29.6,14.5,40,114,17,0,0,92.4,118,584,14.1,156,46,5
MCBRIDE,2024-07-20,ACTUAL,30,14.9,40,126,11,0.6,0,90.7,122,593,8.3,161,33,5
MCBRIDE,2024-07-21,ACTUAL,32.6,14.6,34,82,12,0,0,92.3,127,602,10.9,167,40,5
MCBRIDE,2024-07-22,ACTUAL,25.2,13.4,48,69,11,0,0,90.5,130,611,8.1,170,33,5
MCBRIDE,2024-07-23,ACTUAL,20.2,8.2,46,204,5,4.6,0,68.3,79,596,0.8,119,4,3
MCBRIDE,2024-07-24,ACTUAL,19.3,9.2,52,306,11,0,0,81.8,82,603,2.5,122,12,4
MCBRIDE,2024-07-25,ACTUAL,11.3,10.5,95,292,9,5.8,0,33.2,50,578,0,83,0,2
MCBRIDE,2024-07-26,ACTUAL,12.8,11.3,91,273,4,3.2,0,26.7,39,573,0,67,0,2
MCBRIDE,2024-07-27,ACTUAL,21.7,13.7,60,309,6,5.6,0,49.4,27,554,0.2,48,0,2
MCBRIDE,2024-07-28,ACTUAL,19.3,11.7,61,297,11,0,0,73,28,561,1.2,51,4,3
MCBRIDE,2024-07-29,ACTUAL,18.9,13.8,72,113,13,1.6,0,72.2,29,568,1.3,51,4,3
MCBRIDE,2024-07-30,ACTUAL,21.1,15.3,69,249,7,1.4,0,73.3,30,575,1,53,3,3
MCBRIDE,2024-07-31,ACTUAL,16.3,14.6,90,285,17,0.6,0,74,31,582,1.7,54,5,3
MCBRIDE,2024-08-01,ACTUAL,23,12.1,50,305,11,0.4,0,84.9,33,589,3.7,58,11,3
MCBRIDE,2024-08-02,ACTUAL,28.4,13.5,40,356,3,0,0,89.5,37,597,4.7,64,14,3
MCBRIDE,2024-08-03,ACTUAL,25.4,12.6,45,298,11,0.4,0,89.6,40,605,7.1,68,20,4
MCBRIDE,2024-08-04,ACTUAL,26.9,10.5,36,141,3,0,0,90.8,43,613,5.6,74,18,4
MCBRIDE,2024-08-05,ACTUAL,22.9,12,50,266,7,0,0,89.7,46,620,6,78,19,4
MCBRIDE,2024-08-06,ACTUAL,20.9,11.9,56,353,4,0,0,88.5,48,627,4.2,81,15,4
MCBRIDE,2024-08-07,ACTUAL,26.2,11.5,40,246,5,3.4,0,78,40,620,1.2,68,4,3
MCBRIDE,2024-08-08,ACTUAL,26.5,10.6,37,133,9,0,0,88.9,43,628,5.6,74,18,4
MCBRIDE,2024-08-09,ACTUAL,28.9,10.9,33,89,9,0,0,91.7,47,636,8.3,80,25,4
MCBRIDE,2024-08-10,ACTUAL,29.1,9.2,29,98,5,0,0,92.7,52,644,8,86,25,4
MCBRIDE,2024-08-11,ACTUAL,29.5,12.8,36,45,3,0,0,92.8,56,652,7.4,92,25,4
MCBRIDE,2024-08-12,ACTUAL,23.8,11.8,47,139,18,0,0,90.5,59,660,11.4,96,34,5
MCBRIDE,2024-08-13,ACTUAL,23.7,14.2,55,248,7,1.4,0,82.7,61,667,2.2,99,10,4
MCBRIDE,2024-08-14,ACTUAL,26.4,10.9,38,277,6,0.4,0,89.3,64,675,5.3,104,21,4
MCBRIDE,2024-08-15,ACTUAL,20,12.3,61,97,14,0,0,87.5,66,681,6,106,23,4
MCBRIDE,2024-08-16,ACTUAL,19.2,14.9,76,249,10,0.2,0,84.8,67,688,3.3,108,15,4
MCBRIDE,2024-08-17,ACTUAL,19.2,12.3,64,293,8,2.8,0,69.4,55,683,0.9,92,4,3
MCBRIDE,2024-08-18,ACTUAL,21.3,14.8,66,112,14,0,0,80.5,57,690,2.4,94,11,4
MCBRIDE,2024-08-19,ACTUAL,25.4,8.3,34,105,16,3.4,0,82.2,46,680,3.3,79,12,4
MCBRIDE,2024-08-20,ACTUAL,14.4,10.1,75,245,5,0,0,82.3,47,686,1.9,81,8,4
MCBRIDE,2024-08-21,ACTUAL,23.5,11.5,47,98,11,0.2,0,87.3,50,693,5.1,85,18,4
MCBRIDE,2024-08-22,ACTUAL,22.9,11,47,117,7,0,0,88.2,53,700,4.6,88,17,4
MCBRIDE,2024-08-23,ACTUAL,23.4,10.4,44,296,12,0,0,88.9,55,708,6.7,93,23,4
MCBRIDE,2024-08-24,ACTUAL,12.1,10.8,92,77,12,18,0,26.5,24,580,0,44,0,2
MCBRIDE,2024-08-25,ACTUAL,18.6,12.4,67,95,11,8,0,44.7,14,543,0.1,26,0,2
MCBRIDE,2024-08-26,ACTUAL,20.1,10.3,53,100,33,0,0,78.4,16,550,5,30,10,3
MCBRIDE,2024-08-27,ACTUAL,14.7,9.4,70,282,13,9.6,0,49.3,9,507,0.3,17,0,1
MCBRIDE,2024-08-28,ACTUAL,17.1,8.8,58,283,18,0.8,0,72.8,11,513,1.7,20,3,2
MCBRIDE,2024-08-29,ACTUAL,20.6,10.4,52,119,8,0,0,83.3,13,519,2.5,24,5,2
MCBRIDE,2024-08-30,ACTUAL,18.3,11.2,63,341,2,0,0,84.2,14,526,2.1,27,4,2
MCBRIDE,2024-08-31,ACTUAL,25.1,10.5,40,105,15,0,0,89.2,17,533,8.1,32,15,3
MCBRIDE,2024-09-01,ACTUAL,26.9,14.3,46,90,14,0,0,89.3,20,540,7.8,37,16,3
MCBRIDE,2024-09-02,ACTUAL,22.6,8.3,40,285,18,0,0,89.6,23,546,9.9,41,20,3
MCBRIDE,2024-09-03,ACTUAL,22.3,9.1,43,295,15,0,0,89.6,25,551,8.5,45,19,4
MCBRIDE,2024-09-04,ACTUAL,22.3,6.8,37,301,11,0,0,90.1,28,557,7.6,49,18,4
MCBRIDE,2024-09-05,ACTUAL,24.9,11.8,44,79,16,0,0,90.1,30,563,9.7,53,23,4
MCBRIDE,2024-09-06,ACTUAL,27.9,11.8,37,93,7,0,0,90.9,34,570,6.9,58,18,4
MCBRIDE,2024-09-07,ACTUAL,25.1,12.3,45,107,7,0,0,90.7,36,576,6.9,62,19,4
MCBRIDE,2024-09-08,ACTUAL,21.2,9.4,47,88,14,0,0,89.9,38,582,8.6,66,23,4
MCBRIDE,2024-09-09,ACTUAL,17.7,6.2,47,279,16,0.4,0,89.3,40,587,8.6,68,24,4
MCBRIDE,2024-09-10,ACTUAL,17.2,6.4,49,92,5,0,0,88.9,42,591,4.7,71,15,4
MCBRIDE,2024-09-11,ACTUAL,12.8,4.5,57,117,9,0,0,87.3,43,595,4.6,72,15,4
MCBRIDE,2024-09-12,ACTUAL,20,8,46,285,13,1,0,85.3,45,601,4.3,75,15,4
MCBRIDE,2024-09-13,ACTUAL,15.7,8,60,140,4,0.2,0,85.4,46,605,2.7,77,10,4
MCBRIDE,2024-09-14,ACTUAL,16.9,9.7,62,133,5,5.2,0,57.2,31,584,0.4,55,1,2
MCBRIDE,2024-09-15,ACTUAL,14.2,10.6,79,255,10,3.4,0,49.5,24,575,0.3,43,0,2
MCBRIDE,2024-09-16,ACTUAL,13.5,9.2,75,302,4,0,0,62.3,24,579,0.6,44,1,2
MCBRIDE,2024-09-17,ACTUAL,15.4,10.2,71,146,6,0,0,73.1,25,584,1,45,2,3
MCBRIDE,2024-09-18,ACTUAL,18,8.3,53,280,16,0.6,0,82.5,27,589,3.3,48,9,3
MCBRIDE,2024-09-19,ACTUAL,14.7,5.8,55,286,11,0,0,84.7,28,593,3.6,50,10,3
MCBRIDE,2024-09-20,ACTUAL,12.1,5.6,64,260,17,4.2,0,61.6,20,578,1,37,2,2
MCBRIDE,2024-09-21,ACTUAL,10.4,5,69,81,14,0,0,73,21,582,1.4,38,3,2
MCBRIDE,2024-09-22,ACTUAL,12,10.4,90,75,9,4,0,42.4,14,569,0.1,27,0,2
MCBRIDE,2024-09-23,ACTUAL,15.8,11.2,74,78,16,3,0,52.9,11,563,0.5,21,0,2
MCBRIDE,2024-09-24,ACTUAL,22.2,9.3,44,88,28,0,0,83.1,13,569,6.7,25,12,3
MCBRIDE,2024-09-25,ACTUAL,9.4,8.6,95,290,11,11.2,0,24.4,6,512,0,13,0,1
MCBRIDE,2024-09-26,ACTUAL,12.8,5.8,62,103,15,6.2,0,43.2,4,489,0.1,8,0,1
MCBRIDE,2024-09-27,ACTUAL,17.7,2.3,36,163,10,1.4,0,71.4,6,494,1.1,12,1,1
MCBRIDE,2024-09-28,ACTUAL,6,3.8,86,226,2,0.6,0,71.5,6,497,0.7,12,1,1
MCBRIDE,2024-09-29,ACTUAL,6.7,4.5,86,271,10,5.8,0,37,3,476,0,7,0,1
MCBRIDE,2024-09-30,ACTUAL,10.4,1.8,55,80,11,0.6,0,61.8,4,480,0.8,8,0,1
MCBRIDE,2024-10-01,ACTUAL,6.8,5.3,90,88,13,15.2,0,22.6,2,414,0,3,0,1
MCBRIDE,2024-10-02,ACTUAL,8.5,4.9,78,76,10,8.8,0,26,0,384,0,1,0,1
MCBRIDE,2024-10-03,ACTUAL,12.3,4.6,59,97,20,1,0,57.7,1,387,1,3,0,1
MCBRIDE,2024-10-04,ACTUAL,7.8,5.8,87,101,13,5.2,0,35.4,0,373,0,0,0,1
MCBRIDE,2024-10-05,ACTUAL,11.1,4.8,65,66,14,3.6,0,47.1,1,368,0.2,1,0,1
MCBRIDE,2024-10-06,ACTUAL,12.6,5.1,60,83,24,0,0,71.1,1,371,2.2,3,1,1
MCBRIDE,2024-10-07,ACTUAL,12.3,5.5,63,74,20,0,0,79.5,2,374,2.9,4,2,2
MCBRIDE,2024-10-08,ACTUAL,8.2,6.8,91,269,17,4.2,0,43.5,1,365,0.2,2,0,1
MCBRIDE,2024-10-09,ACTUAL,8.5,5.1,79,292,14,4,0,40.3,0,357,0.1,1,0,1
MCBRIDE,2024-10-10,ACTUAL,9.9,3.7,65,200,6,5.6,0,38.8,1,344,0,1,0,1
MCBRIDE,2024-10-11,ACTUAL,11.5,2.5,54,124,10,0,0,64.1,1,346,0.9,3,0,1
MCBRIDE,2024-10-12,ACTUAL,13,2.5,49,100,19,0.2,0,79.5,3,349,2.8,5,2,2
MCBRIDE,2024-10-13,ACTUAL,15.2,3.9,47,70,16,0,0,85.1,4,353,4.8,8,4,2
MCBRIDE,2024-10-14,ACTUAL,12,8.5,79,66,18,0.2,0,83,4,356,3.9,8,4,2
MCBRIDE,2024-10-15,ACTUAL,7.9,7,94,257,3,6,0,31.2,2,341,0,4,0,1
MCBRIDE,2024-10-16,ACTUAL,6.6,4.7,88,279,8,1,0,38.5,2,342,0,4,0,1
MCBRIDE,2024-10-17,ACTUAL,4.9,2.1,82,294,7,6.8,0,25.4,1,324,0,1,0,1
MCBRIDE,2024-10-18,ACTUAL,6.1,0.1,65,96,34,0,0,54.8,1,326,1.5,2,0,1
MCBRIDE,2024-10-19,ACTUAL,5.9,4.4,90,71,23,16,0,22.9,0,278,0,0,0,1
MCBRIDE,2024-10-20,ACTUAL,6,5.7,98,320,4,5.4,0,9.7,0,267,0,0,0,1
MCBRIDE,2024-10-21,ACTUAL,2.2,-2.1,73,290,11,11.8,0,20.7,0,237,0,0,0,1
MCBRIDE,2024-10-22,ACTUAL,5.2,-2.9,56,85,13,0,0,47.1,1,238,0.2,1,0,1
MCBRIDE,2024-10-23,ACTUAL,3,0.1,81,164,8,0,0,56.5,1,240,0.5,1,0,1
MCBRIDE,2024-10-24,ACTUAL,5.3,1.3,75,248,5,0.6,0,64,1,241,0.7,2,0,1
MCBRIDE,2024-10-25,ACTUAL,5.3,-1.4,62,88,19,0,0,74.3,1,243,1.9,3,1,1
MCBRIDE,2024-10-26,ACTUAL,7.8,2.3,68,77,31,0.6,0,78.6,2,245,4.7,3,3,2
MCBRIDE,2024-10-27,ACTUAL,9,5.8,80,104,12,1.6,0,67.2,2,247,1,3,0,1
MCBRIDE,2024-10-28,ACTUAL,2.4,1.8,96,259,10,5.8,0,26.3,0,236,0,0,0,1
MCBRIDE,2024-10-29,ACTUAL,5.7,0.1,67,95,15,2.6,0,41.3,0,237,0.1,1,0,1
MCBRIDE,2024-10-30,ACTUAL,6.9,-2.6,51,96,32,0,0,68,1,239,3,2,1,1
MCBRIDE,2024-10-31,ACTUAL,6.7,-0.5,60,115,17,0,0,76.8,1,241,2,3,1,1
ROCKINGHAM,2024-03-01,ACTUAL,-9.8,-16.1,60,59,16,0,,,,,,,,
ROCKINGHAM,2024-03-02,ACTUAL,-12.1,-20,52,47,12,0,,,,,,,,
ROCKINGHAM,2024-03-03,ACTUAL,-13.4,-22.6,46,49,13,0,,,,,,,,
ROCKINGHAM,2024-03-04,ACTUAL,-15.4,-22,57,70,8,0,,,,,,,,
ROCKINGHAM,2024-03-05,ACTUAL,-8.6,-17.2,50,229,12,0,,,,,,,,
ROCKINGHAM,2024-03-06,ACTUAL,-4.8,-12.5,55,118,1,0.2,,,,,,,,
ROCKINGHAM,2024-03-07,ACTUAL,1.2,-11,40,80,1,2,,,,,,,,
ROCKINGHAM,2024-03-08,ACTUAL,2.9,-7.1,48,250,13,2.6,,,,,,,,
ROCKINGHAM,2024-03-09,ACTUAL,6.2,-1,60,224,8,2.8,,,,,,,,
ROCKINGHAM,2024-03-10,ACTUAL,3.1,-3,64,244,7,0,,,,,,,,
ROCKINGHAM,2024-03-11,ACTUAL,7.8,-5.1,40,269,6,0,,,,,,,,
ROCKINGHAM,2024-03-12,ACTUAL,9.3,-5.1,36,247,13,0,,,,,,,,
ROCKINGHAM,2024-03-13,ACTUAL,5.7,-8,37,256,8,0,,,,,,,,
ROCKINGHAM,2024-03-14,ACTUAL,9.5,-4.2,38,224,7,0,,,,,,,,
ROCKINGHAM,2024-03-15,ACTUAL,9.6,-1.5,46,239,14,0,,,,,,,,
ROCKINGHAM,2024-03-16,ACTUAL,10.3,1.7,55,146,2,0,,,,,,,,
ROCKINGHAM,2024-03-17,ACTUAL,14.2,-3.3,30,247,11,0,,,,,,,,
ROCKINGHAM,2024-03-18,ACTUAL,11.3,0.3,47,101,1,0,,,,,,,,
ROCKINGHAM,2024-03-19,ACTUAL,10.7,-5.1,33,39,6,0,,,,,,,,
ROCKINGHAM,2024-03-20,ACTUAL,1.3,-3.3,71,58,8,2.6,,,,,,,,
ROCKINGHAM,2024-03-21,ACTUAL,4.1,-8.1,41,34,3,0,,,,,,,,
ROCKINGHAM,2024-03-22,ACTUAL,3.2,-10.6,36,54,10,0,,,,,,,,
ROCKINGHAM,2024-03-23,ACTUAL,2.4,-11,37,51,12,0,,,,,,,,
ROCKINGHAM,2024-03-24,ACTUAL,4.4,-9.5,36,66,2,0,,,,,,,,
ROCKINGHAM,2024-03-25,ACTUAL,9.5,-8.7,27,223,7,0,,,,,,,,
ROCKINGHAM,2024-03-26,ACTUAL,7.7,-6.2,37,240,9,0,,,,,,,,
ROCKINGHAM,2024-03-27,ACTUAL,7.5,-6.8,36,269,3,0,,,,,,,,
ROCKINGHAM,2024-03-28,ACTUAL,0.9,-3.9,70,55,8,0,,,,,,,,
ROCKINGHAM,2024-03-29,ACTUAL,1.8,-9.6,43,40,8,2,,,,,,,,
ROCKINGHAM,2024-03-30,ACTUAL,4.2,-10.8,33,253,8,0,,,,,,,,
ROCKINGHAM,2024-03-31,ACTUAL,6,-7.7,37,237,11,0,,,,,,,,
ROCKINGHAM,2024-04-01,ACTUAL,11.9,-10.4,20,227,10,0,,,,,,,,
ROCKINGHAM,2024-04-02,ACTUAL,7.4,2.1,69,133,2,0,,,,,,,,
ROCKINGHAM,2024-04-03,ACTUAL,5,-5.7,46,258,5,3.2,,,,,,,,
ROCKINGHAM,2024-04-04,ACTUAL,6,-5.4,44,44,5,1.2,,,,,,,,
ROCKINGHAM,2024-04-05,ACTUAL,5.2,-5.3,47,51,4,0,,,,,,,,
ROCKINGHAM,2024-04-06,ACTUAL,9,-3,43,41,4,0,,,,,,,,
ROCKINGHAM,2024-04-07,ACTUAL,7.6,-7.4,34,251,9,0,,,,,,,,
ROCKINGHAM,2024-04-08,ACTUAL,4.6,-4.4,52,249,12,0,,,,,,,,
ROCKINGHAM,2024-04-09,ACTUAL,5.7,-8,37,234,10,0,,,,,,,,
ROCKINGHAM,2024-04-10,ACTUAL,7.6,-11.8,24,246,11,0,,,,,,,,
ROCKINGHAM,2024-04-11,ACTUAL,7,-5.1,42,264,4,0,,,,,,,,
ROCKINGHAM,2024-04-12,ACTUAL,9.8,-5.9,33,242,16,0,,,,,,,,
ROCKINGHAM,2024-04-13,ACTUAL,11.8,-8.7,23,257,12,0,,,,,,,,
ROCKINGHAM,2024-04-14,ACTUAL,14.8,-14.5,12,259,11,0,,,,,,,,
ROCKINGHAM,2024-04-15,ACTUAL,6.4,-7.4,37,251,16,0,,,,,,,,
ROCKINGHAM,2024-04-16,ACTUAL,4.3,-14.1,25,59,9,0,,,,,,,,
ROCKINGHAM,2024-04-17,MANUAL,4.2,-13.7,26,52,13,0,100,,,,,,,
ROCKINGHAM,2024-04-18,ACTUAL,4,-16.4,21,72,9,0,100,85,6,184,3.4,11,4,
ROCKINGHAM,2024-04-19,ACTUAL,6.1,-17.9,16,46,11,0,100,89.7,7,186,7.3,14,9,2
ROCKINGHAM,2024-04-20,ACTUAL,12.6,-14.3,14,38,5,0,100,92.6,10,189,8,18,11,2
ROCKINGHAM,2024-04-21,ACTUAL,7,-4.5,44,249,12,0,100,89.8,11,191,7.5,20,11,2
ROCKINGHAM,2024-04-22,ACTUAL,10.3,-7.1,29,266,11,0,100,89.9,13,194,7.2,23,12,3
ROCKINGHAM,2024-04-23,ACTUAL,14.2,-9.8,18,273,9,0,100,92.2,16,198,9,27,15,3
ROCKINGHAM,2024-04-24,ACTUAL,8.3,-1.3,51,258,8,0,100,89,18,200,5.6,29,11,3
ROCKINGHAM,2024-04-25,ACTUAL,7.1,0.8,64,223,5,8.4,100,43.6,10,184,0.1,17,0,1
ROCKINGHAM,2024-04-26,ACTUAL,7.7,-5.2,40,32,9,0,100,66.8,11,187,0.9,19,1,1
ROCKINGHAM,2024-04-27,ACTUAL,10.9,0.9,50,247,2,0,100,76.6,13,190,1,22,1,2
ROCKINGHAM,2024-04-28,ACTUAL,12.5,-5.2,29,264,10,0,100,86,15,193,4.1,25,7,2
ROCKINGHAM,2024-04-29,ACTUAL,7.3,-4.9,42,223,8,4.4,100,59.9,11,188,0.6,19,1,1
ROCKINGHAM,2024-04-30,ACTUAL,9.5,-12.4,20,250,12,0,100,80.6,13,190,2.3,22,4,2
ROCKINGHAM,2024-05-01,ACTUAL,8.4,-4.9,39,260,7,0,100,84.7,14,194,2.8,24,5,2
ROCKINGHAM,2024-05-02,ACTUAL,9,-4.7,38,59,8,0.2,100,86.6,16,198,3.9,26,7,2
ROCKINGHAM,2024-05-03,ACTUAL,13.6,-9,20,53,10,0,100,90.8,19,203,8,31,15,3
ROCKINGHAM,2024-05-04,ACTUAL,13.5,-9.7,19,42,9,0,100,92.1,22,208,9,35,17,3
ROCKINGHAM,2024-05-05,MANUAL,16,-6.4,21,124,6,0,100,92.4,26,213,8.2,39,17,3
ROCKINGHAM,2024-05-06,ACTUAL,10.1,1.5,55,246,13,0,100,88.4,27,217,6.4,41,14,3
ROCKINGHAM,2024-05-07,ACTUAL,8.8,-3.2,43,240,12,1.4,100,79.7,28,221,2,43,5,3
ROCKINGHAM,2024-05-08,ACTUAL,14.4,-9.7,18,247,13,0,100,89.7,32,226,7.8,47,18,4
ROCKINGHAM,2024-05-09,ACTUAL,19.3,-4.9,19,244,9,0,100,92.8,36,232,9.9,52,22,4
ROCKINGHAM,2024-05-10,ACTUAL,21.3,-2.6,20,265,7,0,100,93.5,41,238,10.1,57,24,4
ROCKINGHAM,2024-05-11,ACTUAL,20.5,-2,22,282,6,0,100,93.5,45,245,9.6,62,24,4
ROCKINGHAM,2024-05-12,ACTUAL,19.5,-4.8,19,249,12,0,100,93.6,50,250,12.7,66,30,4
ROCKINGHAM,2024-05-13,ACTUAL,15.4,-0.1,35,282,4,0.8,100,88.2,52,256,4.1,69,14,3
ROCKINGHAM,2024-05-14,ACTUAL,14.2,-1.2,35,264,7,1.8,100,79.5,51,261,1.5,69,6,3
ROCKINGHAM,2024-05-15,ACTUAL,13.9,1.1,42,242,14,0.4,100,85.5,54,266,4.5,71,15,4
ROCKINGHAM,2024-05-16,ACTUAL,12.9,1.5,46,224,6,7.8,100,54.8,32,251,0.4,49,1,2
ROCKINGHAM,2024-05-17,ACTUAL,11.7,-3.4,35,248,14,1.2,100,73.4,34,255,1.4,51,4,3
ROCKINGHAM,2024-05-18,ACTUAL,12.1,-5.5,29,243,13,1.2,100,80.6,37,260,2.3,54,7,3
ROCKINGHAM,2024-05-19,ACTUAL,12.1,-5.5,29,243,11,0,100,87.3,39,265,5.1,57,15,3
ROCKINGHAM,2024-05-20,ACTUAL,13.3,-4,30,233,11,0,100,89.3,42,269,6.6,60,18,4
ROCKINGHAM,2024-05-21,ACTUAL,12,3,54,26,2,1.4,100,77.1,43,274,0.9,62,3,3
ROCKINGHAM,2024-05-22,ACTUAL,13.1,3.2,51,38,7,4.8,100,58.9,31,268,0.6,48,1,2
ROCKINGHAM,2024-05-23,ACTUAL,14,-2.2,33,328,3,0,100,77.1,33,273,1,51,3,3
ROCKINGHAM,2024-05-24,ACTUAL,15.4,-0.1,35,250,8,0,100,85.8,36,278,3.5,55,11,3
ROCKINGHAM,2024-05-25,ACTUAL,12.2,4.5,59,88,4,1,100,79.8,38,283,1.4,57,4,3
ROCKINGHAM,2024-05-26,ACTUAL,13.9,-0.7,37,245,14,0.6,100,85.7,40,288,4.8,60,14,3
ROCKINGHAM,2024-05-27,ACTUAL,14.5,-1.7,33,258,14,0,100,88.6,43,293,7,63,19,4
ROCKINGHAM,2024-05-28,ACTUAL,10,6.2,77,250,4,3,100,57.6,35,292,0.4,53,1,2
ROCKINGHAM,2024-05-29,MANUAL,9.5,-1.6,46,242,10,5.4,0,52.3,23,283,0.4,38,0,2
ROCKINGHAM,2024-05-30,MANUAL,11.3,-3,37,246,12,0.4,0,75.1,25,288,1.4,41,4,2
ROCKINGHAM,2024-05-31,ACTUAL,11.2,-4.6,33,253,10,0,0,84.4,27,292,3.1,44,8,3
ROCKINGHAM,2024-06-01,ACTUAL,10.5,6.9,78,207,3,0,0,83.1,28,297,1.9,45,5,3
ROCKINGHAM,2024-06-02,ACTUAL,15.6,0.1,35,270,5,0.6,0,86.7,31,304,3.5,49,10,3
ROCKINGHAM,2024-06-03,ACTUAL,15.6,0.8,37,253,6,0,0,88.3,34,310,4.5,53,13,3
ROCKINGHAM,2024-06-04,ACTUAL,9.6,3.2,64,255,8,0.6,0,85.2,35,315,3.2,54,10,3
ROCKINGHAM,2024-06-05,ACTUAL,10.9,-0.6,45,250,9,3.8,0,64.6,26,312,0.8,44,2,3
ROCKINGHAM,2024-06-06,ACTUAL,13.7,-4.1,29,239,9,0,0,82.1,29,318,2.3,48,7,3
ROCKINGHAM,2024-06-07,ACTUAL,16.6,-7.2,19,245,8,0,0,90.4,33,325,6.7,53,17,4
ROCKINGHAM,2024-06-08,ACTUAL,16.3,-2.4,28,97,1,0,0,90.8,36,331,5.1,57,15,3
ROCKINGHAM,2024-06-09,ACTUAL,20,0.3,27,265,4,0,0,91.5,40,338,6.5,62,18,4
ROCKINGHAM,2024-06-10,ACTUAL,18.3,2.5,35,254,8,0,0,91.4,44,345,7.7,66,21,4
ROCKINGHAM,2024-06-11,ACTUAL,15.4,6.2,54,240,11,3.8,0,68,34,342,1,54,3,3
ROCKINGHAM,2024-06-12,ACTUAL,12.2,4,57,245,10,7.2,0,51.2,20,326,0.3,35,0,2
ROCKINGHAM,2024-06-13,ACTUAL,19.7,-1.5,24,283,7,0,0,81.4,24,333,1.9,41,5,2
ROCKINGHAM,2024-06-14,ACTUAL,18.6,-1.4,26,262,9,0,0,89.4,28,340,6.1,46,15,3
ROCKINGHAM,2024-06-15,ACTUAL,15.9,-4.7,24,256,11,0.2,0,91.2,31,346,8.8,51,21,4
ROCKINGHAM,2024-06-16,ACTUAL,11.2,1.7,52,43,6,0.4,0,88.7,33,352,4.8,53,13,3
ROCKINGHAM,2024-06-17,ACTUAL,11.2,2.3,54,246,4,4.4,0,58,24,346,0.4,40,1,2
ROCKINGHAM,2024-06-18,ACTUAL,12.3,-4.5,31,214,2,1.4,0,69.6,26,352,0.7,44,1,3
ROCKINGHAM,2024-06-19,ACTUAL,19,-5.2,19,251,9,0,0,88,30,359,5,50,13,3
ROCKINGHAM,2024-06-20,ACTUAL,21.3,0.9,26,286,3,0,0,91.2,35,366,6,56,16,3
ROCKINGHAM,2024-06-21,ACTUAL,24.3,-3.2,16,284,6,0,0,94.5,40,374,10.9,64,27,4
ROCKINGHAM,2024-06-22,ACTUAL,23.8,-2.7,17,253,11,0,0,94.7,46,381,14.5,70,34,5
ROCKINGHAM,2024-06-23,ACTUAL,20.1,-0.1,26,274,9,0,0,93.9,50,388,11.9,76,31,4
ROCKINGHAM,2024-06-24,ACTUAL,15.1,2.2,42,255,6,0,0,91.1,52,394,6.8,79,21,4
ROCKINGHAM,2024-06-25,ACTUAL,19.4,2.2,32,328,2,0,0,91.2,56,401,5.6,83,19,4
ROCKINGHAM,2024-06-26,ACTUAL,21.4,2.5,29,32,7,0,0,91.5,60,409,7.5,88,24,4
ROCKINGHAM,2024-06-27,ACTUAL,15.8,7.1,56,252,10,1,0,83.5,62,415,2.8,91,12,4
ROCKINGHAM,2024-06-28,ACTUAL,19.7,4.5,37,29,3,2.6,0,74.9,55,422,0.9,83,4,3
ROCKINGHAM,2024-06-29,ACTUAL,21.6,6.2,37,239,8,0,0,86.7,58,429,4,87,15,4
ROCKINGHAM,2024-06-30,ACTUAL,21.2,8.4,44,230,10,0,0,88.2,62,436,5.5,91,20,4
ROCKINGHAM,2024-07-01,ACTUAL,19.2,3.7,36,238,12,0,0,89.5,65,443,7.2,95,25,4
ROCKINGHAM,2024-07-02,ACTUAL,14.3,6.7,60,234,11,0.6,0,86.5,66,450,4.5,97,18,4
ROCKINGHAM,2024-07-03,ACTUAL,16.8,3.7,42,270,6,0,0,87.8,69,456,4.1,100,17,4
ROCKINGHAM,2024-07-04,ACTUAL,20.6,0.8,27,245,9,0,0,91.1,72,464,7.8,104,27,4
ROCKINGHAM,2024-07-05,ACTUAL,24.9,-0.3,19,250,11,0,0,94,77,472,13,110,39,5
ROCKINGHAM,2024-07-06,ACTUAL,25.6,0.9,20,233,9,0,0,94.3,82,480,12.4,115,39,5
ROCKINGHAM,2024-07-07,ACTUAL,30.1,2.4,17,266,9,0,0,95.6,88,489,14.9,122,44,5
ROCKINGHAM,2024-07-08,ACTUAL,32.9,1.8,14,296,4,0,0,96.7,95,499,13.2,129,42,5
ROCKINGHAM,2024-07-09,ACTUAL,34.5,0.9,12,268,6,0,0,97.5,103,509,16.4,137,49,5
ROCKINGHAM,2024-07-10,ACTUAL,33.7,-2.3,10,245,10,0,0,97.9,110,519,20.8,144,58,5
ROCKINGHAM,2024-07-11,ACTUAL,27.3,0.9,18,251,13,0,0,96.8,116,527,20.9,149,59,5
ROCKINGHAM,2024-07-12,ACTUAL,25.4,0.1,19,266,9,0,0,96.2,121,536,15.9,154,50,5
ROCKINGHAM,2024-07-13,ACTUAL,24.2,6.8,33,250,7,0,0,93.7,125,544,10.1,158,37,5
ROCKINGHAM,2024-07-14,ACTUAL,28.1,1.5,18,281,5,0,0,95,130,552,11.2,164,41,5
ROCKINGHAM,2024-07-15,ACTUAL,31.3,5.7,20,268,5,0,0,95.2,136,562,11.2,170,41,5
ROCKINGHAM,2024-07-16,ACTUAL,30.1,2.4,17,248,11,0,0,95.7,142,571,16.6,175,53,5
ROCKINGHAM,2024-07-17,ACTUAL,34,0.5,12,303,3,0,0,97.3,150,581,14,182,48,5
ROCKINGHAM,2024-07-18,ACTUAL,33.4,2.2,14,335,2,0,0,97.4,157,590,13.2,188,46,5
ROCKINGHAM,2024-07-19,ACTUAL,28.5,8.7,29,238,7,0,0,95,161,599,12.5,193,45,5
ROCKINGHAM,2024-07-20,ACTUAL,33.3,4.9,17,340,3,0,0,96.1,168,609,11.4,199,42,5
ROCKINGHAM,2024-07-21,ACTUAL,34,3.7,15,70,5,0,0,96.7,175,619,14.4,205,49,5
ROCKINGHAM,2024-07-22,ACTUAL,30.1,10.5,30,264,4,0,0,95,180,628,10.7,210,41,5
ROCKINGHAM,2024-07-23,ACTUAL,22.4,1.3,25,250,12,4.6,0,80.2,93,612,2.2,135,12,4
ROCKINGHAM,2024-07-24,ACTUAL,22.9,1.2,24,251,6,0,0,90.5,97,620,6.1,140,26,5
ROCKINGHAM,2024-07-25,ACTUAL,10.1,9.2,94,231,1,8.8,0,26.4,52,573,0,85,0,2
ROCKINGHAM,2024-07-26,ACTUAL,10.6,8.8,89,216,5,8.2,0,17,29,536,0,51,0,2
ROCKINGHAM,2024-07-27,ACTUAL,20.9,7.1,41,239,11,0,0,65.6,32,543,0.9,56,3,3
ROCKINGHAM,2024-07-28,ACTUAL,25.1,5.2,28,261,13,0,0,88.5,37,551,6.5,63,18,4
ROCKINGHAM,2024-07-29,ACTUAL,16.7,9,60,4,1,0,0,87.4,38,558,3.1,65,10,3
ROCKINGHAM,2024-07-30,ACTUAL,21.9,6.9,38,251,14,0.8,0,88.1,42,566,6.6,70,20,4
ROCKINGHAM,2024-07-31,ACTUAL,20.5,7.8,44,250,9,0,0,88.5,44,573,5.4,74,18,4
ROCKINGHAM,2024-08-01,ACTUAL,26.5,9.3,34,244,10,2.6,0,84.2,41,581,3.1,69,11,3
ROCKINGHAM,2024-08-02,ACTUAL,29.9,5.2,21,248,3,0,0,93.3,46,589,8,77,24,4
ROCKINGHAM,2024-08-03,ACTUAL,29.5,5.5,22,229,10,0,0,94.4,51,598,13.4,84,35,5
ROCKINGHAM,2024-08-04,ACTUAL,24.9,10.7,41,273,5,0,0,92.1,54,605,7.6,88,24,4
ROCKINGHAM,2024-08-05,ACTUAL,17.1,9.6,61,60,13,2.6,0,73.1,46,611,1.3,77,5,3
ROCKINGHAM,2024-08-06,ACTUAL,12.6,11.3,92,105,1,9.6,0,22.7,24,560,0,43,0,2
ROCKINGHAM,2024-08-07,ACTUAL,22.1,4.5,32,33,7,0.6,0,69.8,27,567,0.9,49,2,3
ROCKINGHAM,2024-08-08,ACTUAL,23.7,4,28,51,8,0,0,88,31,574,4.7,55,13,3
ROCKINGHAM,2024-08-09,ACTUAL,24.7,9.4,38,242,1,0,0,89.7,34,581,4.2,60,13,3
ROCKINGHAM,2024-08-10,ACTUAL,28.4,2.5,19,282,3,0,0,94.2,39,590,9.2,67,24,4
ROCKINGHAM,2024-08-11,ACTUAL,29.4,1.8,17,294,4,0,0,95.4,44,598,11,75,29,4
ROCKINGHAM,2024-08-12,ACTUAL,21.3,13.3,60,33,4,0.4,0,89.4,46,605,4.8,78,16,4
ROCKINGHAM,2024-08-13,ACTUAL,23.8,8.2,37,233,9,0,0,90.2,50,612,6.8,82,22,4
ROCKINGHAM,2024-08-14,ACTUAL,25.6,4,25,261,7,0,0,92.7,54,620,9,88,28,4
ROCKINGHAM,2024-08-15,ACTUAL,16.8,15.3,91,257,1,0.2,0,82.9,54,626,1.7,89,8,3
ROCKINGHAM,2024-08-16,ACTUAL,18.8,10.4,58,41,6,0.2,0,84.9,56,632,2.8,91,12,4
ROCKINGHAM,2024-08-17,ACTUAL,18.8,13.3,70,218,6,4.8,0,57.7,38,613,0.5,66,1,2
ROCKINGHAM,2024-08-18,ACTUAL,21.7,11.2,51,41,7,0,0,78.7,41,620,1.4,70,5,3
ROCKINGHAM,2024-08-19,ACTUAL,24.1,7.2,34,259,9,2.8,0,80.4,36,618,1.9,63,7,3
ROCKINGHAM,2024-08-20,ACTUAL,20.2,2,30,238,12,0,0,89.1,39,625,7,68,20,4
ROCKINGHAM,2024-08-21,ACTUAL,21.1,2.7,30,47,3,0,0,90.8,43,631,5.6,73,18,4
ROCKINGHAM,2024-08-22,ACTUAL,21.5,8.4,43,296,4,1.4,0,83.5,45,638,2.1,77,8,4
ROCKINGHAM,2024-08-23,ACTUAL,26.1,3.9,24,322,1,0,0,91.3,50,646,5.5,83,19,4
ROCKINGHAM,2024-08-24,ACTUAL,10.6,9.8,95,227,4,28.4,0,17.7,19,475,0,34,0,2
ROCKINGHAM,2024-08-25,ACTUAL,15.2,12.2,82,213,4,4.8,0,25.2,13,464,0,24,0,2
ROCKINGHAM,2024-08-26,ACTUAL,15.9,11.3,74,212,1,0,0,42.1,13,470,0.1,25,0,2
ROCKINGHAM,2024-08-27,ACTUAL,12.9,9.2,78,232,1,2.4,0,40.3,11,475,0,21,0,2
ROCKINGHAM,2024-08-28,ACTUAL,16.6,5.2,47,241,10,0,0,70.3,13,481,1,25,1,2
ROCKINGHAM,2024-08-29,ACTUAL,19.9,8.6,48,253,5,0,0,82.3,16,487,1.8,29,4,2
ROCKINGHAM,2024-08-30,ACTUAL,21.1,8,43,225,11,0,0,87.4,18,494,5.1,33,11,3
ROCKINGHAM,2024-08-31,ACTUAL,24.1,8.8,38,232,6,0,0,89.7,21,502,5.5,39,12,3
ROCKINGHAM,2024-09-01,ACTUAL,24.9,7.9,34,248,4,0,0,90.9,24,508,6,44,14,3
ROCKINGHAM,2024-09-02,ACTUAL,29.3,6.6,24,251,8,0,0,93.7,29,515,10.7,50,23,4
ROCKINGHAM,2024-09-03,ACTUAL,22.4,3.9,30,262,6,0,0,93.2,31,520,9.3,55,22,4
ROCKINGHAM,2024-09-04,ACTUAL,21.3,5.1,35,254,10,0,0,92.2,34,526,9.9,59,24,4
ROCKINGHAM,2024-09-05,ACTUAL,22.3,10.1,46,97,0,0,0,90.9,36,532,4.9,62,15,3
ROCKINGHAM,2024-09-06,ACTUAL,28.2,3.8,21,242,10,0,0,94.1,40,539,12.4,68,30,4
ROCKINGHAM,2024-09-07,ACTUAL,24.5,6.2,31,217,5,0,0,93.5,44,545,8.9,73,25,4
ROCKINGHAM,2024-09-08,ACTUAL,24,8.3,37,228,2,0,0,92.5,46,551,6.8,77,21,4
ROCKINGHAM,2024-09-09,ACTUAL,19.7,-0.4,26,252,10,0,0,92.5,49,556,10.4,80,29,4
ROCKINGHAM,2024-09-10,ACTUAL,15.3,2.4,42,91,1,0,0,91,51,560,5.1,83,18,4
ROCKINGHAM,2024-09-11,ACTUAL,14.7,3.2,46,63,8,0,0,89.5,52,565,5.8,85,20,4
ROCKINGHAM,2024-09-12,ACTUAL,15,8.1,63,327,2,0.2,0,87.2,53,569,3.2,87,13,4
ROCKINGHAM,2024-09-13,ACTUAL,13.8,4.7,54,279,2,0,0,87.2,55,573,3.2,88,13,4
ROCKINGHAM,2024-09-14,ACTUAL,14.8,6.4,57,219,8,0.4,0,87,56,578,4.2,90,16,4
ROCKINGHAM,2024-09-15,ACTUAL,13.9,6.6,61,235,11,1,0,81.1,57,582,2.2,91,10,4
ROCKINGHAM,2024-09-16,ACTUAL,18,5.2,43,233,6,0,0,86.3,59,587,3.4,94,14,4
ROCKINGHAM,2024-09-17,ACTUAL,16.7,8.2,57,102,0,0,0,86.3,60,592,2.5,96,11,4
ROCKINGHAM,2024-09-18,ACTUAL,18.2,7,48,231,10,0,0,87.2,62,597,4.7,98,18,4
ROCKINGHAM,2024-09-19,ACTUAL,14.8,2.9,45,231,8,0,0,87.4,64,601,4.3,100,17,4
ROCKINGHAM,2024-09-20,ACTUAL,8.6,2,63,221,6,3.4,0,59.5,48,591,0.5,80,2,3
ROCKINGHAM,2024-09-21,ACTUAL,11,1.8,53,227,4,0,0,73,49,594,0.9,82,4,3
ROCKINGHAM,2024-09-22,ACTUAL,9.9,8.6,92,205,6,0,0,73.7,49,598,1,82,4,3
ROCKINGHAM,2024-09-23,ACTUAL,14.5,7.6,63,239,6,0.6,0,79,50,602,1.4,83,6,3
ROCKINGHAM,2024-09-24,ACTUAL,22.1,5,33,267,8,0,0,88.5,53,608,5.1,87,18,4
ROCKINGHAM,2024-09-25,ACTUAL,14.3,12.8,91,245,3,39,0,20.3,19,400,0,35,0,2
ROCKINGHAM,2024-09-26,ACTUAL,10.3,5.7,73,222,7,15,0,25.1,9,348,0,17,0,1
ROCKINGHAM,2024-09-27,ACTUAL,9.6,6.7,82,241,7,3.2,0,30.4,6,345,0,12,0,1
ROCKINGHAM,2024-09-28,ACTUAL,7.6,3.7,76,249,3,0.4,0,44,7,348,0.1,13,0,1
ROCKINGHAM,2024-09-29,ACTUAL,3.4,2.3,93,222,8,3.8,0,26.6,4,341,0,8,0,1
ROCKINGHAM,2024-09-30,ACTUAL,9.1,-3.6,41,257,12,0.8,0,57.2,5,345,0.6,10,0,1
ROCKINGHAM,2024-10-01,ACTUAL,5.3,4.1,92,213,3,3.2,0,34.8,3,340,0,6,0,1
ROCKINGHAM,2024-10-02,ACTUAL,7.8,0.1,58,233,6,0.4,0,55.6,4,342,0.4,7,0,1
ROCKINGHAM,2024-10-03,ACTUAL,10.6,-0.9,45,241,11,0,0,74.3,4,345,1.3,9,1,1
ROCKINGHAM,2024-10-04,ACTUAL,7,1.7,69,258,8,0,0,78,5,347,1.4,9,1,1
ROCKINGHAM,2024-10-05,ACTUAL,9.6,-1.8,45,249,10,1.6,0,74.6,5,349,1.2,10,1,1
ROCKINGHAM,2024-10-06,ACTUAL,11.4,3.5,58,248,9,0,0,80.5,6,352,1.9,11,2,2
ROCKINGHAM,2024-10-07,ACTUAL,15.4,2.5,42,262,10,0,0,85.9,7,355,3.8,14,5,2
ROCKINGHAM,2024-10-08,ACTUAL,12.4,8.9,79,224,7,1,0,77.4,8,358,1.3,15,1,1
ROCKINGHAM,2024-10-09,ACTUAL,8.3,4.5,77,241,8,6.4,0,42.2,4,341,0.1,8,0,1
ROCKINGHAM,2024-10-10,ACTUAL,5.7,1.8,76,234,6,1.6,0,46.7,4,343,0.1,8,0,1
ROCKINGHAM,2024-10-11,ACTUAL,5.3,2.1,80,156,3,0.2,0,55.2,4,345,0.3,8,0,1
ROCKINGHAM,2024-10-12,ACTUAL,5.3,2,79,150,2,0,0,61.5,4,346,0.5,8,0,1
ROCKINGHAM,2024-10-13,ACTUAL,11.8,7.4,74,142,1,0,0,68.3,5,349,0.6,9,0,1
ROCKINGHAM,2024-10-14,ACTUAL,16.1,5.1,48,244,15,0,0,81.8,6,353,2.9,12,3,2
ROCKINGHAM,2024-10-15,ACTUAL,7.7,6.6,93,135,0,3,0,44.6,4,349,0.1,8,0,1
ROCKINGHAM,2024-10-16,ACTUAL,7.9,5.5,85,248,6,5.6,0,28.4,2,336,0,4,0,1
ROCKINGHAM,2024-10-17,ACTUAL,4.9,-2.9,57,253,8,3.4,0,39,1,330,0,2,0,1
ROCKINGHAM,2024-10-18,ACTUAL,5.3,-3.8,52,208,2,0,0,56.3,1,332,0.4,3,0,1
ROCKINGHAM,2024-10-19,ACTUAL,5,3.6,91,230,2,1.2,0,50.8,1,334,0.2,3,0,1
ROCKINGHAM,2024-10-20,ACTUAL,4.5,3.6,94,183,1,8.4,0,15.8,0,310,0,0,0,1
ROCKINGHAM,2024-10-21,ACTUAL,-0.6,-4.1,77,57,15,13,0,19.6,0,272,0,0,0,1
ROCKINGHAM,2024-10-22,ACTUAL,2.8,-1.9,71,220,11,1.2,0,36.6,0,273,0,0,0,1
ROCKINGHAM,2024-10-23,ACTUAL,0.7,-2.7,78,239,4,6.8,0,22.7,0,257,0,0,0,1
ROCKINGHAM,2024-10-24,ACTUAL,5.2,-5,48,241,10,1.2,0,46.9,1,259,0.2,1,0,1
ROCKINGHAM,2024-10-25,ACTUAL,0.7,-1.5,85,154,2,0.6,0,51.2,1,260,0.2,1,0,1
ROCKINGHAM,2024-10-26,ACTUAL,5.1,1.4,77,226,7,0.2,0,61,1,261,0.6,2,0,1
ROCKINGHAM,2024-10-27,ACTUAL,4.5,3.6,94,182,4,7.4,0,21.6,0,245,0,0,0,1
ROCKINGHAM,2024-10-28,ACTUAL,4.4,2.4,87,225,5,1.8,0,25.9,0,246,0,0,0,1
ROCKINGHAM,2024-10-29,ACTUAL,2.2,-3.7,65,215,8,0,0,44.3,0,247,0.1,1,0,1
ROCKINGHAM,2024-10-30,ACTUAL,0.1,-3.1,79,115,5,0,0,52.8,0,248,0.3,1,0,1
ROCKINGHAM,2024-10-31,ACTUAL,3.6,-1.3,70,245,0,0,0,58.9,1,250,0.4,1,0,1
VALEMOUNT 2,2024-03-01,ACTUAL,-2,-6,74,40,5,0.2,,,,,,,,
VALEMOUNT 2,2024-03-02,ACTUAL,-9.7,-13.9,71,16,9,0,,,,,,,,
VALEMOUNT 2,2024-03-03,ACTUAL,-7.6,-14,60,29,4,0,,,,,,,,
VALEMOUNT 2,2024-03-04,ACTUAL,-12,-18.2,60,347,5,0,,,,,,,,
VALEMOUNT 2,2024-03-05,ACTUAL,-11.2,-16.5,65,104,5,0,,,,,,,,
VALEMOUNT 2,2024-03-06,ACTUAL,-6.6,-13.1,60,117,6,0,,,,,,,,
VALEMOUNT 2,2024-03-07,ACTUAL,-3.5,-10.6,58,135,8,0.4,,,,,,,,
VALEMOUNT 2,2024-03-08,ACTUAL,-1,-5.4,72,88,7,2.2,,,,,,,,
VALEMOUNT 2,2024-03-09,ACTUAL,0.3,-1.8,86,165,3,3,,,,,,,,
VALEMOUNT 2,2024-03-10,ACTUAL,0.1,-1.4,90,139,6,0.6,,,,,,,,
VALEMOUNT 2,2024-03-11,ACTUAL,3.1,-0.5,77,173,7,1.2,,,,,,,,
VALEMOUNT 2,2024-03-12,ACTUAL,4.3,0.3,75,146,7,13.4,,,,,,,,
VALEMOUNT 2,2024-03-13,ACTUAL,4.8,-2.3,60,130,8,0.2,,,,,,,,
VALEMOUNT 2,2024-03-14,ACTUAL,5.4,-3.4,53,133,10,0,,,,,,,,
VALEMOUNT 2,2024-03-15,[object Object],,,,,,,,,,,,,,
VALEMOUNT 2,2024-03-16,[object Object],,,,,,,,,,,,,,
VALEMOUNT 2,2024-03-17,[object Object],,,,,,,,,,,,,,
VALEMOUNT 2,2024-03-18,[object Object],,,,,,,,,,,,,,
VALEMOUNT 2,2024-03-19,[object Object],,,,,,,,,,,,,,
VALEMOUNT 2,2024-03-20,[object Object],,,,,,,,,,,,,,
VALEMOUNT 2,2024-03-21,ACTUAL,6.6,-3.7,48,66,5,0,,,,,,,,
VALEMOUNT 2,2024-03-22,ACTUAL,6,-8.8,34,337,6,0,,,,,,,,
VALEMOUNT 2,2024-03-23,ACTUAL,5.5,-9.6,33,40,5,0,,,,,,,,
VALEMOUNT 2,2024-03-24,ACTUAL,6.6,-13.1,23,349,4,0,,,,,,,,
VALEMOUNT 2,2024-03-25,ACTUAL,8.4,-11.1,24,85,7,0,,,,,,,,
VALEMOUNT 2,2024-03-26,ACTUAL,8.4,-5.6,37,135,5,0,,,,,,,,
VALEMOUNT 2,2024-03-27,ACTUAL,4.9,-4.4,51,104,9,0,,,,,,,,
VALEMOUNT 2,2024-03-28,ACTUAL,2.1,-0.5,83,81,4,1.4,,,,,,,,
VALEMOUNT 2,2024-03-29,ACTUAL,2.6,-3.7,63,78,4,5,,,,,,,,
VALEMOUNT 2,2024-03-30,ACTUAL,1.4,-4.4,65,127,7,1.2,,,,,,,,
VALEMOUNT 2,2024-03-31,ACTUAL,3.2,-5.5,53,101,9,0,,,,,,,,
VALEMOUNT 2,2024-04-01,ACTUAL,10.6,-5.2,33,112,9,0,,,,,,,,
VALEMOUNT 2,2024-04-02,ACTUAL,8.1,4,75,185,8,1.2,,,,,,,,
VALEMOUNT 2,2024-04-03,ACTUAL,3.6,-0.6,74,343,5,11.8,,,,,,,,
VALEMOUNT 2,2024-04-04,ACTUAL,2.4,-1.9,73,30,3,0.6,,,,,,,,
VALEMOUNT 2,2024-04-05,ACTUAL,5.4,-3.4,53,341,4,0,,,,,,,,
VALEMOUNT 2,2024-04-06,ACTUAL,6.4,-2.2,54,100,10,0,,,,,,,,
VALEMOUNT 2,2024-04-07,ACTUAL,5.6,-4.9,47,127,7,0,,,,,,,,
VALEMOUNT 2,2024-04-08,ACTUAL,1.9,-1.3,79,154,7,0,,,,,,,,
VALEMOUNT 2,2024-04-09,ACTUAL,3.3,0.2,80,117,5,4.8,,,,,,,,
VALEMOUNT 2,2024-04-10,ACTUAL,6,-7,39,104,5,0,,,,,,,,
VALEMOUNT 2,2024-04-11,ACTUAL,4.6,-4.2,53,81,5,0,,,,,,,,
VALEMOUNT 2,2024-04-12,ACTUAL,6.2,-1.2,59,193,12,1,,,,,,,,
VALEMOUNT 2,2024-04-13,ACTUAL,10.4,-10.5,22,167,10,0,,,,,,,,
VALEMOUNT 2,2024-04-14,ACTUAL,13.4,-8,22,82,9,0,,,,,,,,
VALEMOUNT 2,2024-04-15,ACTUAL,9.1,-9,27,255,8,0,,,,,,,,
VALEMOUNT 2,2024-04-16,ACTUAL,4.7,-11.1,31,8,10,0,,,,,,,,
VALEMOUNT 2,2024-04-17,ACTUAL,4.6,-13.4,26,14,5,0,,,,,,,,
VALEMOUNT 2,2024-04-18,[object Object],,,,,,,,,,,,,,
VALEMOUNT 2,2024-04-19,[object Object],,,,,,,,,,,,,,
VALEMOUNT 2,2024-04-20,[object Object],,,,,,,,,,,,,,
VALEMOUNT 2,2024-04-21,ACTUAL,7.1,-4.7,43,180,12,0,,,,,,,,
VALEMOUNT 2,2024-04-22,ACTUAL,7.3,-5.2,41,63,4,0,,,,,,,,
VALEMOUNT 2,2024-04-23,ACTUAL,12.3,-6.3,27,87,10,0,,,,,,,,
VALEMOUNT 2,2024-04-24,ACTUAL,5.4,0.8,72,172,7,0.2,,,,,,,,
VALEMOUNT 2,2024-04-25,ACTUAL,7.2,2.5,72,138,5,7,,,,,,,,
VALEMOUNT 2,2024-04-26,ACTUAL,10,-5.7,33,97,7,0,,,,,,,,
VALEMOUNT 2,2024-04-27,ACTUAL,6.8,3.6,80,137,4,0.6,,,,,,,,
VALEMOUNT 2,2024-04-28,ACTUAL,3.9,0.9,81,187,8,0.4,,,,,,,,
VALEMOUNT 2,2024-04-29,ACTUAL,6.6,-8.3,34,339,9,2.6,,,,,,,,
VALEMOUNT 2,2024-04-30,ACTUAL,9.8,-8,28,50,7,0,,,,,,,,
VALEMOUNT 2,2024-05-01,ACTUAL,5.6,-2.7,55,351,8,0,,,,,,,,
VALEMOUNT 2,2024-05-02,ACTUAL,10,-3.8,38,110,5,0,,,,,,,,
VALEMOUNT 2,2024-05-03,[object Object],,,,,,,,,,,,,,
VALEMOUNT 2,2024-05-04,[object Object],,,,,,,,,,,,,,
VALEMOUNT 2,2024-05-05,[object Object],,,,,,,,,,,,,,
VALEMOUNT 2,2024-05-06,[object Object],,,,,,,,,,,,,,
VALEMOUNT 2,2024-05-07,[object Object],,,,,,,,,,,,,,
VALEMOUNT 2,2024-05-08,[object Object],,,,,,,,,,,,,,
VALEMOUNT 2,2024-05-09,[object Object],,,,,,,,,,,,,,
VALEMOUNT 2,2024-05-10,[object Object],,,,,,,,,,,,,,
VALEMOUNT 2,2024-05-11,ACTUAL,20.3,3,32,352,5,0,,,,,,,,
VALEMOUNT 2,2024-05-12,ACTUAL,17.8,-1.1,28,61,6,0,,,,,,,,
VALEMOUNT 2,2024-05-13,ACTUAL,14.1,2.9,47,32,4,0.2,,,,,,,,
VALEMOUNT 2,2024-05-14,ACTUAL,12.5,1.5,47,142,6,0,,,,,,,,
VALEMOUNT 2,2024-05-15,ACTUAL,12.1,4.6,60,111,8,0.2,,,,,,,,
VALEMOUNT 2,2024-05-16,ACTUAL,11.6,2.9,55,159,4,9,,,,,,,,
VALEMOUNT 2,2024-05-17,ACTUAL,5.9,3.4,84,252,6,0.2,,,,,,,,
VALEMOUNT 2,2024-05-18,ACTUAL,10.7,-2.1,41,117,6,0.2,,85,6,168,2.8,11,3,
VALEMOUNT 2,2024-05-19,ACTUAL,8.8,0.5,56,275,5,0.4,,85,7,172,2.8,13,3,2
VALEMOUNT 2,2024-05-20,ACTUAL,8.5,1.9,63,177,4,0,,85,8,176,2.6,14,3,2
VALEMOUNT 2,2024-05-21,ACTUAL,8.2,6.2,87,42,3,0.6,,80.6,8,180,1.4,15,1,2
VALEMOUNT 2,2024-05-22,ACTUAL,13.2,3.8,53,334,10,3.2,,66,7,180,0.9,13,1,1
VALEMOUNT 2,2024-05-23,ACTUAL,14.5,-0.5,36,162,4,0,,80.7,10,185,1.5,17,2,2
VALEMOUNT 2,2024-05-24,ACTUAL,13.8,3.5,50,135,10,0,,84.5,12,190,3.2,20,5,2
VALEMOUNT 2,2024-05-25,ACTUAL,11.1,4.2,62,149,10,1.2,,77.6,13,195,1.5,22,2,2
VALEMOUNT 2,2024-05-26,ACTUAL,11.4,3,56,148,8,0.2,,82,14,199,2.2,25,4,2
VALEMOUNT 2,2024-05-27,ACTUAL,9.7,3.7,66,181,6,0,,82.6,15,203,2.1,26,4,2
VALEMOUNT 2,2024-05-28,ACTUAL,7.7,6.1,90,186,4,2.8,,50.8,12,207,0.2,21,0,2
VALEMOUNT 2,2024-05-29,ACTUAL,9.4,3.2,65,309,9,9.8,,38,7,189,0,12,0,1
VALEMOUNT 2,2024-05-30,ACTUAL,8.9,1.8,61,67,4,0.8,,55.1,8,193,0.4,14,0,1
VALEMOUNT 2,2024-05-31,ACTUAL,11.4,-1.2,42,119,6,0,,73.8,10,198,1,17,1,1
VALEMOUNT 2,2024-06-01,ACTUAL,8.7,6.1,84,152,7,1.4,,64.7,10,203,0.7,18,1,1
VALEMOUNT 2,2024-06-02,ACTUAL,12.2,4.7,60,143,10,0,,76.1,11,208,1.3,20,2,2
VALEMOUNT 2,2024-06-03,ACTUAL,12.5,4.5,58,161,9,0.6,,80.6,13,214,1.9,23,3,2
VALEMOUNT 2,2024-06-04,ACTUAL,6.2,4,86,171,6,0.2,,79.9,13,218,1.5,23,2,2
VALEMOUNT 2,2024-06-05,ACTUAL,12.3,-2.9,35,159,7,6.4,,59.2,10,210,0.5,17,0,1
VALEMOUNT 2,2024-06-06,ACTUAL,12.2,2.1,50,318,5,1.6,,66.5,11,216,0.7,19,1,1
VALEMOUNT 2,2024-06-07,ACTUAL,16.5,-4.2,24,337,8,0,,84.8,14,222,3,24,6,2
VALEMOUNT 2,2024-06-08,ACTUAL,17.7,-2.1,26,20,9,0,,90.1,18,229,6.9,30,13,3
VALEMOUNT 2,2024-06-09,ACTUAL,18.2,2.8,36,93,5,0,,90.1,21,236,5.5,34,12,3
VALEMOUNT 2,2024-06-10,ACTUAL,18.4,4.5,40,92,7,0,,90.2,24,242,6.3,39,14,3
VALEMOUNT 2,2024-06-11,ACTUAL,13.4,5.4,58,128,9,2,,74.2,23,248,1.2,37,3,2
VALEMOUNT 2,2024-06-12,ACTUAL,10.3,5.7,73,270,4,4.6,,46.4,16,244,0.1,27,0,2
VALEMOUNT 2,2024-06-13,ACTUAL,16.1,3.1,42,88,6,0,,72.5,18,251,0.9,31,1,2
VALEMOUNT 2,2024-06-14,ACTUAL,15.2,0.9,38,181,15,0,,84.5,21,257,4.2,35,9,3
VALEMOUNT 2,2024-06-15,ACTUAL,14,0.9,41,318,11,0.8,,84.8,23,263,3.5,38,9,3
VALEMOUNT 2,2024-06-16,ACTUAL,16.7,1.8,37,14,6,0,,88,26,269,4.4,42,11,3
VALEMOUNT 2,2024-06-17,ACTUAL,9.1,5.3,77,61,4,8,,39.4,15,254,0,26,0,2
VALEMOUNT 2,2024-06-18,ACTUAL,16.1,-1.6,30,46,6,0,,71.8,18,260,0.9,30,1,2
VALEMOUNT 2,2024-06-19,ACTUAL,17.6,-1.2,28,279,4,0,,85.5,21,267,2.8,36,7,2
VALEMOUNT 2,2024-06-20,ACTUAL,21.2,0.3,25,80,7,0,,91,26,274,7,42,16,3
VALEMOUNT 2,2024-06-21,ACTUAL,22.1,-1.3,21,293,5,1.2,,89.4,31,281,5,48,13,3
VALEMOUNT 2,2024-06-22,ACTUAL,22.5,-0.3,22,157,9,0,,92.7,35,289,9.9,54,23,4
VALEMOUNT 2,2024-06-23,ACTUAL,10.5,6.5,76,228,6,0,,86,36,294,3.2,55,10,3
VALEMOUNT 2,2024-06-24,ACTUAL,15.6,4.6,48,73,6,0,,86.7,38,300,3.7,58,11,3
VALEMOUNT 2,2024-06-25,ACTUAL,19.9,2.6,32,61,6,1.2,,85.6,42,307,3.1,63,10,3
VALEMOUNT 2,2024-06-26,ACTUAL,21.2,3.3,31,301,4,0,,89.8,46,315,5.1,68,16,3
VALEMOUNT 2,2024-06-27,ACTUAL,13.7,9,73,160,7,3.6,,59.2,35,313,0.6,55,1,2
VALEMOUNT 2,2024-06-28,ACTUAL,20,6.3,41,69,6,0,,80.2,39,320,1.5,59,5,3
VALEMOUNT 2,2024-06-29,ACTUAL,19.7,7.7,46,151,5,0,,85.8,42,327,3.1,63,10,3
VALEMOUNT 2,2024-06-30,ACTUAL,18.3,11.5,64,43,4,0.8,,82.3,43,334,1.8,66,7,3
VALEMOUNT 2,2024-07-01,ACTUAL,15.2,10.5,73,330,4,2.8,,60.7,36,335,0.5,57,1,2
VALEMOUNT 2,2024-07-02,ACTUAL,12.1,9.3,83,350,5,0.2,,67.5,37,341,0.7,58,2,3
VALEMOUNT 2,2024-07-03,ACTUAL,15.3,9.3,67,314,5,2,,63.8,34,348,0.6,55,2,3
VALEMOUNT 2,2024-07-04,ACTUAL,20,4,35,132,6,0.2,,83.1,38,355,2.2,59,8,3
VALEMOUNT 2,2024-07-05,ACTUAL,23.5,2.8,26,147,11,0,,91.1,42,363,9,65,24,4
VALEMOUNT 2,2024-07-06,ACTUAL,25.3,4.3,26,66,7,0,,92.6,46,371,8.8,71,24,4
VALEMOUNT 2,2024-07-07,ACTUAL,27.8,5.3,24,113,9,0,,93.6,52,380,11,77,30,4
VALEMOUNT 2,2024-07-08,ACTUAL,31.1,6.9,22,344,7,0,,94.6,57,389,11.4,84,32,5
VALEMOUNT 2,2024-07-09,ACTUAL,31.4,4.2,18,94,10,0,,95.6,64,399,15.6,91,40,5
VALEMOUNT 2,2024-07-10,ACTUAL,31.8,6.1,20,109,6,0,,95.7,70,408,12.8,98,37,5
VALEMOUNT 2,2024-07-11,ACTUAL,24.8,-1.9,17,185,11,0,,95.7,75,416,16.8,103,45,5
VALEMOUNT 2,2024-07-12,ACTUAL,24.9,5.1,28,15,5,0,,94.5,79,424,10.3,108,33,5
VALEMOUNT 2,2024-07-13,ACTUAL,23.6,9.2,40,353,6,0,,92.2,83,432,7.8,112,28,4
VALEMOUNT 2,2024-07-14,ACTUAL,25.7,5.7,28,45,4,0,,92.5,87,441,7.5,117,28,4
VALEMOUNT 2,2024-07-15,ACTUAL,29.3,8.3,27,52,7,0,,93.2,93,450,9.5,122,33,5
VALEMOUNT 2,2024-07-16,ACTUAL,28.5,9.2,30,344,5,0,,93.3,97,458,8.9,127,32,5
VALEMOUNT 2,2024-07-17,ACTUAL,31.3,4.9,19,76,7,0,,95.3,104,468,12.4,133,41,5
VALEMOUNT 2,2024-07-18,ACTUAL,29.6,8,26,107,7,0,,95.1,109,477,12.6,139,42,5
VALEMOUNT 2,2024-07-19,ACTUAL,26.7,14.8,48,239,3,1.6,,83.7,105,485,2,137,11,4
VALEMOUNT 2,2024-07-20,ACTUAL,30.7,6.5,22,69,6,0.8,,92.7,111,495,8.7,142,33,5
VALEMOUNT 2,2024-07-21,ACTUAL,33.1,9.8,24,84,5,0,,94.5,117,504,10.5,148,38,5
VALEMOUNT 2,2024-07-22,ACTUAL,27.3,12.5,40,96,6,1.6,,86.4,113,513,3.4,146,17,5
VALEMOUNT 2,2024-07-23,ACTUAL,19.3,4.1,37,108,7,7,,66.2,65,489,0.8,97,4,3
VALEMOUNT 2,2024-07-24,ACTUAL,19.9,5.8,40,145,4,0,,82.2,68,496,1.8,101,9,4
VALEMOUNT 2,2024-07-25,ACTUAL,10.4,8.5,88,338,4,5,,39.5,45,483,0,72,0,2
VALEMOUNT 2,2024-07-26,ACTUAL,11.2,8.9,86,34,2,3,,32,36,481,0,60,0,2
VALEMOUNT 2,2024-07-27,ACTUAL,19.4,8.1,48,26,5,0.2,,65.9,38,488,0.7,64,2,3
VALEMOUNT 2,2024-07-28,ACTUAL,21.8,7.9,41,149,8,0,,83.8,41,495,2.7,68,10,3
VALEMOUNT 2,2024-07-29,ACTUAL,13.1,11.5,90,144,6,8.8,,32.2,22,462,0,39,0,2
VALEMOUNT 2,2024-07-30,ACTUAL,20.4,11.7,57,169,10,1.6,,63.1,23,470,0.8,41,2,2
VALEMOUNT 2,2024-07-31,ACTUAL,19,10.6,58,156,7,0,,78,25,477,1.4,45,4,3
VALEMOUNT 2,2024-08-01,ACTUAL,22.2,14.2,60,51,5,2.2,,72.6,24,484,0.9,42,2,2
VALEMOUNT 2,2024-08-02,ACTUAL,26.8,10,35,83,4,0,,87.7,27,492,3.8,48,10,3
VALEMOUNT 2,2024-08-03,ACTUAL,27.8,8.1,29,356,6,0,,92,32,500,7.8,55,19,4
VALEMOUNT 2,2024-08-04,ACTUAL,24.7,9,37,49,4,0,,92,35,507,7,60,19,4
VALEMOUNT 2,2024-08-05,ACTUAL,17.5,12.5,72,76,5,1.6,,75.7,35,513,1,59,3,3
VALEMOUNT 2,2024-08-06,ACTUAL,16.3,12.5,78,2,4,10.6,,38.3,17,469,0,31,0,2
VALEMOUNT 2,2024-08-07,ACTUAL,22.7,8.3,40,113,7,1,,73.6,20,476,1,36,2,2
VALEMOUNT 2,2024-08-08,ACTUAL,25.2,3.7,25,61,6,0,,89.6,24,484,5.5,43,13,3
VALEMOUNT 2,2024-08-09,ACTUAL,26.4,6.8,29,86,7,0,,92,28,491,8.3,49,19,4
VALEMOUNT 2,2024-08-10,ACTUAL,26.1,6.6,29,91,5,0,,92.3,32,499,7.8,55,20,4
VALEMOUNT 2,2024-08-11,ACTUAL,26.1,8.5,33,129,8,0,,92.4,36,507,9.2,61,23,4
VALEMOUNT 2,2024-08-12,ACTUAL,21.6,6.6,38,112,4,1.8,,82.6,36,514,1.9,62,7,3
VALEMOUNT 2,2024-08-13,ACTUAL,21.2,12.4,57,85,6,3.6,,67.9,29,509,0.8,50,2,3
VALEMOUNT 2,2024-08-14,ACTUAL,23.4,9.3,41,307,4,1.2,,80.5,32,516,1.5,55,5,3
VALEMOUNT 2,2024-08-15,ACTUAL,18.8,12.2,65,130,7,0,,83.2,33,522,2.3,57,7,3
VALEMOUNT 2,2024-08-16,ACTUAL,15.6,12.7,83,272,2,1,,75,34,528,0.9,58,3,3
VALEMOUNT 2,2024-08-17,ACTUAL,15.2,12.9,86,333,2,10.8,,28.7,16,481,0,30,0,2
VALEMOUNT 2,2024-08-18,ACTUAL,17.8,13.6,76,102,3,2,,42.3,15,487,0.1,28,0,2
VALEMOUNT 2,2024-08-19,ACTUAL,22.1,8.5,42,129,10,9.8,,61.3,10,451,0.7,19,1,1
VALEMOUNT 2,2024-08-20,ACTUAL,17.2,5.1,45,170,10,0,,79.7,12,457,1.8,23,3,2
VALEMOUNT 2,2024-08-21,ACTUAL,18.4,8.7,53,97,5,0,,84.4,14,463,2.5,26,5,2
VALEMOUNT 2,2024-08-22,ACTUAL,21.1,10.6,51,90,6,2.2,,76.1,14,470,1.1,26,2,2
VALEMOUNT 2,2024-08-23,ACTUAL,24.1,8.8,38,59,5,0,,87.2,17,477,3.7,31,8,2
VALEMOUNT 2,2024-08-24,ACTUAL,9.3,8,92,165,7,29.2,,20.6,7,355,0,13,0,1
VALEMOUNT 2,2024-08-25,ACTUAL,15.4,9.6,68,144,9,3.2,,42.5,5,354,0.1,10,0,1
VALEMOUNT 2,2024-08-26,ACTUAL,15.6,7.9,60,155,5,0,,65.1,7,360,0.7,13,0,1
VALEMOUNT 2,2024-08-27,ACTUAL,11.1,9,87,297,5,10.8,,26.9,3,330,0,6,0,1
VALEMOUNT 2,2024-08-28,ACTUAL,14.3,8.1,66,57,5,0.4,,51.4,4,335,0.2,8,0,1
VALEMOUNT 2,2024-08-29,ACTUAL,18.4,10.1,58,81,6,0,,72.2,6,341,0.9,12,1,1
VALEMOUNT 2,2024-08-30,ACTUAL,21.6,10.1,48,73,5,0,,83.5,8,348,2.2,16,3,2
VALEMOUNT 2,2024-08-31,ACTUAL,23.8,11.5,46,86,5,0,,87.5,11,356,3.9,21,6,2
VALEMOUNT 2,2024-09-01,ACTUAL,26,10.5,38,115,8,0,,90.1,14,362,6.4,26,11,3
VALEMOUNT 2,2024-09-02,ACTUAL,23.8,9.3,40,157,5,0,,90.1,17,368,5.5,30,11,3
VALEMOUNT 2,2024-09-03,ACTUAL,21.7,10.2,48,27,6,0.2,,89.7,19,374,5.4,34,11,3
VALEMOUNT 2,2024-09-04,ACTUAL,20.6,6.1,39,55,5,0,,89.8,21,379,5.3,37,12,3
VALEMOUNT 2,2024-09-05,ACTUAL,23.5,9.4,41,114,6,0,,89.8,24,385,5.7,41,13,3
VALEMOUNT 2,2024-09-06,ACTUAL,26.4,10.5,37,96,8,0,,90.7,27,391,6.9,46,16,3
VALEMOUNT 2,2024-09-07,ACTUAL,24.3,10.9,43,114,6,0,,90.7,30,398,6.4,50,16,3
VALEMOUNT 2,2024-09-08,ACTUAL,23.4,7.8,37,122,6,0,,90.8,32,403,6.4,54,17,3
VALEMOUNT 2,2024-09-09,ACTUAL,17.2,4.1,42,51,6,0.2,,90.2,34,408,5.8,57,16,3
VALEMOUNT 2,2024-09-10,ACTUAL,16.1,4.4,46,304,5,0,,89.4,36,413,5,59,15,3
VALEMOUNT 2,2024-09-11,ACTUAL,10.9,4.6,65,340,2,0,,86.7,37,417,3,60,10,3
VALEMOUNT 2,2024-09-12,ACTUAL,17.1,8,55,330,5,0,,86.8,38,421,3.4,62,11,3
VALEMOUNT 2,2024-09-13,ACTUAL,15.5,6,53,132,8,0,,86.8,39,426,4.2,64,13,3
VALEMOUNT 2,2024-09-14,ACTUAL,12.9,9.6,80,140,5,2.6,,60.5,33,430,0.5,56,1,2
VALEMOUNT 2,2024-09-15,ACTUAL,12.1,10,87,194,2,3.2,,40.4,26,426,0,44,0,2
VALEMOUNT 2,2024-09-16,ACTUAL,15.2,8,62,144,5,2,,54.9,24,430,0.4,42,1,2
VALEMOUNT 2,2024-09-17,ACTUAL,18.6,7.7,49,135,4,0,,75.1,26,435,0.9,45,2,3
VALEMOUNT 2,2024-09-18,ACTUAL,17.3,10,62,94,5,0.6,,80.3,27,440,1.5,47,4,3
VALEMOUNT 2,2024-09-19,ACTUAL,11.8,5.9,67,67,4,0,,81.7,28,444,1.7,48,5,3
VALEMOUNT 2,2024-09-20,ACTUAL,9.1,4.9,75,338,4,1.4,,70.4,28,447,0.8,49,2,3
VALEMOUNT 2,2024-09-21,ACTUAL,9.6,2.7,62,136,8,0,,77.4,29,451,1.3,50,4,3
VALEMOUNT 2,2024-09-22,ACTUAL,9.7,9.5,99,158,6,3.8,,35.5,21,443,0,37,0,2
VALEMOUNT 2,2024-09-23,ACTUAL,14.1,9.4,73,162,11,1.6,,52.4,20,447,0.4,36,1,2
VALEMOUNT 2,2024-09-24,ACTUAL,20.3,9.9,51,142,11,0,,77.3,22,452,1.5,39,4,2
VALEMOUNT 2,2024-09-25,ACTUAL,9.2,9.2,100,353,3,47.4,,8.3,8,273,0,14,0,1
VALEMOUNT 2,2024-09-26,ACTUAL,8,6.6,91,135,5,28.4,,8.5,3,197,0,6,0,1
VALEMOUNT 2,2024-09-27,ACTUAL,12.4,5.6,63,115,9,5.4,,34.5,2,191,0,4,0,1
VALEMOUNT 2,2024-09-28,ACTUAL,6.3,5.5,95,27,2,1.4,,31.2,2,194,0,4,0,1
VALEMOUNT 2,2024-09-29,ACTUAL,3.3,3,98,276,2,7.6,,9.3,0,180,0,1,0,1
VALEMOUNT 2,2024-09-30,ACTUAL,6.7,1.5,69,167,7,0,,31.4,1,183,0,2,0,1
VALEMOUNT 2,2024-10-01,ACTUAL,4.8,3.6,92,162,9,12.4,,13,0,158,0,0,0,1
VALEMOUNT 2,2024-10-02,ACTUAL,6.9,3.2,77,145,9,2.2,,28.8,0,160,0,1,0,1
VALEMOUNT 2,2024-10-03,ACTUAL,8.8,3.1,67,156,9,0.8,0,49.5,1,162,0.2,2,0,1
VALEMOUNT 2,2024-10-04,ACTUAL,4,3.4,96,158,5,2.4,0,33.8,0,163,0,0,0,1
VALEMOUNT 2,2024-10-05,ACTUAL,8,2.1,66,154,9,5.2,0,37.2,0,157,0,1,0,1
VALEMOUNT 2,2024-10-06,ACTUAL,6.8,6,95,170,7,0,0,41.5,1,158,0.1,1,0,1
VALEMOUNT 2,2024-10-07,ACTUAL,8.4,4.3,75,205,4,0.2,0,54.6,1,161,0.3,2,0,1
VALEMOUNT 2,2024-10-08,ACTUAL,9.3,9.3,100,43,2,7,0,15.7,0,150,0,0,0,1
VALEMOUNT 2,2024-10-09,ACTUAL,7.8,6.1,89,150,7,5,0,17.5,0,144,0,0,0,1
VALEMOUNT 2,2024-10-10,ACTUAL,6.2,3.9,85,175,4,4,0,20,0,140,0,0,0,1
VALEMOUNT 2,2024-10-11,ACTUAL,8.6,2.4,65,88,4,0,0,41.5,1,142,0.1,1,0,1
VALEMOUNT 2,2024-10-12,ACTUAL,11.2,3.3,58,331,4,0.2,0,61,1,145,0.5,3,0,1
VALEMOUNT 2,2024-10-13,ACTUAL,16.4,4.1,44,106,9,0,0,79.3,3,149,1.7,6,1,1
VALEMOUNT 2,2024-10-14,ACTUAL,9.9,8,88,151,6,0.4,0,79.3,3,151,1.5,6,1,1
VALEMOUNT 2,2024-10-15,ACTUAL,7.8,6.9,94,168,2,6.6,0,28.4,1,141,0,2,0,1
VALEMOUNT 2,2024-10-16,ACTUAL,5.9,4.2,89,144,8,1.4,0,33,1,143,0,3,0,1
VALEMOUNT 2,2024-10-17,ACTUAL,5.8,0,66,128,10,0.8,0,51.2,2,145,0.3,3,0,1
VALEMOUNT 2,2024-10-18,ACTUAL,1.9,-1.3,79,162,8,0,0,59.9,2,146,0.6,3,0,1
VALEMOUNT 2,2024-10-19,ACTUAL,2.9,2.9,100,164,5,8,0,15.6,0,132,0,0,0,1
VALEMOUNT 2,2024-10-20,ACTUAL,3.7,3.7,100,288,2,12.8,0,2,0,109,0,0,0,1
VALEMOUNT 2,2024-10-21,ACTUAL,0.3,0,98,26,2,14,0,1.3,0,84,0,0,0,1
VALEMOUNT 2,2024-10-22,ACTUAL,0.7,-0.9,89,107,8,2.4,0,9,0,84,0,0,0,1
VALEMOUNT 2,2024-10-23,ACTUAL,0.9,-0.3,92,143,4,1.6,0,12.7,0,85,0,0,0,1
VALEMOUNT 2,2024-10-24,ACTUAL,2.5,-2.4,70,155,9,1.2,0,30.2,0,86,0,0,0,1
VALEMOUNT 2,2024-10-25,ACTUAL,3.7,-1.2,70,100,5,0.6,0,45.4,0,88,0.1,1,0,1
VALEMOUNT 2,2024-10-26,ACTUAL,2.6,1.9,95,257,3,0,0,47.7,0,89,0.1,1,0,1
VALEMOUNT 2,2024-10-27,ACTUAL,4.1,3.5,96,171,9,12.2,0,13,0,69,0,0,0,1
VALEMOUNT 2,2024-10-28,ACTUAL,3.2,2.5,95,188,6,8.8,0,7.3,0,57,0,0,0,1
VALEMOUNT 2,2024-10-29,ACTUAL,0.9,-0.4,91,138,6,1.8,0,12.4,0,57,0,0,0,1
VALEMOUNT 2,2024-10-30,ACTUAL,2,-2.7,71,98,3,0.2,0,27,0,59,0,0,0,1
VALEMOUNT 2,2024-10-31,ACTUAL,2.7,0.1,83,353,3,0,0,36.6,0,60,0,1,0,1
VALEMOUNT AIRPORT,2024-03-01,ACTUAL,-1.4,-6.3,69,312,6,4.8,,,,,,,,
VALEMOUNT AIRPORT,2024-03-02,ACTUAL,-8,-16.2,52,317,12,2.6,,,,,,,,
VALEMOUNT AIRPORT,2024-03-03,ACTUAL,-5.4,-18.3,36,280,4,0,,,,,,,,
VALEMOUNT AIRPORT,2024-03-04,ACTUAL,-9.2,-19.9,42,334,11,0,,,,,,,,
VALEMOUNT AIRPORT,2024-03-05,ACTUAL,-7.5,-17.2,46,294,8,0,,,,,,,,
VALEMOUNT AIRPORT,2024-03-06,ACTUAL,-2.2,-15.4,36,173,7,1.8,,,,,,,,
VALEMOUNT AIRPORT,2024-03-07,ACTUAL,0.7,-11.5,40,133,9,3.6,,,,,,,,
VALEMOUNT AIRPORT,2024-03-08,ACTUAL,0.7,-6.2,60,133,24,0.8,,,,,,,,
VALEMOUNT AIRPORT,2024-03-09,ACTUAL,3.2,-1.7,70,151,13,3.6,,,,,,,,
VALEMOUNT AIRPORT,2024-03-10,ACTUAL,2.5,0.7,88,130,13,3.4,,,,,,,,
VALEMOUNT AIRPORT,2024-03-11,ACTUAL,4.6,0.6,75,111,11,6.4,,,,,,,,
VALEMOUNT AIRPORT,2024-03-12,ACTUAL,8.1,-1.2,52,141,13,0,,,,,,,,
VALEMOUNT AIRPORT,2024-03-13,ACTUAL,8.8,-2.9,44,196,6,1.6,,,,,,,,
VALEMOUNT AIRPORT,2024-03-14,ACTUAL,7.6,-3.3,46,129,9,0,,,,,,,,
VALEMOUNT AIRPORT,2024-03-15,ACTUAL,10.3,-0.6,47,153,7,0,,,,,,,,
VALEMOUNT AIRPORT,2024-03-16,ACTUAL,12.9,2.1,48,184,6,0,,,,,,,,
VALEMOUNT AIRPORT,2024-03-17,ACTUAL,14.8,-0.3,36,158,16,0,,,,,,,,
VALEMOUNT AIRPORT,2024-03-18,ACTUAL,13.3,-0.5,39,270,7,0,,,,,,,,
VALEMOUNT AIRPORT,2024-03-19,ACTUAL,11.7,-3.8,34,306,8,0,,,,,,,,
VALEMOUNT AIRPORT,2024-03-20,ACTUAL,,,,,,5.6,,,,,,,,
VALEMOUNT AIRPORT,2024-03-21,ACTUAL,7.7,-6.9,35,325,13,0,,85,6,208,4,11,5,
VALEMOUNT AIRPORT,2024-03-22,ACTUAL,6,-9.6,32,54,6,0,,87,7,209,3.7,13,5,2
VALEMOUNT AIRPORT,2024-03-23,ACTUAL,5.1,-11.2,30,300,16,0,,88.1,8,209,7.2,14,9,2
VALEMOUNT AIRPORT,2024-03-24,ACTUAL,6.8,-13.5,22,269,7,0,,89.8,9,210,5.9,16,8,2
VALEMOUNT AIRPORT,2024-03-25,ACTUAL,10.3,-11.7,20,125,10,0,,91.2,10,212,8.6,18,12,2
VALEMOUNT AIRPORT,2024-03-26,ACTUAL,11.4,-4.9,32,103,9,0,,91,12,214,7.7,20,12,3
VALEMOUNT AIRPORT,2024-03-27,ACTUAL,8,-3,46,133,10,0,,89,12,215,6.1,22,10,3
VALEMOUNT AIRPORT,2024-03-28,ACTUAL,3.2,0.1,80,350,7,9,,35.3,6,195,0,12,0,1
VALEMOUNT AIRPORT,2024-03-29,ACTUAL,4.6,-6.1,46,339,8,4.6,,41.2,4,187,0.1,7,0,1
VALEMOUNT AIRPORT,2024-03-30,ACTUAL,3.6,-5.9,50,147,6,0,,59.2,4,188,0.5,8,0,1
VALEMOUNT AIRPORT,2024-03-31,ACTUAL,6,-5.4,44,111,8,0,,73.3,5,188,1,9,1,1
VALEMOUNT AIRPORT,2024-04-01,ACTUAL,13.2,-5.5,27,121,10,0,,85.5,7,192,3.8,14,5,2
VALEMOUNT AIRPORT,2024-04-02,ACTUAL,11.3,2.1,53,115,11,1.8,,75,8,195,1.4,14,1,1
VALEMOUNT AIRPORT,2024-04-03,ACTUAL,6.4,-3.6,49,281,9,14.4,,42.8,4,164,0.1,8,0,1
VALEMOUNT AIRPORT,2024-04-04,ACTUAL,3.8,-3.7,58,318,12,0,,60.9,5,166,0.8,9,0,1
VALEMOUNT AIRPORT,2024-04-05,ACTUAL,7.3,-4.9,42,353,8,0,,75.1,6,168,1.1,11,1,1
VALEMOUNT AIRPORT,2024-04-06,ACTUAL,8.3,-2.1,48,148,8,0,,81.3,7,170,1.9,13,2,2
VALEMOUNT AIRPORT,2024-04-07,ACTUAL,9.4,-4.7,37,140,11,0,,85.7,9,173,4,15,6,2
VALEMOUNT AIRPORT,2024-04-08,ACTUAL,5.6,-1.5,60,164,19,0,,85.2,9,175,5.5,16,8,2
VALEMOUNT AIRPORT,2024-04-09,ACTUAL,7.1,0.1,61,144,6,5.6,,49.7,6,167,0.2,11,0,1
VALEMOUNT AIRPORT,2024-04-10,ACTUAL,9.3,-7.1,31,108,12,0,,73.7,8,170,1.3,14,1,1
VALEMOUNT AIRPORT,2024-04-11,ACTUAL,8.6,-3.4,43,155,13,0,,81.9,9,172,2.7,16,4,2
VALEMOUNT AIRPORT,2024-04-12,ACTUAL,10.3,2.4,58,321,17,1.6,,74.9,9,175,1.8,17,2,2
VALEMOUNT AIRPORT,2024-04-13,ACTUAL,11.7,-5.4,30,138,3,0,,84,12,178,2.2,20,3,2
VALEMOUNT AIRPORT,2024-04-14,ACTUAL,16.6,-7.9,18,123,12,0,,91.3,15,182,9.7,25,15,3
VALEMOUNT AIRPORT,2024-04-15,ACTUAL,9.1,-9.5,26,321,16,0,,91.4,17,184,11.5,27,18,3
VALEMOUNT AIRPORT,2024-04-16,ACTUAL,7.5,-10.4,27,317,18,0,,91.3,18,187,13,30,21,3
VALEMOUNT AIRPORT,2024-04-17,MANUAL,8.7,-13.7,19,300,11,0,100,91.7,20,189,9.5,32,17,3
VALEMOUNT AIRPORT,2024-04-18,ACTUAL,7.3,-15.5,18,336,6,0,100,91.9,22,192,7.4,34,15,3
VALEMOUNT AIRPORT,2024-04-19,ACTUAL,10.2,-16.2,14,227,7,0,100,93,24,194,9.5,37,18,3
VALEMOUNT AIRPORT,2024-04-20,ACTUAL,13.7,-12.5,15,126,16,0,100,93.6,27,198,16.3,41,28,3
VALEMOUNT AIRPORT,2024-04-21,ACTUAL,10.8,-3.4,37,101,6,0,100,91.5,29,201,7.1,43,16,3
VALEMOUNT AIRPORT,2024-04-22,ACTUAL,11.2,-6.8,28,271,9,0,100,91.5,31,204,8.2,45,18,4
VALEMOUNT AIRPORT,2024-04-23,ACTUAL,15.1,-6,23,121,17,0,100,91.8,34,207,12.7,49,26,4
VALEMOUNT AIRPORT,2024-04-24,ACTUAL,10.8,0.5,49,157,8,0,100,89.2,36,210,5.7,50,15,3
VALEMOUNT AIRPORT,2024-04-25,ACTUAL,11.8,-2.2,38,71,7,5.4,,61.8,24,203,0.6,37,1,2
VALEMOUNT AIRPORT,2024-04-26,ACTUAL,13.7,-5.1,27,183,8,0.6,100,80.6,27,206,1.8,41,5,2
VALEMOUNT AIRPORT,2024-04-27,ACTUAL,12.5,4.5,58,154,12,0,100,83.3,28,209,3.1,42,8,3
VALEMOUNT AIRPORT,2024-04-28,ACTUAL,8.1,3.2,71,105,16,0.2,100,83.4,29,212,3.7,43,10,3
VALEMOUNT AIRPORT,2024-04-29,ACTUAL,9.3,-8.9,27,328,19,3,100,73.1,24,210,1.8,38,4,2
VALEMOUNT AIRPORT,2024-04-30,ACTUAL,12.6,-13.4,15,349,13,0,100,88,27,214,6.3,41,14,3
VALEMOUNT AIRPORT,2024-05-01,ACTUAL,8.4,-2.6,46,334,17,0,100,87.8,29,217,7.2,43,16,3
VALEMOUNT AIRPORT,2024-05-02,ACTUAL,14.9,-5.1,25,146,9,0,100,90.5,32,223,7.2,47,17,3
VALEMOUNT AIRPORT,2024-05-03,ACTUAL,17.1,-7.5,18,217,8,0,100,92.8,36,228,9.4,51,22,4
VALEMOUNT AIRPORT,2024-05-04,ACTUAL,17.3,-7.3,18,148,9,0,100,93.3,40,234,10.5,56,24,4
VALEMOUNT AIRPORT,2024-05-05,ACTUAL,20.6,-5.3,17,200,10,0,100,94.1,44,240,12.4,61,28,4
VALEMOUNT AIRPORT,2024-05-06,ACTUAL,10.6,5,68,319,8,8.8,50,46.9,25,223,0.2,39,0,2
VALEMOUNT AIRPORT,2024-05-07,ACTUAL,12.4,-4.4,31,325,21,3.2,50,66.4,21,223,1.6,34,4,2
VALEMOUNT AIRPORT,2024-05-08,ACTUAL,15.9,-7.1,20,22,9,0,50,85.5,25,228,3.5,39,8,3
VALEMOUNT AIRPORT,2024-05-09,ACTUAL,19.7,-2.7,22,355,10,0,50,91.4,29,234,8.5,44,18,4
VALEMOUNT AIRPORT,2024-05-10,ACTUAL,23.4,0.4,22,119,11,0,50,93.2,34,241,11.8,50,25,4
VALEMOUNT AIRPORT,2024-05-11,ACTUAL,20.7,1.4,28,296,7,0,50,93.1,38,247,9.5,55,22,4
VALEMOUNT AIRPORT,2024-05-12,ACTUAL,21.4,1,26,139,10,0,50,93.2,42,253,11.1,60,26,4
VALEMOUNT AIRPORT,2024-05-13,ACTUAL,16.6,1,35,301,7,0,50,91.9,45,258,8.1,63,21,4
VALEMOUNT AIRPORT,2024-05-14,ACTUAL,15.9,0.7,36,111,11,0,50,91.1,48,264,8.8,66,23,4
VALEMOUNT AIRPORT,2024-05-15,ACTUAL,16.5,4.2,44,124,18,0.4,50,89.8,51,269,10.6,69,27,4
VALEMOUNT AIRPORT,2024-05-16,ACTUAL,15.1,1.9,41,269,8,11.4,50,57.4,28,244,0.5,43,1,2
VALEMOUNT AIRPORT,2024-05-17,ACTUAL,12.9,-1.6,37,336,19,0,50,79.3,30,249,2.8,46,8,3
VALEMOUNT AIRPORT,2024-05-18,ACTUAL,14.8,-4.1,27,359,9,0,50,87.7,33,254,4.8,50,13,3
VALEMOUNT AIRPORT,2024-05-19,ACTUAL,13,-1.5,37,318,21,0,50,88.4,35,258,9.6,53,22,4
VALEMOUNT AIRPORT,2024-05-20,ACTUAL,16.1,-1.6,30,165,8,0,50,90,38,264,6.3,56,17,3
VALEMOUNT AIRPORT,2024-05-21,ACTUAL,10.1,5.3,72,324,9,0.6,50,84.7,39,268,3.3,57,10,3
VALEMOUNT AIRPORT,2024-05-22,ACTUAL,15.8,2.8,42,328,15,2.4,50,76.9,36,273,1.9,54,6,3
VALEMOUNT AIRPORT,2024-05-23,ACTUAL,19,-1.6,25,308,13,0,50,89,40,279,7.3,59,19,4
VALEMOUNT AIRPORT,2024-05-24,ACTUAL,17,2.8,39,144,12,0,50,89.1,43,284,6.8,62,19,4
VALEMOUNT AIRPORT,2024-05-25,ACTUAL,14.2,5.1,54,113,17,1.6,50,79.2,43,289,2.5,63,8,3
VALEMOUNT AIRPORT,2024-05-26,ACTUAL,15.3,3.4,45,123,18,3.8,50,70.3,34,287,1.6,52,5,3
VALEMOUNT AIRPORT,2024-05-27,ACTUAL,13.8,1.7,44,186,15,0,50,82.3,36,292,3.1,55,10,3
VALEMOUNT AIRPORT,2024-05-28,ACTUAL,9.8,9.2,96,125,10,4,50,39.5,25,288,0.1,42,0,2
VALEMOUNT AIRPORT,2024-05-29,MANUAL,10.1,5.7,74,46,6,7,0,32.4,15,274,0,26,0,2
VALEMOUNT AIRPORT,2024-05-30,MANUAL,12.7,-2.1,36,322,9,0.2,0,65.4,17,279,0.8,30,1,2
VALEMOUNT AIRPORT,2024-05-31,ACTUAL,14.6,-2.5,31,273,5,0,0,81.5,20,284,1.7,34,4,2
VALEMOUNT AIRPORT,2024-06-01,ACTUAL,13.3,6.7,64,151,13,1,0,78.9,21,290,2,36,5,2
VALEMOUNT AIRPORT,2024-06-02,ACTUAL,16.6,3.6,42,144,9,0,0,85.6,24,296,3.7,40,9,3
VALEMOUNT AIRPORT,2024-06-03,ACTUAL,15.1,4.5,49,134,13,0,0,86.5,26,302,4.9,43,12,3
VALEMOUNT AIRPORT,2024-06-04,ACTUAL,10.2,4.6,68,182,12,0,0,85,27,307,3.9,45,10,3
VALEMOUNT AIRPORT,2024-06-05,ACTUAL,14,1.5,43,329,8,6.2,0,60.9,18,297,0.7,32,1,2
VALEMOUNT AIRPORT,2024-06-06,ACTUAL,16.8,-0.6,31,311,11,1.6,0,77,21,303,1.5,35,3,2
VALEMOUNT AIRPORT,2024-06-07,ACTUAL,18.9,-6,18,332,13,0,0,90.5,25,310,9,41,19,3
VALEMOUNT AIRPORT,2024-06-08,ACTUAL,21.3,-2,21,357,13,0,0,92.9,30,318,12.2,48,25,4
VALEMOUNT AIRPORT,2024-06-09,ACTUAL,22.9,2.3,26,61,9,0,0,93,34,325,10.4,54,24,4
VALEMOUNT AIRPORT,2024-06-10,ACTUAL,21.8,4.3,32,105,7,0,0,92.7,38,332,8.9,59,22,4
VALEMOUNT AIRPORT,2024-06-11,ACTUAL,18.1,7.5,50,119,16,2.6,0,77.2,34,339,2,55,6,3
VALEMOUNT AIRPORT,2024-06-12,ACTUAL,13.3,6.2,62,85,4,4,0,55.8,25,336,0.4,43,1,2
VALEMOUNT AIRPORT,2024-06-13,ACTUAL,18.7,2.4,34,126,8,0.2,0,80.6,29,342,1.8,48,5,3
VALEMOUNT AIRPORT,2024-06-14,ACTUAL,18.7,-0.8,27,202,18,0,0,89.6,33,349,10.3,53,23,4
VALEMOUNT AIRPORT,2024-06-15,ACTUAL,15.2,-0.3,35,319,9,0.4,0,89.7,35,355,6.4,57,17,4
VALEMOUNT AIRPORT,2024-06-16,ACTUAL,17.1,1.4,35,329,15,0,0,89.7,39,362,8.9,61,23,4
VALEMOUNT AIRPORT,2024-06-17,ACTUAL,12.7,4.9,59,338,13,9.6,0,53.3,21,336,0.4,36,1,2
VALEMOUNT AIRPORT,2024-06-18,ACTUAL,17,-3.8,24,277,10,0,0,81.1,25,343,2.1,42,6,2
VALEMOUNT AIRPORT,2024-06-19,ACTUAL,20.7,-1.8,22,222,14,0,0,91,29,350,9.8,48,21,4
VALEMOUNT AIRPORT,2024-06-20,ACTUAL,24.9,-1.1,18,41,6,0,0,94.1,35,358,10.4,56,24,4
VALEMOUNT AIRPORT,2024-06-21,ACTUAL,25.5,0.2,19,152,8,0,0,94.5,40,366,11.8,63,28,4
VALEMOUNT AIRPORT,2024-06-22,ACTUAL,25,0.5,20,127,14,0,0,94.5,46,373,16.3,70,37,5
VALEMOUNT AIRPORT,2024-06-23,ACTUAL,17.6,3.8,40,153,17,0.6,0,90.7,49,380,11.1,74,29,4
VALEMOUNT AIRPORT,2024-06-24,ACTUAL,17.8,3.6,39,173,8,0.2,0,90.6,52,387,6.9,78,21,4
VALEMOUNT AIRPORT,2024-06-25,ACTUAL,22.9,2.8,27,135,12,0,0,92,56,394,10.6,83,30,4
VALEMOUNT AIRPORT,2024-06-26,ACTUAL,23.6,3.9,28,310,5,0,0,92.1,61,402,7.3,89,24,4
VALEMOUNT AIRPORT,2024-06-27,ACTUAL,17.6,10.3,62,108,6,6.4,0,57.1,38,387,0.4,62,1,2
VALEMOUNT AIRPORT,2024-06-28,ACTUAL,23.2,5,31,148,10,0,0,84.6,43,395,3.2,67,11,3
VALEMOUNT AIRPORT,2024-06-29,ACTUAL,23.5,7.5,36,148,8,0.6,0,88.9,47,402,5.4,73,17,4
VALEMOUNT AIRPORT,2024-06-30,ACTUAL,19.6,12.5,63,253,7,1.6,0,77.8,47,409,1.3,73,5,3
VALEMOUNT AIRPORT,2024-07-01,ACTUAL,17.1,6.9,51,334,13,2,0,75.7,45,416,1.6,70,6,3
VALEMOUNT AIRPORT,2024-07-02,ACTUAL,14.3,8.8,69,346,8,0.6,0,79.1,46,422,1.6,72,6,3
VALEMOUNT AIRPORT,2024-07-03,ACTUAL,18.7,6.2,44,270,13,0,0,86.1,48,430,4.6,75,16,4
VALEMOUNT AIRPORT,2024-07-04,ACTUAL,23.9,2,24,27,7,0,0,91.9,53,438,8,81,24,4
VALEMOUNT AIRPORT,2024-07-05,ACTUAL,27,2.8,21,26,6,0,0,94,58,446,10.3,88,30,4
VALEMOUNT AIRPORT,2024-07-06,ACTUAL,26.7,3.2,22,330,8,0,0,94,63,455,11,94,33,5
VALEMOUNT AIRPORT,2024-07-07,ACTUAL,31.2,4.8,19,110,12,0,0,95.3,69,464,16.7,101,44,5
VALEMOUNT AIRPORT,2024-07-08,ACTUAL,32.3,5.7,19,342,9,0,0,95.6,76,473,14.4,108,41,5
VALEMOUNT AIRPORT,2024-07-09,ACTUAL,34,4.6,16,127,15,0,0,96.5,82,483,22.5,116,56,5
VALEMOUNT AIRPORT,2024-07-10,ACTUAL,35.4,-1,10,232,19,0,0,98.1,90,493,33.9,124,74,5
VALEMOUNT AIRPORT,2024-07-11,ACTUAL,27.8,2.8,20,2,10,0,0,96.6,96,502,17.9,130,51,5
VALEMOUNT AIRPORT,2024-07-12,ACTUAL,25.9,3.1,23,277,11,0,0,95.5,101,510,16,135,48,5
VALEMOUNT AIRPORT,2024-07-13,ACTUAL,24.9,8.7,36,320,8,0,0,93.1,104,519,9.9,139,36,5
VALEMOUNT AIRPORT,2024-07-14,ACTUAL,28.8,4.3,21,24,7,0,0,94.4,110,527,11.4,145,40,5
VALEMOUNT AIRPORT,2024-07-15,ACTUAL,31.5,7.2,22,355,9,0,0,94.8,116,537,13.5,151,45,5
VALEMOUNT AIRPORT,2024-07-16,ACTUAL,30.8,7.9,24,325,9,0,0,94.8,122,546,13.4,156,45,5
VALEMOUNT AIRPORT,2024-07-17,ACTUAL,34.6,3.2,14,119,7,0,0,97,129,556,15.8,163,50,5
VALEMOUNT AIRPORT,2024-07-18,ACTUAL,33,8.4,22,96,9,0,0,96.6,135,566,16.6,169,52,5
VALEMOUNT AIRPORT,2024-07-19,ACTUAL,30,12.8,35,6,7,1.2,0,90.1,140,575,6.1,174,27,5
VALEMOUNT AIRPORT,2024-07-20,ACTUAL,32.8,8.3,22,136,8,0.8,0,94,146,584,11.1,180,41,5
VALEMOUNT AIRPORT,2024-07-21,ACTUAL,34.9,7.9,19,137,12,0,0,95.9,153,594,17.7,186,55,5
VALEMOUNT AIRPORT,2024-07-22,ACTUAL,30.5,11.4,31,150,7,1.2,0,91,158,604,7.1,191,31,5
VALEMOUNT AIRPORT,2024-07-23,ACTUAL,21.1,3.7,32,342,8,5.8,0,72.8,82,581,1,122,6,3
VALEMOUNT AIRPORT,2024-07-24,ACTUAL,21,6.8,40,310,7,0,0,85.2,85,588,3,125,15,4
VALEMOUNT AIRPORT,2024-07-25,ACTUAL,12.7,9.9,83,344,10,10.6,0,38.1,45,534,0,74,0,2
VALEMOUNT AIRPORT,2024-07-26,ACTUAL,13,10.4,84,301,8,3,0,38,36,531,0,61,0,2
VALEMOUNT AIRPORT,2024-07-27,ACTUAL,22.4,8.8,42,28,4,1,0,70.7,39,539,0.8,66,3,3
VALEMOUNT AIRPORT,2024-07-28,ACTUAL,24.3,8.6,37,119,18,0,0,87.7,43,547,7.5,72,22,4
VALEMOUNT AIRPORT,2024-07-29,ACTUAL,16.8,14.4,86,102,3,5.2,0,43.8,28,531,0.1,50,0,2
VALEMOUNT AIRPORT,2024-07-30,ACTUAL,22.3,11.7,51,117,14,1.4,0,73.6,31,539,1.5,54,5,3
VALEMOUNT AIRPORT,2024-07-31,ACTUAL,24.2,10.1,41,134,15,0,0,87.1,35,547,5.9,60,17,3
VALEMOUNT AIRPORT,2024-08-01,ACTUAL,23.5,12.8,51,41,6,2.6,0,76.5,31,554,1.1,54,4,3
VALEMOUNT AIRPORT,2024-08-02,ACTUAL,28.6,7.7,27,115,6,0,0,91,35,562,6.8,61,19,4
VALEMOUNT AIRPORT,2024-08-03,ACTUAL,28.5,7.1,26,337,14,0,0,93.2,40,570,13.9,68,32,4
VALEMOUNT AIRPORT,2024-08-04,ACTUAL,25.4,7,31,321,12,0,0,93.3,44,578,12.2,73,31,4
VALEMOUNT AIRPORT,2024-08-05,ACTUAL,21.3,12,55,142,5,0.2,0,89.5,46,585,5.2,77,17,4
VALEMOUNT AIRPORT,2024-08-06,ACTUAL,19.9,10.4,54,322,17,3.4,0,74.4,37,578,1.8,63,6,3
VALEMOUNT AIRPORT,2024-08-07,ACTUAL,25.3,5.9,29,34,7,0,0,89.2,41,586,5.4,69,17,3
VALEMOUNT AIRPORT,2024-08-08,ACTUAL,28.1,5,23,140,10,0,0,93.5,45,594,11.6,76,30,4
VALEMOUNT AIRPORT,2024-08-09,ACTUAL,29.6,5.6,22,126,9,0,0,94.4,50,602,12.3,83,33,5
VALEMOUNT AIRPORT,2024-08-10,ACTUAL,29.7,5.7,22,160,6,0,0,94.5,55,611,10.8,90,31,5
VALEMOUNT AIRPORT,2024-08-11,ACTUAL,29.3,7.2,25,138,8,0,0,94.5,60,619,12.2,96,35,5
VALEMOUNT AIRPORT,2024-08-12,ACTUAL,21.7,10.2,48,282,4,5.6,0,66.7,40,596,0.7,69,2,3
VALEMOUNT AIRPORT,2024-08-13,ACTUAL,24.2,10.8,43,129,9,0,0,84.8,43,603,3.3,73,12,4
VALEMOUNT AIRPORT,2024-08-14,ACTUAL,25.5,7,31,202,6,1.6,0,86.2,45,611,3.4,76,12,4
VALEMOUNT AIRPORT,2024-08-15,ACTUAL,20.4,12.7,61,118,10,0,0,86.2,47,617,4.2,79,15,4
VALEMOUNT AIRPORT,2024-08-16,ACTUAL,19.7,10.2,54,0,9,0,0,86.6,49,624,4.1,82,15,4
VALEMOUNT AIRPORT,2024-08-17,ACTUAL,17.9,13.7,76,162,6,8,0,47.6,28,583,0.2,50,0,2
VALEMOUNT AIRPORT,2024-08-18,ACTUAL,21.6,13.3,59,155,10,0,0,74,30,590,1.2,53,4,3
VALEMOUNT AIRPORT,2024-08-19,ACTUAL,24.4,5.6,30,88,12,10.2,0,73.8,18,540,1.3,33,3,2
VALEMOUNT AIRPORT,2024-08-20,ACTUAL,22.2,3.7,30,122,15,0,0,88.6,21,547,7.4,39,16,3
VALEMOUNT AIRPORT,2024-08-21,ACTUAL,21.6,7.4,40,177,3,0,0,89.2,24,553,4.4,44,11,3
VALEMOUNT AIRPORT,2024-08-22,ACTUAL,22.7,10.8,47,186,8,13.2,0,63.9,13,491,0.8,25,1,2
VALEMOUNT AIRPORT,2024-08-23,ACTUAL,25.9,7.9,32,349,4,0,0,86,17,499,3,32,7,2
VALEMOUNT AIRPORT,2024-08-24,ACTUAL,12.2,11.7,97,125,7,49.6,0,13.7,6,296,0,12,0,1
VALEMOUNT AIRPORT,2024-08-25,ACTUAL,19,10.4,57,127,15,2.4,0,54.8,6,302,0.6,12,0,1
VALEMOUNT AIRPORT,2024-08-26,ACTUAL,18.4,10.3,59,117,14,0,0,75.8,8,308,1.6,15,2,2
VALEMOUNT AIRPORT,2024-08-27,ACTUAL,14.4,7.5,63,328,14,12.2,0,50.4,5,278,0.4,9,0,1
VALEMOUNT AIRPORT,2024-08-28,ACTUAL,19,6.4,44,345,14,0,0,78.1,7,284,1.9,13,2,2
VALEMOUNT AIRPORT,2024-08-29,ACTUAL,20.7,9.3,48,124,8,0,0,85.4,9,291,3.2,17,5,2
VALEMOUNT AIRPORT,2024-08-30,ACTUAL,21.1,6.9,40,340,9,0,0,88.5,12,298,5.4,22,9,3
VALEMOUNT AIRPORT,2024-08-31,ACTUAL,25.3,10.3,39,133,8,0,0,90,15,305,6.5,27,12,3
VALEMOUNT AIRPORT,2024-09-01,ACTUAL,27.6,11.1,36,135,14,0,0,91.1,19,312,10.1,33,18,3
VALEMOUNT AIRPORT,2024-09-02,ACTUAL,26.8,13.2,43,355,11,0,0,91.1,22,319,8.7,37,17,3
VALEMOUNT AIRPORT,2024-09-03,ACTUAL,22.8,9.2,42,321,7,0,0,90.9,24,324,7,41,15,3
VALEMOUNT AIRPORT,2024-09-04,ACTUAL,22,6.9,38,309,7,0.2,0,91,27,330,6.9,44,16,3
VALEMOUNT AIRPORT,2024-09-05,ACTUAL,25.2,10.2,39,188,8,0,0,91,29,336,7.4,48,18,4
VALEMOUNT AIRPORT,2024-09-06,ACTUAL,28.3,9.5,31,167,14,0,0,92.2,33,343,11.7,53,26,4
VALEMOUNT AIRPORT,2024-09-07,ACTUAL,26.4,10.5,37,193,8,0,0,92.3,36,350,9,57,22,4
VALEMOUNT AIRPORT,2024-09-08,ACTUAL,25.8,8.7,34,152,11,0,0,92.3,39,356,10.5,62,26,4
VALEMOUNT AIRPORT,2024-09-09,ACTUAL,19.6,1.9,31,331,16,0,0,92.3,42,361,13.4,65,31,4
VALEMOUNT AIRPORT,2024-09-10,ACTUAL,16.9,3.5,41,340,5,0,0,90.9,44,366,6.1,67,18,4
VALEMOUNT AIRPORT,2024-09-11,ACTUAL,13.1,2.3,48,15,4,0,0,89.3,45,370,4.6,69,15,3
VALEMOUNT AIRPORT,2024-09-12,ACTUAL,19.8,6.8,43,322,16,0.6,0,88.2,47,375,7.3,72,21,4
VALEMOUNT AIRPORT,2024-09-13,ACTUAL,18.8,5.9,43,122,9,0,0,88.4,49,380,5.5,74,18,4
VALEMOUNT AIRPORT,2024-09-14,ACTUAL,17.1,9.3,60,148,8,2.2,0,73.4,44,385,1,69,4,3
VALEMOUNT AIRPORT,2024-09-15,ACTUAL,14.9,8.9,67,253,5,0,0,79,45,389,1.3,70,5,3
VALEMOUNT AIRPORT,2024-09-16,ACTUAL,18.2,7,48,128,7,0,0,85,47,394,3.1,72,11,4
VALEMOUNT AIRPORT,2024-09-17,ACTUAL,20.7,6.9,41,176,9,0,0,88.2,49,400,5.1,75,17,4
VALEMOUNT AIRPORT,2024-09-18,ACTUAL,19.5,7.6,46,45,8,0,0,88.3,51,405,4.9,78,17,4
VALEMOUNT AIRPORT,2024-09-19,ACTUAL,13.5,4.7,55,330,11,0,0,87.4,52,409,5.1,79,17,4
VALEMOUNT AIRPORT,2024-09-20,ACTUAL,12,2.5,52,334,17,0,0,87.3,54,413,6.9,81,22,4
VALEMOUNT AIRPORT,2024-09-21,ACTUAL,12.7,2.5,50,129,17,0,0,87.4,55,417,7.1,83,23,4
VALEMOUNT AIRPORT,2024-09-22,ACTUAL,11.1,10.1,94,148,11,1.2,0,72.3,55,421,1.2,83,5,3
VALEMOUNT AIRPORT,2024-09-23,ACTUAL,17.7,10.2,61,142,16,0.6,0,80.8,56,426,2.7,85,11,4
VALEMOUNT AIRPORT,2024-09-24,ACTUAL,23.4,9,40,133,19,0,0,88.5,59,432,9.1,88,28,4
VALEMOUNT AIRPORT,2024-09-25,ACTUAL,9.8,8.5,92,340,12,74,0,20.1,20,185,0,31,0,2
VALEMOUNT AIRPORT,2024-09-26,ACTUAL,11.3,6.7,73,147,13,31.6,0,28.6,8,117,0,14,0,1
VALEMOUNT AIRPORT,2024-09-27,ACTUAL,17.2,5.1,45,304,11,5.6,0,54.5,6,113,0.5,11,0,1
VALEMOUNT AIRPORT,2024-09-28,ACTUAL,6.4,3.6,82,4,5,0,0,61.6,6,116,0.6,11,0,1
VALEMOUNT AIRPORT,2024-09-29,ACTUAL,6.4,5,91,163,3,12,0,19.2,3,97,0,5,0,1
VALEMOUNT AIRPORT,2024-09-30,ACTUAL,10.7,1,51,144,15,0,0,53.7,4,100,0.5,7,0,1
VALEMOUNT AIRPORT,2024-10-01,ACTUAL,10.1,4.5,68,154,14,9.4,0,41.4,2,87,0.1,4,0,1
VALEMOUNT AIRPORT,2024-10-02,ACTUAL,11.4,3.5,58,135,10,2.6,0,53.4,2,89,0.4,3,0,1
VALEMOUNT AIRPORT,2024-10-03,ACTUAL,11.9,2.9,54,151,10,0,0,72,2,92,1.1,5,0,1
VALEMOUNT AIRPORT,2024-10-04,ACTUAL,7.1,5.2,88,132,10,2,0,56,2,94,0.5,3,0,1
VALEMOUNT AIRPORT,2024-10-05,ACTUAL,12.5,1.1,46,137,15,1.2,0,72.2,3,97,1.4,5,1,1
VALEMOUNT AIRPORT,2024-10-06,ACTUAL,10.5,5.7,72,139,23,0,0,78.1,3,100,3.1,6,2,2
VALEMOUNT AIRPORT,2024-10-07,ACTUAL,11.7,6.1,68,117,17,0,0,81.1,4,102,3,7,2,2
VALEMOUNT AIRPORT,2024-10-08,ACTUAL,10.4,9.8,96,162,14,8.6,0,26.5,1,90,0,3,0,1
VALEMOUNT AIRPORT,2024-10-09,ACTUAL,13.8,8.1,68,169,13,8.4,0,39.1,1,80,0.1,2,0,1
VALEMOUNT AIRPORT,2024-10-10,ACTUAL,8,3.5,73,281,6,2.4,0,42.8,0,82,0.1,1,0,1
VALEMOUNT AIRPORT,2024-10-11,ACTUAL,12,3,54,166,6,0,0,64.6,1,85,0.7,2,0,1
VALEMOUNT AIRPORT,2024-10-12,ACTUAL,13.3,3.7,52,199,9,0,0,77.9,2,88,1.5,4,1,1
VALEMOUNT AIRPORT,2024-10-13,ACTUAL,15.5,3.2,44,143,20,0,0,85.4,4,91,6.1,7,5,2
VALEMOUNT AIRPORT,2024-10-14,ACTUAL,11,9.9,93,138,9,0.8,0,77.6,4,94,1.4,7,1,1
VALEMOUNT AIRPORT,2024-10-15,ACTUAL,9.4,8.1,92,310,4,13,0,22.8,1,73,0,3,0,1
VALEMOUNT AIRPORT,2024-10-16,ACTUAL,10,5.8,75,141,14,0.6,0,45.9,2,76,0.2,4,0,1
VALEMOUNT AIRPORT,2024-10-17,ACTUAL,6.9,1.2,67,108,9,1.4,0,55.5,2,78,0.5,4,0,1
VALEMOUNT AIRPORT,2024-10-18,ACTUAL,5.7,-1.2,61,157,14,0,0,69.5,3,80,1.2,5,1,1
VALEMOUNT AIRPORT,2024-10-19,ACTUAL,5.4,3.9,90,144,18,13.2,0,25.7,1,59,0,2,0,1
VALEMOUNT AIRPORT,2024-10-20,ACTUAL,6.3,5.4,94,138,11,17.6,0,9.6,0,31,0,0,0,1
VALEMOUNT AIRPORT,2024-10-21,ACTUAL,3.3,-1,73,331,11,34.2,0,20.1,0,1,0,0,0,1
VALEMOUNT AIRPORT,2024-10-22,ACTUAL,3.7,-2.4,64,148,3,0,0,37.8,0,3,0,1,0,1
VALEMOUNT AIRPORT,2024-10-23,ACTUAL,3.3,0,79,327,5,0,0,48.5,1,4,0.2,1,0,1
VALEMOUNT AIRPORT,2024-10-24,ACTUAL,8,0.7,60,291,9,0,0,65.5,1,6,0.8,2,0,1
VALEMOUNT AIRPORT,2024-10-25,ACTUAL,7.2,-0.7,57,152,10,0,0,75.5,2,8,1.3,2,0,1
VALEMOUNT AIRPORT,2024-10-26,ACTUAL,7.3,2,69,157,19,2.8,0,61.3,1,10,1.2,1,0,1
VALEMOUNT AIRPORT,2024-10-27,ACTUAL,8.3,5.6,83,110,14,13.4,0,30.1,0,2,0,0,0,1
VALEMOUNT AIRPORT,2024-10-28,ACTUAL,6.9,4,82,166,8,20.2,0,19,0,2,0,0,0,1
VALEMOUNT AIRPORT,2024-10-29,ACTUAL,6.3,-0.9,60,126,11,1.4,0,42.1,1,4,0.1,1,0,1
VALEMOUNT AIRPORT,2024-10-30,ACTUAL,5.1,-2.7,57,147,16,0,0,62.8,1,5,1.1,1,0,1
VALEMOUNT AIRPORT,2024-10-31,ACTUAL,6.2,-0.1,64,169,7,0,0,71.9,1,7,0.9,2,0,1
