AcresBurned,Active,AdminUnit,AirTankers,ArchiveYear,CalFireIncident,Counties,CountyIds,CrewsInvolved,Dozers,Engines,Extinguished,Fatalities,Featured,Final,FuelType,Helicopters,Injuries,Latitude,Longitude,MajorIncident,Name,PercentContained,PersonnelInvolved,Public,Started,Status,StructuresDamaged,StructuresDestroyed,StructuresEvacuated,StructuresThreatened,WaterTenders
257314,FALSE,Stanislaus National Forest/Yosemite National Park,,2013,TRUE,Tuolumne,55,,,,2013-09-06T18:30:00Z,,FALSE,TRUE,,,,37.857,-120.086,FALSE,Rim Fire,100,,TRUE,2013-08-17T15:25:00Z,Finalized,,,,,
30274,FALSE,USFS Angeles National Forest/Los Angeles County/CAL FIRE,,2013,TRUE,Los Angeles,19,,,,2013-06-08T18:30:00Z,,FALSE,TRUE,,,,34.585595,-118.423176,FALSE,Powerhouse Fire,100,,TRUE,2013-05-30T15:28:00Z,Finalized,,,,,
27531,FALSE,CAL FIRE Riverside Unit / San Bernardino National Forest,,2013,TRUE,Riverside,33,,,,2013-07-30T18:00:00Z,,FALSE,TRUE,,,,33.7095,-116.72885,FALSE,Mountain Fire,100,,TRUE,2013-07-15T13:43:00Z,Finalized,,,,,
27440,FALSE,Tahoe National Forest,,2013,FALSE,Placer,31,,,,2013-08-30T08:00:00Z,,FALSE,TRUE,,,,39.12,-120.65,FALSE,American Fire,100,,TRUE,2013-08-10T16:30:00Z,Finalized,,,,,
24251,FALSE,Ventura County Fire/CAL FIRE,,2013,TRUE,Ventura,56,47,8,117,2013-05-11T06:30:00Z,,FALSE,TRUE,,11,10,0,0,TRUE,Springs Fire,100,2167,TRUE,2013-05-02T07:01:00Z,Finalized,6,10,,,11
22992,FALSE,Sierra National Forest,,2013,FALSE,Fresno,10,,,,2013-09-24T20:15:00Z,,FALSE,TRUE,,,,37.279,-119.318,FALSE,Aspen Fire,100,,TRUE,2013-07-22T22:15:00Z,Finalized,,,,,
20292,FALSE,CAL FIRE Riverside Unit / San Bernardino National Forest,,2013,TRUE,Riverside,33,63,20,201,2013-08-12T18:00:00Z,,FALSE,TRUE,,20,26,33.86157,-116.90427,TRUE,Silver Fire,100,2106,TRUE,2013-08-07T14:05:00Z,Finalized,8,40,,,20
14754,FALSE,Klamath National Forest,,2013,FALSE,Siskiyou,47,,,,2013-08-31T06:45:00Z,,FALSE,TRUE,,,,41.32,-123.176,FALSE,Salmon River Complex,100,,TRUE,2013-07-31T22:00:00Z,Finalized,,,,,
12503,FALSE,Six Rivers National Forest,,2013,FALSE,Humboldt,12,,,,2013-08-12T12:00:00Z,,FALSE,TRUE,,,,41.035,-123.488,FALSE,Corral Complex,100,,TRUE,2013-08-10T11:40:00Z,Finalized,,,,,
11429,FALSE,CAL FIRE Tehama-Glenn Unit,,2013,TRUE,Tehama,52,30,3,36,2013-08-29T16:45:00Z,,FALSE,TRUE,,5,5,40.04263,-121.85397,TRUE,Deer Fire,100,898,TRUE,2013-08-23T14:15:00Z,Finalized,,,,,8
8073,FALSE,CAL FIRE Shasta-Trinity Unit,,2013,TRUE,Shasta,45,12,3,30,2013-09-15T07:30:00Z,,FALSE,TRUE,,,6,40.498332,-122.535496,TRUE,Clover Fire,100,342,TRUE,2013-09-09T12:32:00Z,Finalized,10,201,,,
7055,FALSE,CAL FIRE San Diego Unit / Cleveland National Forest,,2013,TRUE,San Diego,37,56,24,183,2013-07-15T06:15:00Z,,FALSE,TRUE,,9,12,32.95435,-116.47381,TRUE,Chariot Fire,100,2147,TRUE,2013-07-06T12:55:00Z,Finalized,9,149,,,24
6965,FALSE,CAL FIRE Butte Unit,,2013,TRUE,Tehama,52,53,22,131,2013-05-09T09:00:00Z,,FALSE,TRUE,,6,6,40.190062,-121.595555,TRUE,Panther Fire,100,1811,TRUE,2013-05-01T09:12:00Z,Finalized,,,,,40
4346,FALSE,CAL FIRE / USFS Los Padres National Forest,,2013,TRUE,Kern,"15,56",29,1,34,2013-05-21T19:45:00Z,,FALSE,TRUE,,1,4,34.7861,-118.9411,TRUE,Grand Fire,100,847,TRUE,2013-05-15T12:50:00Z,Finalized,,,,,12
4346,FALSE,CAL FIRE / USFS Los Padres National Forest,,2013,TRUE,Ventura,"15,56",29,1,34,2013-05-21T19:45:00Z,,FALSE,TRUE,,1,4,34.7861,-118.9411,TRUE,Grand Fire,100,847,TRUE,2013-05-15T12:50:00Z,Finalized,,,,,12
3505,FALSE,CAL FIRE Sonoma-Lake-Napa Unit,,2013,TRUE,Sonoma,49,8,,5,2013-11-27T18:15:00Z,,FALSE,TRUE,,,6,38.8167,-122.8498,TRUE,McCabe Fire,100,188,TRUE,2013-11-22T02:04:00Z,Finalized,,1,,,
3166,FALSE,CAL FIRE/Riverside County Fire ,,2013,TRUE,Riverside,33,36,5,62,2013-05-04T18:30:00Z,,FALSE,TRUE,,5,2,34.288877,-116.941311,TRUE,Summit Fire,100,726,TRUE,2013-05-01T12:38:00Z,Finalized,,1,,,7
3111,FALSE,CAL FIRE Santa-Clara Unit,,2013,TRUE,Contra Costa,7,8,5,3,2013-09-14T17:30:00Z,,FALSE,TRUE,,,,37.90757,-121.882582,TRUE,Morgan Fire,100,231,TRUE,2013-09-08T13:08:00Z,Finalized,,,,,4
2781,FALSE,CAL FIRE San Diego Unit,25,2013,TRUE,San Diego,37,33,25,73,2013-05-26T17:45:00Z,,FALSE,TRUE,,25,5,33.12111,-116.52579,TRUE,San Felipe Fire,100,911,TRUE,2013-05-23T12:20:00Z,Finalized,,,,,26
2462,FALSE,CAL FIRE Butte Unit,,2013,TRUE,Butte,4,33,28,95,2013-08-22T18:00:00Z,,FALSE,TRUE,,20,5,39.446268,-121.38236,TRUE,Swedes Fire,100,1484,TRUE,2013-08-16T16:37:00Z,Finalized,,7,,,25
2236,FALSE,Camp Pendleton Marine Corps Base,,2013,FALSE,San Diego,37,,,,2013-10-09T19:00:00Z,,FALSE,TRUE,,,,33.341,-117.3092,FALSE,DeLuz Fire,100,,TRUE,2013-10-05T12:45:00Z,Finalized,,,,,
2060,FALSE,Sequoia National Forest,,2013,FALSE,Tulare,54,,,,2013-09-24T20:15:00Z,,FALSE,TRUE,,,,36.208,-118.444,FALSE,Fish Fire,100,,TRUE,2013-08-24T14:31:00Z,Finalized,,,,,
1984,FALSE,USFS Los Padres National Forest,,2013,FALSE,Santa Barbara,42,,,,2013-05-30T19:30:00Z,,FALSE,TRUE,,,,34.55048,-119.82429,FALSE,White Fire,100,,TRUE,2013-05-27T14:45:00Z,Finalized,,,,,
1708,FALSE,CAL FIRE Madera-Mariposa-Merced Unit / Sierra National Forest ,,2013,TRUE,Mariposa,22,2,,,2013-06-26T11:15:00Z,,FALSE,TRUE,,,1,37.58202,-119.91071,TRUE,Carstens Fire,100,112,TRUE,2013-06-16T14:12:00Z,Finalized,,,,,4
1383,FALSE,Cleveland National Forest / CAL FIRE Riverside Unit,,2013,TRUE,Riverside,"33,",,,,2013-08-09T18:45:00Z,,FALSE,TRUE,,,,33.62236,-117.40288,FALSE,Falls Fire,100,,TRUE,2013-08-05T10:10:00Z,Finalized,,,,,
1271,FALSE,CAL FIRE San Diego Unit,27,2013,TRUE,San Diego,37,54,27,42,2013-05-31T06:15:00Z,,FALSE,TRUE,,27,6,33.04458,-116.5209,TRUE,General Fire,100,1217,TRUE,2013-05-26T12:04:00Z,Finalized,,,,,27
1070,FALSE,Stanislaus National Forest,,2013,FALSE,Tuolumne,55,,,,2013-08-14T08:30:00Z,,FALSE,TRUE,,,,38.25108,-120.02778,FALSE,Power Fire,100,,TRUE,2013-08-05T06:00:00Z,Finalized,,,,,
917,FALSE,Los Padres National Forest / CAL FIRE San Benito-Monterey Unit,,2013,FALSE,Monterey,27,,,,2013-12-20T20:00:00Z,,FALSE,TRUE,,,,0,0,FALSE,Pfeiffer Fire,100,,TRUE,2013-12-16T00:20:00Z,Finalized,,,,,
794,FALSE,Sequoia National Forest,,2013,FALSE,Kern,15,,,,2013-08-24T13:45:00Z,,FALSE,TRUE,,,,35.707,-118.588,FALSE,Shirley Fire,100,,TRUE,2013-08-18T23:12:00Z,Finalized,,,,,
712,FALSE,CAL FIRE / Kern County Fire / State Parks / US Forest Service,,2013,TRUE,Kern,15,20,20,37,2013-07-22T18:45:00Z,,FALSE,TRUE,,20,5,34.882,-118.9194,TRUE,Rancho Fire,100,502,TRUE,2013-07-19T12:00:00Z,Finalized,,,,,20
712,FALSE,CAL FIRE/Los Angeles County ,,2013,TRUE,Los Angeles,19,,,,2013-05-18T19:00:00Z,,FALSE,TRUE,,,,34.49149,-118.610044,FALSE,Lake Fire,100,,TRUE,2013-05-17T13:23:00Z,Finalized,,,,,
612,FALSE,Kern County Fire,,2013,TRUE,Kern,15,,,,2013-07-25T18:30:00Z,,FALSE,TRUE,,,,34.90327,-118.93388,FALSE,Water Fire,100,,TRUE,2013-07-23T09:15:00Z,Finalized,,,,,
572,FALSE,Eldorado National Forest,,2013,FALSE,El Dorado,9,,,,2013-07-11T18:30:00Z,,FALSE,TRUE,,,,38.774,-120.298,FALSE,Kyburz Fire,100,,TRUE,2013-07-08T12:45:00Z,Finalized,,,,,
534,FALSE,CAL FIRE San Bernardino Unit/ City of Redlands/San Bernardino Sheriff,,2013,TRUE,San Bernardino,36,29,29,29,2013-07-01T06:00:00Z,,FALSE,TRUE,,29,,34.071556,-117.048397,TRUE,Mills Fire,100,282,TRUE,2013-06-28T14:30:00Z,Finalized,1,0,,,29
513,FALSE,Plumas National Forest,,2013,FALSE,Plumas,32,,,,2013-08-25T13:15:00Z,,FALSE,TRUE,,,,40.00842,-120.764666,FALSE,Plumas Lightning Complex (Hough),100,,TRUE,2013-08-18T18:30:00Z,Finalized,,,,,
510,FALSE,CAL FIRE/Riverside County Fire,,2013,TRUE,Riverside,33,,,,2013-05-05T18:45:00Z,,FALSE,TRUE,,,,33.894055,-116.855019,FALSE,Gorgonio Fire,100,,TRUE,2013-05-04T11:43:00Z,Finalized,,,,,
502,FALSE,CAL FIRE Lassen-Modoc Unit,,2013,TRUE,Modoc,25,,,,2013-07-05T18:30:00Z,,FALSE,TRUE,,,,41.2415,-121.035,FALSE,Fox Fire (formally 3-7 Fire),100,,TRUE,2013-07-03T22:56:00Z,Finalized,,,,,
500,FALSE,Los Padres National Forest,,2013,FALSE,San Luis Obispo,40,,,,2013-06-03T18:30:00Z,,FALSE,TRUE,,,,35.15832,-120.05131,FALSE,Branch Fire,100,,TRUE,2013-06-01T17:27:00Z,Finalized,,,,,
492,FALSE,CAL FIRE Santa Clara Unit,,2013,TRUE,Contra Costa,7,,,,2013-07-01T18:40:00Z,,FALSE,TRUE,,,,37.96866,-121.91453,FALSE,Kirker Fire,100,,TRUE,2013-07-01T13:19:00Z,Finalized,,,,,
482,FALSE,CAL FIRE Madera-Mariposa-Merced Unit,,2013,TRUE,Madera,20,,,,2013-06-18T19:30:00Z,,FALSE,TRUE,,,,37.015575,-119.78106,TRUE,Rolling Fire,100,,TRUE,2013-06-16T18:17:00Z,Finalized,,1,,,
413,FALSE,San Bernardino National Forest,,2013,FALSE,San Bernardino,36,,,,2013-08-20T13:32:00Z,,FALSE,TRUE,,,,34.302,-117.598,FALSE,Gobblers Fire,100,,TRUE,2013-08-20T13:32:00Z,Finalized,,,,,
406,FALSE,CAL FIRE San Bernardino Unit,,2013,TRUE,Inyo,14,25,25,25,2013-02-28T20:00:00Z,,FALSE,TRUE,,,2,36.602575,-118.01651,TRUE,River Fire,100,476,TRUE,2013-02-24T08:16:00Z,Finalized,,0,,0,25
376,FALSE,CAL FIRE Sonoma-Lake-Napa Unit,,2013,TRUE,Napa,28,,,1,2013-10-04T16:55:00Z,,FALSE,TRUE,,,,38.628,-122.289,TRUE,Putah Fire,100,4,TRUE,2013-10-03T20:33:00Z,Finalized,,,,,
354,FALSE,CAL FIRE San Benito-Monterey ,,2013,TRUE,San Benito,35,,,,2013-05-03T18:45:00Z,,FALSE,TRUE,,,,37.160346,-120.937494,FALSE,Tres Pinos Fire,100,,TRUE,2013-05-03T11:42:00Z,Finalized,,,,,
311,FALSE,CAL FIRE / Riverside County Fire,,2013,TRUE,Riverside,33,,,,2013-03-02T19:00:00Z,,FALSE,TRUE,,,,0,0,FALSE,Jurupa Fire,100,,TRUE,2013-02-28T16:43:00Z,Finalized,,,,,
305,FALSE,CAL FIRE Butte Unit,,2013,TRUE,Butte,4,4,1,15,2013-10-05T22:00:00Z,,FALSE,TRUE,,1,,39.439,-121.497,TRUE,Summit Fire,100,259,TRUE,2013-10-04T17:37:00Z,Finalized,,4,,,3
303,FALSE,CAL FIRE Tuolumne-Calaveras Unit ,,2013,TRUE,San Joaquin,39,,,,2013-05-30T13:25:00Z,,FALSE,TRUE,,,,38.04993,-120.90325,FALSE,Shelton Fire,100,,TRUE,2013-05-30T11:20:00Z,Finalized,,,,,
298,FALSE,CAL FIRE Butte Unit,4,2013,TRUE,Butte,4,3,3,26,2013-06-03T20:00:00Z,,FALSE,TRUE,,2,,39.434183,-121.576804,TRUE,Lone Fire,100,,TRUE,2013-06-03T13:49:00Z,Finalized,,9,,,4
296,FALSE,CAL FIRE Sonoma-Lake-Napa Unit,,2013,TRUE,Lake,17,,,,2013-01-23T10:15:00Z,,FALSE,TRUE,,,,0,0,FALSE,Becks Fire,100,,TRUE,2013-01-22T11:08:00Z,Finalized,,,,,
274,FALSE,CAL FIRE Santa Clara Unit,,2013,TRUE,Contra Costa,7,,,,2013-07-01T18:30:00Z,,FALSE,TRUE,,,,39.90465,-121.74367,FALSE,Concord Fire,100,,TRUE,2013-07-01T15:41:00Z,Finalized,,,,,
274,FALSE,CAL FIRE Madera-Mariposa-Merced Unit,,2013,TRUE,Madera,20,,,,2013-05-01T07:00:00Z,,FALSE,TRUE,,,,37.116295,-119.635004,FALSE,Gold Fire,100,,TRUE,2013-04-30T12:59:00Z,Finalized,,,,,
268,FALSE,Angeles National Forest/Los Angeles County Fire,,2013,FALSE,Los Angeles,19,,,,2013-09-28T08:00:00Z,,FALSE,TRUE,,,,34.149,-117.908,FALSE,Madre Fire,100,,TRUE,2013-09-23T18:00:00Z,Finalized,,,,,
263,FALSE,CAL FIRE San Diego Unit / Cleveland National Forest,2,2013,TRUE,San Diego,37,4,,15,2013-09-12T18:15:00Z,,FALSE,TRUE,,1,2,32.710918,-116.746023,TRUE,Lyon Fire,100,294,TRUE,2013-09-09T13:09:00Z,Finalized,,,,176,4
243,FALSE,Angeles National Forest,,2013,FALSE,San Bernardino,36,,,,2013-08-13T23:45:00Z,,FALSE,TRUE,,,,34.35,-117.62,FALSE,Sharp Fire,100,,TRUE,2013-08-08T12:15:00Z,Finalized,,,,,
240,FALSE,CAL FIRE Santa Clara Unit,,2013,TRUE,Alameda,1,,,,2013-06-08T13:25:00Z,,FALSE,TRUE,,,,37.775057,-121.737213,FALSE,Vasco Fire,100,,TRUE,2013-06-08T10:16:00Z,Finalized,,,,,
237,FALSE,CAL FIRE/Placer County Fire,,2013,TRUE,Placer,31,,,,2013-06-13T14:15:00Z,,FALSE,TRUE,,,,38.729297,-121.380862,FALSE,PFE Fire,100,,TRUE,2013-06-13T11:28:00Z,Finalized,,,,,
226,FALSE,Mendocino National Forest,,2013,FALSE,Glenn,11,,,,2013-06-17T09:00:00Z,,FALSE,TRUE,,,,0,0,FALSE,Daves Fire,100,,TRUE,2013-06-12T15:17:00Z,Finalized,,,,,
217,FALSE,CAL FIRE Tehama-Glenn Unit,,2013,TRUE,Glenn,11,11,5,6,2013-05-05T18:00:00Z,,FALSE,TRUE,,5,,39.514139,-122.560862,TRUE,306 Fire,100,221,TRUE,2013-05-01T19:00:00Z,Finalized,,,,,5
213,FALSE,Los Padres National Forest,,2013,FALSE,Monterey,27,,,,2013-07-17T19:30:00Z,,FALSE,TRUE,,,,0,0,FALSE,Tassajara Fire,100,,TRUE,2013-07-17T13:23:00Z,Finalized,,,,,
200,FALSE,San Bernardino National Forest/CAL FIRE San Bernardino Unit,,2013,FALSE,San Bernardino,36,,,,2013-09-30T08:30:00Z,,FALSE,TRUE,,,,34.2,-117.417,FALSE,Sierra Fire,100,,TRUE,2013-09-24T15:51:00Z,Finalized,,,,,
200,FALSE,CAL FIRE Tehama-Glenn Unit,,2013,TRUE,Tehama,52,,,,2013-07-04T10:30:00Z,,FALSE,TRUE,,,,40.012398,-122.079871,FALSE,Vina Fire,100,,TRUE,2013-07-04T07:30:00Z,Finalized,,,,,
196,FALSE,CAL FIRE Shasta Unit ,,2013,TRUE,Shasta,45,24,24,31,2013-08-23T19:15:00Z,,FALSE,TRUE,,24,,40.5445,-121.3754,TRUE,Burney Lightning Series (Warner Fire),100,347,TRUE,2013-08-19T17:48:00Z,Finalized,,,,,24
195,FALSE,CAL FIRE Tehama-Glenn Unit,,2013,TRUE,Tehama,52,,,,2013-07-19T15:00:00Z,,FALSE,TRUE,,,,39.961309,-122.330879,FALSE,Paskenta Fire,100,,TRUE,2013-07-19T13:32:00Z,Finalized,,,,,
190,FALSE,CAL FIRE Sonoma-Lake-Napa Unit,,2013,TRUE,Napa,28,6,,15,2013-11-23T18:30:00Z,,FALSE,TRUE,,,,38.382,-122.311,TRUE,Silverado Fire,100,150,TRUE,2013-11-21T21:39:00Z,Finalized,,1,,,3
170,FALSE,Santa Barbara County Fire,,2013,TRUE,Santa Barbara,42,,,,2013-05-29T10:30:00Z,,FALSE,TRUE,,,,34.611824,-120.074655,FALSE,Olive Fire,100,,TRUE,2013-05-28T15:24:00Z,Finalized,,,,,
163,FALSE,CAL FIRE Sonoma-Lake-Napa Unit,,2013,TRUE,Yolo,57,,,,2013-11-04T15:35:00Z,,FALSE,TRUE,,,,38.67479,-122.08725,FALSE,Capay Fire,100,,TRUE,2013-11-04T11:41:00Z,Finalized,,,,,
163,FALSE,CAL FIRE / Sacramento Metropolitan Fire,,2013,TRUE,El Dorado,"9,34",,,,2013-07-19T17:15:00Z,,FALSE,TRUE,,,,38.63987,-121.08438,FALSE,50 Fire,100,,TRUE,2013-07-19T14:12:00Z,Finalized,,,,,
163,FALSE,CAL FIRE / Sacramento Metropolitan Fire,,2013,TRUE,Sacramento,"9,34",,,,2013-07-19T17:15:00Z,,FALSE,TRUE,,,,38.63987,-121.08438,FALSE,50 Fire,100,,TRUE,2013-07-19T14:12:00Z,Finalized,,,,,
159,FALSE,CAL FIRE Sonoma-Lake-Napa Unit,,2013,TRUE,Sonoma,49,,,,2013-10-05T07:45:00Z,,FALSE,TRUE,,,,38.34599,-122.6503,FALSE,Crane Fire,100,,TRUE,2013-10-04T12:25:00Z,Finalized,,,,,
158,FALSE,CAL FIRE Sonoma-Lake-Napa Unit,,2013,TRUE,Sonoma,49,,,,2013-07-26T17:45:00Z,,FALSE,TRUE,,,,38.17693,-122.51253,FALSE,Lakeville Fire,100,,TRUE,2013-07-26T13:45:00Z,Finalized,,,,,
150,FALSE,CAL FIRE Santa Clara Unit,,2013,TRUE,Alameda,1,,,,2013-10-04T10:30:00Z,,FALSE,TRUE,,,,0,0,FALSE,Highland Fire,100,,TRUE,2013-10-04T07:35:00Z,Finalized,,,,,
150,FALSE,CAL FIRE / Riverside County Fire,,2013,TRUE,Riverside,33,,,,2013-07-17T07:45:00Z,,FALSE,TRUE,,,,33.990128,-117.164997,FALSE,Redlands Fire,100,,TRUE,2013-07-16T17:48:00Z,Finalized,,,,,
150,FALSE,CAL FIRE Santa Clara Unit,,2013,TRUE,Stanislaus,50,,,,2013-07-13T21:45:00Z,,FALSE,TRUE,,,,37.436,-121.1955,FALSE,Diablo Fire,100,,TRUE,2013-07-12T15:35:00Z,Finalized,,,,,
150,FALSE,CAL FIRE/Fresno County Fire,,2013,TRUE,Fresno,10,,,,2013-06-25T17:15:00Z,,FALSE,TRUE,,,,36.7218,-119.2248,FALSE,George Fire,100,,TRUE,2013-06-25T13:36:00Z,Finalized,,,,,
150,FALSE,CAL FIRE Butte Unit,,2013,TRUE,Butte,4,,2,17,2013-05-22T09:30:00Z,,FALSE,TRUE,,,,0,0,TRUE,Neal Fire,100,60,TRUE,2013-05-22T00:56:00Z,Finalized,,,,,4
149,FALSE,Los Angeles County Fire Department,,2013,TRUE,Los Angeles,19,,,,2013-05-29T15:30:00Z,,FALSE,TRUE,,,,34.419284,-118.58688,FALSE,Magic Fire,100,,TRUE,2013-05-28T11:30:00Z,Finalized,,,,,
134,FALSE,Sequoia National Forest,,2013,FALSE,Tulare,54,,,,2013-09-24T20:15:00Z,,FALSE,TRUE,,,,36.258,-118.459,FALSE,Angora Fire,100,,TRUE,2013-09-08T11:53:00Z,Finalized,,,,,
125,FALSE,CAL FIRE Sonoma-Lake-Napa Unit,,2013,TRUE,Sonoma,49,9,5,17,2013-05-03T06:15:00Z,,FALSE,TRUE,,5,,38.638828,-122.655616,TRUE,Yellow Fire,100,249,TRUE,2013-05-01T02:01:00Z,Finalized,,,,,5
124,FALSE,CAL FIRE Sanoma-Lake-Napa Unit,,2013,TRUE,Solano,48,,,,2013-06-18T22:30:00Z,,FALSE,TRUE,,,,38.08744,-122.13802,FALSE,California Fire,100,,TRUE,2013-06-18T15:18:00Z,Finalized,,,,,
124,FALSE,CAL FIRE Madera-Mariposa-Merced Unit,,2013,TRUE,Merced,24,,,,2013-06-05T08:30:00Z,,FALSE,TRUE,,,,37.03776,-121.006939,FALSE,152 Fire,100,,TRUE,2013-06-04T15:42:00Z,Finalized,,,,,
124,FALSE,CAL FIRE/Riverside County Fire,,2013,TRUE,Riverside,33,,,,2013-05-25T23:00:00Z,,FALSE,TRUE,,,,33.963591,-117.187934,FALSE,Smiley Fire,100,,TRUE,2013-05-25T14:59:00Z,Finalized,,,,,
120,FALSE,CAL FIRE Sonoma-Lake-Napa Unit,,2013,TRUE,Lake,17,10,6,30,2013-11-10T18:30:00Z,,FALSE,TRUE,,,,38.882214,-122.567525,TRUE,Cantwell Fire,100,285,TRUE,2013-11-08T13:42:00Z,Finalized,,1,,,3
116,FALSE,CAL FIRE Amador-El Dorado Unit,,2013,TRUE,El Dorado,9,,,,2013-08-16T17:55:00Z,,FALSE,TRUE,,,,38.682378,-120.839075,TRUE,Union Fire,100,,TRUE,2013-08-16T13:55:00Z,Finalized,,1,,,
110,FALSE,San Bernardino National Forest,,2013,FALSE,San Bernardino,36,,,,2013-08-18T20:55:00Z,,FALSE,TRUE,,,,34.287,-117.451,FALSE,Cleghorn Fire,100,,TRUE,2013-08-17T17:25:00Z,Finalized,,,,,
108,FALSE,CAL FIRE/Fresno County Fire,,2013,TRUE,Fresno,10,,,,2013-06-13T21:30:00Z,,FALSE,TRUE,,,,36.772425,-119.628389,FALSE,Clinton Fire,100,,TRUE,2013-06-13T11:54:00Z,Finalized,,,,,
105,FALSE,CAL FIRE San Benito-Monterey Unit ,,2013,TRUE,Monterey,27,,,,2013-06-29T18:30:00Z,,FALSE,TRUE,,,,36.1531,-120.8973,FALSE,Freeman Fire,100,,TRUE,2013-06-29T14:09:00Z,Finalized,,,,,
100,FALSE,Angeles National Forest / Los Angeles County Fire Department,,2013,FALSE,Los Angeles,19,,,,2013-08-11T19:15:00Z,,FALSE,TRUE,,,,0,0,FALSE,Bee Fire,100,,TRUE,2013-08-09T17:15:00Z,Finalized,,,,,
100,FALSE,CAL FIRE Tuolumne-Calaveras Unit,,2013,TRUE,Tuolumne,55,,,,2013-06-02T16:55:00Z,,FALSE,TRUE,,,,37.91529,-120.33313,FALSE,Murphy Fire,100,,TRUE,2013-06-02T13:30:00Z,Finalized,,,,,
100,FALSE,CAL FIRE San Diego Unit,,2013,TRUE,San Diego,37,,,,2013-05-23T08:30:00Z,,FALSE,TRUE,,,,32.564465,-116.900368,FALSE,Border Fire,100,,TRUE,2013-05-22T16:14:00Z,Finalized,,,,,
98,FALSE,CAL FIRE Mendocino Unit,,2013,TRUE,Mendocino,23,,,,2013-09-29T18:15:00Z,,FALSE,TRUE,,,,38.9252,-122.966,FALSE,Highland Fire,100,,TRUE,2013-09-28T13:57:00Z,Finalized,,,,,
97,FALSE,Modoc National Forest ,,2013,FALSE,Modoc,25,,,,2013-09-24T20:15:00Z,,FALSE,TRUE,,,,41.73325,-120.375,FALSE,Davis Creek Complex,100,,TRUE,2013-09-05T15:57:00Z,Finalized,,,,,
97,FALSE,San Bernardino National Forest,,2013,FALSE,San Bernardino,36,,,,2013-08-30T08:00:00Z,,FALSE,TRUE,,,,33.642,-116.706,FALSE,Little Fire,100,,TRUE,2013-08-24T15:09:00Z,Finalized,,,,,
97,FALSE,CAL FIRE Lassen-Modoc Unit,,2013,TRUE,Lassen,18,,,,2013-08-12T09:30:00Z,,FALSE,TRUE,,,,40.88886,-120.958126,FALSE,Coyote Fire,100,,TRUE,2013-08-09T15:51:00Z,Finalized,,,,,
96,FALSE,CAL FIRE Amador-El Dorado Unit,,2013,TRUE,Amador,3,,,,2013-06-13T09:45:00Z,,FALSE,TRUE,,,,38.27783,-120.966016,FALSE,Roadrunner Fire,100,,TRUE,2013-06-12T16:43:00Z,Finalized,,,,,
94,FALSE,CAL FIRE San Luis Obispo Unit,,2013,TRUE,San Luis Obispo,40,,,,2013-09-24T17:30:00Z,,FALSE,TRUE,,,,35.4393,-120.8358,FALSE,Creek Fire,100,,TRUE,2013-09-24T03:20:00Z,Finalized,,,,,
92,FALSE,CAL FIRE Butte Unit,,2013,TRUE,Butte,4,4,,4,2013-08-04T14:45:00Z,,FALSE,TRUE,,,2,39.6612,-121.50354,TRUE,Branch Fire,100,80,TRUE,2013-08-01T16:01:00Z,Finalized,,,,,3
91,FALSE,CAL FIRE Madera-Mariposa-Merced Unit,2,2013,TRUE,Madera,20,6,2,24,2013-05-20T19:10:00Z,,FALSE,TRUE,,2,,37.1927,-119.7917,TRUE,Lilly 2 Fire,100,,TRUE,2013-05-19T15:07:00Z,Finalized,,1,,,2
90,FALSE,CAL FIRE/Riverside County Fire ,,2013,TRUE,Riverside,33,,,,2013-05-21T19:30:00Z,,FALSE,TRUE,,,,33.9582,-116.6534,FALSE,Water Fire,100,,TRUE,2013-05-21T14:16:00Z,Finalized,,,,,
85,FALSE,CAL FIRE San Luis Obispo,,2013,TRUE,San Luis Obispo,40,,,,2013-07-07T22:00:00Z,,FALSE,TRUE,,,,35.62743,-120.83417,FALSE,Adelaida Fire,100,,TRUE,2013-07-07T13:16:00Z,Finalized,,,,,
82,FALSE,CAL FIRE Mendocino Unit,,2013,TRUE,Mendocino,23,,,,2013-11-22T17:30:00Z,,FALSE,TRUE,,,,39.0442,-123.1478,FALSE,Retek Fire,100,,TRUE,2013-11-22T10:06:00Z,Finalized,,,,,
80,FALSE,CAL FIRE Butte Unit,,2013,TRUE,Butte,4,2,,10,2013-09-01T18:00:00Z,,FALSE,TRUE,,,1,39.731878,-121.713938,TRUE,Centerville Fire,100,35,TRUE,2013-08-31T17:23:00Z,Finalized,,,,,
80,FALSE,CAL FIRE / Fresno County Fire,,2013,TRUE,Fresno,10,,,,2013-04-09T15:30:00Z,,FALSE,TRUE,,,,0,0,FALSE,Butte Fire,100,,TRUE,2013-04-09T12:35:00Z,Finalized,,,,,
75,FALSE,CAL FIRE Tehama-Glenn Unit,,2013,TRUE,Tehama,52,,,,2013-09-15T19:00:00Z,,FALSE,TRUE,,,,0,0,FALSE,Tehama Fire,100,,TRUE,2013-09-15T17:39:00Z,Finalized,,,,,
75,FALSE,San Bernardino County Fire,,2013,TRUE,San Bernardino,36,,,,2013-07-26T18:15:00Z,,FALSE,TRUE,,,,34.316,-117.352,FALSE,Silverwood Fire,100,,TRUE,2013-07-25T15:09:00Z,Finalized,,,,,
75,FALSE,CAL FIRE Madera-Mariposa-Merced Unit,,2013,TRUE,Madera,20,15,13,13,2013-06-14T16:30:00Z,,FALSE,TRUE,,,,37.169379,-119.75636,TRUE,Revis Fire,100,221,TRUE,2013-06-12T16:40:00Z,Finalized,,,,,13
75,FALSE,"USFS San Bernardino National Forest, CAL FIRE San Bernardino Unit",,2013,TRUE,San Bernardino,36,13,,21,2013-05-15T08:15:00Z,,FALSE,TRUE,,,1,34.1834,-117.4408,TRUE,Lytle Fire,100,292,TRUE,2013-05-13T13:30:00Z,Finalized,,1,,,13
75,FALSE,CAL FIRE Sonoma-Lake-Napa Unit,,2013,TRUE,Napa,28,,,,2013-05-01T17:15:00Z,,FALSE,TRUE,,,,38.441792,-122.350844,FALSE,Silverado Fire,100,,TRUE,2013-04-30T23:44:00Z,Finalized,,,,,
73,FALSE,CAL FIRE San Bernardino Unit,,2013,TRUE,San Bernardino,36,,,,2013-09-12T08:45:00Z,,FALSE,TRUE,,,,34.003151,-117.106075,FALSE,Liveoak Fire,100,,TRUE,2013-09-11T16:57:00Z,Finalized,,,,,
73,FALSE,CAL FIRE Nevada-Placer-Yuba Unit,,2013,TRUE,Yuba,58,,,,2013-07-08T17:30:00Z,,FALSE,TRUE,,,,39.206,-121.31634,FALSE,McGanney Fire,100,,TRUE,2013-07-08T09:59:00Z,Finalized,,,,,
72,FALSE,CAL FIRE Butte Unit,,2013,TRUE,Butte,4,,2,3,2013-05-04T19:00:00Z,,FALSE,TRUE,,,,0,0,TRUE,Cedar Fire,100,44,TRUE,2013-05-01T04:16:00Z,Finalized,,,,,
70,FALSE,CAL FIRE Sonoma-Lake-Napa Unit,,2013,TRUE,Lake,17,2,4,10,2013-08-18T18:30:00Z,,FALSE,TRUE,,,,39.013682,-122.491894,TRUE,Double Fire,100,,TRUE,2013-08-16T17:57:00Z,Finalized,,,,,5
68,FALSE,Modoc National Forest,,2013,FALSE,Modoc,25,,,,2013-09-05T21:00:00Z,,FALSE,TRUE,,,,41.569,-120.959,FALSE,Rail Fire,100,,TRUE,2013-09-07T17:30:00Z,Finalized,,,,,
64,FALSE,Ventura County Fire Department,,2013,TRUE,Ventura,56,,,,2013-11-15T16:00:00Z,,FALSE,TRUE,,,,34.384,-119.13249,FALSE,Wheeler Fire,100,,TRUE,2013-11-14T11:05:00Z,Finalized,,,,,
60,FALSE,San Bernardino National Forest,,2013,FALSE,Riverside,33,,,,2013-08-08T09:00:00Z,,FALSE,TRUE,,,,38.838,-116.61,FALSE,Tram Fire,100,,TRUE,2013-08-06T13:39:00Z,Finalized,,,,,
60,FALSE,CAL FIRE/Riverside County  Fire,,2013,TRUE,Riverside,33,,,,2013-08-04T18:00:00Z,,FALSE,TRUE,,,,33.91027,-116.99895,FALSE,Relay Fire,100,,TRUE,2013-08-04T16:29:00Z,Finalized,,,,,
52,FALSE,CAL FIRE Nevada-Yuba-Placer Unit,,2013,TRUE,Nevada,29,,,,2013-08-31T21:30:00Z,,FALSE,TRUE,,,,39.333401,-121.107022,FALSE,Tyler Fire,100,,TRUE,2013-08-31T14:42:00Z,Finalized,,,,,
51,FALSE,CAL FIRE San Luis Obispo Unit,4,2013,TRUE,San Luis Obispo,40,5,3,15,2013-11-09T17:00:00Z,,FALSE,TRUE,,2,,35.457978,-120.751555,TRUE,Toro Fire,100,219,TRUE,2013-11-08T10:30:00Z,Finalized,,,,,
50,FALSE,CAL FIRE Sonoma-Lake-Napa Unit,,2013,TRUE,Lake,17,,,,2013-11-24T08:45:00Z,,FALSE,TRUE,,,,39.0448,-122.7656,FALSE,Bruner Fire,100,,TRUE,2013-11-23T12:04:00Z,Finalized,,,,,
50,FALSE,CAL FIRE Siskiyou Unit,,2013,TRUE,Siskiyou,47,,,,2013-08-15T17:00:00Z,,FALSE,TRUE,,,,41.923323,-122.578393,FALSE,Cottonwood Fire,100,,TRUE,2013-08-15T14:40:00Z,Finalized,,,,,
50,FALSE,CAL FIRE Santa Clara Unit,,2013,TRUE,Santa Clara,43,,,,2013-07-12T17:45:00Z,,FALSE,TRUE,,,,37.1438,-121.7804,FALSE,Uvas Fire,100,,TRUE,2013-07-12T13:09:00Z,Finalized,,,,,
50,FALSE,CAL FIRE Santa Clara Unit,,2013,TRUE,Alameda,1,,,,2013-07-04T11:30:00Z,,FALSE,TRUE,,,,37.7393,-121.5869,FALSE,Grant Fire,100,,TRUE,2013-07-04T10:00:00Z,Finalized,,,,,
50,FALSE,CAL FIRE San Luis Obispo Unit,,2013,TRUE,San Luis Obispo,40,,,,2013-05-25T18:45:00Z,,FALSE,TRUE,,,,35.5123,-120.6368,FALSE,Homestead Fire,100,,TRUE,2013-05-25T17:35:00Z,Finalized,,,,,
46,FALSE,CAL FIRE Tuolumne-Calaveras Unit,,2013,TRUE,Calaveras,5,18,18,30,2013-08-19T07:10:00Z,,FALSE,TRUE,,18,2,38.06231,-120.45233,TRUE,Bridges Fire,100,169,TRUE,2013-08-17T10:11:00Z,Finalized,,,,,18
46,FALSE,CAL FIRE/Fresno County Fire,,2013,TRUE,Fresno,10,,,,2013-06-19T08:45:00Z,,FALSE,TRUE,,,,37.03087,-119.463757,FALSE,Sierra Fire,100,,TRUE,2013-06-17T14:41:00Z,Finalized,,,,,
45,FALSE,CAL FIRE Mendocino Unit,,2013,TRUE,Mendocino,23,,,,2013-07-23T16:00:00Z,,FALSE,TRUE,,,,38.980846,-123.067671,FALSE,Pratt Fire,100,,TRUE,2013-07-23T13:29:00Z,Finalized,,,,,
44,FALSE,Ventura County Fire Department,,2013,FALSE,Ventura,56,,,,2013-12-11T17:30:00Z,,FALSE,TRUE,,,,0,0,FALSE,Happy Camp Fire,100,,TRUE,2013-12-10T02:26:00Z,Finalized,,,,,
43,FALSE,CAL FIRE Shasta-Trinity Unit,,2013,TRUE,Shasta,45,,,,2013-07-09T15:00:00Z,,FALSE,TRUE,,,,40.373,-122.7338,FALSE,Fiddler Fire,100,,TRUE,2013-07-09T11:59:00Z,Finalized,,,,,
42,FALSE,CAL FIRE/Riverside County Fire,,2013,TRUE,Riverside,33,,,,2013-06-08T19:00:00Z,,FALSE,TRUE,,,,33.96936,-117.1265,FALSE,Viper Fire,100,,TRUE,2013-06-08T15:37:00Z,Finalized,,,,,
41,FALSE,CAL FIRE San Mateo-Santa Cruz Unit,,2013,TRUE,San Mateo,41,,,,2013-09-07T20:00:00Z,,FALSE,TRUE,,,,37.667295,-122.427285,FALSE,Chestnut Fire,100,,TRUE,2013-09-07T13:55:00Z,Finalized,,,,,
40,FALSE,CAL FIRE Santa Clara Unit,,2013,TRUE,Santa Clara,43,,,,2013-12-31T16:00:00Z,,FALSE,TRUE,,,,37.342186,-121.717706,FALSE,Grant Fire,100,,TRUE,2013-12-31T05:30:00Z,Finalized,,,,,
40,FALSE,Orange County Fire Authority,,2013,TRUE,Orange,30,,,,2013-10-09T08:00:00Z,,FALSE,TRUE,,,,33.7655,-117.6649,FALSE,Baker Fire,100,,TRUE,2013-10-06T10:52:00Z,Finalized,,,,,
40,FALSE,CAL FIRE San Diego Unit,,2013,TRUE,San Diego,37,,,,2013-09-28T09:15:00Z,,FALSE,TRUE,,,,0,0,FALSE,Valley Fire,100,,TRUE,2013-09-26T17:29:00Z,Finalized,,,,,
40,FALSE,CAL FIRE/Riverside County Fire,,2013,TRUE,Riverside,33,,,,2013-08-16T21:00:00Z,,FALSE,TRUE,,,,33.570291,-116.10815,FALSE,Pierce Fire,100,,TRUE,2013-08-16T13:31:00Z,Finalized,,,,,
40,FALSE,CAL FIRE Siskiyou Unit,,2013,TRUE,Siskiyou,47,,,,2013-07-31T19:25:00Z,,FALSE,TRUE,,,,0,0,FALSE,Trout Fire,100,,TRUE,2013-07-31T15:25:00Z,Finalized,,,,,
40,FALSE,CAL FIRE / Riverside County Fire,,2013,TRUE,Riverside,33,,,,2013-07-20T19:30:00Z,,FALSE,TRUE,,,,33.9634,-117.2508,FALSE,Heacock Fire,100,,TRUE,2013-07-19T16:21:00Z,Finalized,,,,,
40,FALSE,CAL FIRE/Riverside County Fire,,2013,TRUE,Riverside,33,,,,2013-06-15T08:00:00Z,,FALSE,TRUE,,,,34.001745,-117.302057,FALSE,Palmyrita Fire,100,,TRUE,2013-06-14T13:47:00Z,Finalized,,,,,
40,FALSE,CAL FIRE Riverside Unit,2,2013,TRUE,Riverside,33,,1,19,2013-05-17T08:30:00Z,,FALSE,TRUE,,,,33.655638,-116.161201,TRUE,54 Fire,100,65,TRUE,2013-05-16T13:48:00Z,Finalized,,,,,
38,FALSE,CAL FIRE Amador-El Dorado Unit,,2013,TRUE,El Dorado,9,,,,2013-08-24T11:45:00Z,,FALSE,TRUE,,,,38.89555,-120.84716,FALSE,Empire Fire,100,,TRUE,2013-08-24T14:54:00Z,Finalized,,,,,
38,FALSE,CAL FIRE Sanoma-Lake-Napa Unit,,2013,TRUE,Lake,17,,,,2013-08-07T18:30:00Z,,FALSE,TRUE,,,,39.1591,-122.5906,FALSE,Indian Fire,100,,TRUE,2013-08-07T12:35:00Z,Finalized,,,,,
38,FALSE,CAL FIRE Santa Clara Unit / Alameda County Fire,,2013,TRUE,Alameda,1,,,,2013-07-06T14:30:00Z,,FALSE,TRUE,,,,37.74241,-121.86216,FALSE,Fallon Fire,100,,TRUE,2013-07-06T13:09:00Z,Finalized,,,,,
35,FALSE,CAL FIRE/Fresno County Fire,,2013,TRUE,Fresno,10,,,,2013-06-13T21:30:00Z,,FALSE,TRUE,,,,36.763367,-119.558244,FALSE,Michelle Fire,100,,TRUE,2013-06-13T15:54:00Z,Finalized,,,,,
35,FALSE,CAL FIRE San Luis Obispo Unit,,2013,TRUE,San Luis Obispo,40,,,,2013-05-20T19:10:00Z,,FALSE,TRUE,,,,35.49864,-120.91375,FALSE,Cottontail Fire,100,,TRUE,2013-05-20T15:45:00Z,Finalized,,,,,
34,FALSE,CAL FIRE Shasta-Trinity Unit,,2013,TRUE,Shasta,45,,,,2013-08-05T08:17:00Z,,FALSE,TRUE,,,,0,0,FALSE,Honey Fire,100,,TRUE,2013-08-04T18:00:00Z,Finalized,,,,,
33,FALSE,CAL FIRE Shasta-Trinity Unit,,2013,TRUE,Shasta,45,,,,2013-11-07T19:45:00Z,,FALSE,TRUE,,,,40.483662,-122.140914,FALSE,Dersch Fire,100,,TRUE,2013-11-07T16:10:00Z,Finalized,,,,,
31,FALSE,CAL FIRE Tuolumne-Calaveras Unit,,2013,TRUE,Calaveras,5,,,,2013-07-23T15:10:00Z,,FALSE,TRUE,,,,37.965364,-120.696362,FALSE,Chuckwagon Fire,100,,TRUE,2013-07-22T12:34:00Z,Finalized,,,,,
30,FALSE,CAL FIRE Sonoma-Lake-Napa Unit,,2013,TRUE,Lake,17,,,,2013-09-15T17:14:00Z,,FALSE,TRUE,,,,38.9777,-122.683,TRUE,Lakeshore Fire,100,,TRUE,2013-09-15T19:45:00Z,Finalized,,,,,
30,FALSE,CAL FIRE Sonoma-Lake-Napa Unit,,2013,TRUE,Lake,17,,,,2013-06-06T07:00:00Z,,FALSE,TRUE,,,,38.99233,-122.703193,FALSE,Lake Fire,100,,TRUE,2013-06-05T16:05:00Z,Finalized,,,,,
30,FALSE,San Bernardino National Forest,,2013,FALSE,San Bernardino,36,,,,2013-04-22T09:00:00Z,,FALSE,TRUE,,,,34.288877,-116.941311,FALSE,Fawnskin Fire,100,,TRUE,2013-04-20T17:30:00Z,Finalized,,,,,
28,FALSE,CAL FIRE Sonoma-Lake-Napa Unit,,2013,TRUE,Sonoma,"49,48,17,6",,,,2013-06-14T15:45:00Z,,FALSE,TRUE,,,,38.4229,-122.0437,TRUE,Sonoma-Lake-Napa Unit Lightning Fires,100,,TRUE,2013-06-10T00:46:00Z,Finalized,,,,,
28,FALSE,CAL FIRE Sonoma-Lake-Napa Unit,,2013,TRUE,Solano,"49,48,17,6",,,,2013-06-14T15:45:00Z,,FALSE,TRUE,,,,38.4229,-122.0437,TRUE,Sonoma-Lake-Napa Unit Lightning Fires,100,,TRUE,2013-06-10T00:46:00Z,Finalized,,,,,
28,FALSE,CAL FIRE Sonoma-Lake-Napa Unit,,2013,TRUE,Lake,"49,48,17,6",,,,2013-06-14T15:45:00Z,,FALSE,TRUE,,,,38.4229,-122.0437,TRUE,Sonoma-Lake-Napa Unit Lightning Fires,100,,TRUE,2013-06-10T00:46:00Z,Finalized,,,,,
28,FALSE,CAL FIRE Sonoma-Lake-Napa Unit,,2013,TRUE,Colusa,"49,48,17,6",,,,2013-06-14T15:45:00Z,,FALSE,TRUE,,,,38.4229,-122.0437,TRUE,Sonoma-Lake-Napa Unit Lightning Fires,100,,TRUE,2013-06-10T00:46:00Z,Finalized,,,,,
27,FALSE,CAL FIRE Shasta-Trinity Unit,,2013,TRUE,Shasta,45,,,,2013-08-14T20:35:00Z,,FALSE,TRUE,,,,40.473356,-122.48259,FALSE,Cloverdale Fire,100,,TRUE,2013-08-14T15:37:00Z,Finalized,,,,,
25,FALSE,CAL FIRE San Diego Unit,,2013,TRUE,San Diego,37,,,,2013-07-28T17:50:00Z,,FALSE,TRUE,,,,32.612773,-116.707335,FALSE,Flume Fire,100,,TRUE,2013-07-28T09:43:00Z,Finalized,,,,,
25,FALSE,CAL FIRE Sanoma-Lake-Napa Unit,,2013,TRUE,Lake,17,,,,2013-06-20T13:15:00Z,,FALSE,TRUE,,,,38.98058,-122.81796,FALSE,Mount Fire,100,,TRUE,2013-06-20T14:29:00Z,Finalized,,,,,
25,FALSE,CAL FIRE Riverside Unit,,2013,TRUE,Riverside,33,,,,2013-05-20T18:50:00Z,,FALSE,TRUE,,,,33.96201,-116.907213,FALSE,Cherry Fire,100,,TRUE,2013-05-20T13:47:00Z,Finalized,,,,,
23,FALSE,CAL FIRE Sonoma-Lake-Napa Unit,,2013,TRUE,Lake,17,,,,2013-11-24T18:45:00Z,,FALSE,TRUE,,,,38.9289,-122.5818,FALSE,Dam Fire,100,,TRUE,2013-11-23T14:17:00Z,Finalized,,,,,
15,FALSE,CAL FIRE Mendocino Unit,,2013,TRUE,Mendocino,23,,,,2013-12-30T20:30:00Z,,FALSE,TRUE,,,,0,0,FALSE,Refuse Fire,100,,TRUE,2013-12-30T11:00:00Z,Finalized,,,,,
15,FALSE,CAL FIRE / Riverside County Fire,,2013,TRUE,Riverside,33,,,,2013-07-19T19:30:00Z,,FALSE,TRUE,,,,33.94528,-117.09306,FALSE,Gilman Fire,100,,TRUE,2013-07-19T17:31:00Z,Finalized,,,,,
15,FALSE,CAL FIRE Madera-Mariposa-Merced Unit,,2013,TRUE,Madera,20,,,,2013-05-13T09:00:00Z,,FALSE,TRUE,,,,0,0,FALSE,Ranger Fire,100,,TRUE,2013-05-12T13:02:00Z,Finalized,,,,,
0,FALSE,Six Rivers National Forest,,2013,FALSE,Humboldt,12,,,,2013-08-03T15:00:00Z,,FALSE,TRUE,,,,41.333,-123.376,FALSE,Orleans Complex,100,,TRUE,2013-08-03T08:00:00Z,Finalized,,,,,
0,FALSE,USFS San Bernardino National Forest,,2013,FALSE,Riverside,33,,,,2013-06-09T16:45:00Z,,FALSE,TRUE,,,,33.99647,-116.84137,FALSE,Hathaway Fire,100,,TRUE,2013-06-09T12:30:00Z,Finalized,,,,,
97717,FALSE,CAL FIRE / USFS - El Dorado National Forest,,2014,TRUE,El Dorado,9,,,,2014-10-09T17:20:00Z,,FALSE,TRUE,,,12,38.805437,-120.629714,TRUE,King Fire,100,,TRUE,2014-09-13T16:32:00Z,Finalized,,80,,,
50042,FALSE,CAL FIRE Siskiyou Unit / USFS-Klamath National Forest,,2014,FALSE,Siskiyou,47,,,,2014-08-06T10:00:00Z,,FALSE,TRUE,,,,0,0,FALSE,July Complex,100,,TRUE,2014-08-02T09:00:00Z,Finalized,,,,,
39736,FALSE,CAL FIRE Lassen-Modoc Unit / USFS - Lassen National Forest,,2014,TRUE,Shasta,45,,,,2014-08-15T14:00:00Z,,FALSE,TRUE,,,,40.901,-121.368,FALSE,Bald Fire,100,,TRUE,2014-07-30T20:15:00Z,Finalized,,,,,
35302,FALSE,CAL FIRE Siskiyou Unit / Oregon Dept. of Forestry / Oregon Office of The State Fire Marshal,,2014,TRUE,Siskiyou,47,,,,2014-08-18T09:45:00Z,,FALSE,TRUE,,,,42.048,-122.345,FALSE,Oregon Gulch Fire (part of the Beaver Complex),100,,TRUE,2014-07-30T23:00:00Z,Finalized,,,,,
32496,FALSE,US Forest Service - Klamath National Forest,,2014,FALSE,Siskiyou,47,,,,2014-09-02T13:00:00Z,,FALSE,TRUE,,,,0,0,FALSE,Beaver Fire,100,,TRUE,2014-07-30T00:00:00Z,Finalized,,,,,
32416,FALSE,CAL FIRE / USFS - Lassen National Forest,,2014,TRUE,Shasta,45,1,,8,2014-08-25T10:00:00Z,,FALSE,TRUE,,,11,40.72,-121.562,TRUE,Eiler Fire,100,78,TRUE,2014-07-31T18:04:00Z,Finalized,,21,,,4
14416,FALSE,Marine Corps Base Camp Pendleton,,2014,FALSE,San Diego,37,,,,2014-05-21T17:00:00Z,,FALSE,TRUE,,,,0,0,FALSE,Pulgas Fire,100,,TRUE,2014-05-15T14:45:00Z,Finalized,,,,,
13838,FALSE,US Forest Service - Sierra National Forest,,2014,FALSE,Madera,20,,,,2014-07-28T14:30:00Z,,FALSE,TRUE,,,,0,0,FALSE,French Fire,100,,TRUE,2014-07-28T05:45:00Z,Finalized,,,,,
13153,FALSE,CAL FIRE Lassen-Modoc Unit,,2014,TRUE,Modoc,25,7,2,20,2014-08-13T07:00:00Z,,FALSE,TRUE,,2,7,41.1336,-121.2144,TRUE,Day Fire,100,297,TRUE,2014-07-30T19:01:00Z,Finalized,,6,,,4
12661,FALSE,CAL FIRE Shasta-Trinity Unit,,2014,TRUE,Shasta,45,,,,2014-07-26T20:00:00Z,,FALSE,TRUE,,,21,40.4314,-122.750788,TRUE,Bully Fire,100,,TRUE,2014-07-11T15:37:00Z,Finalized,,20,,0,
12536,FALSE,CAL FIRE Mendocino Unit,,2014,TRUE,Mendocino,23,,,,2014-09-09T19:30:00Z,,FALSE,TRUE,,,15,0,0,TRUE,Lodge Lightning Complex,100,,TRUE,2014-07-30T06:27:00Z,Finalized,,,,,
6488,FALSE,CAL FIRE Sonoma-Lake-Napa Unit,,2014,TRUE,Yolo,57,,,2,2014-07-12T18:00:00Z,,FALSE,TRUE,,,5,38.512,-122.104,TRUE,Monticello Fire,100,87,TRUE,2014-07-04T21:32:00Z,Finalized,,,,,
6258,FALSE,US Forest Service - Shasta Trinity National Forest,,2014,FALSE,Shasta,45,,,,2014-11-14T13:00:00Z,,FALSE,TRUE,,,,41.141,-122.805,FALSE,Coffee Fire,100,,TRUE,2014-07-30T20:30:00Z,Finalized,,,,,
5503,FALSE,CAL FIRE Siskiyou Unit / USFS-Klamath National Forest,,2014,TRUE,Siskiyou,47,,,,2014-08-18T10:00:00Z,,FALSE,TRUE,,,,41.682,-122.127,FALSE,Little Deer Fire,100,,TRUE,2014-07-31T17:45:00Z,Finalized,,,,,
5367,FALSE,Marine Corps Base Camp Pendleton,,2014,FALSE,San Diego,37,,,,2014-05-19T09:20:00Z,,FALSE,TRUE,,,,33.3529,-117.284889,TRUE,Tomahawk Fire,100,,TRUE,2014-05-14T09:45:00Z,Finalized,,,,,
4840,FALSE,"Department of Defense, US Army",,2014,FALSE,Monterey,27,,,,2014-06-21T19:00:00Z,,FALSE,TRUE,,,,0,0,FALSE,Stoney Fire,100,,TRUE,2014-06-19T15:14:00Z,Finalized,,,,,
4772,FALSE,Yosemite National Park,,2014,FALSE,Mariposa,22,,,,2014-12-12T13:45:00Z,,FALSE,TRUE,,,,0,0,FALSE,Meadow Fire,100,,TRUE,2014-08-16T00:00:00Z,Finalized,,,,,
4689,FALSE,Yosemite National Park and Stanislaus National Forest,,2014,FALSE,Mariposa,22,,,,2014-08-10T08:15:00Z,,FALSE,TRUE,,,,0,0,FALSE,El Portal Fire,100,,TRUE,2014-07-26T17:00:00Z,Finalized,,,,,
4300,FALSE,CAL FIRE Sonoma-Lake-Napa Unit,,2014,TRUE,Napa,"28,17",,,,2014-07-09T18:00:00Z,,FALSE,TRUE,,,4,38.664,-122.454,TRUE,Butts Fire,100,0,TRUE,2014-07-01T12:08:00Z,Finalized,,9,,,
4300,FALSE,CAL FIRE Sonoma-Lake-Napa Unit,,2014,TRUE,Lake,"28,17",,,,2014-07-09T18:00:00Z,,FALSE,TRUE,,,4,38.664,-122.454,TRUE,Butts Fire,100,0,TRUE,2014-07-01T12:08:00Z,Finalized,,9,,,
4240,FALSE,CAL FIRE Amador-El Dorado Unit,,2014,TRUE,Amador,"3,9",1,,3,2014-08-02T19:15:00Z,,FALSE,TRUE,,,2,38.5691,-120.7819,TRUE,Sand Fire,100,40,TRUE,2014-07-25T16:34:00Z,Finalized,,67,,,1
4240,FALSE,CAL FIRE Amador-El Dorado Unit,,2014,TRUE,El Dorado,"3,9",1,,3,2014-08-02T19:15:00Z,,FALSE,TRUE,,,2,38.5691,-120.7819,TRUE,Sand Fire,100,40,TRUE,2014-07-25T16:34:00Z,Finalized,,67,,,1
4045,FALSE,Kern County Fire / Sequoia National Forest ,,2014,FALSE,Kern,15,,,,2014-08-27T18:00:00Z,,FALSE,TRUE,,,,35.7206,-118.4747,FALSE,Way Fire,100,,TRUE,2014-08-18T14:30:00Z,Finalized,,,,,
3895,FALSE,Sequoia National Forest,,2014,FALSE,Kern,15,,,,2014-06-20T08:30:00Z,,FALSE,TRUE,,,,35.70683,-118.555527,FALSE,Shirley Fire,100,,TRUE,2014-06-13T17:00:00Z,Finalized,,,,,
2143,FALSE,CAL FIRE San Bernardino / USFS / Rancho Cucamonga Fire,,2014,TRUE,San Bernardino,36,22,,25,2014-05-05T17:30:00Z,,FALSE,TRUE,,,3,34.169346,-117.547374,TRUE,Etiwanda Fire,100,583,TRUE,2014-04-30T08:00:00Z,Finalized,1,0,,,8
1995,FALSE,San Marcos Fire / CAL FIRE San Diego Unit / Elfin Forest Fire Dept,,2014,TRUE,San Diego,37,13,1,21,2014-05-22T18:15:00Z,,FALSE,TRUE,,,3,33.1137,-117.1599,TRUE,Cocos Fire,100,514,TRUE,2014-05-14T16:00:00Z,Finalized,,40,,,2
1952,FALSE,Angeles National Forest and LA County Fire Department,,2014,FALSE,Los Angeles,19,,,,2014-01-27T10:00:00Z,,FALSE,TRUE,,,,34.1703,-117.8816,FALSE,Colby Fire,100,,TRUE,2014-01-16T05:50:00Z,Finalized,,,,,
1680,FALSE,Sequoia National Forest,,2014,FALSE,Kern,15,,,,2014-07-21T14:45:00Z,,FALSE,TRUE,,,,35.642,-118.15,FALSE,Nicolls Fire ,100,,TRUE,2014-07-11T13:46:00Z,Finalized,,,,,
1651,FALSE,Modoc National Forest,,2014,FALSE,Modoc,25,,,,2014-07-03T10:30:00Z,,FALSE,TRUE,,,,41.89,-120.79,FALSE,Modoc Lightning Complex,100,,TRUE,2014-07-01T19:00:00Z,Finalized,,,,,
1548,FALSE,CAL FIRE San Diego Unit/San Diego City Fire/Rancho Santa Fe Fire District,,2014,TRUE,San Diego,37,4,,,2014-05-17T20:14:00Z,,FALSE,TRUE,,,3,33.003,-117.133,TRUE,Bernardo Fire,100,211,TRUE,2014-05-13T11:00:00Z,Finalized,,,,50,
1469,FALSE,CAL FIRE Lassen-Modoc Unit / Modoc National Forest,,2014,TRUE,Modoc,25,8,,17,2014-07-07T07:00:00Z,,FALSE,TRUE,,2,,41.489,-120.904,TRUE,Gulch Fire,100,427,TRUE,2014-07-03T15:46:00Z,Finalized,,,,,4
1457,FALSE,Marine Corps Base Camp Pendleton,,2014,FALSE,San Diego,37,,,,2014-05-20T23:30:00Z,,FALSE,TRUE,,,,33.417572,-117.550567,FALSE,San Mateo Fire,100,,TRUE,2014-05-16T11:24:00Z,Finalized,,,,,
1375,FALSE,CAL FIRE Shasta-Trinity Unit,,2014,TRUE,Shasta,45,4,,7,2014-09-16T09:30:00Z,,FALSE,TRUE,,,4,40.7101,-122.171,TRUE,Gulch Fire,100,169,TRUE,2014-09-10T00:30:00Z,Finalized,,4,,,2
1080,FALSE,Yosemite National Park,,2014,FALSE,Mariposa,22,,,,2014-08-20T19:00:00Z,,FALSE,TRUE,,,,0,0,FALSE,Dark Hole Fire,100,,TRUE,2014-07-17T01:00:00Z,Finalized,,,,,
968,FALSE,US Forest Service - Cleveland National Forest,,2014,FALSE,Orange,30,,,,2014-09-22T15:00:00Z,,FALSE,TRUE,,,,33.748,-117.601,FALSE,Silverado Fire,100,,TRUE,2014-09-12T10:30:00Z,Finalized,,,,,
865,FALSE,Lassen National Forest,,2014,FALSE,Tehama,52,,,,2014-01-10T18:30:00Z,,FALSE,TRUE,,,,40.134597,-121.790183,FALSE,Campbell Fire,100,,TRUE,2014-01-02T20:00:00Z,Finalized,,,,,
677,FALSE,CAL FIRE Madera-Mariposa-Merced Unit,,2014,TRUE,Mariposa,22,2,,2,2014-06-02T18:30:00Z,,FALSE,TRUE,,,9,0,0,TRUE,Hunters Fire,100,32,TRUE,2014-05-26T15:33:00Z,Finalized,,3,,,
632,FALSE,Santa Barbara County Fire,,2014,TRUE,Santa Barbara,42,10,1,10,2014-05-19T09:20:00Z,,FALSE,TRUE,,1,,34.609,-120.454,TRUE,Miguelito Fire,100,548,TRUE,2014-05-13T14:00:00Z,Finalized,,,,1200,3
612,FALSE,CAL FIRE Madera-Mariposa-Merced Unit,,2014,TRUE,Madera,20,6,2,7,2014-08-25T08:25:00Z,,FALSE,TRUE,,,3,37.3433,-119.6581,TRUE,Junction Fire,100,188,TRUE,2014-08-18T13:50:00Z,Finalized,,47,,,3
600,FALSE,Carlsbad Fire Department,,2014,FALSE,San Diego,37,,,,2014-05-17T00:00:00Z,,FALSE,TRUE,,,,33.1109,-117.279,FALSE,Poinsettia Fire,100,,TRUE,2014-05-14T10:30:00Z,Finalized,,,,,
580,FALSE,CAL FIRE Shasta-Trinity Unit,,2014,TRUE,Trinity,53,82,,3,2014-08-28T19:00:00Z,,FALSE,TRUE,,,2,40.7412,-122.946,TRUE,Oregon Fire,100,46,TRUE,2014-08-24T16:36:00Z,Finalized,,1,,,
516,FALSE,CAL FIRE Siskiyou Unit,,2014,TRUE,Siskiyou,47,14,2,10,2014-10-11T18:50:00Z,,FALSE,TRUE,,,1,41.42384,-122.37432,TRUE,Boles Fire,100,453,TRUE,2014-09-15T13:38:00Z,Finalized,7,165,,1100,
487,FALSE,CAL FIRE Tuolumne-Calaveras Unit,,2014,TRUE,Tuolumne,55,,,,2014-06-05T20:00:00Z,,FALSE,TRUE,,,,37.76617,-120.45087,FALSE,59 Fire,100,,TRUE,2014-06-04T11:45:00Z,Finalized,,,,,
459,FALSE,CAL FIRE Nevada-Yuba-Placer Unit,,2014,TRUE,Placer,31,,,,2014-10-15T07:50:00Z,,FALSE,TRUE,,,2,0,0,TRUE,Applegate Fire,100,,TRUE,2014-10-08T13:33:00Z,Finalized,,10,,,
403,FALSE,CAL FIRE Mendocino Unit,,2014,TRUE,Mendocino,23,,,1,2014-09-17T16:10:00Z,,FALSE,TRUE,,,3,0,0,TRUE,Black Fire,100,15,TRUE,2014-09-13T15:48:00Z,Finalized,,11,,,
400,FALSE,CAL FIRE San Benito-Monterey Unit,,2014,TRUE,Monterey,27,,,,2014-03-21T18:00:00Z,,FALSE,TRUE,,,,36.6313,-121.4819,TRUE,Encinal Fire,100,,TRUE,2014-03-19T16:45:00Z,Finalized,,,,,
389,FALSE,CAL FIRE Butte Unit,4,2014,TRUE,Butte,4,29,5,46,2014-08-01T17:30:00Z,,FALSE,TRUE,,1,4,0,0,TRUE,Web Fire,100,835,TRUE,2014-07-28T13:11:00Z,Finalized,,,,,13
380,FALSE,CAL FIRE San Diego Unit,,2014,TRUE,San Diego,37,,,,2014-05-15T18:30:00Z,,FALSE,TRUE,,,,33.312,-117.162,TRUE,Highway Fire,100,,TRUE,2014-05-14T13:00:00Z,Finalized,,,,,
350,FALSE,CAL FIRE / Riverside County Fire Department,,2014,TRUE,Riverside,33,,,,2014-03-16T08:30:00Z,,FALSE,TRUE,,,,0,0,FALSE,Pierce Fire,100,,TRUE,2014-03-15T16:37:00Z,Finalized,,,,,
333,FALSE,CAL FIRE Humboldt Del-Norte Unit,,2014,TRUE,Humboldt,12,,,,2014-01-08T19:15:00Z,,FALSE,TRUE,,,,40.884415,-123.773779,FALSE,Red Fire,100,,TRUE,2014-01-04T12:00:00Z,Finalized,,,,,
320,FALSE,CAL FIRE Madera-Mariposa-Merced Unit,,2014,TRUE,Madera,20,2,,4,2014-09-22T07:15:00Z,,FALSE,TRUE,,,4,37.311915,-119.604124,TRUE,Courtney Fire,100,90,TRUE,2014-09-14T13:36:00Z,Finalized,2,69,,,1
311,FALSE,Yosemite National Park,,2014,FALSE,Mariposa,22,,,,2014-10-12T18:00:00Z,,FALSE,TRUE,,,,37,40.34,FALSE,Dog Rock Fire,100,,TRUE,2014-10-07T15:05:00Z,Finalized,,,,,
300,FALSE,CAL FIRE is in Unified Command with Mariposa County Fire and Sheriff’s Departments,,2014,TRUE,Mariposa,22,,,,2014-09-12T09:00:00Z,,FALSE,TRUE,,,3,0,0,TRUE,Bridge Fire,100,,TRUE,2014-09-05T12:39:00Z,Finalized,,,,,
300,FALSE,CAL FIRE Madera-Mariposa-Merced Unit,,2014,TRUE,Merced,24,,,,2014-07-25T09:15:00Z,,FALSE,TRUE,,,,0,0,FALSE,Gun Club Fire,100,,TRUE,2014-07-24T12:06:00Z,Finalized,,,,,
274,FALSE,US Forest Service - Angeles National Forest,,2014,FALSE,Los Angeles,19,,,,2014-12-12T13:30:00Z,,FALSE,TRUE,,,,34.267,-117.867,FALSE,Tecolote Fire,100,,TRUE,2014-08-17T14:30:00Z,Finalized,,,,,
269,FALSE,CAL FIRE Tuolumne-Calaveras Unit,,2014,TRUE,Tuolumne,55,,,,2014-06-06T09:30:00Z,,FALSE,TRUE,,,,37.787,-120.452,FALSE,Hetch Hetchy Fire,100,,TRUE,2014-06-05T13:04:00Z,Finalized,,,,,
247,FALSE,CAL FIRE Nevada-Yuba-Placer Unit,,2014,TRUE,Nevada,29,3,,3,2014-09-18T18:45:00Z,,FALSE,TRUE,,,,39.113682,-120.999508,TRUE,Dog Bar Fire,100,53,TRUE,2014-09-13T14:07:00Z,Finalized,,,,,1
225,FALSE,CAL FIRE Tehama-Glenn Unit,,2014,TRUE,Tehama,52,,,,2014-06-13T13:50:00Z,,FALSE,TRUE,,,,40.009827,-122.345078,FALSE,Tehama Fire,100,,TRUE,2014-06-13T12:23:00Z,Finalized,,,,,
217,FALSE,CAL FIRE San Diego Unit,,2014,TRUE,San Diego,37,4,,5,2014-07-06T09:15:00Z,,FALSE,TRUE,,,4,33.078948,-116.576454,TRUE,Banner Fire,100,91,TRUE,2014-07-03T10:43:00Z,Finalized,,3,,,
210,FALSE,Six Rivers National Forest,,2014,FALSE,Humboldt,12,,,,2014-09-15T11:00:00Z,,FALSE,TRUE,,,,41.134,-123.753,FALSE,Bald Hill 3 Fire,100,,TRUE,2014-09-12T15:00:00Z,Finalized,,,,,
190,FALSE,US Forest Service - Angeles National Forest,,2014,FALSE,Los Angeles,19,,,,2014-12-12T14:00:00Z,,FALSE,TRUE,,,,34.235,-117.771,FALSE,Shoemaker Fire,100,,TRUE,2014-08-14T12:48:00Z,Finalized,,,,,
175,FALSE,CAL FIRE Sonoma-Lake-Napa Unit,,2014,TRUE,Lake,17,,,,2014-05-26T08:45:00Z,,FALSE,TRUE,,,,39.1647,-122.5983,FALSE,Indian Fire,100,,TRUE,2014-05-25T12:20:00Z,Finalized,,,,,
143,FALSE,CAL FIRE Shasta-Trinity Unit,,2014,TRUE,Shasta,45,,,,2014-07-10T07:30:00Z,,FALSE,TRUE,,,,40.6569,-122.2215,FALSE,Dry Fire,100,,TRUE,2014-07-09T13:45:00Z,Finalized,,,,,
130,FALSE,CAL FIRE Madera-Mariposa-Merced Unit,,2014,TRUE,Mariposa,22,,1,,2014-06-13T18:30:00Z,,FALSE,TRUE,,,1,37.7103,-120.197,TRUE,Haigh Fire,100,10,TRUE,2014-06-10T15:11:00Z,Finalized,,,,,4
125,FALSE,CAL FIRE Santa Clara Unit,,2014,TRUE,Santa Clara,43,,,,2014-07-01T08:30:00Z,,FALSE,TRUE,,,,0,0,FALSE,Curie Fire,100,,TRUE,2014-06-30T14:10:00Z,Finalized,,,,,
125,FALSE,USFS - Cleveland National Forest,,2014,FALSE,San Diego,37,,,,2014-03-11T11:00:00Z,,FALSE,TRUE,,,,32.81,-116.49,FALSE,Gun Fire,100,,TRUE,2014-03-08T12:30:00Z,Finalized,,,,,
120,FALSE,CAL FIRE Tuolumne Calaveras Unit,,2014,TRUE,Calaveras,5,,,,2014-06-21T19:00:00Z,,FALSE,TRUE,,,,120.679019,38.178241,FALSE,Reed Fire,100,,TRUE,2014-06-20T15:27:00Z,Finalized,,,,,
120,FALSE,CAL FIRE Nevada-Placer-Yuba Unit / Placer County Fire,,2014,TRUE,Placer,31,,,,2014-01-22T16:35:00Z,,FALSE,TRUE,,,,0,0,FALSE,Brewer Fire,100,,TRUE,2014-01-22T13:10:00Z,Finalized,,,,,
113,FALSE,CAL FIRE San Bernardino Unit,,2014,TRUE,Inyo,14,11,1,12,2014-04-21T19:15:00Z,,FALSE,TRUE,,2,,37.399,-118.352,TRUE,Bridges Fire,100,256,TRUE,2014-04-19T15:54:00Z,Finalized,,,,,
106,FALSE,CAL FIRE Fresno-Kings Unit,,2014,TRUE,Fresno,10,,,,2014-01-26T18:00:00Z,,FALSE,TRUE,,,,36.8266,-119.3415,FALSE,Lake Fire,100,,TRUE,2014-01-25T06:37:00Z,Finalized,,,,,
105,FALSE,Oceanside Fire Department,,2014,FALSE,San Diego,37,,,,2014-05-19T09:20:00Z,,FALSE,TRUE,,,,0,0,FALSE,River Fire,100,,TRUE,2014-05-14T12:12:00Z,Finalized,,,,,
101,FALSE,US Forest Service - Modoc National Forest ,,2014,TRUE,Modoc,25,,,,2014-08-13T06:15:00Z,,FALSE,TRUE,,,,41.507,-121.266,FALSE,Little Fire,100,,TRUE,2014-08-12T15:00:00Z,Finalized,,,,,
100,FALSE,CAL FIRE Sonoma-Lake-Napa Unit,,2014,TRUE,Lake,17,,,,2014-09-05T18:30:00Z,,FALSE,TRUE,,,,0,0,FALSE,Saratoga Fire,100,,TRUE,2014-09-03T16:03:00Z,Finalized,,,,,
100,FALSE,CAL FIRE Riverside Unit / Riverside County Fire,,2014,TRUE,Riverside,33,,,,2014-09-01T22:00:00Z,,FALSE,TRUE,,,,0,0,FALSE,Interstate Fire,100,,TRUE,2014-09-01T14:03:00Z,Finalized,,,,,
94,FALSE,US Forest Service - El Dorado National Forest,,2014,FALSE,El Dorado,9,,,,2014-09-17T18:45:00Z,,FALSE,TRUE,,,,38.59,-120.028,FALSE,Irene Fire,100,,TRUE,2014-09-14T09:15:00Z,Finalized,,,,,
90,FALSE,CAL FIRE Madera-Mariposa-Merced Unit,,2014,TRUE,Mariposa,22,12,5,15,2014-06-08T19:45:00Z,,FALSE,TRUE,,4,,0,0,TRUE,Valley Fire,100,356,TRUE,2014-06-06T17:29:00Z,Finalized,,,,40,
85,FALSE,CAL FIRE Tuolumne Calaveras Unit,,2014,TRUE,Calaveras,5,,,,2014-06-24T19:00:00Z,,FALSE,TRUE,,,1,38.058,-120.66,TRUE,Oak Fire,100,,TRUE,2014-06-22T12:37:00Z,Finalized,,1,,,
84,FALSE,US Forest Service - Tahoe National Forest,,2014,TRUE,Nevada,29,,,,2014-08-19T16:45:00Z,,FALSE,TRUE,,,,39.3918,-120.0805,FALSE,Boca Fire,100,,TRUE,2014-08-18T10:00:00Z,Finalized,,,,,
80,FALSE,CAL FIRE Santa Clara Unit,,2014,TRUE,Santa Clara,43,,,,2014-08-31T08:15:00Z,,FALSE,TRUE,,,,0,0,FALSE,Casa Fire,100,,TRUE,2014-08-28T15:10:00Z,Finalized,,,,,
80,FALSE,CAL FIRE Santa Clara Unit,,2014,TRUE,Contra Costa,7,,,,2014-07-12T18:00:00Z,,FALSE,TRUE,,,,37.5359,-121.5118,TRUE,Marsh Fire,100,,TRUE,2014-07-11T21:57:00Z,Finalized,,,,,
79,FALSE,Stanislaus National Forest ,,2014,FALSE,Mariposa,22,,,,2014-09-09T19:45:00Z,,FALSE,TRUE,,,,0,0,FALSE,Montgomery Fire,100,,TRUE,2014-09-07T16:46:00Z,Finalized,,,,,
78,FALSE,CAL FIRE/Riverside County Fire,,2014,TRUE,Riverside,33,,,,2014-07-24T09:00:00Z,,FALSE,TRUE,,,,0,0,FALSE,Sabina Fire,100,,TRUE,2014-07-23T10:47:00Z,Finalized,,,,,
75,FALSE,CAL FIRE Shasta-Trinity Unit,,2014,TRUE,Shasta,45,5,1,3,2014-07-08T18:30:00Z,,FALSE,TRUE,,,,40.5719,-121.3415,TRUE,Cassel Fire,100,108,TRUE,2014-07-05T18:44:00Z,Finalized,,,,,2
75,FALSE,CAL FIRE San Benito-Monterey Unit,,2014,TRUE,Monterey,27,,,,2014-05-01T19:00:00Z,,FALSE,TRUE,,,,36.103,-121.117,FALSE,San Lucas Fire,100,,TRUE,2014-04-30T14:25:00Z,Finalized,,,,,
72,FALSE,CAL FIRE Butte Unit,,2014,TRUE,Butte,4,,,,2014-07-16T08:00:00Z,,FALSE,TRUE,,,,39.4664,-121.6129,FALSE,Wildlife Fire,100,,TRUE,2014-07-14T18:00:00Z,Finalized,,,,,
70,FALSE,CAL FIRE Tuolumne Caleveras Unit,,2014,TRUE,Tuolumne,55,,,,2014-09-05T09:15:00Z,,FALSE,TRUE,,,,37.8316,-120.3434,FALSE,Jackson Fire,100,,TRUE,2014-09-04T11:51:00Z,Finalized,,,,,
70,FALSE,Sequoia National Forest,,2014,FALSE,Kern,15,,,,2014-07-06T08:30:00Z,,FALSE,TRUE,,,,0,0,FALSE,Ranch Fire,100,,TRUE,2014-07-01T18:15:00Z,Finalized,,,,,
70,FALSE,CAL FIRE Sonoma-Lake-Napa Unit,,2014,TRUE,Solano,48,,,,2014-06-13T08:00:00Z,,FALSE,TRUE,,,,121.999,38.453,FALSE,Norman Fire,100,,TRUE,2014-06-12T14:29:00Z,Finalized,,,,,
65,FALSE,Inyo National Forest,,2014,FALSE,Inyo,14,,,,2014-09-21T09:00:00Z,,FALSE,TRUE,,,,0,0,FALSE,June Fire,100,,TRUE,2014-09-16T19:07:00Z,Finalized,,,,,
62,FALSE,CAL FIRE Mendocino Unit,,2014,TRUE,Mendocino,23,2,,2,2014-09-22T16:30:00Z,,FALSE,TRUE,,,,0,0,TRUE,Nelson Fire,100,42,TRUE,2014-09-21T16:13:00Z,Finalized,,,,,
60,FALSE,CAL FIRE Butte Unit,,2014,TRUE,Butte,4,,,,2014-01-02T07:30:00Z,,FALSE,TRUE,,,,0,0,FALSE,Honcut Fire,100,,TRUE,2014-01-01T10:46:00Z,Finalized,,,,,
57,FALSE,CAL FIRE / Riverside County Fire,,2014,TRUE,Riverside,33,,,,2014-03-29T17:15:00Z,,FALSE,TRUE,,,,33.5982,-116.1985,FALSE,Van Buren Fire,100,,TRUE,2014-03-28T14:31:00Z,Finalized,,,,,
56,FALSE,Marine Corps Base - Camp Pendleton,,2014,TRUE,San Diego,37,,,,2014-05-20T11:30:00Z,,FALSE,TRUE,,,,0,0,FALSE,Freeway Fire ,100,,TRUE,2014-05-14T17:43:00Z,Finalized,,,,,
50,FALSE,CAL FIRE Shasta-Trinity Unit,,2014,TRUE,Shasta,45,,,,2014-05-15T11:30:00Z,,FALSE,TRUE,,,,40.39,-122.721,FALSE,Fiddler Fire,100,,TRUE,2014-05-14T14:00:00Z,Finalized,,,,,
48,FALSE,CAL FIRE San Bernardino Unit / Chino Valley Fire District,,2014,TRUE,San Bernardino,36,,,,2014-10-17T18:15:00Z,,FALSE,TRUE,,,,33.93869,-117.70643,FALSE,Bane Fire,100,,TRUE,2014-10-16T14:34:00Z,Finalized,,,,,
47,FALSE,CAL FIRE San Benito-Monterey Unit,,2014,TRUE,San Luis Obispo,",40",,,,2014-07-08T18:30:00Z,,FALSE,TRUE,,,,35.8218,-121.0226,FALSE,Interlake Fire,100,,TRUE,2014-07-07T16:12:00Z,Finalized,,,,,
40,FALSE,CAL FIRE Fresno-Kings Unit,,2014,TRUE,Fresno,10,,,,2014-06-11T07:30:00Z,,FALSE,TRUE,,,4,36.991825,-119.525506,TRUE,Morgan Fire,100,,TRUE,2014-06-09T15:15:00Z,Finalized,,1,,,
38,FALSE,CAL FIRE Nevada-Yuba-Placer,,2014,TRUE,Nevada,29,,,,2014-07-08T06:56:00Z,,FALSE,TRUE,,,,39.1871,-121.2687,FALSE,Hutto Fire,100,,TRUE,2014-07-07T16:35:00Z,Finalized,,,,,
37,FALSE,CAL FIRE Humboldt-Del Norte Unit,,2014,TRUE,Humboldt,12,,,,2014-08-02T08:00:00Z,,FALSE,TRUE,,,,0,0,FALSE,McClellan Fire,100,,TRUE,2014-08-01T15:47:00Z,Finalized,,,,,
37,FALSE,CAL FIRE Tuolumne-Calaveras Unit,,2014,TRUE,Stanislaus,50,,,,2014-05-29T08:45:00Z,,FALSE,TRUE,,,,0,0,FALSE,Lake Fire,100,,TRUE,2014-05-27T11:23:00Z,Finalized,,,,,
31,FALSE,CAL FIRE Riverside County Fire,,2014,TRUE,Riverside,33,1,,1,2014-06-07T19:00:00Z,,FALSE,TRUE,,,,0,0,TRUE,Bogart Fire,100,51,TRUE,2014-06-06T17:32:00Z,Finalized,,,,,
30,FALSE,CAL FIRE Siskiyou Unit,,2014,TRUE,Siskiyou,47,,,,2014-08-02T11:00:00Z,,FALSE,TRUE,,,,0,0,TRUE,Siskiyou County Lightning Fires,100,,TRUE,2014-07-29T13:00:00Z,Finalized,,,,,
30,FALSE,CAL FIRE Amador-El Dorado Unit,,2014,TRUE,El Dorado,9,,,,2014-07-09T16:45:00Z,,FALSE,TRUE,,,,38.608336,-120.703238,FALSE,Bible Fire,100,,TRUE,2014-07-09T14:34:00Z,Finalized,,,,,
29,FALSE,CAL FIRE San Diego Unit,,2014,TRUE,San Diego,37,,,,2014-05-06T10:20:00Z,,FALSE,TRUE,,,,32.665,-116.222,FALSE,Jacumba Fire,100,,TRUE,2014-05-05T16:36:00Z,Finalized,,,,,
27,FALSE,CAL FIRE Sonoma-Lake-Napa Unit,,2014,TRUE,Napa,28,,,,2014-09-15T14:20:00Z,,FALSE,TRUE,,,,38.695961,-122.384054,FALSE,Stage Coach Fire,100,,TRUE,2014-09-11T15:14:00Z,Finalized,,,,,
25,FALSE,Ventura County Fire Department,,2014,TRUE,Ventura,56,,,,2014-09-30T15:00:00Z,,FALSE,TRUE,,,,0,0,FALSE,Foothill Fire ,100,,TRUE,2014-09-29T19:35:00Z,Finalized,,,,,
25,FALSE,CAL FIRE Shasta-Trinity Unit,,2014,TRUE,Shasta,45,,,,2014-08-29T13:15:00Z,,FALSE,TRUE,,,,40,29.24,FALSE,Leopard Fire,100,,TRUE,2014-08-29T12:21:00Z,Finalized,,,,,
25,FALSE,CAL FIRE Fresno-Kings Unit,,2014,TRUE,Fresno,10,,,,2014-06-09T19:15:00Z,,FALSE,TRUE,,,,36.742747,-119.241493,FALSE,Hall Fire,100,,TRUE,2014-06-11T07:30:00Z,Finalized,,,,,
20,FALSE,US Forest Service - Lake Tahoe Basin Management Unit,,2014,FALSE,El Dorado,9,,,,2014-09-25T07:27:00Z,,FALSE,TRUE,,,,38.9195001,-120.1140659,FALSE,Cascade Fire,100,,TRUE,2014-09-25T18:00:00Z,Finalized,,,,,
20,FALSE,CAL FIRE San Diego Unit,,2014,TRUE,San Diego,37,,,,2014-08-17T07:45:00Z,,FALSE,TRUE,,,,32.59154,-116.89516,FALSE,Border Fire,100,,TRUE,2014-08-16T16:22:00Z,Finalized,,,,,
18,FALSE,CAL FIRE Humboldt Del-Norte Unit,,2014,TRUE,Humboldt,12,,,,2014-01-04T18:30:00Z,,FALSE,TRUE,,,,0,0,FALSE,Bridge Fire,100,,TRUE,2014-01-03T10:30:00Z,Finalized,,,,,
15,FALSE,Shasta - Trinity National Forest,,2014,FALSE,Trinity,53,,,,2014-07-03T10:45:00Z,,FALSE,TRUE,,,,40.41,-123.24,FALSE,West Fire,100,,TRUE,2014-07-01T03:45:00Z,Finalized,,,,,
14,FALSE,CAL FIRE Nevada-Yuba-Placer Unit,,2014,TRUE,Placer,31,,,,2014-07-22T18:00:00Z,,FALSE,TRUE,,,,0,0,FALSE,Iowa Fire,100,,TRUE,2014-07-21T14:49:00Z,Finalized,,,,,
14,FALSE,CAL FIRE Riverside Unit,,2014,TRUE,Riverside,33,,,,2014-06-04T16:30:00Z,,FALSE,TRUE,,,,0,0,FALSE,Santa Fire,100,,TRUE,2014-06-04T15:18:00Z,Finalized,,,,,
10,FALSE,USFS - Sierra National Forest,,2014,TRUE,Madera,20,,,,2014-12-12T13:45:00Z,,FALSE,TRUE,,,,37,18.4,FALSE,Pines Fire,100,,TRUE,2014-08-26T16:23:00Z,Finalized,,,,,
6,FALSE,CAL FIRE / Napa County Fire,,2014,TRUE,Napa,28,,,,2014-08-31T18:00:00Z,,FALSE,TRUE,,,,0,0,FALSE,South Napa Earthquake,100,,TRUE,2014-08-24T03:20:00Z,Finalized,,,,,
0,FALSE,US Forest Service - Klamath National Forest,,2014,FALSE,Siskiyou,47,,,,2014-08-14T09:30:00Z,,FALSE,TRUE,,,,41.796,-123.374,FALSE,Happy Camp Complex,100,,TRUE,2014-08-11T22:00:00Z,Finalized,,,,,
151623,FALSE,Sierra National Forest ,,2015,FALSE,Fresno,10,,,,2015-11-09T12:00:00Z,,FALSE,TRUE,,,,36.874,-118.905,FALSE,Rough Fire ,100,,TRUE,2015-07-31T19:00:00Z,Finalized,,,,,
77081,FALSE,USFS - Shasta-Trinity National Forest,,2015,FALSE,Trinity,53,,,,2015-07-31T20:25:00Z,,FALSE,TRUE,,,,0,0,FALSE,River Complex,100,,TRUE,2015-07-30T22:30:00Z,Finalized,,,,,
69438,FALSE,CAL FIRE Sonoma-Lake-Napa Unit,,2015,TRUE,Lake,17,6,14,24,2015-08-14T18:15:00Z,,FALSE,TRUE,,,,38.8863538,-122.4762475,TRUE,Rocky Fire,100,227,TRUE,2015-07-29T15:29:00Z,Finalized,8,96,,,8
36503,FALSE,USFS - Shasta-Trinity National Forest,,2015,FALSE,Trinity,53,,,,2015-08-24T10:00:00Z,,FALSE,TRUE,,,,0,0,FALSE,Fork Complex,100,,TRUE,2015-07-30T21:30:00Z,Finalized,,,,,
31359,FALSE,CAL FIRE / San Bernardino National Forest / San Bernardino County Fire/ San Bernardino County Sheriffs,,2015,TRUE,San Bernardino,36,,,,2015-08-01T22:15:00Z,,FALSE,TRUE,,,,34.16027778,-116.8927778,FALSE,Lake Fire,100,,TRUE,2015-06-17T15:52:00Z,Finalized,,,,,
30361,FALSE,USFS - Six Rivers National Forest,,2015,FALSE,Del Norte,8,,,,2015-08-04T09:00:00Z,,FALSE,TRUE,,,,0,0,FALSE,Gasquet Complex,100,,TRUE,2015-07-31T21:00:00Z,Finalized,,,,,
29416,FALSE,USFS - Shasta - Trinity National Forest,,2015,FALSE,Trinity,53,,,,2015-08-03T14:00:00Z,,FALSE,TRUE,,,,0,0,FALSE,South Complex,100,,TRUE,2015-07-30T16:00:00Z,Finalized,,,,,
25118,FALSE,CAL FIRE Sonoma-Lake-Napa Unit,,2015,TRUE,Lake,"17,28",,,,2015-08-25T06:45:00Z,,FALSE,TRUE,,,,38.8142503,-122.4867319,TRUE,Jerusalem Fire,100,,TRUE,2015-08-09T15:34:00Z,Finalized,,27,,0,
25118,FALSE,CAL FIRE Sonoma-Lake-Napa Unit,,2015,TRUE,Napa,"17,28",,,,2015-08-25T06:45:00Z,,FALSE,TRUE,,,,38.8142503,-122.4867319,TRUE,Jerusalem Fire,100,,TRUE,2015-08-09T15:34:00Z,Finalized,,27,,0,
10570,FALSE,Bureau of Land Management,,2015,FALSE,Lassen,18,,,,2015-08-04T10:37:00Z,,FALSE,TRUE,,,,40.938,-120.105,FALSE,Dodge Fire,100,,TRUE,2015-08-03T14:15:00Z,Finalized,,,,,
7509,FALSE,USFS - Six Rivers National Forest,,2015,FALSE,Del Norte,8,,,,2015-11-09T12:00:00Z,,FALSE,TRUE,,,,0,0,FALSE,Nickowitz Fire,100,,TRUE,2015-08-01T23:23:00Z,Finalized,,,,,
7000,FALSE,CAL FIRE San Bernardino Unit,,2015,TRUE,Inyo,"14,26",6,1,7,2015-02-12T07:35:00Z,,FALSE,TRUE,,,4,0,0,TRUE,Round Fire,100,100,TRUE,2015-02-06T14:07:00Z,Finalized,5,40,,,
7000,FALSE,CAL FIRE San Bernardino Unit,,2015,TRUE,Mono,"14,26",6,1,7,2015-02-12T07:35:00Z,,FALSE,TRUE,,,4,0,0,TRUE,Round Fire,100,100,TRUE,2015-02-06T14:07:00Z,Finalized,5,40,,,
6980,FALSE,USFS - Sequoia National Forest,,2015,FALSE,Tulare,54,,,,2015-09-05T18:00:00Z,,FALSE,TRUE,,,,36.24,-118.54,FALSE,Cabin Fire,100,,TRUE,2015-07-19T08:00:00Z,Finalized,,,,,
5702,FALSE,US Forest Service - Sierra National Forest ,,2015,TRUE,Madera,20,,,,2015-08-13T10:30:00Z,,FALSE,TRUE,,,,37.279722,-119.50014,FALSE,Willow Fire,100,,TRUE,2015-07-25T14:30:00Z,Finalized,,,,,
4883,FALSE,CAL FIRE Humboldt - Del Norte Unit,,2015,TRUE,Humboldt,12,39,8,57,2015-08-19T19:15:00Z,,FALSE,TRUE,,10,14,0,0,TRUE,Humboldt Lightning Fires,100,1392,TRUE,2015-07-30T16:02:00Z,Finalized,,7,,,10
4863,FALSE,USFS Modoc National Forest,,2015,FALSE,Modoc,25,,,,2015-07-31T20:00:00Z,,FALSE,TRUE,,,,41.399,-121.392,FALSE,Frog Fire,100,,TRUE,2015-07-30T17:45:00Z,Finalized,,,,,
4250,FALSE,CAL FIRE San Bernardino Unit/ San Bernardino National Forest / San Bernardino County Fire ,,2015,TRUE,San Bernardino,36,4,1,,2015-07-21T07:00:00Z,,FALSE,TRUE,,,,34.339,-117.478,TRUE,North Fire,100,215,TRUE,2015-07-17T14:33:00Z,Finalized,4,68,,,
3676,FALSE,Inyo National Forest,,2015,FALSE,Mono,26,,,,2015-08-23T17:45:00Z,,FALSE,TRUE,,,,0,0,FALSE,Walker Fire,100,,TRUE,2015-08-14T21:31:00Z,Finalized,,,,,
2700,FALSE,CAL FIRE Santa Clara Unit,,2015,TRUE,Alameda,1,,,5,2015-08-22T18:30:00Z,,FALSE,TRUE,,,,37.3845,-121.3732,TRUE,Tesla Fire,100,18,TRUE,2015-08-19T14:45:00Z,Finalized,,,,,1
2446,FALSE,CAL FIRE San Luis Obispo Unit/ Los Padres National Forest ,,2015,TRUE,San Luis Obispo,40,26,3,23,2015-08-28T18:15:00Z,,FALSE,TRUE,,3,1,35.3477,-120.6269,TRUE,Cuesta Fire,100,692,TRUE,2015-08-16T18:13:00Z,Finalized,,1,,0,8
2304,FALSE,CAL FIRE Nevada-Yuba-Placer Unit,,2015,TRUE,Nevada,29,,,1,2015-08-12T19:15:00Z,,FALSE,TRUE,,,6,39.192088,-120.882313,TRUE,Lowell Fire,100,27,TRUE,2015-07-25T14:37:00Z,Finalized,1,2,,54,3
1850,FALSE,Camp Pendleton Military Base,,2015,FALSE,San Diego,37,,,,2015-08-18T19:00:00Z,,FALSE,TRUE,,,,0,0,FALSE,Horno Fire,100,,TRUE,2015-08-13T13:03:00Z,Finalized,,,,,
1791,FALSE,CAL FIRE San Luis Obispo Unit,,2015,TRUE,San Luis Obispo,40,,,3,2015-06-24T18:30:00Z,,FALSE,TRUE,,,4,0,0,TRUE,Park Hill Fire,100,15,TRUE,2015-06-20T14:41:00Z,Finalized,,23,,,
1542,FALSE,USFS Shasta-Trinity National Forest ,,2015,FALSE,Trinity,53,,,,2015-06-29T09:00:00Z,,FALSE,TRUE,,,,40.924,-123.168,FALSE,Saddle Fire ,100,,TRUE,2015-06-10T15:00:00Z,Finalized,,,,,
1450,FALSE,CAL FIRE Madera-Mariposa-Merced Unit,,2015,TRUE,Merced,24,,,,2015-08-01T19:00:00Z,,FALSE,TRUE,,,,0,0,FALSE,Creek Fire,100,,TRUE,2015-07-31T21:37:00Z,Finalized,,,,,
1333,FALSE,CAL FIRE Madera-Mariposa-Merced Unit,,2015,TRUE,Merced,24,,1,2,2015-07-21T07:15:00Z,,FALSE,TRUE,,,,0,0,TRUE,McCabe Fire,100,13,TRUE,2015-07-18T22:27:00Z,Finalized,,,,,
1086,FALSE,CAL FIRE San Benito-Monterey Unit,,2015,TRUE,Monterey,27,,,,2015-09-27T18:15:00Z,1,FALSE,TRUE,,,0,36.3699644,-121.589554,TRUE,Tassajara Fire,100,55,TRUE,2015-09-19T15:00:00Z,Finalized,1,20,,,
1049,FALSE,CAL FIRE/Riverside County Fire,,2015,TRUE,Riverside,33,3,,4,2015-04-24T07:30:00Z,,FALSE,TRUE,,,,33.884313,-117.642759,TRUE,Highway Fire,100,54,TRUE,2015-04-18T18:12:00Z,Finalized,,,,,
1042,FALSE,CAL FIRE Butte Unit,,2015,TRUE,Butte,4,20,12,35,2015-09-17T19:30:00Z,,FALSE,TRUE,,2,1,39.5218,-121.3363,TRUE,Lumpkin Fire,100,613,TRUE,2015-09-11T14:15:00Z,Finalized,,,,,6
920,FALSE,CAL FIRE Madera-Mariposa-Merced Unit,,2015,TRUE,Madera,20,2,2,,2015-06-25T18:45:00Z,,FALSE,TRUE,,,,37.165767,-119.523943,TRUE,Corrine Fire,100,43,TRUE,2015-06-18T21:00:00Z,Finalized,,3,,,2
860,FALSE,CAL FIRE Butte Unit / Butte County Fire,,2015,TRUE,Butte,4,2,3,18,2015-10-04T18:40:00Z,,FALSE,TRUE,,,,0,0,TRUE,Meridian Fire,100,102,TRUE,2015-10-03T21:15:00Z,Finalized,,,,,2
673,FALSE,CAL FIRE Sonoma-Lake-Napa Unit / Mendocino National Forest,,2015,TRUE,Lake,17,4,1,10,2015-09-08T19:28:00Z,,FALSE,TRUE,,,,55.23,-122,TRUE,Elk Fire,100,270,TRUE,2015-09-02T14:57:00Z,Finalized,,,,,6
670,FALSE,CAL FIRE San Benito - Monterey Unit,,2015,TRUE,San Benito,35,2,3,4,2015-10-16T18:00:00Z,,FALSE,TRUE,,,3,36.70854,-121.32734,TRUE,Cienega Fire,100,108,TRUE,2015-10-12T16:00:00Z,Finalized,,,,,4
543,FALSE,CAL FIRE/Riverside County Fire,,2015,TRUE,Riverside,33,,,,2015-08-15T17:30:00Z,,FALSE,TRUE,,,,33.5736,-116.5387,FALSE,Anza Fire,100,,TRUE,2015-08-10T11:44:00Z,Finalized,,,,,
509,FALSE,USFS - Inyo National Forest,,2015,FALSE,Mono,26,,,,2015-02-20T19:00:00Z,,FALSE,TRUE,,,,0,0,FALSE,Van Dyke Fire,100,,TRUE,2015-02-06T16:52:00Z,Finalized,,,,,
500,FALSE,Sierra National Forest,,2015,FALSE,Madera,20,,,,2015-06-19T08:15:00Z,,FALSE,TRUE,,,,0,0,FALSE,Sky Fire,100,,TRUE,2015-06-18T14:31:00Z,Finalized,,,,,
430,FALSE,CAL FIRE Tulare Unit,,2015,TRUE,Tulare,54,,,,2015-07-26T10:30:00Z,,FALSE,TRUE,,,,36.085212,-118.824235,TRUE,Triple Fire,100,,TRUE,2015-07-21T12:35:00Z,Finalized,,,,,
415,FALSE,USFS - Yosemite National Park,,2015,FALSE,Mariposa,22,,,,2015-09-11T11:00:00Z,,FALSE,TRUE,,,,0,0,FALSE,Tenaya Fire,100,,TRUE,2015-09-07T21:23:00Z,Finalized,,,,,
415,FALSE,Los Angeles County Fire ,,2015,FALSE,Los Angeles,19,,,,2015-06-26T17:00:00Z,,FALSE,TRUE,,,,34.361007,-118.535793,FALSE,Calgrove Fire ,100,,TRUE,2015-06-24T13:22:00Z,Finalized,,,,,
400,FALSE,CAL FIRE Butte Unit,,2015,TRUE,Butte,4,,,,2015-08-03T17:00:00Z,,FALSE,TRUE,,,,39.43963,-121.38794,TRUE,Swedes Fire,100,8,TRUE,2015-07-29T11:25:00Z,Finalized,,16,,,
374,FALSE,Los Angeles County Fire Department /  Montebello Fire Department,,2015,FALSE,Los Angeles,19,,,,2015-08-20T08:10:00Z,,FALSE,TRUE,,,,0,0,FALSE,Lincoln Fire,100,,TRUE,2015-08-16T13:30:00Z,Finalized,,,,,
355,FALSE,CAL FIRE Amador El Dorado Unit,,2015,TRUE,Amador,3,1,2,13,2015-07-02T06:36:00Z,,FALSE,TRUE,,,,0,0,TRUE,Ione Fire,100,,TRUE,2015-07-02T01:58:00Z,Finalized,,,,,5
300,FALSE,Angeles National Forest,,2015,FALSE,Los Angeles,19,,,,2015-08-16T20:00:00Z,,FALSE,TRUE,,,,0,0,FALSE,Warm Fire,100,,TRUE,2015-08-16T15:30:00Z,Finalized,,,,,
300,FALSE,CAL FIRE Santa Clara Unit,,2015,TRUE,Alameda,1,,,,2015-06-06T07:15:00Z,,FALSE,TRUE,,,,0,0,FALSE,Site Fire,100,,TRUE,2015-06-05T20:22:00Z,Finalized,,,,,
282,FALSE,USFS - Los Padres National Forest,,2015,FALSE,Ventura,56,,,,2015-08-12T08:00:00Z,,FALSE,TRUE,,,,0,0,FALSE,Chorro Fire,100,,TRUE,2015-08-02T13:15:00Z,Finalized,,,,,
275,FALSE,CAL FIRE Madera-Mariposa-Merced Unit,,2015,TRUE,Merced,24,,,,2015-05-11T12:15:00Z,,FALSE,TRUE,,,,37.08312,-121.06963,FALSE,Forebay Fire,100,,TRUE,2015-05-11T10:26:00Z,Finalized,,,,,
242,FALSE,CAL FIRE Santa Clara Unit,,2015,TRUE,Alameda,1,,,,2015-05-28T10:30:00Z,,FALSE,TRUE,,,,0,0,FALSE,Christensen Fire,100,,TRUE,2015-05-28T17:00:00Z,Finalized,,,,,
227,FALSE,USFS - Mendocino National Forest,,2015,FALSE,Mendocino,23,,,,2015-08-07T21:00:00Z,,FALSE,TRUE,,,,0,0,FALSE,Mendocino National Forest Lightning Complex,100,,TRUE,2015-07-30T14:00:00Z,Finalized,,,,,
215,FALSE,CAL FIRE Santa Clara Unit,,2015,TRUE,Santa Clara,43,,,,2015-09-10T18:50:00Z,,FALSE,TRUE,,,,0,0,FALSE,Pacheco Fire,100,,TRUE,2015-09-09T15:58:00Z,Finalized,,,,,
215,FALSE,CAL FIRE Sonoma-Lake-Napa Unit,,2015,TRUE,Lake,17,,,4,2015-08-27T15:15:00Z,,FALSE,TRUE,,,,38.925764,-122.879272,TRUE,Peterson Fire,100,,TRUE,2015-08-22T17:30:00Z,Finalized,,,,,
214,FALSE,Orange County Fire Authority,,2015,TRUE,Orange,30,,,,2015-07-15T18:45:00Z,,FALSE,TRUE,,,,33.7626,-117.7274,FALSE,241 Fire,100,,TRUE,2015-07-13T10:47:00Z,Finalized,,,,,
212,FALSE,CAL FIRE Shasta-Trinity Unit,,2015,TRUE,Shasta,45,3,1,20,2015-08-01T19:00:00Z,,FALSE,TRUE,,2,2,40.415108,-122.439939,TRUE,China Fire,100,120,TRUE,2015-07-29T17:55:00Z,Finalized,1,5,,,5
211,FALSE,Santa Barnara County Fire Department,,2015,FALSE,Santa Barbara,42,,,,2015-06-29T17:05:00Z,,FALSE,TRUE,,,,0,0,FALSE,Mesa Fire,100,,TRUE,2015-06-29T13:11:00Z,Finalized,,,,,
204,FALSE,CAL FIRE Tuolumne-Calaveras Unit,,2015,TRUE,Tuolumne,55,5,1,9,2015-08-04T18:00:00Z,,FALSE,TRUE,,,,37.823,-120.15644,TRUE,Big Creek Fire,100,115,TRUE,2015-07-29T16:30:00Z,Finalized,,,,,2
200,FALSE,USFS - Angeles National Forest ,,2015,FALSE,Los Angeles,19,,,,2015-08-04T08:15:00Z,,FALSE,TRUE,,,,34.367,-117.683,FALSE,Pines Fire ,100,,TRUE,2015-07-17T21:30:00Z,Finalized,,,,,
200,FALSE,Shasta-Trinity National Forest,,2015,FALSE,Siskiyou,47,,,,2015-03-02T09:00:00Z,,FALSE,TRUE,,,,41.485,-121.851,FALSE,Stephens Fire,100,,TRUE,2015-02-24T12:15:00Z,Finalized,,,,,
195,FALSE,CAL FIRE Santa Clara Unit,,2015,TRUE,Contra Costa,7,,,,2015-07-30T16:00:00Z,,FALSE,TRUE,,,,37.81629,-121.68113,FALSE,Vasco Fire,100,,TRUE,2015-07-30T11:18:00Z,Finalized,,,,,
186,FALSE,Ventura County Fire Department,,2015,FALSE,Ventura,56,,,,2015-08-16T12:00:00Z,,FALSE,TRUE,,,,0,0,FALSE,Rustic Fire,100,,TRUE,2015-08-14T15:22:00Z,Finalized,,,,,
181,FALSE,CAL FIRE Siskiyou Unit ,,2015,TRUE,Siskiyou,47,,,,2015-07-14T08:30:00Z,,FALSE,TRUE,,,,41.8048,-122.5029,FALSE,Cooley Fire,100,,TRUE,2015-07-13T17:56:00Z,Finalized,,,,,
171,FALSE,CAL FIRE San Diego Unit,,2015,TRUE,San Diego,37,,,,2015-06-19T17:45:00Z,,FALSE,TRUE,,,,32.9421,-116.8534,FALSE,Wildcat Fire,100,,TRUE,2015-06-17T17:03:00Z,Finalized,,,,,
170,FALSE,CAL FIRE Fresno Kings Unit,,2015,TRUE,Fresno,10,,,,2015-09-11T19:17:00Z,,FALSE,TRUE,,,,40.400196,-120.553075,FALSE,Creek Fire,100,,TRUE,2015-09-09T14:30:00Z,Finalized,,,,,
170,FALSE,CAL FIRE Tehama-Glenn Unit,,2015,TRUE,Tehama,52,,,,2015-07-04T20:15:00Z,,FALSE,TRUE,,,,39.8448,-122.3638,FALSE,Black Fire,100,,TRUE,2015-07-04T16:33:00Z,Finalized,,,,,
167,FALSE,Kern County Fire Department ,,2015,TRUE,Kern,15,,,,2015-08-21T18:45:00Z,,FALSE,TRUE,,,,0,0,FALSE,Flat Fire ,100,,TRUE,2015-08-20T15:57:00Z,Finalized,,,,,
167,FALSE,USFS - Cleveland National Forest,,2015,FALSE,San Diego,37,,,,2015-07-26T06:45:00Z,,FALSE,TRUE,,,,33.383889,-116.868611,FALSE,Cutca Fire,100,,TRUE,2015-07-24T16:18:00Z,Finalized,,,,,
164,FALSE,Ventura County Fire,,2015,FALSE,Ventura,56,,,,2015-06-25T07:00:00Z,,FALSE,TRUE,,,,0,0,FALSE,River Fire,100,,TRUE,2015-06-22T07:00:00Z,Finalized,,,,,
158,FALSE,CAL FIRE Humboldt-Del Norte Unit,,2015,TRUE,Humboldt,12,,5,10,2015-08-01T21:45:00Z,,FALSE,TRUE,,,2,41.295667,-123.784067,TRUE,Queen Fire,100,57,TRUE,2015-07-24T23:00:00Z,Finalized,,,,,
158,FALSE,CAL FIRE Nevada-Yuba-Placer Unit,5,2015,TRUE,Yuba,58,11,9,25,2015-06-22T11:45:00Z,,FALSE,TRUE,,4,3,39.2688,-121.26471,TRUE,Cook Fire,100,250,TRUE,2015-06-18T13:07:00Z,Finalized,,,,,
150,FALSE,CAL FIRE Sonoma-Lake-Napa,0,2015,TRUE,Solano,48,13,3,15,2015-07-08T20:45:00Z,,FALSE,TRUE,,0,,38.4113,-122.0789,TRUE,Sky Fire,100,275,TRUE,2015-07-06T10:47:00Z,Finalized,,,,,5
150,FALSE,CAL FIRE Riverside County Fire,,2015,TRUE,Riverside,33,,,,2015-07-04T13:00:00Z,,FALSE,TRUE,,,,0,0,FALSE,Merwin Fire,100,,TRUE,2015-07-01T20:38:00Z,Finalized,,,,,
146,FALSE,CAL FIRE Humboldt-Del Norte Unit,,2015,TRUE,Humboldt,12,,,,2015-08-29T07:00:00Z,,FALSE,TRUE,,,,40.1058823,-124.0720419,TRUE,Horse Fire,100,45,TRUE,2015-08-18T18:30:00Z,Finalized,,,,,
137,FALSE,**This was NOT a CAL FIRE Incident. Click this link for more information from the US Forest Service  ,,2015,TRUE,Plumas,32,,,,2015-04-18T23:50:00Z,,FALSE,TRUE,,,,40.05083333,-120.7016667,FALSE,Ward Fire,100,,TRUE,2015-04-13T05:30:00Z,Finalized,,,,,
135,FALSE,CAL FIRE Madera-Mariposa-Merced Unit,,2015,TRUE,Madera,20,,,,2015-06-23T18:25:00Z,,FALSE,TRUE,,,,37.072561,-119.6958,FALSE,Red Fire,100,,TRUE,2015-06-21T12:08:00Z,Finalized,,,,,
128,FALSE,CAL FIRE Shasta-Trinity Unit,,2015,TRUE,Trinity,53,,,,2015-08-29T18:45:00Z,,FALSE,TRUE,,,,40.724898,-122.96174,TRUE,Democrat Fire,100,,TRUE,2015-08-25T14:08:00Z,Finalized,,,,,
122,FALSE,CAL FIRE Amador-El Dorado Unit,,2015,TRUE,San Joaquin,39,,,,2015-06-18T21:15:00Z,,FALSE,TRUE,,,,0,0,FALSE,Collier Fire,100,,TRUE,2015-06-18T14:09:00Z,Finalized,,,,,
116,FALSE,CAL FIRE Lassen-Modoc Unit,,2015,TRUE,Modoc,25,,,,2015-07-26T10:10:00Z,,FALSE,TRUE,,,,41.29226,-121.172117,FALSE,3-11 Fire,100,,TRUE,2015-07-23T16:40:00Z,Finalized,,,,,
114,FALSE,CAL FIRE Tuolumne Calaveras Unit,,2015,TRUE,Calaveras,5,,,5,2015-08-18T07:15:00Z,,FALSE,TRUE,,,,38.052,-120.5577,TRUE,Mark Fire,100,20,TRUE,2015-08-13T16:15:00Z,Finalized,,,,,
112,FALSE,CAL FIRE Tuolumne-Calaveras Unit,,2015,TRUE,Tuolumne,55,,,,2015-08-16T19:20:00Z,,FALSE,TRUE,,,,37.83618,-120.61691,FALSE,Tulloch Fire,100,,TRUE,2015-08-15T16:11:00Z,Finalized,,,,,
111,FALSE,Bureau of Land Management - Northern California District,,2015,FALSE,Lassen,18,,,,2015-07-03T18:00:00Z,,FALSE,TRUE,,,,0,0,FALSE,Shinn Fire,100,,TRUE,2015-06-30T18:00:00Z,Finalized,,,,,
110,FALSE,CAL FIRE Amador-El Dorado Unit,2,2015,TRUE,Sacramento,34,1,2,11,2015-09-03T14:30:00Z,,FALSE,TRUE,,2,,0,0,TRUE,Apple Fire,100,,TRUE,2015-09-03T12:12:00Z,Finalized,,,,,4
110,FALSE,CAL FIRE Tehama-Glenn Unit,,2015,TRUE,Tehama,52,,,,2015-08-09T20:30:00Z,,FALSE,TRUE,,,,40.3506868,-121.7786799,TRUE,36 Fire,100,,TRUE,2015-08-08T14:55:00Z,Finalized,,1,,,
110,FALSE,CAL FIRE Nevada-Yuba-Placer Unit,,2015,TRUE,Placer,31,,,,2015-06-08T11:45:00Z,,FALSE,TRUE,,,,0,0,TRUE,Riosa Fire,100,,TRUE,2015-06-08T10:33:00Z,Finalized,,,,,
109,FALSE,CAL FIRE Shasta-Trinity Unit,,2015,TRUE,Shasta,45,2,,2,2015-09-13T10:15:00Z,,FALSE,TRUE,,,,40.47512,-122.52541,TRUE,Walker Fire,100,45,TRUE,2015-09-11T15:08:00Z,Finalized,,,,,1
108,FALSE,CAL FIRE Tuolumne-Calaveras Unit,,2015,TRUE,Tuolumne,55,3,,3,2015-09-15T19:15:00Z,,FALSE,TRUE,,,1,38.04684,-120.30188,TRUE,Oak Fire,100,59,TRUE,2015-09-08T13:23:00Z,Finalized,,3,,,
104,FALSE,CAL FIRE Butte Unit ,,2015,TRUE,Butte,4,,,,2015-10-02T17:50:00Z,,FALSE,TRUE,,,,39.8707,-121.8938,FALSE,Munjar Fire,100,,TRUE,2015-10-02T14:38:00Z,Finalized,,,,,
100,FALSE,San Bernardino National Forest,,2015,FALSE,San Bernardino,36,,,,2015-06-29T09:00:00Z,,FALSE,TRUE,,,,34.165974,-117.243878,FALSE,Sterling Fire,100,,TRUE,2015-06-25T18:30:00Z,Finalized,,,,,
95,FALSE,CAL FIRE San Benito-Monterey Unit,,2015,TRUE,Monterey,27,,,,2015-09-21T18:20:00Z,,FALSE,TRUE,,,,36.5696373,-121.7556029,FALSE,Laureles Fire,100,,TRUE,2015-09-19T15:25:00Z,Finalized,,,,,
95,FALSE,CAL FIRE San Luis Obispo Unit,,2015,TRUE,San Luis Obispo,40,14,1,15,2015-07-15T07:00:00Z,,FALSE,TRUE,,2,,35.7183,-121.0157,TRUE,Deer Fire,100,379,TRUE,2015-07-10T12:41:00Z,Finalized,,,,,2
90,FALSE,CAL FIRE Shasta-Trinity Unit,,2015,TRUE,Shasta,45,,,,2015-07-31T18:30:00Z,,FALSE,TRUE,,,,40.49865,-122.20109,FALSE,Sprig Fire,100,,TRUE,2015-07-30T12:57:00Z,Finalized,,,,,
86,FALSE,CAL FIRE Tulare Unit,,2015,TRUE,Tulare,54,6,,10,2015-08-05T17:45:00Z,,FALSE,TRUE,,,4,36.49845,-118.9009,TRUE,Advance Fire,100,150,TRUE,2015-07-30T12:40:00Z,Finalized,,,,,1
80,FALSE,CAL FIRE San Diego Unit / Chula Vista Fire Department,,2015,TRUE,San Diego,37,,,,2015-06-26T22:15:00Z,,FALSE,TRUE,,,,32.6449163,-116.9454387,FALSE,Otay Fire,100,,TRUE,2015-06-26T16:06:00Z,Finalized,,,,,
80,FALSE,"**This is no longer a CAL FIRE incident.  At 6 pm on Thursday, June 04, BIA took over management of the fire**",,2015,TRUE,Riverside,33,,,,2015-06-05T16:32:00Z,,FALSE,TRUE,,,,0,0,FALSE,Harrison Fire,100,,TRUE,2015-06-01T10:16:00Z,Finalized,,,,,
77,FALSE,CAL FIRE Lassen-Modoc Unit,,2015,TRUE,Modoc,25,,,,2015-07-25T22:00:00Z,,FALSE,TRUE,,,,40.856422,-121.101623,FALSE,3-12 Fire,100,,TRUE,2015-07-23T17:30:00Z,Finalized,,,,,
75,FALSE,CAL FIRE Shasta-Trinity Unit,,2015,TRUE,Shasta,45,,,,2015-08-04T18:00:00Z,,FALSE,TRUE,,,,40.67868,-121.93244,TRUE,Fern Fire,100,,TRUE,2015-08-02T03:00:00Z,Finalized,,,,,
75,FALSE,CAL FIRE Shasta-Trinity Unit,,2015,TRUE,Shasta,45,1,,4,2015-07-31T18:40:00Z,,FALSE,TRUE,,,2,40.509552,-122.199227,TRUE,Mallard Fire,100,40,TRUE,2015-07-29T16:30:00Z,Finalized,,1,,,4
75,FALSE,USFS - El Dorado National Forest ,,2015,FALSE,El Dorado,9,,,,2015-07-29T14:15:00Z,,FALSE,TRUE,,,,38.776,-120.404,FALSE,Kyburz Fire,100,,TRUE,2015-07-23T14:00:00Z,Finalized,,,,,
75,FALSE,CAL FIRE Butte Unit,,2015,TRUE,Butte,4,,,,2015-07-01T20:20:00Z,,FALSE,TRUE,,,,0,0,FALSE,Webb Fire,100,,TRUE,2015-07-01T13:05:00Z,Finalized,,,,,
72,FALSE,CAL FIRE Butte Unit,4,2015,TRUE,Butte,4,5,3,14,2015-09-03T19:35:00Z,,FALSE,TRUE,,3,,26.42,-121,TRUE,Olive Fire,100,190,TRUE,2015-09-02T13:18:00Z,Finalized,,1,,,5
69,FALSE,Klamath National Forest,,2015,FALSE,Siskiyou,47,,,,2015-08-22T18:00:00Z,,FALSE,TRUE,,,,0,0,FALSE,Prairie Fire,100,,TRUE,2015-08-20T16:00:00Z,Finalized,,,,,
67,FALSE,Kern County Fire,,2015,TRUE,Kern,15,,,,2015-06-15T18:45:00Z,,FALSE,TRUE,,,,35.77937,-120.19482,FALSE,Pass Fire,100,,TRUE,2015-06-15T15:46:00Z,Finalized,,,,,
65,FALSE,San Bernardino National Foerst,,2015,FALSE,San Bernardino,36,,,,2015-08-05T09:00:00Z,,FALSE,TRUE,,,,0,0,FALSE,Scales Fire,100,,TRUE,2015-08-01T13:04:00Z,Finalized,,,,,
60,FALSE,CAL FIRE Fresno Unit/Fresno County Fire,,2015,TRUE,Fresno,10,,,,2015-07-22T10:00:00Z,,FALSE,TRUE,,,,0,0,FALSE,Kerkhoff Fire,100,,TRUE,2015-07-18T16:31:00Z,Finalized,,,,,
60,FALSE,CAL FIRE Lassen-Modoc Unit,,2015,TRUE,Lassen,18,,,,2015-06-20T19:35:00Z,,FALSE,TRUE,,,,40.875667,-121.033667,FALSE,Dixie Fire,100,,TRUE,2015-06-19T16:15:00Z,Finalized,,,,,
60,FALSE,CAL FIRE Riverside Unit / Riverside County Fire,,2015,TRUE,Riverside,33,,,,2015-06-21T07:25:00Z,,FALSE,TRUE,,,,0,0,FALSE,Grapefruit Fire,100,,TRUE,2015-06-18T14:16:00Z,Finalized,,,,,
60,FALSE,CAL FIRE Madera-Mariposa-Merced Unit,,2015,TRUE,Mariposa,22,,,,2015-06-19T20:05:00Z,,FALSE,TRUE,,,,0,0,TRUE,Triangle Fire,100,,TRUE,2015-06-18T12:03:00Z,Finalized,,,,,
60,FALSE,CAL FIRE Amador-El Dorado Unit,,2015,TRUE,Amador,3,,,,2015-06-17T06:45:00Z,,FALSE,TRUE,,,,38.260777,-121.135426,FALSE,North Fire,100,,TRUE,2015-06-16T16:42:00Z,Finalized,,,,,
59,FALSE,CAL FIRE Shasta-Trinity Unit,,2015,TRUE,Shasta,45,,,2,2015-08-04T08:15:00Z,,FALSE,TRUE,,,,40.3929,-122.40546,TRUE,Point Fire,100,,TRUE,2015-08-03T14:28:00Z,Finalized,,,,,1
58,FALSE,Shasta-Trinity National Forest ,,2015,FALSE,Siskiyou,47,,,,2015-10-10T18:45:00Z,,FALSE,TRUE,,,,0,0,FALSE,Military Fire,100,,TRUE,2015-10-10T12:00:00Z,Finalized,,,,,
55,FALSE,USFS - San Bernardino National Forest,,2015,FALSE,San Bernardino,36,,,,2015-09-11T15:00:00Z,,FALSE,TRUE,,,,34.23,-116.883,FALSE,Summit Fire,100,,TRUE,2015-08-23T12:25:00Z,Finalized,,,,,
55,FALSE,CAL FIRE San Diego Unit,,2015,TRUE,San Diego,37,,,,2015-08-10T15:05:00Z,,FALSE,TRUE,,,,33.4115972,-117.2886249,FALSE,De Luz Fire,100,,TRUE,2015-08-09T08:22:00Z,Finalized,,,,,
55,FALSE,CAL FIRE Tehama-Glenn Unit,,2015,TRUE,Tehama,52,,,,2015-06-17T18:30:00Z,,FALSE,TRUE,,,,40.0133,-122.552,FALSE,Fork Fire,100,,TRUE,2015-06-17T12:50:00Z,Finalized,,,,,
54,FALSE,CAL FIRE San Bernardino Unit/San Bernardino National Forest ,,2015,TRUE,San Bernardino,36,,,,2015-07-21T07:20:00Z,,FALSE,TRUE,,,,34.0783472,-117.0487863,TRUE,Mill 2 Fire,100,,TRUE,2015-07-12T14:46:00Z,Finalized,,,,,
53,FALSE,CAL FIRE Santa Clara Unit,,2015,TRUE,Alameda,1,,,,2015-06-25T18:45:00Z,,FALSE,TRUE,,,,0,0,FALSE,Tesla Fire,100,,TRUE,2015-06-25T16:10:00Z,Finalized,,,,,
52,FALSE,Santa Barbara County Fire,,2015,TRUE,Santa Barbara,42,,,,1969-12-31T16:00:00Z,,FALSE,TRUE,,,,34.9522,-120.2903,FALSE,White Fire,100,,TRUE,2015-08-01T14:32:00Z,Finalized,,,,,
50,FALSE,Ventura County Fire Department,,2015,FALSE,Ventura,56,,,,2015-11-07T16:45:00Z,,FALSE,TRUE,,,,34.15,-118.879444,FALSE,Potrero Fire,100,,TRUE,2015-11-07T01:45:00Z,Finalized,,,,,
50,FALSE,CAL FIRE Mendocino Unit,,2015,TRUE,Mendocino,23,,,,2015-08-03T08:55:00Z,,FALSE,TRUE,,,,39.43301,-123.36316,FALSE,Mendocino Lightning Fires,100,,TRUE,2015-07-30T13:36:00Z,Finalized,,,,,
45,FALSE,Kern County Fire Department,,2015,TRUE,Kern,15,,,,2015-09-15T19:10:00Z,,FALSE,TRUE,,,,0,0,FALSE,Antelope Fire,100,,TRUE,2015-09-09T11:45:00Z,Finalized,,,,,
45,FALSE,CAL FIRE Santa Clara Unit,,2015,TRUE,Alameda,1,,,,2015-07-03T20:00:00Z,,FALSE,TRUE,,,,0,0,FALSE,Geary Fire,100,,TRUE,2015-07-02T04:40:00Z,Finalized,,,,,
45,FALSE,CAL FIRE Fresno-Kings Unit,,2015,TRUE,Fresno,10,,,,2015-06-06T20:00:00Z,,FALSE,TRUE,,,,0,0,FALSE,FKU Lightning Fires,100,,TRUE,2015-06-05T17:00:00Z,Finalized,,,,,
43,FALSE,USFS - Modoc National Forest ,,2015,FALSE,Modoc,25,,,,2015-07-13T11:00:00Z,,FALSE,TRUE,,,,0,0,FALSE,Mason Fire ,100,,TRUE,2015-07-09T15:00:00Z,Finalized,,,,,
42,FALSE,CAL FIRE Santa Clara Unit,,2015,TRUE,Santa Clara,43,,,,2015-07-03T17:55:00Z,,FALSE,TRUE,,,,0,0,FALSE,Highway Fire,100,,TRUE,2015-06-30T15:23:00Z,Finalized,,,,,
40,FALSE,CAL FIRE Lassen - Modoc Unit,,2015,TRUE,Lassen,18,,,,2015-09-10T07:49:00Z,,FALSE,TRUE,,,,40.400196,-120.553075,FALSE,Center Fire,100,,TRUE,2015-09-09T14:12:00Z,Finalized,,,,,
40,FALSE,CAL FIRE Santa Clara Unit,,2015,TRUE,Stanislaus,50,,,,2015-07-28T15:00:00Z,,FALSE,TRUE,,,,37.24523,-121.20324,FALSE,Sullivan Fire,100,,TRUE,2015-07-28T12:10:00Z,Finalized,,,,,
40,FALSE,CAL FIRE Sonoma-Lake-Napa Unit,2,2015,TRUE,Solano,48,2,2,5,2015-07-10T17:00:00Z,,FALSE,TRUE,,1,,38.1029,-122.1578,TRUE,Ascot Fire,100,70,TRUE,2015-07-10T13:36:00Z,Finalized,,,,,2
38,FALSE,CAL FIRE Sonoma-Lake-Napa Unit,3,2015,TRUE,Napa,28,4,2,8,2015-06-17T13:10:00Z,,FALSE,TRUE,,2,,38.5287,-122.3415,TRUE,Chiles Fire,100,120,TRUE,2015-06-16T14:27:00Z,Finalized,,,,,4
36,FALSE,CAL FIRE Sonoma-Lake-Napa Unit,4,2015,TRUE,Napa,28,2,2,9,2015-06-10T09:45:00Z,,FALSE,TRUE,,2,,0,0,TRUE,Garage Fire,100,103,TRUE,2015-06-09T15:23:00Z,Finalized,,,,,2
35,FALSE,CAL FIRE Shasta-Trinity Unit,,2015,TRUE,Trinity,53,,,,2015-09-10T17:05:00Z,,FALSE,TRUE,,,,40,41.46,FALSE,Browns Fire,100,,TRUE,2015-09-08T15:56:00Z,Finalized,,,,,
35,FALSE,CAL FIRE Amador El-Dorado Unit,,2015,TRUE,El Dorado,9,,,,2015-07-05T11:30:00Z,,FALSE,TRUE,,,,0,0,FALSE,Ranch Fire,100,,TRUE,2015-07-03T09:28:00Z,Finalized,,,,,
35,FALSE,CAL FIRE Mendocino Unit,,2015,TRUE,Mendocino,23,,,,2015-06-29T07:15:00Z,,FALSE,TRUE,,,,39.7806004,-123.248214,FALSE,Covelo Fire,100,,TRUE,2015-06-28T13:30:00Z,Finalized,,,,,
30,FALSE,CAL FIRE Nevada-Yuba-Placer Unit,,2015,TRUE,Nevada,29,,,,2015-09-21T14:36:00Z,,FALSE,TRUE,,,,39.081,-121.194,FALSE,McCourtney Fire,100,,TRUE,2015-09-22T07:00:00Z,Finalized,,,,,
30,FALSE,CAL FIRE Lassen-Modoc Unit,,2015,TRUE,Lassen,18,,,,2015-08-30T08:00:00Z,,FALSE,TRUE,,,,41.12362,-121.194256,FALSE,Kramer Fire ,100,,TRUE,2015-08-29T16:06:00Z,Finalized,,,,,
30,FALSE,CAL FIRE Nevada-Yuba-Placer Unit,,2015,TRUE,Yuba,58,,,,2015-08-05T07:30:00Z,,FALSE,TRUE,,,,39.33303,-121.18735,FALSE,Francis Fire,100,,TRUE,2015-08-03T18:07:00Z,Finalized,,,,,
29,FALSE,Ventura County Fire Department,,2015,FALSE,Ventura,56,,,,2015-11-12T18:00:00Z,,FALSE,TRUE,,,,0,0,FALSE,Banister Fire,100,,TRUE,2015-11-11T17:40:00Z,Finalized,,,,,
26,FALSE,CAL FIRE Nevada Yuba Placer Unit,,2015,TRUE,Placer,31,,,,2015-07-22T19:50:00Z,,FALSE,TRUE,,,,38.9361,-121.1548,FALSE,Baxter Fire,100,,TRUE,2015-07-22T18:17:00Z,Finalized,,,,,
25,FALSE,CAL FIRE San Diego Unit,,2015,TRUE,San Diego,37,,,,2015-07-25T16:05:00Z,,FALSE,TRUE,,,,32.682547,-116.51684,FALSE,Park Fire,100,,TRUE,2015-07-24T12:43:00Z,Finalized,,,,,
25,FALSE,CAL FIRE San Benito-Monterey Unit,,2015,TRUE,San Benito,35,,,,2015-07-20T15:30:00Z,,FALSE,TRUE,,,,36.8727,-121.5681,FALSE,Betabel Fire,100,,TRUE,2015-07-20T13:23:00Z,Finalized,,,,,
25,FALSE,CAL FIRE San Diego Unit,,2015,TRUE,San Diego,37,,,,2015-07-17T15:15:00Z,,FALSE,TRUE,,,,33.21407,-116.73472,FALSE,Lake Fire,100,,TRUE,2015-07-16T11:30:00Z,Finalized,,,,,
25,FALSE,CAL FIRE Amador El Dorado Unit,,2015,TRUE,El Dorado,9,,,,2015-07-05T11:30:00Z,,FALSE,TRUE,,,,0,0,FALSE,Buckaroo Fire,100,,TRUE,2015-07-02T17:10:00Z,Finalized,,,,,
25,FALSE,CAL FIRE Madera-Mariposa-Merced Unit  ,,2015,TRUE,Mariposa,22,2,,5,2015-06-09T09:00:00Z,,FALSE,TRUE,,,,0,0,TRUE,Fox Fire,100,60,TRUE,2015-06-07T12:06:00Z,Finalized,,,,,1
25,FALSE,CAL FIRE Sonoma-Lake-Napa Unit,,2015,TRUE,Lake,17,,,,2015-06-06T06:45:00Z,,FALSE,TRUE,,,,0,0,FALSE,Oasis Fire,100,,TRUE,2015-06-05T19:57:00Z,Finalized,,,,,
25,FALSE,CAL FIRE Riverside Unit,,2015,TRUE,Riverside,33,,,,2015-06-05T19:00:00Z,,FALSE,TRUE,,,,0,0,FALSE,Snow Fire,100,,TRUE,2015-06-05T13:32:00Z,Finalized,,,,,
24,FALSE,CAL FIRE Siskiyou Unit,,2015,TRUE,Siskiyou,47,2,,3,2015-07-22T17:00:00Z,,FALSE,TRUE,,,,41.999341,-121.891226,TRUE,Dorris Fire,100,49,TRUE,2015-07-21T17:00:00Z,Finalized,,,,,1
23,FALSE,CAL FIRE Mendocino Unit,,2015,TRUE,Mendocino,23,,,,2015-07-05T09:00:00Z,,FALSE,TRUE,,,,39.0263,-123.303,FALSE,Soda Fire,100,,TRUE,2015-07-04T15:30:00Z,Finalized,,,,,
22,FALSE,CAL FIRE Sonoma Lake Napa,,2015,TRUE,Lake,17,,,,2015-08-25T18:30:00Z,,FALSE,TRUE,,,,38.831478,-122.53428,FALSE,Grade Fire,100,,TRUE,2015-08-24T12:12:00Z,Finalized,,,,,
21,FALSE,Los Padres National Forest,,2015,FALSE,Santa Barbara,42,,,,2015-11-09T12:00:00Z,,FALSE,TRUE,,,,34.4828,-119.63216,FALSE,Gibraltar Fire,100,,TRUE,2015-10-29T05:30:00Z,Finalized,,,,,
21,FALSE,CAL FIRE Riverside County Fire,,2015,TRUE,Riverside,33,2,3,11,2015-07-12T19:48:00Z,,FALSE,TRUE,,1,,33.986204,-117.43942,TRUE,Spider Fire,100,,TRUE,2015-07-12T13:52:00Z,Finalized,,,,,2
20,FALSE,CAL FIRE Humboldt-Del Norte Unit ,,2015,TRUE,Humboldt,12,10,2,12,2015-06-11T18:15:00Z,,FALSE,TRUE,,,,41.1513,-123.8292,TRUE,Bald Fire,100,195,TRUE,2015-06-10T07:42:00Z,Finalized,,,,,5
19,FALSE,CAL FIRE Sonoma-Lake-Napa Unit,,2015,TRUE,Napa,28,,,,2015-06-28T18:00:00Z,,FALSE,TRUE,,,,38.519132,-122.181878,FALSE,Pleasure Fire,100,,TRUE,2015-06-27T12:51:00Z,Finalized,,,,,
18,FALSE,CAL FIRE Shasta-Trinity Unit,,2015,TRUE,Shasta,45,2,,6,2015-07-08T16:30:00Z,,FALSE,TRUE,,,1,40.5953,-122.4397,TRUE,Keswick Fire,100,,TRUE,2015-07-07T12:34:00Z,Finalized,,,,,3
16,FALSE,CAL FIRE Humboldt-Del Norte Unit,,2015,TRUE,Humboldt,12,,,,2015-07-31T19:00:00Z,,FALSE,TRUE,,,,40.1093,-123.774,FALSE,Buck Fire,100,,TRUE,2015-07-28T17:19:00Z,Finalized,,,,,
0,FALSE,USFS - Six Rivers National Forest,,2015,FALSE,Trinity,53,,,,2015-08-01T15:25:00Z,,FALSE,TRUE,,,,0,0,FALSE,Mad River Complex,100,,TRUE,2015-07-30T16:00:00Z,Finalized,,,,,
0,FALSE,US Forest Service - Humboldt - Toiyabe National Forest,,2015,FALSE,Alpine,2,,,,2015-06-22T12:05:00Z,,FALSE,TRUE,,,,38.598056,-119.751944,FALSE,Washington Fire,100,,TRUE,2015-06-19T19:00:00Z,Finalized,,,,,
132127,FALSE,US Forest Service - Los Padres National Forest,,2016,TRUE,Monterey,27,,,,2016-10-13T11:30:00Z,,FALSE,TRUE,,,,36.45994,-121.89938,TRUE,Soberanes Fire,100,,TRUE,2016-07-22T08:48:00Z,Finalized,,,,,
48019,FALSE,Bureau of Land Management,,2016,TRUE,Kern,15,,,,2016-07-11T09:40:00Z,,FALSE,TRUE,,,,35.6115,-118.45628,FALSE,Erskine Fire,100,,TRUE,2016-06-23T15:51:00Z,Finalized,,,,,
46344,FALSE,CAL FIRE San Luis Obispo Unit,,2016,TRUE,San Luis Obispo,40,,,,2016-09-06T07:30:00Z,,FALSE,TRUE,,,1,35.70595,-120.98316,TRUE,Chimney Fire,100,,TRUE,2016-08-13T16:03:00Z,Finalized,8,70,,,
36274,FALSE,San Bernardino National Forest ,,2016,TRUE,San Bernardino,36,21,6,47,2016-08-23T07:45:00Z,,FALSE,TRUE,,5,,34.30372,-117.49342,TRUE,Blue Cut Fire,100,914,TRUE,2016-08-16T10:44:00Z,Finalized,3,321,,,9
33867,FALSE,USFS Klamath National Forest,,2016,FALSE,Siskiyou,47,,,,2016-08-28T18:15:00Z,,FALSE,TRUE,,,,41.851,-123.118,FALSE,Gap Fire,100,,TRUE,2016-08-27T18:00:00Z,Finalized,,,,,
32606,FALSE,Los Padres National Forest,,2016,TRUE,Santa Barbara,42,,,,2016-09-15T15:20:00Z,,FALSE,TRUE,,,,0,0,FALSE,Rey Fire ,100,,TRUE,2016-08-18T17:57:00Z,Finalized,,,,,
29322,FALSE,Sequoia National Forest,,2016,FALSE,Kern,15,,,,2016-10-01T06:00:00Z,,FALSE,TRUE,,,,35.7506,-118.5678,FALSE,Cedar Fire,100,,TRUE,2016-08-16T16:35:00Z,Finalized,,,,,
12518,FALSE,Vandenberg Air Force Base,,2016,FALSE,Santa Barbara,42,,,,2016-09-27T14:00:00Z,,FALSE,TRUE,,,,34.63445,-120.54421,FALSE,Canyon Fire,100,,TRUE,2016-09-17T17:20:00Z,Finalized,,,,,
8110,FALSE,San Bernardino National Forest,0,2016,TRUE,San Bernardino,36,30,3,37,2016-08-16T08:00:00Z,,FALSE,TRUE,,10,1,34.28771,-117.27338,TRUE,Pilot Fire,100,960,TRUE,2016-08-07T12:18:00Z,Finalized,,,,,7
7609,FALSE,CAL FIRE San Diego Unit,,2016,TRUE,San Diego,37,,,,2016-06-30T18:30:00Z,,FALSE,TRUE,,,,32.60729,-116.63028,TRUE,Border Fire,100,78,TRUE,2016-06-19T11:03:00Z,Finalized,,16,,,
7474,FALSE,U.S Los Padres National Forest ,,2016,TRUE,Santa Barbara,42,,,,2016-07-12T14:30:00Z,,FALSE,TRUE,,,,34.776,-119.643,TRUE,Sherpa Fire,100,,TRUE,2016-06-15T15:21:00Z,Finalized,,,,,
7050,FALSE,CAL FIRE Fresno Kings Unit,,2016,TRUE,Fresno,10,,,,2016-08-18T19:00:00Z,,FALSE,TRUE,,,,36.09974,-120.51057,TRUE,Mineral Fire,100,20,TRUE,2016-08-09T13:08:00Z,Finalized,,2,,0,
5731,FALSE,CAL FIRE Sonoma Lake Napa Unit,,2016,TRUE,Yolo,57,2,,5,2016-08-12T15:00:00Z,,FALSE,TRUE,,,,38.52513,-122.06788,TRUE,Cold Fire,100,58,TRUE,2016-08-02T16:36:00Z,Finalized,,2,,,
5646,FALSE,CAL FIRE Nevada-Yuba-Placer Unit / El Dorado National Forest,,2016,TRUE,El Dorado,"9,31",,,,2016-07-18T09:50:00Z,,FALSE,TRUE,,,3,38.96741,-120.9375,TRUE,Trailhead Fire,100,,TRUE,2016-06-28T13:55:00Z,Finalized,,,,2600,
5646,FALSE,CAL FIRE Nevada-Yuba-Placer Unit / El Dorado National Forest,,2016,TRUE,Placer,"9,31",,,,2016-07-18T09:50:00Z,,FALSE,TRUE,,,3,38.96741,-120.9375,TRUE,Trailhead Fire,100,,TRUE,2016-06-28T13:55:00Z,Finalized,,,,2600,
5443,FALSE,Inyo National Forest,,2016,FALSE,Inyo,14,,,,2016-09-18T08:10:00Z,,FALSE,TRUE,,,,37.75985,-118.95309,FALSE,Owens River Fire,100,,TRUE,2016-09-17T13:49:00Z,Finalized,,,,,
5399,FALSE,Angeles National Forest,,2016,FALSE,Los Angeles,19,,,,2018-04-23T15:07:00Z,,FALSE,TRUE,,,,0,0,FALSE,San Gabriel Complex (Formerly Fish & Reservoir Fires),100,,TRUE,2016-06-20T13:59:00Z,Finalized,,,,,
4824,FALSE,Angeles National Forest ,,2016,FALSE,Los Angeles,19,,,,2016-11-14T14:00:00Z,,FALSE,TRUE,,,,34.31,-118.335,FALSE,Marek Fire,100,,TRUE,2016-11-14T05:45:00Z,Finalized,,,,,
4474,FALSE,CAL FIRE Santa Clara Unit,,2016,TRUE,Santa Clara,43,1,1,3,2017-09-19T10:30:00Z,,FALSE,TRUE,,,,37.10632,-121.85318,TRUE,Loma Fire,100,62,TRUE,2016-09-26T14:42:00Z,Finalized,1,28,,,5
4347,FALSE,Sequoia National Forest,,2016,FALSE,Tulare,54,,,,2016-12-19T13:30:00Z,,FALSE,TRUE,,,,35.984,-118.551,FALSE,Meadow Fire,100,,TRUE,2016-10-29T11:15:00Z,Finalized,,,,,
3929,FALSE,CALFIRE Sonoma-Lake-Napa Unit,,2016,TRUE,Lake,17,,,2,2016-08-26T18:00:00Z,,FALSE,TRUE,,1,,38.89741,-122.60664,TRUE,Clayton Fire,100,32,TRUE,2016-08-13T18:03:00Z,Finalized,28,300,,,
3876,FALSE,CAL FIRE San Benito-Monterey Unit,,2016,TRUE,Monterey,27,,,5,2016-05-25T18:15:00Z,,FALSE,TRUE,,,1,36.38123,-121.20059,TRUE,Metz Fire,100,22,TRUE,2016-05-22T15:27:00Z,Finalized,,,,,
3712,FALSE,Camp Roberts Fire Department,,2016,TRUE,San Luis Obispo,40,,,,2016-05-20T18:00:00Z,,FALSE,TRUE,,,,0,0,FALSE,Roberts Fire,100,,TRUE,2016-05-18T14:27:00Z,Finalized,,,,,
2944,FALSE,CAL FIRE Fresno Unit,,2016,TRUE,Fresno,10,12,5,29,2016-07-05T07:05:00Z,,FALSE,TRUE,,2,,36.0749,-120.452041,TRUE,Curry Fire,100,188,TRUE,2016-07-01T17:16:00Z,Finalized,,,,,13
2860,FALSE,USFS Klamath National Forest ,,2016,FALSE,Siskiyou,47,,,,2016-11-08T10:15:00Z,,FALSE,TRUE,,,,41.623,-123.557,FALSE,Pony Fire,100,,TRUE,2016-06-07T02:45:00Z,Finalized,,,,,
2819,FALSE,Inyo National Forest,,2016,FALSE,Mono,26,,,,2016-08-07T19:14:00Z,,FALSE,TRUE,,,,0,0,FALSE,Clark Fire,100,,TRUE,2016-08-04T14:09:00Z,Finalized,,,,,
2652,FALSE,Modoc National Forest,,2016,FALSE,Modoc,25,,,,2016-10-13T11:30:00Z,,FALSE,TRUE,,,,41.2649,-120.3178,FALSE,Soup Complex,100,,TRUE,2016-09-17T14:37:00Z,Finalized,,,,,
2575,FALSE,CAL FIRE Lassen-Modoc Unit,,2016,TRUE,Lassen,18,3,2,2,2016-09-22T07:00:00Z,,FALSE,TRUE,,,1,40.3915,-120.7845,TRUE,Willard Fire,100,78,TRUE,2016-09-11T11:33:00Z,Finalized,,7,,,2
2520,FALSE,Los Padres National Forest,,2016,TRUE,Monterey,27,,,,2016-06-20T08:30:00Z,,FALSE,TRUE,,,,36.01542,-121.25029,FALSE,Coleman Fire,100,,TRUE,2016-06-04T14:33:00Z,Finalized,,,,,
2304,FALSE,Los Padres National Forest,,2016,FALSE,Ventura,56,,,,2016-06-30T16:55:00Z,,FALSE,TRUE,,,,34.701,-119.144,FALSE,Pine Fire,100,,TRUE,2016-06-30T16:55:00Z,Finalized,,,,,
2241,FALSE,CAL FIRE Fresno-Kings Unit,,2016,TRUE,Fresno,10,4,,7,2016-08-09T18:30:00Z,,FALSE,TRUE,,,,37.01591,-119.50507,TRUE,Goose Fire,100,167,TRUE,2016-07-30T16:40:00Z,Finalized,5,4,,,6
2100,FALSE,USFS Sierra National Forest,,2016,FALSE,Fresno,10,,,,2016-10-20T07:00:00Z,,FALSE,TRUE,,,,36.94536,-119.25959,FALSE,Sacata Fire,100,,TRUE,2016-10-11T12:58:00Z,Finalized,,,,,
1785,FALSE,Kern County Fire,,2016,TRUE,Kern,15,,,,2016-07-08T19:00:00Z,,FALSE,TRUE,,,3,35.20993,-118.72272,TRUE,Deer Fire,100,,TRUE,2016-07-01T14:05:00Z,Finalized,,,,,
1547,FALSE,CAL FIRE Sonoma-Lake-Napa Unit,,2016,TRUE,Sonoma,49,,,3,2016-09-29T17:00:00Z,,FALSE,TRUE,,,2,38.80017,-122.82895,TRUE,Sawmill Fire,100,14,TRUE,2016-09-25T10:43:00Z,Finalized,,,,,
1470,FALSE,CAL FIRE / Riverside County Fire,,2016,TRUE,Riverside,33,,,,2016-09-02T18:10:00Z,,FALSE,TRUE,,,1,0,0,TRUE,Bogart Fire,100,,TRUE,2016-08-30T12:25:00Z,Finalized,,1,,,
1246,FALSE,CAL FIRE Madera-Mariposa-Merced Unit,,2016,TRUE,Merced,24,,,,2016-06-26T18:50:00Z,,FALSE,TRUE,,,,37.07147,-121.20155,FALSE,Dinosaur Fire,100,,TRUE,2016-06-25T23:45:00Z,Finalized,,,,,
1245,FALSE,Camp Pendleton Military Base,,2016,FALSE,San Diego,37,,,,2016-07-30T14:15:00Z,,FALSE,TRUE,,,,33.393,-117.35093,FALSE,Roblar Fire,100,,TRUE,2016-07-21T16:06:00Z,Finalized,,,,,
1109,FALSE,Los Angeles County Fire,,2016,FALSE,Los Angeles,19,,,,2016-07-16T12:00:00Z,,FALSE,TRUE,,,,34.36763,-118.57245,FALSE,Sage Fire,100,,TRUE,2016-07-09T12:04:00Z,Finalized,,,,,
1080,FALSE,CAL FIRE Tuolumne-Calaveras Unit,,2016,TRUE,Tuolumne,55,2,,2,2016-10-04T22:00:00Z,,FALSE,TRUE,,,,37.79635,-120.32484,TRUE,Marshes Fire,100,92,TRUE,2016-09-26T12:20:00Z,Finalized,,,,,
850,FALSE,CAL FIRE / Butte County Fire,,2016,TRUE,Butte,4,4,2,3,2016-09-12T14:51:00Z,,FALSE,TRUE,,,3,39.6871,-121.571,TRUE,Saddle Fire,100,133,TRUE,2016-09-05T16:28:00Z,Finalized,,3,,,2
710,FALSE,CAL FIRE Siskiyou Unit,,2016,TRUE,Siskiyou,47,,,,2016-08-30T06:45:00Z,,FALSE,TRUE,,,,41.7813,-122.611,TRUE,Grade Fire,100,,TRUE,2016-08-24T14:55:00Z,Finalized,1,5,,,
650,FALSE,Inyo National Forest,,2016,FALSE,Mono,26,,,,2016-07-09T08:30:00Z,,FALSE,TRUE,,,,37.97,-119.14,FALSE,Marina Fire,100,,TRUE,2016-06-25T06:30:00Z,Finalized,,,,,
599,FALSE,CAL Fire Humboldt-Del Norte Unit,,2016,TRUE,Humboldt,12,3,1,10,2016-09-04T06:55:00Z,,FALSE,TRUE,,,,41.28486,-123.82268,TRUE,Tully Fire,100,174,TRUE,2016-08-22T16:03:00Z,Finalized,,3,,,2
554,FALSE,Kern County Fire,,2016,TRUE,Kern,15,,,,2016-07-10T19:37:00Z,,FALSE,TRUE,,,,34.913,118.9082,FALSE,Fort Fire,100,,TRUE,2016-07-08T11:15:00Z,Finalized,,,,,
550,FALSE,CAL FIRE Butte Unit,,2016,TRUE,Butte,4,,,,2016-08-03T08:00:00Z,,FALSE,TRUE,,,,39.6708,-121.7192,FALSE,99 Fire,100,,TRUE,2016-08-02T14:35:00Z,Finalized,,,,,
518,FALSE,Kern County Fire Department,,2016,TRUE,Kern,15,,,,2016-08-29T10:30:00Z,,FALSE,TRUE,,,,35.2013,-118.7212,FALSE,Range Fire,100,,TRUE,2016-08-26T10:10:00Z,Finalized,,,,,
464,FALSE,CAL FIRE Tehama-Glenn Unit,,2016,TRUE,Tehama,52,,,,2016-07-04T07:45:00Z,,FALSE,TRUE,,,,40.0353,-122.56939,TRUE,Colyear Fire,100,,TRUE,2016-06-30T13:32:00Z,Finalized,,,,,
450,FALSE,CAL FIRE Tuolumne-Calaveras Unit,,2016,TRUE,Calaveras,5,,,,2016-08-31T18:50:00Z,,FALSE,TRUE,,,,38.1874,-120.6381,TRUE,Willow Fire,100,,TRUE,2016-08-28T13:07:00Z,Finalized,,,,,
441,FALSE,CAL FIRE Shasta-Trinity Unit,,2016,TRUE,Shasta,45,10,,20,2016-07-12T07:00:00Z,,FALSE,TRUE,,,1,40.36873,-122.72913,TRUE,Fiddler Fire,100,241,TRUE,2016-07-08T22:45:00Z,Finalized,,1,,,5
400,FALSE,CAL FIRE Nevada-Yuba-Placer Unit,,2016,TRUE,Yuba,58,,,,2016-08-18T21:30:00Z,,FALSE,TRUE,,,,36.16965,-121.38775,FALSE,Beale Fire,100,,TRUE,2016-08-18T15:35:00Z,Finalized,,,,,
395,FALSE,US Forest Service - Sequoia National Forest,,2016,FALSE,Tulare,54,,,,2016-11-08T10:15:00Z,,FALSE,TRUE,,,,36.1648,-118.73906,FALSE,Tule Fire,100,,TRUE,2016-08-22T22:00:00Z,Finalized,,,,,
380,FALSE,CAL FIRE Lassen-Modoc Unit,,2016,TRUE,Modoc,25,,,,2016-09-14T18:00:00Z,,FALSE,TRUE,,,,41.4657,-120.9066,FALSE,Howard Fire,100,,TRUE,2016-09-11T14:15:00Z,Finalized,,,,,
372,FALSE,CAL FIRE Amador- El Dorado Unit,,2016,TRUE,Amador,3,,,,2016-06-29T07:30:00Z,,FALSE,TRUE,,,,38.385,-121.003611,FALSE,Rancho Fire,100,,TRUE,2016-06-28T19:02:00Z,Finalized,,,,,
360,FALSE,CAL FIRE Tehama-Glenn Unit,5,2016,TRUE,Tehama,52,6,2,12,2016-09-13T14:30:00Z,,FALSE,TRUE,,2,,40.30594,-122.1295,TRUE,Hog Fire,100,168,TRUE,2016-09-13T23:10:00Z,Finalized,,,,,5
341,FALSE,CAL FIRE Tuolumne Calaveras Unit,,2016,TRUE,Calaveras,5,,,,2016-07-16T18:30:00Z,,FALSE,TRUE,,,,38.08056,-120.81394,FALSE,Pacheco Fire,100,,TRUE,2016-07-12T13:14:00Z,Finalized,,,,,
310,FALSE,CAL FIRE Tuolumne-Calaveras Unit,,2016,TRUE,Calaveras,5,,,,2016-07-08T19:32:00Z,,FALSE,TRUE,,,,38.02845,-120.61153,FALSE,Appaloosa Fire,100,,TRUE,2016-07-02T14:55:00Z,Finalized,,,,,
306,FALSE,Kern County Fire Department,,2016,TRUE,Kern,15,,,,2016-09-21T09:30:00Z,,FALSE,TRUE,,,,0,0,FALSE,Flat Fire,100,,TRUE,2016-09-19T14:13:00Z,Finalized,,,,,
304,FALSE,USFS Sequoia National Forest,,2016,FALSE,Kern,15,,,,2016-08-28T18:50:00Z,,FALSE,TRUE,,,,35.4976,-118.5097,FALSE,Havilah Fire,100,,TRUE,2016-08-28T18:50:00Z,Finalized,,,,,
300,FALSE,Beale Air Force Base,,2016,TRUE,Sutter,51,,,,2016-09-20T18:00:00Z,,FALSE,TRUE,,,,39.188321,-121.78003,FALSE,Butte Fire,100,,TRUE,2016-09-20T09:30:00Z,Finalized,,,,,
278,FALSE,CAL FIRE Fresno-Kings Unit,,2016,TRUE,Fresno,10,,,,2016-05-25T08:00:00Z,,FALSE,TRUE,,,,36.88286,-119.654,FALSE,DeWolf Fire,100,,TRUE,2016-05-25T01:03:00Z,Finalized,,,,,
277,FALSE,CAL FIRE Sonoma-Lake-Napa Unit,,2016,TRUE,Yolo,57,,,,2016-06-27T06:15:00Z,,FALSE,TRUE,,,,38.69971,-122.15457,FALSE,Creek Fire,100,,TRUE,2016-06-26T15:45:00Z,Finalized,,,,,
248,FALSE,US Forest Service - Plumas NF,,2016,FALSE,Plumas,32,,,,2016-10-06T17:15:00Z,,FALSE,TRUE,,,,39.92,-121.32,FALSE,Tobin Fire,100,,TRUE,2016-09-26T13:23:00Z,Finalized,,,,,
237,FALSE,CAL FIRE San Benito-Monterey Unit,,2016,TRUE,San Benito,35,,,,2016-06-20T06:00:00Z,,FALSE,TRUE,,,,0,0,TRUE,King Fire ,100,,TRUE,2016-06-17T14:30:00Z,Finalized,,2,,,
221,FALSE,Kern County Fire / Sequoia National Forest ,,2016,TRUE,Kern,15,,,,2016-07-14T12:00:00Z,,FALSE,TRUE,,,,35.68313,-118.21793,FALSE,Onyx Fire,100,,TRUE,2016-07-13T17:08:00Z,Finalized,,,,,
215,FALSE,Vandenberg Air Force Base,,2016,FALSE,Santa Barbara,42,,,,2016-09-27T14:00:00Z,,FALSE,TRUE,,,,34.75134,-120.55297,FALSE,Washington Fire,100,,TRUE,2016-09-22T14:20:00Z,Finalized,,,,,
215,FALSE,CAL FIRE Sonoma-Lake-Napa Unit,,2016,TRUE,Lake,17,14,7,25,2016-06-28T20:00:00Z,,FALSE,TRUE,,2,,39.12366,-122.50373,TRUE,Reservoir Fire,100,350,TRUE,2016-06-26T16:00:00Z,Finalized,,,,,2
211,FALSE,CAL FIRE Santa Clara Unit,,2016,TRUE,Alameda,1,,,,2016-06-26T07:00:00Z,,FALSE,TRUE,,,,37.74369,-121.58677,FALSE,Grant Fire,100,,TRUE,2016-06-25T16:11:00Z,Finalized,,,,,
210,FALSE,CAL FIRE Amador El-Dorado Unit,,2016,TRUE,Amador,3,,,,2016-06-21T18:30:00Z,,FALSE,TRUE,,,,38.26874,-120.90265,TRUE,Camanche Fire,100,,TRUE,2016-06-17T14:54:00Z,Finalized,,,,,
188,FALSE,CAL FIRE Fresno County Fire,,2016,TRUE,Fresno,10,,,,2016-07-13T17:30:00Z,,FALSE,TRUE,,,,36.92244,-119.39619,FALSE,Big Fire,100,,TRUE,2016-07-11T14:30:00Z,Finalized,,,,,
176,FALSE,CAL FIRE Amador- El Dorado Unit / USFS El Dorado National Forest / Lake Valley Fire,,2016,TRUE,El Dorado,9,,,,2016-10-17T11:45:00Z,,FALSE,TRUE,,,,38.93449,-120.10744,TRUE,Emerald Fire,100,,TRUE,2016-10-14T01:28:00Z,Finalized,,,,,
173,FALSE,CAL FIRE Riverside County Fire Unit,,2016,TRUE,Riverside,33,,,,2016-07-15T08:00:00Z,,FALSE,TRUE,,,,0,0,FALSE,Briggs Fire,100,,TRUE,2016-07-12T15:20:00Z,Finalized,,,,,
169,FALSE,CAL FIRE Nevada-Yuba-Placer Unit,,2016,TRUE,Placer,31,,,,2016-05-19T18:00:00Z,,FALSE,TRUE,,,,38.8390117,-121.3090268,FALSE,Athens Fire,100,,TRUE,2016-05-17T15:06:00Z,Finalized,,,,,
158,FALSE,CAL FIRE / Fresno County Fire,,2016,TRUE,Fresno,10,,,,2016-09-06T18:15:00Z,,FALSE,TRUE,,,,36.84479,-119.34487,TRUE,Sunny Fire,100,,TRUE,2016-09-03T14:44:00Z,Finalized,,,,,
156,FALSE,LA County Fire Department/Angeles National Forest,,2016,FALSE,Los Angeles,19,,,,2016-05-25T18:45:00Z,,FALSE,TRUE,,,,34.276,-118.354,FALSE,Wheatland Fire,100,,TRUE,2016-05-23T14:15:00Z,Finalized,,,,,
151,FALSE,CAL FIRE Fresno-Kings Unit,,2016,TRUE,Fresno,10,,,,2016-04-29T17:15:00Z,,FALSE,TRUE,,,,0,0,FALSE,Hills Fire,100,,TRUE,2016-04-28T17:45:00Z,Finalized,,,,,
150,FALSE,Stanislaus National Forest,,2016,FALSE,Del Norte,8,,,,2016-09-17T18:00:00Z,,FALSE,TRUE,,,,37.75972,-120.029626,FALSE,Old Fire,100,,TRUE,2016-09-13T13:55:00Z,Finalized,,,,,
150,FALSE,Cleveland National Forest,,2016,FALSE,Orange,30,,,,2016-09-05T06:55:00Z,,FALSE,TRUE,,,,33.6542,-117.5221,FALSE,Holy Fire,100,,TRUE,2016-08-31T04:10:00Z,Finalized,,,,,
150,FALSE,CAL FIRE San Luis Obispo Unit,,2016,TRUE,San Luis Obispo,40,,,,2016-05-10T18:45:00Z,,FALSE,TRUE,,,,35.61961,-120.39993,FALSE,Shedd Fire,100,,TRUE,2016-05-10T16:11:00Z,Finalized,,,,,
147,FALSE,CAL FIRE Santa Clara Unit,,2016,TRUE,San Joaquin,39,,,,2016-08-20T18:45:00Z,,FALSE,TRUE,,,,37.62215,-121.36665,FALSE,Bird Fire,100,,TRUE,2016-08-20T08:35:00Z,Finalized,,,,,
145,FALSE,CAL FIRE Fresno-Kings Unit,,2016,TRUE,Fresno,10,,,,2016-07-07T19:00:00Z,,FALSE,TRUE,,,,36.14161,-120.62048,FALSE,Frame Fire,100,,TRUE,2016-07-04T17:15:00Z,Finalized,,,,,
140,FALSE,CAL FIRE Santa Clara Unit,,2016,TRUE,Stanislaus,50,,,,2016-08-04T20:00:00Z,,FALSE,TRUE,,,,0,0,FALSE,Maze Fire,100,,TRUE,2016-08-04T15:45:00Z,Finalized,,,,,
139,FALSE,CAL FIRE Riverside County Fire,,2016,TRUE,Riverside,33,,,,2016-06-07T18:15:00Z,,FALSE,TRUE,,,1,33.476894,-117.140883,TRUE,Temecula Fire,100,,TRUE,2016-06-04T11:40:00Z,Finalized,,,,,
138,FALSE,Kern County Fire,,2016,TRUE,Kern,15,,,,2016-07-16T07:40:00Z,,FALSE,TRUE,,,,35.60748,-118.94811,FALSE,Famoso Fire,100,,TRUE,2016-07-15T23:55:00Z,Finalized,,,,,
132,FALSE,CAL FIRE Fresno-Kings Unit,,2016,TRUE,Fresno,10,,,,2016-05-17T19:10:00Z,,FALSE,TRUE,,,,36.78769,-119.38248,FALSE,Avocado Fire,100,,TRUE,2016-05-15T16:38:00Z,Finalized,,,,,
130,FALSE,CAL FIRE Butte Unit,,2016,TRUE,Butte,4,,,,2016-09-23T10:30:00Z,,FALSE,TRUE,,,,39.4403,-121.42647,FALSE,Bangor Fire,100,,TRUE,2016-09-22T11:45:00Z,Finalized,,,,,
123,FALSE,CAL FIRE Fresno County Fire,,2016,TRUE,Fresno,10,,,,2016-07-16T18:00:00Z,,FALSE,TRUE,,,,37.0099,-119.5792,TRUE,Green Fire,100,,TRUE,2016-07-15T16:45:00Z,Finalized,,,,,
122,FALSE,Inyo National Forest,,2016,FALSE,Mono,26,,,,2016-08-07T19:33:00Z,,FALSE,TRUE,,,,0,0,FALSE,Rock Creek Fire,100,,TRUE,2016-08-05T15:45:00Z,Finalized,,,,,
120,FALSE,CAL FIRE Santa Clara Unit,,2016,TRUE,Stanislaus,50,,,,2016-06-09T17:10:00Z,,FALSE,TRUE,,,,37.17072,-121.42238,FALSE,Coe Fire,100,,TRUE,2016-06-07T16:30:00Z,Finalized,,,,,
114,FALSE,CAL FIRE Santa Clara Unit,,2016,TRUE,Santa Clara,43,,,,2016-07-31T18:30:00Z,,FALSE,TRUE,,,,37.41896,-121.79669,FALSE,Sierra Fire,100,,TRUE,2016-07-30T17:25:00Z,Finalized,,,,,
112,FALSE,CAL FIRE Butte Unit,,2016,TRUE,Butte,4,,,,2016-06-20T19:50:00Z,,FALSE,TRUE,,,,39.595,-121.6008,FALSE,Coal Fire,100,,TRUE,2016-06-20T16:38:00Z,Finalized,,,,,
103,FALSE,CAL FIRE Madera-Mariposa-Merced Unit,,2016,TRUE,Madera,20,,,,2016-07-06T20:00:00Z,,FALSE,TRUE,,,,37.25601,-119.65776,FALSE,Broken Fire,100,,TRUE,2016-07-04T11:53:00Z,Finalized,,,,,
100,FALSE,CAL FIRE Shasta-Trinity Unit,,2016,TRUE,Shasta,45,,,,2016-09-25T13:15:00Z,,FALSE,TRUE,,,,40,-121.93923,FALSE,Cow Fire,100,,TRUE,2016-09-25T07:15:00Z,Finalized,,,,,
100,FALSE,CAL FIRE San Mateo-Santa Clara Unit,,2016,TRUE,Santa Clara,43,,,,2016-08-18T19:50:00Z,,FALSE,TRUE,,,,0,0,FALSE,Bailey Fire,100,,TRUE,2016-08-17T15:19:00Z,Finalized,,,,,
100,FALSE,Kern County Fire,,2016,TRUE,Kern,15,,,,2016-08-07T20:15:00Z,,FALSE,TRUE,,,,35.24504,-118.60344,FALSE,Hart Fire,100,,TRUE,2016-08-04T17:10:00Z,Finalized,,,,,
100,FALSE,CAL FIRE Santa Clara Unit,,2016,TRUE,Stanislaus,50,,,,2016-08-04T07:45:00Z,,FALSE,TRUE,,,,0,0,FALSE,Diablo Fire,100,,TRUE,2016-08-03T16:08:00Z,Finalized,,,,,
100,FALSE,CAL FIRE San Benito-Monterey Unit,,2016,TRUE,Monterey,27,,,,2016-07-23T08:45:00Z,,FALSE,TRUE,,,,35.85093,-120.81081,FALSE,Bradley Fire,100,,TRUE,2016-07-22T15:15:00Z,Finalized,,,,,
100,FALSE,CAL FIRE San Diego,,2016,TRUE,San Diego,37,,,,2016-07-20T13:45:00Z,,FALSE,TRUE,,,,32.9612,-116.7945,FALSE,Feather Fire,100,,TRUE,2016-07-18T13:08:00Z,Finalized,,,,,
95,FALSE,CAL FIRE San Benito-Monterey Unit,,2016,TRUE,San Benito,35,,,,2016-07-10T19:30:00Z,,FALSE,TRUE,,,,5487,-120.841536,FALSE,Mercury Fire,100,,TRUE,2016-07-09T12:43:00Z,Finalized,,,,,
91,FALSE,CAL FIRE Butte Unit,,2016,TRUE,Butte,4,,,,2016-05-27T17:00:00Z,,FALSE,TRUE,,,,39.33035,-121.78973,FALSE,Dunstone Fire,100,,TRUE,2016-05-27T13:43:00Z,Finalized,,,,,
88,FALSE,CAL FIRE Butte Unit,,2016,TRUE,Butte,4,,,,2016-08-30T18:40:00Z,,FALSE,TRUE,,,,39.79547,-121.71662,TRUE,Santos Fire,100,,TRUE,2016-08-26T15:30:00Z,Finalized,,,,,
88,FALSE,CAL FIRE Tehama-Glen Unit,,2016,TRUE,Tehama,52,,,,2016-07-01T17:45:00Z,,FALSE,TRUE,,,,40.07846,-122.2071,FALSE,Flores Fire,100,,TRUE,2016-07-01T13:54:00Z,Finalized,,,,,
88,FALSE,CAL FIRE Nevada Yuba Placer Unit,,2016,TRUE,Placer,31,,,,2016-06-21T15:45:00Z,,FALSE,TRUE,,,,38.86804,-121.37704,FALSE,Moore Fire,100,,TRUE,2016-06-21T12:24:00Z,Finalized,,,,,
87,FALSE,CAL FIRE Amador-Eldorado Unit,,2016,TRUE,Sacramento,34,,,,2016-07-11T06:35:00Z,,FALSE,TRUE,,,,38.517772,-121.103642,FALSE,Scott Fire,100,,TRUE,2016-07-10T15:30:00Z,Finalized,,,,,
86,FALSE,CAL FIRE San Luis Obispo Unit,,2016,TRUE,San Luis Obispo,40,,,,2016-06-29T17:00:00Z,,FALSE,TRUE,,,,35.70821,-120.82266,FALSE,Frazier Fire,100,,TRUE,2016-06-27T12:07:00Z,Finalized,,,,,
85,FALSE,CAL FIRE Madera-Mariposa-Merced Unit,,2016,TRUE,Madera,20,,,,2016-08-06T19:50:00Z,,FALSE,TRUE,,,,37.3228,-119.7738,FALSE,Grub Fire,100,,TRUE,2016-08-04T14:13:00Z,Finalized,,,,,
85,FALSE,CAL FIRE Tuolumne-Calaveras Unit,,2016,TRUE,Tuolumne,55,3,,6,2016-06-01T19:45:00Z,,FALSE,TRUE,,,,37.927613,-120.528836,TRUE,Tulloch Fire,100,,TRUE,2016-05-30T15:10:00Z,Finalized,,,,,
84,FALSE,CAL FIRE Sonoma-Lake-Napa Unit,,2016,TRUE,Yolo,57,,,,2016-07-15T15:40:00Z,,FALSE,TRUE,,,,38.8866,-122.04726,FALSE,Dunnigan Fire,100,,TRUE,2016-07-15T14:00:00Z,Finalized,,,,,
83,FALSE,CAL FIRE Tuolumne-Calaveras Unit,,2016,TRUE,Calaveras,5,,,,2016-06-16T10:00:00Z,,FALSE,TRUE,,,1,0,0,TRUE,Cheyenne Fire,100,,TRUE,2016-06-15T12:46:00Z,Finalized,1,2,,,
83,FALSE,CAL FIRE San Benito Monterey Unit,,2016,TRUE,San Benito,35,,,,2016-06-12T15:45:00Z,,FALSE,TRUE,,,,36.49914,-121.04993,FALSE,Old Fire,100,,TRUE,2016-06-12T12:45:00Z,Finalized,,,,,
80,FALSE,CAL FIRE Tehama-Glenn Unit,,2016,TRUE,Tehama,52,,,,2016-08-04T07:50:00Z,,FALSE,TRUE,,,,40.19611,-122.26736,FALSE,Baker Fire,100,,TRUE,2016-08-03T17:27:00Z,Finalized,,,,,
80,FALSE,CAL FIRE Madera-Mariposa-Merced Unit,,2016,TRUE,Madera,20,,,,2016-07-25T19:20:00Z,,FALSE,TRUE,,,,0,0,TRUE,Serpa Fire,100,,TRUE,2016-07-21T12:53:00Z,Finalized,,,,,
80,FALSE,CAL FIRE Tehama Glenn Unit,,2016,TRUE,Tehama,52,,,,2016-06-11T16:15:00Z,,FALSE,TRUE,,,,39.7947,-121.857,FALSE,Hoag Fire,100,,TRUE,2016-06-11T14:30:00Z,Finalized,,,,,
78,FALSE,Ventura County Fire Department,,2016,TRUE,Ventura,56,,,,2016-07-15T14:00:00Z,,FALSE,TRUE,,,,36.92244,-119.39619,FALSE,Sherwood Fire,100,,TRUE,2016-07-13T15:52:00Z,Finalized,,,,,
75,FALSE,CAL FIRE Shasta-Trinity Unit / Shasta Lake City Fire Department,,2016,TRUE,Shasta,45,,,,2016-09-12T19:00:00Z,,FALSE,TRUE,,,,40.68192,-122.4096,FALSE,Lake Fire,100,,TRUE,2016-09-10T15:45:00Z,Finalized,,,,,
70,FALSE,CAL FIRE Fresno-Kings unit,,2016,TRUE,Fresno,10,,,,2016-09-24T20:00:00Z,,FALSE,TRUE,,,,36.6543,-119.5327,FALSE,Newmark Fire,100,,TRUE,2016-09-23T12:40:00Z,Finalized,,,,,
70,FALSE,CAL FIRE San Benito-Monterey Unit,,2016,TRUE,Monterey,27,,,,2016-06-20T18:15:00Z,,FALSE,TRUE,,,,36.2833,-121.3306,FALSE,Arroyo Fire,100,,TRUE,2016-06-18T16:47:00Z,Finalized,,,,,
70,FALSE,CAL FIRE San Diego Unit,,2016,TRUE,San Diego,37,,,,2016-06-07T06:45:00Z,,FALSE,TRUE,,,3,33.41639,-117.08829,TRUE,Pala Fire,100,250,TRUE,2016-05-31T13:48:00Z,Finalized,,7,,,
69,FALSE,CAL FIRE Sonoma-Lake-Napa Unit,,2016,TRUE,Lake,17,,,4,2016-07-22T18:15:00Z,,FALSE,TRUE,,,,39.0863,-122.7891,TRUE,Foothill Fire,100,14,TRUE,2016-07-19T17:16:00Z,Finalized,,,,,
65,FALSE,CAL FIRE Sonoma-Lake-Napa Unit,,2016,TRUE,Napa,28,4,0,5,2016-10-12T18:00:00Z,,FALSE,TRUE,,,,38.40958,-122.43172,TRUE,Creek Fire,100,86,TRUE,2016-10-10T16:13:00Z,Finalized,,,,,2
61,FALSE,Kern County Fire Department,,2016,FALSE,Kern,15,,,,2016-06-12T12:30:00Z,,FALSE,TRUE,,,,35.77135,-120.251,FALSE,Cotton Fire,100,,TRUE,2016-06-11T15:04:00Z,Finalized,,,,,
57,FALSE,CAL FIRE Sonoma-Lake-Napa Unit/Vacaville Fire Department,,2016,TRUE,Solano,48,,,,2016-07-22T16:07:00Z,,FALSE,TRUE,,,,38.33475,-122.02564,FALSE,Oak Fire,100,,TRUE,2016-07-22T13:01:00Z,Finalized,,,,,
57,FALSE,CAL FIRE Tuolumne-Calaveras Unit,,2016,TRUE,Calaveras,5,,,,2016-07-22T19:00:00Z,,FALSE,TRUE,,,,37.98171,-120.64241,TRUE,Baker Fire,100,,TRUE,2016-07-21T15:06:00Z,Finalized,,,,,
56,FALSE,CAL FIRE Siskiyou Unit,,2016,TRUE,Siskiyou,47,,,,2016-05-21T19:00:00Z,,FALSE,TRUE,,,,0,0,FALSE,Mill Fire,100,,TRUE,2016-05-19T15:37:00Z,Finalized,,,,,
52,FALSE,CAL FIRE San Benito-Monterey Unit,,2016,TRUE,Monterey,27,,,,2016-06-24T18:20:00Z,,FALSE,TRUE,,,,36.1934,-120.9293,FALSE,Lowe Fire,100,,TRUE,2016-06-23T17:57:00Z,Finalized,,,,,
50,FALSE,CAL FIRE Mendocino Unit,,2016,TRUE,Mendocino,23,,,,2016-09-15T09:10:00Z,,FALSE,TRUE,,,,39.7299,-123.5044,FALSE,Ruff Fire ,100,,TRUE,2016-09-10T14:06:00Z,Finalized,,,,,
50,FALSE,San Bernardino County Fire ,,2016,TRUE,San Bernardino,36,,,,2016-09-09T06:00:00Z,,FALSE,TRUE,,,,34.3183,-117.3189,FALSE,Spring Fire,100,,TRUE,2016-09-07T16:53:00Z,Finalized,,,,,
50,FALSE,CAL FIRE Amador-El Dorado Unit,,2016,TRUE,El Dorado,9,,,,2016-07-23T18:00:00Z,,FALSE,TRUE,,,,38.79549,-121.00299,TRUE,Storksbill Fire,100,,TRUE,2016-07-22T13:15:00Z,Finalized,,,,,
50,FALSE,Ventura County Fire Department,,2016,FALSE,Ventura,56,,,,2016-04-30T07:00:00Z,,FALSE,TRUE,,,,0,0,FALSE,Casitas Fire,100,,TRUE,2016-04-28T19:00:00Z,Finalized,,,,,
49,FALSE,CAL FIRE Butte County Fire,,2016,TRUE,Butte,4,,,,2016-06-21T16:30:00Z,,FALSE,TRUE,,,,39.43351,-121.6051,FALSE,70 Fire,100,,TRUE,2016-06-21T15:09:00Z,Finalized,,,,,
47,FALSE,CAL FIRE Nevada-Yuba-Placer Unit / Grass Valley Fire Department,,2016,TRUE,Nevada,29,,,,2016-09-20T18:00:00Z,,FALSE,TRUE,,,,39.20427,-121.05948,FALSE,Auburn Fire,100,,TRUE,2016-09-17T13:40:00Z,Finalized,,,,,
47,FALSE,Orange County Fire Authority,,2016,TRUE,Orange,30,,,,2016-06-29T18:30:00Z,,FALSE,TRUE,,,,33.57872,-117.77395,FALSE,Laguna Fire,100,,TRUE,2016-06-26T13:10:00Z,Finalized,,,,,
45,FALSE,CAL FIRE Amador-El Dorado Unit,4,2016,TRUE,Amador,3,5,2,18,2016-09-25T17:45:00Z,,FALSE,TRUE,,2,,38.5212,-120.8416,TRUE,Bell Fire,100,150,TRUE,2016-09-23T13:12:00Z,Finalized,,,,,3
45,FALSE,CAL FIRE Sonoma-Lake-Napa Unit,,2016,TRUE,Lake,17,,,,2016-08-10T17:00:00Z,,FALSE,TRUE,,,,36.09974,-120.51057,FALSE,Kugelman Fire,100,,TRUE,2016-08-09T17:30:00Z,Finalized,,,,,
45,FALSE,Ventura County Fire,,2016,TRUE,Ventura,56,,,,2016-07-01T19:50:00Z,,FALSE,TRUE,,,,34.27619,-118.63264,FALSE,Kuehner Fire,100,,TRUE,2016-07-01T14:00:00Z,Finalized,,,,,
43,FALSE,CAL FIRE Tehama-Glenn Unit,,2016,TRUE,Tehama,52,,,,2016-06-21T13:00:00Z,,FALSE,TRUE,,,,39.93965,-122.40142,FALSE,Paskenta Fire,100,,TRUE,2016-06-21T10:26:00Z,Finalized,,,,,
43,FALSE,Kern County Fire Department,,2016,TRUE,Kern,15,,,,2016-06-04T17:00:00Z,,FALSE,TRUE,,,,0,0,FALSE,Walker Fire,100,,TRUE,2016-05-30T17:57:00Z,Finalized,,,,,
42,FALSE,CAL FIRE Lassen-Modoc Unit,,2016,TRUE,Lassen,18,,,,2016-08-01T19:40:00Z,,FALSE,TRUE,,,,0,0,TRUE,Dockery Fire,100,,TRUE,2016-07-30T16:25:00Z,Finalized,,,,,
40,FALSE,CAL FIRE Amador- El Dorado Unit / Sac Metro Fire,,2016,TRUE,Sacramento,34,,,,2016-09-12T19:00:00Z,,FALSE,TRUE,,,,38.558,-121.1309,FALSE,Boys Fire,100,,TRUE,2016-09-11T11:25:00Z,Finalized,,,,,
40,FALSE,CAL FIRE Riverside Unit,,2016,TRUE,Riverside,33,,,,2016-08-29T15:00:00Z,,FALSE,TRUE,,,,0,0,FALSE,Evergreen Fire,100,,TRUE,2016-08-28T15:23:00Z,Finalized,,,,,
40,FALSE,CAL FIRE Santa Clara Unit,,2016,TRUE,Contra Costa,7,,,,2016-07-24T19:00:00Z,,FALSE,TRUE,,,,38.01264,-122.1885,FALSE,Franklin Fire,100,,TRUE,2016-07-24T16:30:00Z,Finalized,,,,,
38,FALSE,Tahoe National Forest,,2016,FALSE,Nevada,29,,,,1969-12-31T16:00:00Z,,FALSE,TRUE,,,,39.39051,-120.51887,FALSE,Phoenix Fire,100,,TRUE,2016-09-07T15:09:00Z,Finalized,,,,,
38,FALSE,CAL FIRE Madera-Mariposa-Merced Unit,,2016,TRUE,Madera,20,,,,2016-07-31T18:55:00Z,,FALSE,TRUE,,,,37.24006,-119.4741,FALSE,Fork Fire,100,,TRUE,2016-07-29T17:55:00Z,Finalized,,,,,
36,FALSE,CAL FIRE Mendocino Unit,,2016,TRUE,Mendocino,23,,,,2016-08-31T07:15:00Z,,FALSE,TRUE,,,,39.8748511,-123.4267011,FALSE,Mina Fire,100,,TRUE,2016-08-30T13:35:00Z,Finalized,,,,,
36,FALSE,CAL FIRE Sonoma-Lake-Napa Unit,,2016,TRUE,Lake,17,,,,2016-08-10T17:00:00Z,,FALSE,TRUE,,,,38.68403,-122.26015,FALSE,Knoxville Fire,100,,TRUE,2016-08-09T18:50:00Z,Finalized,,,,,
35,FALSE,CAL FIRE San Diego Unit,,2016,TRUE,San Diego,37,,,,2016-08-11T18:30:00Z,,FALSE,TRUE,,,,33.22558,-117.14547,FALSE,Gopher Fire,100,,TRUE,2016-08-10T09:14:00Z,Finalized,,,,,
35,FALSE,CAL FIRE Shasta-Trinity Unit,,2016,TRUE,Shasta,45,,,,2016-08-10T17:00:00Z,,FALSE,TRUE,,,,40.61213,-122.47091,FALSE,Mountain Fire,100,,TRUE,2016-08-09T12:14:00Z,Finalized,,,,,
35,FALSE,CAL FIRE Butte Unit,,2016,TRUE,Butte,4,,,,2016-07-29T15:10:00Z,,FALSE,TRUE,,,,0,0,FALSE,Neal Fire,100,,TRUE,2016-07-28T14:27:00Z,Finalized,,,,,
35,FALSE,CAL FIRE Tuolumne Calaveras Unit,,2016,TRUE,Calaveras,5,,,,2016-07-13T19:00:00Z,,FALSE,TRUE,,,,37.96311,-120.67335,FALSE,Stagecoach Fire,100,,TRUE,2016-07-12T15:19:00Z,Finalized,,,,,
33,FALSE,CAL FIRE Tuolumne-Calaveras Unit,,2016,TRUE,Calaveras,5,,,,2016-06-30T07:00:00Z,,FALSE,TRUE,,,,38.22017,-120.8678,FALSE,Campo Fire,100,,TRUE,2016-06-27T18:00:00Z,Finalized,,,,,
32,FALSE,CAL FIRE Siskiyou Unit,,2016,TRUE,Siskiyou,47,,,,2016-09-13T18:30:00Z,,FALSE,TRUE,,,,41.6314,-122.7933,FALSE,Moffett Fire,100,,TRUE,2016-09-12T16:28:00Z,Finalized,,,,,
32,FALSE,CAL FIRE Tuolumne-Calaveras unit,,2016,TRUE,Tuolumne,55,,,,2016-08-01T08:05:00Z,,FALSE,TRUE,,,,37.81434,-120.69521,FALSE,Frymire Fire,100,,TRUE,2016-07-30T17:25:00Z,Finalized,,,,,
32,FALSE,CAL FIRE Amador El-Dorado,,2016,TRUE,Sacramento,34,,,,2016-06-03T19:55:00Z,,FALSE,TRUE,,,,38.3131,-121.06452,FALSE,Clay Fire,100,,TRUE,2016-06-03T16:57:00Z,Finalized,,,,,
30,FALSE,CAL FIRE Butte Unit,,2016,TRUE,Butte,4,,,,2016-09-19T18:30:00Z,,FALSE,TRUE,,,,39.8851,-121.6998,FALSE,Old Fire,100,,TRUE,2016-09-16T23:28:00Z,Finalized,,,,,
30,FALSE,CAL FIRE San Bernardino Unit,,2016,TRUE,Inyo,14,,,,2016-07-02T20:00:00Z,,FALSE,TRUE,,,,36.58972,-118.15589,FALSE,Lone Pine Fire,100,,TRUE,2016-07-01T12:56:00Z,Finalized,,,,,
30,FALSE,CAL FIRE San Benito Monterey Unit,,2016,TRUE,San Benito,35,,,,2016-06-03T17:30:00Z,,FALSE,TRUE,,,,36.80296,-121.40304,FALSE,Hidden Fire,100,,TRUE,2016-06-03T17:39:00Z,Finalized,,,,,
30,FALSE,CAL FIRE Butte Unit,2,2016,TRUE,Butte,4,1,1,9,2016-05-29T19:53:00Z,,FALSE,TRUE,,1,,39.624017,-121.595093,TRUE,70 Fire,100,42,TRUE,2016-05-29T16:51:00Z,Finalized,,,,,2
30,FALSE,CAL FIRE Madera-Mariposa-Merced Unit,,2016,TRUE,Merced,24,,,,2016-04-24T15:30:00Z,,FALSE,TRUE,,,,37.2171,-121.08036,FALSE,Taglio Fire,100,,TRUE,2016-04-24T11:10:00Z,Finalized,,,,,
28,FALSE,CAL FIRE San Diego Unit,,2016,TRUE,San Diego,37,,,,2016-11-14T18:00:00Z,,FALSE,TRUE,,,,33.254355,-117.158475,FALSE,Gopher Fire,100,,TRUE,2016-11-13T11:14:00Z,Finalized,,,,,
28,FALSE,CAL FIRE San Diego Unit,,2016,TRUE,San Diego,37,,,,2016-07-24T14:30:00Z,,FALSE,TRUE,,,,33.00056,-116.9571,TRUE,Rock Fire,100,,TRUE,2016-07-22T14:47:00Z,Finalized,,,,,
26,FALSE,CAL FIRE Amador - El Dorado Unit,,2016,TRUE,Amador,3,2,1,8,2016-08-06T10:06:00Z,,FALSE,TRUE,,,,38.2581,-120.8657,TRUE,Deer Fire,100,,TRUE,2016-08-05T13:49:00Z,Finalized,,,,,3
26,FALSE,CAL FIRE Siskiyou Unit,,2016,TRUE,Siskiyou,47,,,,2016-07-20T09:00:00Z,,FALSE,TRUE,,,,41.96191,-122.59328,FALSE,Bailey Fire,100,,TRUE,2016-07-19T14:09:00Z,Finalized,,,,,
25,FALSE,CAL FIRE Santa Clara Unit,,2016,TRUE,Santa Clara,43,,,,2016-09-02T06:55:00Z,,FALSE,TRUE,,,,37.11831,-121.69784,FALSE,Oak Fire,100,,TRUE,2016-09-01T14:36:00Z,Finalized,,,,,
25,FALSE,CAL FIRE Santa Clara Unit,,2016,TRUE,Santa Clara,43,,,,2016-08-14T19:50:00Z,,FALSE,TRUE,,,,37.06531,-121.68577,FALSE,Oak Fire,100,,TRUE,2016-08-12T16:00:00Z,Finalized,,,,,
25,FALSE,El Dorado National Forest,,2016,FALSE,El Dorado,9,,,,2016-08-07T19:18:00Z,,FALSE,TRUE,,,,0,0,FALSE,Alder Fire,100,,TRUE,2016-08-06T15:00:00Z,Finalized,,,,,
25,FALSE,CAL FIRE Sonoma-Lake-Napa Unit,,2016,TRUE,Lake,17,,,,2016-07-31T18:50:00Z,,FALSE,TRUE,,,,0,0,FALSE,North Branch Extension Fire,100,,TRUE,2016-07-29T14:55:00Z,Finalized,,,,,
25,FALSE,CAL FIRE Amador El-Dorado,,2016,TRUE,El Dorado,9,,,,2016-06-04T15:30:00Z,,FALSE,TRUE,,,,38.64107,-120.6955,TRUE,Aukum Fire,100,,TRUE,2016-06-03T12:41:00Z,Finalized,,,,,
25,FALSE,CAL FIRE San Benito-Monterey Unit,,2016,TRUE,Monterey,27,,,,2016-05-12T20:45:00Z,,FALSE,TRUE,,,,35.8378273,-121.0381507,FALSE,Bryson Fire,100,,TRUE,2016-05-12T14:13:00Z,Finalized,,,,,
24,FALSE,CAL FIRE Shasta Trinity Unit,,2016,TRUE,Shasta,45,,,,2016-06-12T15:00:00Z,,FALSE,TRUE,,,,40.61388,-122.46777,FALSE,Keswick Fire,100,,TRUE,2016-06-11T16:02:00Z,Finalized,,,,,
23,FALSE,CAL FIRE Humboldt-Del Norte,,2016,TRUE,Humboldt,12,,,,2016-08-16T08:45:00Z,,FALSE,TRUE,,,,40.4572,-124.05804,FALSE,Stafford Fire,100,,TRUE,2016-08-11T14:57:00Z,Finalized,,,,,
23,FALSE,CAL FIRE Siskiyou Unit,,2016,TRUE,Siskiyou,47,,,,2016-07-22T12:00:00Z,,FALSE,TRUE,,,,41.71847,-122.36924,FALSE,Table Fire,100,,TRUE,2016-07-21T20:30:00Z,Finalized,,,,,
21,FALSE,CAL FIRE Humboldt-Del Norte,,2016,TRUE,Humboldt,12,,,,2016-08-19T08:30:00Z,,FALSE,TRUE,,,,40.9878,-123.77832,FALSE,Summit Fire,100,,TRUE,2016-08-12T17:23:00Z,Finalized,,,,,
20,FALSE,San Bernardino National Forest,,2016,FALSE,San Bernardino,36,,,,2016-09-04T18:55:00Z,,FALSE,TRUE,,,,34.25858,-117.4415,FALSE,Ken Fire,100,,TRUE,2016-09-03T21:51:00Z,Finalized,,,,,
20,FALSE,CAL FIRE Sonoma-Lake-Napa Unit,,2016,TRUE,Lake,17,,,,2016-08-31T07:05:00Z,,FALSE,TRUE,,,,39.1408865,-122.9148951,FALSE,Mockingbird Fire,100,,TRUE,2016-08-30T16:54:00Z,Finalized,,,,,
20,FALSE,Ventura County Fire Department,,2016,TRUE,Ventura,56,,,,2016-05-13T22:30:00Z,,FALSE,TRUE,,,,0,0,FALSE,Edison Fire,100,,TRUE,2016-05-12T14:13:00Z,Finalized,,,,,
19,FALSE,CAL FIRE Amador-El Dorado Unit,,2016,TRUE,Amador,3,,,,2016-08-31T07:05:00Z,,FALSE,TRUE,,,,0,0,TRUE,Willow Fire,100,,TRUE,2016-08-30T16:52:00Z,Finalized,,,,,
15,FALSE,Ventura County Fire,,2016,TRUE,Ventura,56,,,,2016-07-12T10:30:00Z,,FALSE,TRUE,,,,33.11645,-116.58542,FALSE,Shelter Fire,100,,TRUE,2016-07-11T12:58:00Z,Finalized,,,,,
11,FALSE,CAL FIRE Tehama-Glenn Unit,,2016,TRUE,Tehama,52,,,,2016-07-26T19:25:00Z,,FALSE,TRUE,,,,0,0,FALSE,Collier Fire,100,,TRUE,2016-07-25T16:55:00Z,Finalized,,,,,
11,FALSE,CAL FIRE Shasta-Trinity Unit,,2016,TRUE,Shasta,45,,,,2016-05-25T20:00:00Z,,FALSE,TRUE,,,,0,0,FALSE,Fiddler Fire,100,,TRUE,2016-05-25T16:51:00Z,Finalized,,,,,
10,FALSE,Sequoia National Forest,,2016,FALSE,Tulare,54,,,,2016-12-19T13:30:00Z,,FALSE,TRUE,,,,36.217,-118.551,FALSE,Jacobson Fire,100,,TRUE,2016-10-20T17:00:00Z,Finalized,,,,,
0,FALSE,Stanislaus National Forest,,2016,FALSE,Alpine,2,,,,2016-08-30T12:05:00Z,,FALSE,TRUE,,,,38.57554,-120.00606,FALSE,Mokelumne Fire,100,,TRUE,2016-08-18T12:05:00Z,Finalized,,,,,
0,FALSE,Los Angeles Fire Department ,,2016,FALSE,Los Angeles,19,,,,2016-08-09T17:15:00Z,,FALSE,TRUE,,,,0,0,FALSE,Sand Fire,100,,TRUE,2016-07-22T14:11:00Z,Finalized,,,,,
0,FALSE,Bureau of Land Management ,,2016,FALSE,San Luis Obispo,40,,,,2016-06-19T08:30:00Z,,FALSE,TRUE,,,,35.01382,-119.58206,FALSE,Soda Fire,100,,TRUE,2016-06-04T17:46:00Z,Finalized,,,,,
0,FALSE,Los Angeles County Fire Department,,2016,FALSE,Los Angeles,19,,,,2016-06-13T12:30:00Z,,FALSE,TRUE,,,,0,0,FALSE,Old Fire,100,,TRUE,2016-06-04T16:09:00Z,Finalized,,,,,
0,FALSE,Bureau of Land Management,,2016,FALSE,Tulare,54,,,,2016-06-19T18:00:00Z,,FALSE,TRUE,,,,35.84883,-118.08591,FALSE,Chimney Fire,100,,TRUE,2016-06-01T15:35:00Z,Finalized,,,,,
0,FALSE,Los Angeles County Fire,,2016,FALSE,Los Angeles,19,,,,2016-04-19T15:30:00Z,,FALSE,TRUE,,,,34.6888731,-118.7892593,FALSE,Gorman Fire,100,,TRUE,2016-04-19T13:09:00Z,Finalized,,,,,
281893,FALSE,US Forest Service - Los Padres National Forest ,,2017,TRUE,Santa Barbara,"42,56",,,,2019-03-14T11:24:00Z,,FALSE,TRUE,,,,34.41521,-119.09124,TRUE,Thomas Fire,100,,TRUE,2017-12-04T18:28:00Z,Finalized,280,1063,,,
281893,FALSE,US Forest Service - Los Padres National Forest ,,2017,TRUE,Ventura,"42,56",,,,2019-03-14T11:24:00Z,,FALSE,TRUE,,,,34.41521,-119.09124,TRUE,Thomas Fire,100,,TRUE,2017-12-04T18:28:00Z,Finalized,280,1063,,,
83733,FALSE,Bureau of Land Management,,2017,FALSE,Lassen,18,,,,2018-01-09T11:52:00Z,,FALSE,TRUE,,,,40.07045,-120.14013,FALSE,Long Valley Fire,100,,TRUE,2017-07-11T14:15:00Z,Finalized,,,,,
83120,FALSE,Modoc National Forest,,2017,FALSE,Modoc,25,,,,2018-01-09T12:05:00Z,,FALSE,TRUE,,,,0,0,FALSE,Modoc July Complex,100,,TRUE,2017-07-24T12:00:00Z,Finalized,,,,,
81826,FALSE,CAL FIRE Madera-Mariposa-Merced Unit,,2017,TRUE,Mariposa,22,,,,2018-01-09T11:57:00Z,,FALSE,TRUE,,,,37.61757,-120.21321,TRUE,Detwiler Fire,100,,TRUE,2017-07-16T15:56:00Z,Finalized,21,131,,0,
78698,FALSE,Klamath National Forest,,2017,FALSE,Siskiyou,47,,,,2018-01-09T12:43:00Z,,FALSE,TRUE,,,,41.841,-123.474,FALSE,Eclipse Complex,100,,TRUE,2017-08-15T07:55:00Z,Finalized,,,,,
56556,FALSE,CAL FIRE Sonoma-Lake-Napa Unit,,2017,TRUE,Napa,"28,49",,,,2018-02-09T09:30:00Z,3,FALSE,TRUE,,,,38.4041,-122.5209,TRUE,Nuns / Adobe / Norrbom/ Pressley / Partrick Fires / Oakmont (Central LNU Complex),100,,TRUE,2017-10-08T22:00:00Z,Finalized,172,1355,,,
56556,FALSE,CAL FIRE Sonoma-Lake-Napa Unit,,2017,TRUE,Sonoma,"28,49",,,,2018-02-09T09:30:00Z,3,FALSE,TRUE,,,,38.4041,-122.5209,TRUE,Nuns / Adobe / Norrbom/ Pressley / Partrick Fires / Oakmont (Central LNU Complex),100,,TRUE,2017-10-08T22:00:00Z,Finalized,172,1355,,,
51624,FALSE,CAL FIRE Sonoma-Lake-Napa Unit,,2017,TRUE,Napa,"28,48",,,,2018-02-09T09:37:00Z,6,FALSE,TRUE,,,,38.39206,-122.24367,TRUE,Atlas Fire (Southern LNU Complex),100,,TRUE,2017-10-08T21:52:00Z,Finalized,783,120,,,
51624,FALSE,CAL FIRE Sonoma-Lake-Napa Unit,,2017,TRUE,Solano,"28,48",,,,2018-02-09T09:37:00Z,6,FALSE,TRUE,,,,38.39206,-122.24367,TRUE,Atlas Fire (Southern LNU Complex),100,,TRUE,2017-10-08T21:52:00Z,Finalized,783,120,,,
48889,FALSE,CAL FIRE Fresno-Kings Unit,,2017,TRUE,Kings,16,,,,2018-01-09T11:51:00Z,,FALSE,TRUE,,,,35.93273,-120.20014,TRUE,Garza Fire,100,,TRUE,2017-07-09T15:10:00Z,Finalized,,1,,,
39715,FALSE,Rogue River-Siskiyou National Forest,,2017,FALSE,Siskiyou,47,,,,2018-01-09T12:42:00Z,,FALSE,TRUE,,,,42.039,-123.218,FALSE,Miller Complex,100,,TRUE,2017-08-14T14:00:00Z,Finalized,,,,,
36807,FALSE,CAL FIRE Sonoma-Lake-Napa Unit,,2017,TRUE,Napa,"28,49",,,,2018-02-09T09:27:00Z,22,FALSE,TRUE,,,,38.60895,-122.62879,TRUE,Tubbs Fire (Central LNU Complex),100,,TRUE,2017-10-08T21:45:00Z,Finalized,317,5636,,,
36807,FALSE,CAL FIRE Sonoma-Lake-Napa Unit,,2017,TRUE,Sonoma,"28,49",,,,2018-02-09T09:27:00Z,22,FALSE,TRUE,,,,38.60895,-122.62879,TRUE,Tubbs Fire (Central LNU Complex),100,,TRUE,2017-10-08T21:45:00Z,Finalized,317,5636,,,
36556,FALSE,CAL FIRE Tulare Unit / USFS - Sequoia National Forest,,2017,FALSE,Tulare,54,28,22,138,2018-01-09T12:47:00Z,,FALSE,TRUE,,7,5,36.15356,-118.74103,TRUE,Pier Fire,100,1728,TRUE,2017-08-29T08:29:00Z,Finalized,,2,,540,27
36523,FALSE,CAL FIRE Mendocinio Unit,,2017,TRUE,Mendocino,23,,,,2018-02-09T08:56:00Z,9,FALSE,TRUE,,,1,39.24873,-123.16635,TRUE,Redwood Valley Fire (Mendocino Lake Complex),100,,TRUE,2017-10-08T23:36:00Z,Finalized,44,546,,,
28687,FALSE,Unified Command: CAL FIRE San Luis Obispo Unit / Santa Barbara County / Los Padres National Forest,,2017,TRUE,San Luis Obispo,40,21,4,92,2018-01-09T11:46:00Z,,FALSE,TRUE,,,,35.0179,-120.3223,TRUE,Alamo Fire,100,153,TRUE,2017-07-06T15:44:00Z,Finalized,1,0,,,9
27276,FALSE,Six Rivers National Forest,,2017,FALSE,Siskiyou,47,,,,2018-01-09T12:07:00Z,,FALSE,TRUE,,,,41.59,-123.501,FALSE,Orleans Complex,100,,TRUE,2017-07-26T18:00:00Z,Finalized,,,,,
21846,FALSE,Shasta-Trinity National Forest,,2017,FALSE,Trinity,53,,,,2018-01-09T12:49:00Z,,FALSE,TRUE,,,,40.76025,-123.10003,FALSE,Helena - Fork Fire,100,,TRUE,2017-08-30T18:00:00Z,Finalized,,,,,
18900,FALSE,USFS - Sequoia National Forest,,2017,FALSE,Tulare,54,,,,2018-01-09T13:27:00Z,,FALSE,TRUE,,,,36.27138,-118.48555,FALSE,Lion Fire,100,,TRUE,2017-09-27T14:00:00Z,Finalized,,,,,
18618,FALSE,BLM Northern California District ,,2017,FALSE,Lassen,18,,,,2018-01-09T12:48:00Z,,FALSE,TRUE,,,,40.69573,-119.93499,FALSE,R-4 Fire,100,,TRUE,2017-08-30T08:30:00Z,Finalized,,,,,
18430,FALSE,Los Padres National Forest,,2017,FALSE,Santa Barbara,42,,,,2018-01-09T11:49:00Z,,FALSE,TRUE,,,,34.55096,-119.9494,FALSE,Whittier Fire,100,,TRUE,2017-07-08T13:43:00Z,Finalized,,,,,
17357,FALSE,CAL FIRE Sonoma-Lake-Napa Unit,,2017,TRUE,Sonoma,49,,,,2018-02-09T09:32:00Z,,FALSE,TRUE,,,,38.76549,-122.90939,TRUE,Pocket Fire (Central LNU Complex),100,,TRUE,2017-10-09T03:30:00Z,Finalized,2,6,,,
16031,FALSE,Sequoia National Forest,,2017,FALSE,Tulare,54,,,,2018-01-09T11:01:00Z,,FALSE,TRUE,,,,0,0,FALSE,Schaeffer Fire,100,,TRUE,2017-06-24T16:16:00Z,Finalized,,,,,
15619,FALSE,Angeles National Forest,,2017,FALSE,Los Angeles,19,,,,2018-08-06T10:52:00Z,,FALSE,TRUE,,,,34.31283,-118.35863,TRUE,Creek Fire,100,,TRUE,2017-12-05T03:44:00Z,Finalized,26,37,,,
13417,FALSE,Shasta Trinity National Forest,,2017,FALSE,Trinity,53,,,,2018-01-09T13:21:00Z,,FALSE,TRUE,,,,40.2275,-123.03583,FALSE,Buck Fire,100,,TRUE,2017-09-12T17:42:00Z,Finalized,,,,,
12407,FALSE,USFS - Sierra National Forest,,2017,FALSE,Madera,20,,,,2018-01-09T12:46:00Z,,FALSE,TRUE,,,,37.44663,-119.64622,FALSE,Railroad Fire,100,,TRUE,2017-08-29T12:19:00Z,Finalized,,,,,
10343,FALSE,CAL FIRE/Fresno County Fire,,2017,TRUE,Fresno,10,14,,35,2018-01-09T10:04:00Z,,FALSE,TRUE,,2,,36.12089,-120.37116,TRUE,Elm Fire,100,432,TRUE,2017-05-18T13:11:00Z,Finalized,,,,,
9989,FALSE,CAL FIRE Nevada-Yuba-Placer Unit,,2017,TRUE,Yuba,58,,,,2018-02-09T09:39:00Z,4,FALSE,TRUE,,,,39.32198,-121.4021,TRUE,Cascade Fire (Wind Complex),100,,TRUE,2017-10-08T23:03:00Z,Finalized,10,264,,,
9217,FALSE,"Unified Command: CAL FIRE, Orange County, Anaheim City and Orange City",,2017,TRUE,Orange,30,13,8,51,2018-04-05T10:47:00Z,,FALSE,TRUE,,1,4,33.87041,-117.70975,TRUE,Canyon 2 Fire,100,677,TRUE,2017-10-09T09:51:00Z,Finalized,55,25,,,1
8925,FALSE,Bureau of Land Management - Owens Valley District ,,2017,FALSE,Mono,26,,,,2018-01-09T12:47:00Z,,FALSE,TRUE,,,,38.655,-119.55425,FALSE,Slinkard Fire,100,,TRUE,2017-08-29T15:15:00Z,Finalized,,,,,
8417,FALSE,CAL FIRE Butte Unit,,2017,TRUE,Butte,4,,,,2018-02-09T09:48:00Z,,FALSE,TRUE,,,,39.62496,-121.52966,TRUE,Cherokee Fire,100,97,TRUE,2017-10-08T21:45:00Z,Finalized,1,6,,,
8094,FALSE,Yosemite National Forest,,2017,FALSE,Mariposa,22,,,,2018-01-09T12:16:00Z,,FALSE,TRUE,,,,37.644,-119.618,FALSE,Empire Fire,100,,TRUE,2017-08-01T08:45:00Z,Finalized,,,,,
7697,FALSE,Modoc National Forest,,2017,FALSE,Modoc,25,,,,2018-01-09T12:18:00Z,,FALSE,TRUE,,,,41.466,-120.321,FALSE,Parker 2 Fire,100,,TRUE,2017-08-03T14:00:00Z,Finalized,,,,,
7194,FALSE,"LA City, Burbank Fire Department",,2017,FALSE,Los Angeles,19,,,,2018-01-09T12:49:00Z,,FALSE,TRUE,,,,34.22957,-118.2674,FALSE,La Tuna Fire ,100,,TRUE,2017-09-01T13:26:00Z,Finalized,,,,,
7000,FALSE,Yosemite National Park ,,2017,FALSE,Mariposa,22,,,,2018-01-09T12:39:00Z,,FALSE,TRUE,,,,37.538,-119.598,FALSE,South Fork Fire,100,,TRUE,2017-08-14T14:28:00Z,Finalized,,,,,
6309,FALSE,CAL FIRE/Riverside County Fire,,2017,TRUE,Riverside,33,,,,2018-01-09T11:08:00Z,,FALSE,TRUE,,,,33.530045,-116.594422,FALSE,Manzanita Fire,100,,TRUE,2017-06-26T15:10:00Z,Finalized,,,,,
6151,FALSE,CAL FIRE/Butte County Fire,,2017,TRUE,Butte,4,,,,2018-02-09T09:50:00Z,,FALSE,TRUE,,,,39.39455,-121.40613,TRUE,LaPorte Fire (Wind Complex),100,,TRUE,2017-10-09T00:57:00Z,Finalized,2,74,,,
6049,FALSE,"Unified Command: CAL FIRE, Los Angeles County Fire, Ventura County Fire, Los Angeles County Sheriff's Office, and Ventura County Sheriff's Office",,2017,TRUE,Los Angeles,19,18,,55,2018-01-18T09:58:00Z,,FALSE,TRUE,,2,,34.45283,-118.58188,TRUE,Rye Fire,100,652,TRUE,2017-12-05T11:31:00Z,Finalized,3,6,,,6
6042,FALSE,Bureau of Land Mangement ,,2017,FALSE,Lassen,18,,,,2018-01-09T12:47:00Z,,FALSE,TRUE,,,,40.43962,-120.22215,FALSE,Mud Fire,100,,TRUE,2017-08-29T14:36:00Z,Finalized,,,,,
6033,FALSE,CAL FIRE Butte County Fire,,2017,TRUE,Butte,4,4,4,10,2018-01-09T11:47:00Z,,FALSE,TRUE,,,0,39.45352,-121.41222,TRUE,Wall Fire,100,148,TRUE,2017-07-07T14:52:00Z,Finalized,60,41,,0,2
5738,FALSE,CAL FIRE Fresno Kings Unit,,2017,TRUE,Fresno,10,,,,2018-01-09T09:51:00Z,,FALSE,TRUE,,,,36.07228,-120.26561,TRUE,Jayne Fire,100,,TRUE,2017-04-20T15:40:00Z,Finalized,,,,,
5247,FALSE,Stanislaus National Forest,,2017,FALSE,Stanislaus,50,,,,2018-01-09T12:15:00Z,,FALSE,TRUE,,,,38.329,-119.782,FALSE,Summit Complex,100,,TRUE,2017-07-31T13:44:00Z,Finalized,,,,,
4736,FALSE,Six Rivers National Forest,,2017,FALSE,Trinity,53,,,,2018-01-09T12:27:00Z,,FALSE,TRUE,,,,40.17598,-123.36882,FALSE,Ruth Complex,100,,TRUE,2017-08-07T22:30:00Z,Finalized,,,,,
4310,FALSE,U.S. Forest Service - Plumas National Forest,,2017,FALSE,Plumas,32,,,,2018-01-09T12:08:00Z,,FALSE,TRUE,,,,39.9034,-120.9761,FALSE,Minerva Fire,100,,TRUE,2017-07-29T18:55:00Z,Finalized,,,,,
4100,FALSE,CAL FIRE San Diego Unit,,2017,TRUE,San Diego,37,,,,2018-01-09T13:47:00Z,,FALSE,TRUE,,,,33.3237,-117.163,TRUE,Lilac Fire,100,,TRUE,2017-12-07T11:15:00Z,Finalized,64,157,,,
4016,FALSE,CAL FIRE / Butte County Fire,,2017,TRUE,Butte,4,,,,2018-08-30T15:27:00Z,,FALSE,TRUE,,,2,39.57701,-121.30209,FALSE,Ponderosa Fire,100,,TRUE,2017-08-29T13:16:00Z,Finalized,,54,,,
3874,FALSE,CAL FIRE Riverside Unit,,2017,TRUE,Riverside,33,8,2,34,2018-01-09T12:50:00Z,,FALSE,TRUE,,2,,33.97471,-117.09984,TRUE,Palmer Fire,100,,TRUE,2017-09-02T13:33:00Z,Finalized,,,,,1
3142,FALSE,Six Rivers National Forest,,2017,FALSE,Siskiyou,47,,,,2018-01-09T12:26:00Z,,FALSE,TRUE,,,,41.853,-123.676,FALSE,Young Fire,100,,TRUE,2017-08-07T17:45:00Z,Finalized,,,,,
2940,FALSE,Kern County Fire Department,,2017,TRUE,Kern,15,,,,2018-01-09T11:46:00Z,,FALSE,TRUE,,,,35.77896,-118.89627,FALSE,Hawk Fire,100,,TRUE,2017-07-07T09:18:00Z,Finalized,,,,,
2662,FALSE,CAL FIRE Riverside / USFS / Orange County Fire Authority / Anaheim Fire / Corona Fire Department,,2017,TRUE,Orange,30,,,,2018-03-28T11:36:00Z,,FALSE,TRUE,,,,33.8668,-117.68598,FALSE,Canyon Fire,100,,TRUE,2017-09-25T13:03:00Z,Finalized,,,,,
2575,FALSE,Plumas National Forest ,,2017,FALSE,Plumas,32,,,,2018-01-09T13:18:00Z,,FALSE,TRUE,,,,39.75312,-120.75485,FALSE,Eureka Fire,100,,TRUE,2017-09-05T18:38:00Z,Finalized,,,,,
2312,FALSE,Kings County,,2017,FALSE,Kings,16,,,,2018-01-09T12:44:00Z,,FALSE,TRUE,,,,36.05187,-120.05404,FALSE,I-5 Fire,100,,TRUE,2017-08-24T18:13:00Z,Finalized,,,,,
2295,FALSE,Inyo National Forest,,2017,FALSE,Tulare,54,,,,2018-01-09T12:17:00Z,,FALSE,TRUE,,,,36.257,-118.296,FALSE,Indian Fire,100,,TRUE,2017-08-02T18:00:00Z,Finalized,,,,,
2289,FALSE,CAL FIRE Tulare Unit,,2017,TRUE,Tulare,54,,,,2018-01-09T12:15:00Z,,FALSE,TRUE,,,,36.0226,-118.94252,FALSE,Roadrunner Fire,100,,TRUE,2017-07-30T17:43:00Z,Finalized,,,,,
2269,FALSE,CAL FIRE Sonoma-Lake-Napa Unit ,,2017,TRUE,Yolo,57,4,,10,2018-01-09T11:45:00Z,,FALSE,TRUE,,,4,38.49521,-122.0251,TRUE,Winters Fire,100,123,TRUE,2017-07-06T12:41:00Z,Finalized,,,,,1
2207,FALSE,CAL FIRE Sonoma-Lake-Napa Unit,,2017,TRUE,Lake,17,,,,2018-02-09T09:29:00Z,,FALSE,TRUE,,,,39.01387,-122.64543,TRUE,Sulphur Fire (Mendocino Lake Complex),100,,TRUE,2017-10-08T23:59:00Z,Finalized,8,162,,,
2056,FALSE,CAL FIRE San Diego Unit,,2017,TRUE,San Diego,37,,,,2018-01-09T10:06:00Z,,FALSE,TRUE,,,,32.65597,-116.80527,TRUE,Gate Fire,100,665,TRUE,2017-05-20T23:19:00Z,Finalized,,,,,
1868,FALSE,CAL FIRE Sonoma-Lake-Napa Unit,,2017,TRUE,Sonoma,49,,,,2018-01-09T13:33:00Z,,FALSE,TRUE,,,,0,0,TRUE,Adobe Fire (Central LNU Complex),100,,TRUE,2017-10-09T01:00:00Z,Finalized,,,,,
1816,FALSE,CAL FIRE San Benito-Monterey Unit,,2017,TRUE,Monterey,"27,40",,,,2018-01-09T11:50:00Z,,FALSE,TRUE,,,,35.86949,-120.57894,FALSE,Parkfield Fire,100,,TRUE,2017-07-08T18:30:00Z,Finalized,,,,,
1816,FALSE,CAL FIRE San Benito-Monterey Unit,,2017,TRUE,San Luis Obispo,"27,40",,,,2018-01-09T11:50:00Z,,FALSE,TRUE,,,,35.86949,-120.57894,FALSE,Parkfield Fire,100,,TRUE,2017-07-08T18:30:00Z,Finalized,,,,,
1800,FALSE,CAL FIRE Madera-Mariposa-Merced Unit,,2017,TRUE,Merced,24,,,,2018-01-09T09:56:00Z,,FALSE,TRUE,,,,36.96655,-120.89261,FALSE,Wright Fire,100,,TRUE,2017-05-12T15:30:00Z,Finalized,,,,,
1749,FALSE,Stanislaus National Forest ,,2017,FALSE,Stanislaus,50,,,,2018-01-09T12:50:00Z,,FALSE,TRUE,,,,38.12,-119.941,FALSE,Creek Fire,100,,TRUE,2017-09-03T16:23:00Z,Finalized,,,,,
1660,FALSE,CAL FIRE Sonoma-Lake-Napa Unit,,2017,TRUE,Sonoma,49,,,,2018-01-09T13:34:00Z,,FALSE,TRUE,,,,38.14242,-122.47301,FALSE,37 Fire,100,,TRUE,2017-10-09T14:00:00Z,Finalized,,,,,
1649,FALSE,CAL FIRE / Fresno County Fire,,2017,TRUE,Fresno,10,17,10,35,2018-01-09T11:58:00Z,,FALSE,TRUE,,1,,35.95911,-120.55579,TRUE,Park Fire,100,727,TRUE,2017-07-17T13:15:00Z,Finalized,,,,5,7
1626,FALSE,Kern County Fire,,2017,TRUE,Kern,15,,,,2018-01-09T11:45:00Z,,FALSE,TRUE,,,,35.59904,-119.08312,FALSE,Quail Fire,100,,TRUE,2017-07-06T12:29:00Z,Finalized,,,,,
1598,FALSE,CAL FIRE San Luis Obispo Unit,,2017,TRUE,San Luis Obispo,40,,,,2018-01-09T11:08:00Z,,FALSE,TRUE,,,,35.4025,-120.4992,TRUE,Hill Fire,100,,TRUE,2017-06-26T15:27:00Z,Finalized,,4,,,
1538,FALSE,CAL FIRE / Fresno County Fire,,2017,TRUE,Fresno,10,,,,2018-01-09T11:41:00Z,,FALSE,TRUE,,,,36.269125,-120.620791,TRUE,Derrick Fire,100,,TRUE,2017-07-02T22:28:00Z,Finalized,,,,,
1522,FALSE,Sequoia National Forest,,2017,FALSE,Kern,15,,,,2018-01-09T10:41:00Z,,FALSE,TRUE,,,,35.53456,-118.66733,FALSE,Highway Fire,100,,TRUE,2017-06-18T14:22:00Z,Finalized,,,,,
1503,FALSE,San Bernardino National Forest,,2017,FALSE,San Bernardino,36,,,,2018-01-09T11:00:00Z,,FALSE,TRUE,,,,34.2976,-116.826,FALSE,Holcomb Fire,100,,TRUE,2017-06-19T15:05:00Z,Finalized,,,,,
1431,FALSE,CAL FIRE Madera-Mariposa-Merced Unit,,2017,TRUE,Madera,20,,,3,2018-01-09T10:30:00Z,,FALSE,TRUE,,,,37.0825,-119.8011,TRUE,Oakwood Fire,100,13,TRUE,2017-06-10T13:19:00Z,Finalized,,,,,
1350,FALSE,Sequoia National Forest,,2017,FALSE,Kern,15,,,,2018-01-09T12:14:00Z,,FALSE,TRUE,,,,35.543,-118.654,FALSE,Garden Fire,100,,TRUE,2017-07-30T16:17:00Z,Finalized,,,,,
1350,FALSE,CAL FIRE/Riverside County Fire,,2017,TRUE,Riverside,33,,,,2018-01-09T09:53:00Z,,FALSE,TRUE,,,,34.00566,-117.30693,FALSE,Opera Fire,100,,TRUE,2017-04-30T15:23:00Z,Finalized,,,,,
1319,FALSE,Sequoia National Forest,,2017,FALSE,Kern,15,,,,2018-01-09T12:50:00Z,,FALSE,TRUE,,,,35.76,-118.406,FALSE,Caldwell Fire,100,,TRUE,2017-09-01T14:37:00Z,Finalized,,,,,
1286,FALSE,CAL FIRE Amador-El Dorado Unit,,2017,TRUE,Sacramento,34,,,,2018-01-09T12:06:00Z,,FALSE,TRUE,,,,38.5181,-121.104,FALSE,Latrobe Fire,100,,TRUE,2017-07-26T14:45:00Z,Finalized,,,,,
1200,FALSE,Kern County Fire,,2017,TRUE,Kern,15,,,,2018-01-09T11:16:00Z,,FALSE,TRUE,,,,35.38298,-118.80123,FALSE,Tarina Fire ,100,,TRUE,2017-06-30T13:49:00Z,Finalized,,,,,
1088,FALSE,DOD - Camp Pendleton,,2017,FALSE,San Diego,37,,,,2018-01-09T13:41:00Z,,FALSE,TRUE,,,,33.402411,-117.402445,FALSE,Buffalo Fire,100,,TRUE,2017-10-17T10:19:00Z,Finalized,,,,,
1083,FALSE,Kern County Fire ,,2017,TRUE,Kern,15,,,,2018-01-09T11:59:00Z,,FALSE,TRUE,,,,34.94373,-119.44751,FALSE,Hudson Fire,100,,TRUE,2017-07-18T11:45:00Z,Finalized,,,,,
1044,FALSE,CAL FIRE/Riverside County Fire,,2017,TRUE,Riverside,33,,,,2018-01-09T12:38:00Z,,FALSE,TRUE,,,,33.98212,-117.30819,TRUE,Blaine Fire,100,,TRUE,2017-08-13T16:10:00Z,Finalized,,,,,
1035,FALSE,CAL FIRE Madera-Mariposa-Merced Unit / Sierra National Forest,,2017,TRUE,Madera,20,,,,2018-01-09T13:18:00Z,,FALSE,TRUE,,,,37.21616,-119.48067,TRUE,Mission Fire,100,,TRUE,2017-09-03T13:06:00Z,Finalized,,4,,,
1020,FALSE,Tahoe National Forest,,2017,FALSE,Plumas,32,,,,2018-01-09T12:20:00Z,,FALSE,TRUE,,,,39.75371,-120.1397,FALSE,Chilcoot Fire,100,,TRUE,2017-08-06T15:32:00Z,Finalized,,,,,
1000,FALSE,Camp Pendleton Marine Base,,2017,FALSE,San Diego,37,,,,2018-01-09T10:17:00Z,,FALSE,TRUE,,,,33.34988,-117.39818,FALSE,Range Fire,100,,TRUE,2017-05-25T18:15:00Z,Finalized,,,,,
995,FALSE,CAL FIRE Shasta-Trinity Unit,,2017,TRUE,Shasta,45,14,1,15,2018-01-09T13:21:00Z,,FALSE,TRUE,,2,3,40.98352,-121.81623,TRUE,Berry Fire,100,317,TRUE,2017-09-12T06:58:00Z,Finalized,,,,,3
976,FALSE,Fresno County Fire ,,2017,FALSE,Fresno,10,,,,2018-01-09T09:52:00Z,,FALSE,TRUE,,,,36.530836,-120.206592,FALSE,El Dorado Fire,100,,TRUE,2017-04-28T15:40:00Z,Finalized,,,,,
900,FALSE,CAL FIRE Mendocino Unit,,2017,TRUE,Mendocino,23,,,,2018-01-09T11:56:00Z,,FALSE,TRUE,,,1,39.30125,-123.28825,TRUE,Grade Fire,100,,TRUE,2017-07-16T14:51:00Z,Finalized,,,,,
867,FALSE,Unified Command: CAL FIRE Nevada-Yuba-Placer Unit/Beale Air Force Base,,2017,TRUE,Yuba,58,,,,2018-01-09T12:43:00Z,,FALSE,TRUE,,,,39.1234,-121.32957,FALSE,Beale Fire,100,,TRUE,2017-08-20T14:44:00Z,Finalized,,,,,
866,FALSE,Cleveland National Forest,,2017,TRUE,Riverside,33,,,,2018-01-09T13:45:00Z,,FALSE,TRUE,,,,33.60247,-117.34192,FALSE,Wildomar Fire,100,,TRUE,2017-10-26T12:34:00Z,Finalized,,,,,
859,FALSE,Plumas National Forest,,2017,FALSE,Lassen,18,,,,2018-01-09T12:21:00Z,,FALSE,TRUE,,,,39.888,-120.066,FALSE,Poslin Fire,100,,TRUE,2017-08-06T19:52:00Z,Finalized,,,,,
821,FALSE,CAL FIRE Nevada-Yuba-Placer Unit,,2017,TRUE,Nevada,29,,,,2018-02-09T09:51:00Z,,FALSE,TRUE,,,,39.24549,-121.12792,TRUE,Lobo Fire (Wind Complex),100,,TRUE,2017-10-09T00:01:00Z,Finalized,2,48,,,
800,FALSE,Unified Command LA County Fire and USFS,,2017,FALSE,Los Angeles,19,,,,2018-01-09T10:34:00Z,,FALSE,TRUE,,,,34.55607,-118.60703,FALSE,Lake Fire,100,,TRUE,2017-06-17T13:55:00Z,Finalized,,,,,
775,FALSE,CAL FIRE San Luis Obispo/Department of Defense-Camp Roberts ,,2017,TRUE,San Luis Obispo,40,,,,2018-01-09T12:36:00Z,,FALSE,TRUE,,,,35.7908,-120.77485,FALSE,Yankee Fire,100,,TRUE,2017-08-11T16:06:00Z,Finalized,,,,,
760,FALSE,LA County Fire Department,,2017,FALSE,Los Angeles,19,,,,2018-01-09T11:08:00Z,,FALSE,TRUE,,,,34.37443,-118.49343,FALSE,Placerita Fire,100,,TRUE,2017-06-25T12:47:00Z,Finalized,,,,,
747,FALSE,Humboldt-Toiyabe National Forest,,2017,FALSE,Sierra,46,,,,2018-01-09T11:51:00Z,,FALSE,TRUE,,,,39.439722,-120.027222,FALSE,Farad Fire,100,,TRUE,2017-07-10T13:02:00Z,Finalized,,,,,
690,FALSE,CAL FIRE Tuolumne-Calaveras Unit,,2017,TRUE,Tuolumne,55,,,,2018-01-09T12:09:00Z,,FALSE,TRUE,,,,37.905545,-120.408135,TRUE,Jacksonville Fire,100,,TRUE,2017-07-29T13:50:00Z,Finalized,,,,,
680,FALSE,CAL FIRE Madera-Mariposa-Merced Unit,,2017,TRUE,Mariposa,22,,,1,2018-01-09T12:51:00Z,,FALSE,TRUE,,,,37.37397,-119.83556,TRUE,Peak Fire,100,8,TRUE,2017-09-03T13:10:00Z,Finalized,,2,,,
670,FALSE,USFS - San Bernardino National Forest ,,2017,FALSE,San Bernardino,36,,,,2018-01-09T11:09:00Z,,FALSE,TRUE,,,,34.14575,-117.17813,FALSE,Mart Fire,100,,TRUE,2017-06-27T15:22:00Z,Finalized,,,,,
630,FALSE,CAL FIRE Madera-Mariposa-Merced Unit,,2017,TRUE,Mariposa,22,1,,,2018-01-09T11:10:00Z,,FALSE,TRUE,,,,37.3762,-119.9646,TRUE,Ben Fire,100,380,TRUE,2017-06-28T15:49:00Z,Finalized,,,,,5
562,FALSE,Modoc National Forest,,2017,FALSE,Modoc,25,,,,2018-01-09T11:10:00Z,,FALSE,TRUE,,,,41.85763,-121.29581,FALSE,Battle Fire,100,,TRUE,2017-06-28T13:50:00Z,Finalized,,,,,
545,FALSE,CAL FIRE Riverside Unit,,2017,TRUE,Riverside,33,,,,2018-01-09T12:42:00Z,,FALSE,TRUE,,,,33.95036,-116.88066,TRUE,Mias Fire,100,,TRUE,2017-08-14T15:45:00Z,Finalized,,,,,
530,FALSE,Bureau of Land Management Northern California District,,2017,FALSE,Lassen,18,,,,2018-01-09T12:20:00Z,,FALSE,TRUE,,,,41.11989,-120.74968,FALSE,W-2 Fire,100,,TRUE,2017-08-06T15:29:00Z,Finalized,,,,,
506,FALSE,Kern County Fire,,2017,TRUE,Kern,15,,,,2018-01-09T10:07:00Z,,FALSE,TRUE,,,,35.4605,-118.85896,FALSE,Ming Fire,100,,TRUE,2017-05-20T14:23:00Z,Finalized,,,,,
486,FALSE,Camp Pendleton Marine Base,,2017,FALSE,San Diego,37,,,,2018-01-09T10:06:00Z,,FALSE,TRUE,,,,33.3906,-117.32348,FALSE,Deluz Fire,100,,TRUE,2017-05-19T14:45:00Z,Finalized,,,,,
469,FALSE,CAL FIRE Siskiyou Unit,,2017,TRUE,Siskiyou,47,,,,2018-01-09T11:44:00Z,,FALSE,TRUE,,,,41.3975,-122.8428,TRUE,Fay Fire,100,,TRUE,2017-07-05T11:05:00Z,Finalized,,,,,
460,FALSE,CAL FIRE San Luis Obispo Unit / Los Padres National Forest,,2017,TRUE,San Luis Obispo,40,,,,2018-01-09T12:17:00Z,,FALSE,TRUE,,,,35.40357,-120.28037,FALSE,Red Fire,100,,TRUE,2017-08-02T10:15:00Z,Finalized,,,,,
460,FALSE,"Unified Command: CAL FIRE San Bernardino-Inyo-Mono Unit, USFS - San Bernardino National Forest and City of Highland",,2017,TRUE,San Bernardino,36,,,,2018-04-12T14:52:00Z,,FALSE,TRUE,,,,34.09773,-117.10567,FALSE,Bridge Fire,100,,TRUE,2017-07-14T14:23:00Z,Finalized,,,,,
450,FALSE,CAL FIRE/Fresno County Fire,,2017,TRUE,Fresno,10,,,,2018-01-09T10:30:00Z,,FALSE,TRUE,,,,36.616986,-120.369347,FALSE,Monterey Fire,100,,TRUE,2017-06-11T17:15:00Z,Finalized,,,,,
444,FALSE,Santa Barbara County Fire,,2017,TRUE,Santa Barbara,42,,,,2018-01-09T13:28:00Z,,FALSE,TRUE,,,,34.67403,-120.4393,FALSE,Rucker Fire,100,,TRUE,2017-09-29T14:42:00Z,Finalized,,,,,
429,FALSE,CAL FIRE Madera-Mariposa-Merced Unit,,2017,TRUE,Madera,20,,,,2018-01-09T13:21:00Z,,FALSE,TRUE,,,,37.14624,-120.015509,FALSE,Eastman Fire,100,,TRUE,2017-09-18T16:04:00Z,Finalized,,,,,
426,FALSE,USFS - El Dorado National Forest,,2017,FALSE,El Dorado,9,,,,2018-01-09T13:36:00Z,,FALSE,TRUE,,,,38.848,-120.287,FALSE,Table Fire,100,,TRUE,2017-10-13T13:16:00Z,Finalized,,,,,
422,FALSE,Los Angeles City Fire,,2017,FALSE,Los Angeles,19,,,,2018-01-23T08:11:00Z,,FALSE,TRUE,,,,34.09454,-118.48178,TRUE,Skirball Fire,100,,TRUE,2017-12-06T06:31:00Z,Finalized,,,,,
416,FALSE,CAL FIRE Tulare Unit,,2017,TRUE,Tulare,54,,,,2018-01-09T12:02:00Z,,FALSE,TRUE,,,,36.22265,-119.06598,FALSE,Elephant Fire,100,,TRUE,2017-07-20T19:16:00Z,Finalized,,,,,
410,FALSE,Modoc National Forest,,2017,FALSE,Modoc,25,,,,2018-01-09T11:54:00Z,,FALSE,TRUE,,,,41.72163,-121.30451,FALSE,Dode Fire,100,,TRUE,2017-07-13T15:23:00Z,Finalized,,,,,
400,FALSE,"Unified Command: CAL FIRE San Diego Unit, Alpine Fire Protection District and  Lakeside Fire Protection District",,2017,TRUE,San Diego,37,,,,2018-01-09T11:52:00Z,,FALSE,TRUE,,,,32.84796,-116.85396,TRUE,Jennings Fire,100,,TRUE,2017-07-11T13:45:00Z,Finalized,,,,,
400,FALSE,CAL FIRE/Fresno County Fire,,2017,TRUE,Fresno,10,,,,2018-01-09T09:55:00Z,,FALSE,TRUE,,,,36.45491,-120.2445,FALSE,Sonoma Fire,100,,TRUE,2017-05-10T15:27:00Z,Finalized,,,,,
392,FALSE,CAL FIRE Nevada-Yuba-Placer Unit,,2017,TRUE,Nevada,29,1,1,2,2018-01-09T12:48:00Z,,FALSE,TRUE,,,1,39.34292,-121.12004,TRUE,Pleasant Fire,100,48,TRUE,2017-08-30T15:38:00Z,Finalized,1,0,,,1
391,FALSE,CAL FIRE San Mateo-Santa Cruz Unit ,,2017,TRUE,Santa Cruz,44,,,,2018-01-09T13:41:00Z,,FALSE,TRUE,,,1,37.18356,-122.07012,TRUE,Bear Fire,100,10,TRUE,2017-10-16T22:30:00Z,Finalized,,6,,,
380,FALSE,CAL FIRE Lassen-Modoc Unit,,2017,TRUE,Modoc,25,,,,2018-01-09T09:40:00Z,,FALSE,TRUE,,,,41.16716,-120.58342,FALSE,West Fire,100,,TRUE,2017-04-03T16:00:00Z,Finalized,,,,,
370,FALSE,Humboldt - Toiyabe National Forest,,2017,FALSE,Mono,26,,,,2018-01-09T13:46:00Z,,FALSE,TRUE,,,,38.46111,-119.48284,FALSE,Chris Fire,100,,TRUE,2017-11-13T11:28:00Z,Finalized,,,,,
370,FALSE,CAL FIRE Santa Clara Unit,,2017,TRUE,Contra Costa,7,,,,2018-01-09T11:48:00Z,,FALSE,TRUE,,,,38.02929,-122.25544,FALSE,Willow Fire,100,,TRUE,2017-07-08T15:26:00Z,Finalized,,,,,
357,FALSE,CAL FIRE / Fresno County Fire,,2017,TRUE,Fresno,10,,,,2018-01-09T11:01:00Z,,FALSE,TRUE,,,,36.27306,-120.65185,FALSE,Creek Fire,100,,TRUE,2017-06-23T16:00:00Z,Finalized,,,,,
340,FALSE,CAL FIRE San Luis Obispo Unit,,2017,TRUE,San Luis Obispo,40,,,,2018-01-09T11:51:00Z,,FALSE,TRUE,,,,35.42433,-120.47322,TRUE,Stone Fire,100,,TRUE,2017-07-09T13:49:00Z,Finalized,,,,,
339,FALSE,CAL FIRE Tulare Unit,,2017,TRUE,Tulare,54,19,0,30,2018-01-09T10:28:00Z,,FALSE,TRUE,,1,4,36.45809,-118.87676,TRUE,Dinely Fire,100,435,TRUE,2017-06-07T11:55:00Z,Finalized,,,,,3
338,FALSE,CAL FIRE/Kern County Fire,,2017,TRUE,Kern,15,,,,2018-01-09T12:31:00Z,,FALSE,TRUE,,,,34.92907,-118.9267,TRUE,Rose Fire,100,,TRUE,2017-08-10T14:32:00Z,Finalized,,,,,
325,FALSE,CAL FIRE San Bernardino Unit / San Bernardino National Forest / City of Yucaipa ,,2017,TRUE,San Bernardino,36,,,,2018-01-09T12:18:00Z,,FALSE,TRUE,,,,34.08492,-117.03826,TRUE,Bryant Fire,100,,TRUE,2017-08-03T15:35:00Z,Finalized,,,,,
319,FALSE,USFS - Six Rivers National Forest,,2017,FALSE,Del Norte,8,,,,2018-01-09T12:01:00Z,,FALSE,TRUE,,,,41.478,-123.506,FALSE,Marble Fire,100,,TRUE,2017-07-19T14:00:00Z,Finalized,,,,,
300,FALSE,Murrieta Fire,,2017,FALSE,Riverside,33,,,,2018-01-09T13:47:00Z,,FALSE,TRUE,,,,33.59257,-117.14979,FALSE,Liberty Fire,100,,TRUE,2017-12-07T13:14:00Z,Finalized,,,,,
288,FALSE,Kern County Fire,,2017,TRUE,Kern,15,,,,2018-01-09T09:58:00Z,,FALSE,TRUE,,,,35.41283,-118.84466,FALSE,Bravo Fire,100,,TRUE,2017-05-15T14:05:00Z,Finalized,,,,,
260,FALSE,San Bernardino County Fire,,2017,TRUE,San Bernardino,36,,,,2018-01-09T13:47:00Z,,FALSE,TRUE,,,,34.16564,-117.33334,FALSE,Little Mountain Fire,100,,TRUE,2017-12-05T13:35:00Z,Finalized,,,,,
255,FALSE,Unified Command: CAL FIRE San Diego County Fire Authority and Cleveland National Forest - USFS,,2017,TRUE,San Diego,37,,,,2018-04-12T14:52:00Z,,FALSE,TRUE,,,,33.34659,-116.66107,FALSE,Lost Fire,100,,TRUE,2017-07-22T15:00:00Z,Finalized,,,,,
245,FALSE,CAL FIRE San Luis Obispo Unit,,2017,TRUE,San Luis Obispo,40,,,,2018-01-09T13:23:00Z,,FALSE,TRUE,,,,35.12269,-120.39387,TRUE,Huasna Fire,100,,TRUE,2017-09-20T13:41:00Z,Finalized,,,,,
237,FALSE,CAL FIRE Fresno-Kings Unit,,2017,TRUE,Fresno,10,,,,2018-01-09T13:23:00Z,,FALSE,TRUE,,,,36.24653,-120.31598,FALSE,Murphy Fire,100,,TRUE,2017-09-19T19:47:00Z,Finalized,,,,,
236,FALSE,CAL FIRE Amador-El Dorado Unit,,2017,TRUE,El Dorado,9,,,,2018-01-09T12:14:00Z,,FALSE,TRUE,,,,38.538332,-121.039267,FALSE,Largo Fire,100,,TRUE,2017-07-30T01:45:00Z,Finalized,,,,,
231,FALSE,CAL FIRE Santa Clara Unit,,2017,TRUE,Contra Costa,7,,,,2018-01-09T11:48:00Z,,FALSE,TRUE,,,,37.87808,-121.78677,FALSE,Deer Complex,100,,TRUE,2017-07-08T02:20:00Z,Finalized,,,,,
225,FALSE,CAL FIRE Madera-Mariposa-Merced Unit,,2017,TRUE,Mariposa,22,23,,41,2018-01-09T11:17:00Z,,FALSE,TRUE,,,,37.4591,-119.921,TRUE,Spring Fire,100,498,TRUE,2017-07-02T13:36:00Z,Finalized,1,0,,,6
225,FALSE,CAL FIRE San Luis Obispo Unit,,2017,TRUE,San Luis Obispo,40,,,,2018-01-09T10:03:00Z,,FALSE,TRUE,,,,35.34541,-120.76464,FALSE,Camp Fire,100,,TRUE,2017-05-18T08:48:00Z,Finalized,,,,,
225,FALSE,CAL FIRE San Luis Obispo Unit,,2017,TRUE,San Luis Obispo,40,,,,2018-01-09T09:57:00Z,,FALSE,TRUE,,,,35.21177,-119.87525,FALSE,Arrow Fire,100,,TRUE,2017-05-15T13:58:00Z,Finalized,,,,,
206,FALSE,Kern County Fire Department,,2017,TRUE,Kern,15,,,,2018-01-09T10:29:00Z,,FALSE,TRUE,,,,35.59804,-118.47939,FALSE,Bodfish Fire,100,,TRUE,2017-06-10T12:17:00Z,Finalized,,,,,
205,FALSE,CAL FIRE / Riverside County Fire,,2017,TRUE,Riverside,33,,,,2018-01-09T11:44:00Z,,FALSE,TRUE,,,,33.85323,-117.48195,FALSE,Eagle Fire,100,,TRUE,2017-07-04T16:55:00Z,Finalized,,,,,
200,FALSE,Mendocino National Forest,,2017,FALSE,Lake,17,,,,2018-01-09T13:20:00Z,,FALSE,TRUE,,,,39.44543,-122.85194,FALSE,Skeleton Fire,100,,TRUE,2017-09-12T14:36:00Z,Finalized,,,,,
200,FALSE,California National Guard,,2017,FALSE,Alameda,1,,,,2018-01-09T12:44:00Z,,FALSE,TRUE,,,,37.72543,-121.90516,FALSE,Range Fire,100,,TRUE,2017-08-22T14:00:00Z,Finalized,,,,,
200,FALSE,CAL FIRE San Diego Unit,,2017,TRUE,San Diego,37,,,,2018-01-09T12:43:00Z,,FALSE,TRUE,,,,32.65003,-116.42907,TRUE,Eclipse Fire,100,,TRUE,2017-08-21T14:00:00Z,Finalized,,,,,
200,FALSE,CAL FIRE / Riverside County Fire,,2017,TRUE,Riverside,33,,,,2018-01-09T12:15:00Z,,FALSE,TRUE,,,,33.689092,-117.396404,FALSE,Rose Fire,100,,TRUE,2017-07-31T14:22:00Z,Finalized,,,,,
194,FALSE,CAL FIRE Tehama-Glenn Unit,,2017,TRUE,Tehama,52,,,,2018-01-09T13:46:00Z,,FALSE,TRUE,,,,40.02261,-121.91425,FALSE,Tehama Fire,100,,TRUE,2017-10-26T20:00:00Z,Finalized,,,,,
190,FALSE,Santa Barbara County,,2017,TRUE,Santa Barbara,42,,,,2018-01-09T10:07:00Z,,FALSE,TRUE,,,,34.9465,-119.8036,FALSE,Wasioja Fire,100,,TRUE,2017-05-20T17:54:00Z,Finalized,,,,,
186,FALSE,Plumas National Forest,,2017,FALSE,Plumas,32,,,,2018-01-09T12:43:00Z,,FALSE,TRUE,,,,39.9864,-120.89746,FALSE,Toll Fire,100,,TRUE,2017-08-20T16:26:00Z,Finalized,,,,,
186,FALSE,CAL FIRE Fresno Unit / Fresno County Fire,,2017,TRUE,Fresno,10,,,,2018-01-09T10:30:00Z,,FALSE,TRUE,,,,36.704679,-120.405077,FALSE,Wild Fire,100,,TRUE,2017-06-11T10:46:00Z,Finalized,,,,,
184,FALSE,Kern County Fire,,2017,TRUE,Kern,15,,,,2018-04-03T10:46:00Z,,FALSE,TRUE,,,,35.3091,-118.701,FALSE,Rolling Fire,100,,TRUE,2017-10-15T17:11:00Z,Finalized,,,,,
183,FALSE,Kern County Fire Department,,2017,TRUE,Kern,15,,,,2018-01-09T13:36:00Z,,FALSE,TRUE,,,,35.19008,-118.76152,FALSE,Quarry Fire,100,,TRUE,2017-10-12T10:42:00Z,Finalized,,,,,
180,FALSE,CAL FIRE Shasta-Trintiy Unit,,2017,TRUE,Shasta,45,,,,2018-01-09T12:01:00Z,,FALSE,TRUE,,,,40.47106,-122.43608,TRUE,Laverne Fire,100,,TRUE,2017-07-18T12:39:00Z,Finalized,,5,,,
170,FALSE,Unified Command: CAL FIRE San Bernardino-Inyo-Mono Unit / San Bernardino County Fire,,2017,TRUE,San Bernardino,36,,,,2018-01-09T12:04:00Z,,FALSE,TRUE,,,,34.41204,-117.03031,TRUE,High Fire,100,,TRUE,2017-07-23T15:53:00Z,Finalized,,,,,
168,FALSE,CAL FIRE Riverside Unit,,2017,TRUE,Riverside,33,,,,2018-01-09T12:43:00Z,,FALSE,TRUE,,,,33.87679,-117.00258,FALSE,Hills Fire,100,,TRUE,2017-08-19T16:31:00Z,Finalized,,,,,
168,FALSE,USFS - Humboldt-Toiyabe National Forest,,2017,FALSE,Sierra,46,,,,2018-01-09T11:00:00Z,,FALSE,TRUE,,,,39.71101,-120.02325,FALSE,Evans Fire,100,,TRUE,2017-06-19T21:41:00Z,Finalized,,,,,
166,FALSE,CAL FIRE / Butte County Fire,,2017,TRUE,Butte,4,,,,2018-01-09T11:52:00Z,,FALSE,TRUE,,,,39.37192,-121.53865,FALSE,Honcut Fire,100,,TRUE,2017-07-10T14:45:00Z,Finalized,,,,,
157,FALSE,CAL FIRE Lassen-Modoc Unit,,2017,TRUE,Lassen,18,,,,2018-01-09T12:44:00Z,,FALSE,TRUE,,,,40.80968,-120.48641,FALSE,Peg Fire,100,,TRUE,2017-08-26T12:35:00Z,Finalized,,,,,
157,FALSE,CAL FIRE Madera-Mariposa-Merced Unit,,2017,TRUE,Madera,20,,,,2018-01-09T10:28:00Z,,FALSE,TRUE,,,,37.12759,-120.0193,FALSE,26 Fire,100,,TRUE,2017-06-07T21:00:00Z,Finalized,,,,,
155,FALSE,Unified Command: Alameda County Fireand CAL FIRE Santa Clara Unit,,2017,TRUE,Alameda,1,,,,2018-04-05T10:48:00Z,,FALSE,TRUE,,,,37.63358,-121.49925,FALSE,Corral Fire,100,,TRUE,2017-09-19T14:05:00Z,Finalized,,,,,
155,FALSE,CAL FIRE Siskiyou Unit,,2017,TRUE,Siskiyou,47,,,,2018-01-09T12:12:00Z,,FALSE,TRUE,,,,41.9808,-121.9741,FALSE,Hill Fire,100,,TRUE,2017-07-29T16:33:00Z,Finalized,,,,,
153,FALSE,CAL FIRE / Riverside County Fire,,2017,TRUE,Riverside,33,,,,2018-01-09T10:46:00Z,,FALSE,TRUE,,,,33.98639,-117.21314,FALSE,Smiley Fire,100,,TRUE,2017-06-18T15:10:00Z,Finalized,,,,,
150,FALSE,CAL FIRE/Butte County Fire,,2017,TRUE,Butte,4,,,,2018-01-09T13:34:00Z,,FALSE,TRUE,,,,39.74679,-121.67261,TRUE,Honey Fire,100,13,TRUE,2017-10-09T15:05:00Z,Finalized,,,,,
150,FALSE,CAL FIRE San Luis Obispo unit,,2017,TRUE,San Luis Obispo,40,,,,2018-01-09T12:05:00Z,,FALSE,TRUE,,,,35.7751,-120.23656,TRUE,Olive Fire,100,,TRUE,2017-07-24T14:43:00Z,Finalized,,,,,
150,FALSE,CAL FIRE San Luis Obispo Unit,,2017,TRUE,San Luis Obispo,40,,,,2018-01-09T10:33:00Z,,FALSE,TRUE,,,,35.6871,-120.3187,FALSE,Lucy Fire,100,,TRUE,2017-06-14T11:44:00Z,Finalized,,,,,
150,FALSE,Madera County Fire Department,,2017,TRUE,Madera,20,,,,2018-01-09T10:01:00Z,,FALSE,TRUE,,,,36.90967,-119.79315,FALSE,41 Fire,100,,TRUE,2017-05-17T15:30:00Z,Finalized,,,,,
150,FALSE,USFS - San Bernardino National Forest,,2017,FALSE,San Bernardino,36,,,,2018-01-09T09:53:00Z,,FALSE,TRUE,,,,34.30104,-117.45646,FALSE,Tower Fire,100,,TRUE,2017-04-30T16:03:00Z,Finalized,,,,,
148,FALSE,Six Rivers National Forest,,2017,FALSE,Trinity,53,,,,2018-01-09T13:36:00Z,,FALSE,TRUE,,,,40.46836,-123.51619,FALSE,River Fire,100,,TRUE,2017-10-14T16:00:00Z,Finalized,,,,,
146,FALSE,CAL FIRE Mendocino Unit,,2017,TRUE,Mendocino,23,,,,2018-01-09T13:22:00Z,,FALSE,TRUE,,,3,39.02482,-123.1362,TRUE,Grape Fire,100,,TRUE,2017-09-19T13:02:00Z,Finalized,,,,,
143,FALSE,CAL FIRE / Butte County Fire,,2017,TRUE,Butte,4,,,,2018-01-09T13:27:00Z,,FALSE,TRUE,,,,40.07613,-121.56858,FALSE,Soda Fire,100,,TRUE,2017-09-28T14:46:00Z,Finalized,,,,,
140,FALSE,CAL FIRE Amador - El Dorado Unit,,2017,TRUE,El Dorado,9,,,,2018-01-09T12:06:00Z,,FALSE,TRUE,,,,38.559707,-120.70013,TRUE,Ranch Fire,100,,TRUE,2017-07-26T13:58:00Z,Finalized,,,,,
136,FALSE,CAL FIRE Amador-El Dorado Unit,,2017,TRUE,El Dorado,9,,,,2018-01-09T13:21:00Z,,FALSE,TRUE,,,,38.5758,-120.915,TRUE,French Fire,100,,TRUE,2017-09-17T15:18:00Z,Finalized,,,,,
135,FALSE,Los Angles County Fire Department,,2017,FALSE,Los Angeles,19,,,,2018-01-09T12:07:00Z,,FALSE,TRUE,,,,34.792882,-118.851943,FALSE,Gorman Fire,100,,TRUE,2017-07-28T15:25:00Z,Finalized,,,,,
135,FALSE,CAL FIRE Tulare Unit,,2017,TRUE,Tulare,54,10,,20,2018-01-09T10:32:00Z,,FALSE,TRUE,,1,2,35.8556,-118.74542,TRUE,King Fire,100,212,TRUE,2017-06-13T17:00:00Z,Finalized,,,,,2
134,FALSE,CAL FIRE / Butte County Fire,,2017,TRUE,Butte,4,,,,2018-01-09T10:34:00Z,,FALSE,TRUE,,,,39.69717,-121.75417,FALSE,Skyway Fire,100,,TRUE,2017-06-16T09:27:00Z,Finalized,,,,,
130,FALSE,CAL FIRE Tuolumne-Calaveras Unit,,2017,TRUE,Calaveras,5,,,,2018-01-09T13:33:00Z,,FALSE,TRUE,,,,38.40234,-120.52953,TRUE,Point Fire,100,,TRUE,2017-10-09T01:10:00Z,Finalized,,4,,,
130,FALSE,CAL FIRE San Diego Unit,,2017,TRUE,San Diego,37,10,3,20,2018-01-09T12:50:00Z,,FALSE,TRUE,,2,,32.6001,-116.76997,TRUE,Border Fire,100,220,TRUE,2017-09-01T04:20:00Z,Finalized,,,,,7
130,FALSE,CAL FIRE San Luis Obispo Unit,,2017,TRUE,San Luis Obispo,40,,,,2018-01-09T09:54:00Z,,FALSE,TRUE,,,,35.78286,-120.22647,FALSE,Olive Fire,100,,TRUE,2017-05-02T14:32:00Z,Finalized,,,,,
128,FALSE,CAL FIRE Shasta-Trinity Unit,,2017,TRUE,Shasta,45,,,,2018-01-09T11:16:00Z,,FALSE,TRUE,,,,40.69554,-122.0122,FALSE,Oak Fire,100,,TRUE,2017-07-01T00:48:00Z,Finalized,,,,,
126,FALSE,CAL FIRE Fresno-Kings Unit,,2017,TRUE,Fresno,10,,,,2018-01-09T09:52:00Z,,FALSE,TRUE,,,,36.5355,-120.6585,FALSE,Tumey Fire,100,,TRUE,2017-04-29T17:15:00Z,Finalized,,,,,
125,FALSE,CAL FIRE Madera-Mariposa-Merced Unit ,,2017,TRUE,Mariposa,22,,,,2018-01-09T12:40:00Z,,FALSE,TRUE,,,,37.62823,-120.30046,FALSE,Coronado Fire,100,,TRUE,2017-08-13T16:23:00Z,Finalized,,,,,
124,FALSE,CAL FIRE Tuolumne-Calaveras Unit ,,2017,TRUE,Tuolumne,55,,,,2018-01-09T12:14:00Z,,FALSE,TRUE,,,,37.90014,-120.36005,FALSE,Twist Fire,100,,TRUE,2017-07-30T16:28:00Z,Finalized,,,,,
122,FALSE,CAL FIRE/Riverside County Fire,,2017,TRUE,Riverside,33,,,,2018-01-09T12:19:00Z,,FALSE,TRUE,,,,34.009026,-117.239099,FALSE,Stewart Fire,100,,TRUE,2017-08-04T14:25:00Z,Finalized,,,,,
120,FALSE,CAL FIRE San Luis Obispo Unit,,2017,TRUE,San Luis Obispo,40,,,,2018-01-09T12:50:00Z,,FALSE,TRUE,,,,35.31886,-120.50886,FALSE,Margarita Fire,100,,TRUE,2017-09-03T16:59:00Z,Finalized,,,,,
120,FALSE,CAL FIRE/Riverside County Fire,,2017,TRUE,Riverside,33,,,,2018-01-09T10:16:00Z,,FALSE,TRUE,,,,33.88287,-116.99651,FALSE,Lamb Fire,100,,TRUE,2017-05-25T14:48:00Z,Finalized,,,,,
117,FALSE,CAL FIRE Tuolumne-Calaveras Unit,,2017,TRUE,Calaveras,5,,,,2018-01-09T11:58:00Z,,FALSE,TRUE,,,,38.29113,-120.62177,TRUE,Maria Fire,100,,TRUE,2017-07-17T12:55:00Z,Finalized,,,,,
116,FALSE,CAL FIRE Santa Clara Unit,,2017,TRUE,Alameda,1,,,,2018-01-09T13:41:00Z,,FALSE,TRUE,,,,37.7393,-121.85663,FALSE,Fallon Fire,100,,TRUE,2017-10-17T14:00:00Z,Finalized,,,,,
114,FALSE,CAL FIRE Sonoma-Lake-Napa Unit ,,2017,TRUE,Napa,28,1,,5,2018-01-09T12:35:00Z,,FALSE,TRUE,,,,38.49336,-122.2483,TRUE,Canyon Fire,100,55,TRUE,2017-08-11T12:57:00Z,Finalized,,,,,
111,FALSE,CAL FIRE / Fresno County Fire,,2017,TRUE,Fresno,10,,,,2018-01-09T12:45:00Z,,FALSE,TRUE,,,,36.93332,-119.43376,FALSE,Flat Fire,100,,TRUE,2017-08-26T14:31:00Z,Finalized,,,,,
111,FALSE,CAL FIRE / Butte County Fire,,2017,TRUE,Butte,4,,,,2018-01-09T11:01:00Z,,FALSE,TRUE,,,,39.38416,-121.5786,FALSE,Lone Fire,100,,TRUE,2017-06-22T11:10:00Z,Finalized,,,,,
105,FALSE,CAL FIRE San Luis Obispo Unit,,2017,TRUE,San Luis Obispo,40,,,,2018-01-09T13:26:00Z,,FALSE,TRUE,,,,35.3024,-120.65279,FALSE,Poly Fire,100,,TRUE,2017-09-26T15:30:00Z,Finalized,,,,,
105,FALSE,CAL FIRE / Riverside County Fire,,2017,TRUE,Riverside,33,,,,2018-01-09T10:33:00Z,,FALSE,TRUE,,,,33.950382,-116.884446,FALSE,Canyon Fire,100,,TRUE,2017-06-15T11:36:00Z,Finalized,,,,,
103,FALSE,Unified Command: CAL FIRE/Butte County and Chico Fire Department,,2017,TRUE,Butte,4,,,,2018-04-12T14:52:00Z,,FALSE,TRUE,,,,39.76243,-121.74121,FALSE,Humboldt Fire,100,,TRUE,2017-07-19T16:02:00Z,Finalized,,,,,
102,FALSE,CAL FIRE Fresno-Kings Unit,,2017,TRUE,Fresno,10,,,,2018-01-09T12:48:00Z,,FALSE,TRUE,,,,36.36113,-120.32685,FALSE,Coalinga Fire,100,,TRUE,2017-08-30T16:51:00Z,Finalized,,,,,
101,FALSE,San Jose Fire Department,,2017,FALSE,Santa Clara,43,,,,2018-01-09T11:53:00Z,,FALSE,TRUE,,,,37.39801,-121.8179,FALSE,Lariat Fire,100,,TRUE,2017-07-11T16:51:00Z,Finalized,,,,,
100,FALSE,CAL FIRE San Diego Unit,,2017,TRUE,San Diego,37,,,,2018-01-09T13:41:00Z,,FALSE,TRUE,,,,32.64962,-116.37345,FALSE,Church Fire,100,,TRUE,2017-10-21T13:04:00Z,Finalized,,,,,
100,FALSE,CAL FIRE Sonoma-Lake-Napa Unit,,2017,TRUE,Sonoma,49,,,,2018-04-05T12:01:00Z,,FALSE,TRUE,,,,38.46123,-122.58152,TRUE,Oakmont Fire (Central LNU Complex),100,,TRUE,2017-10-14T20:35:00Z,Finalized,,,,,
100,FALSE,CAL FIRE Sonoma Lake Napa Unit,,2017,TRUE,Lake,17,,,,2018-01-09T13:38:00Z,,FALSE,TRUE,,,,39.0199,-122.57487,FALSE,Long Fire,100,,TRUE,2017-10-14T05:00:00Z,Finalized,,,,,
100,FALSE,CAL FIRE Sonoma-Lake-Napa Unit,,2017,TRUE,Solano,48,,,,2018-01-09T13:29:00Z,,FALSE,TRUE,,,,38.43658,-121.97233,FALSE,Timm Fire,100,,TRUE,2017-10-02T09:37:00Z,Finalized,,,,,
100,FALSE,CAL FIRE Santa Clara Unit/Gilroy Fire Dept,,2017,TRUE,Santa Clara,43,,,,2018-01-09T12:50:00Z,,FALSE,TRUE,,,,36.99092,-121.59899,FALSE,Bally Fire,100,,TRUE,2017-09-03T19:17:00Z,Finalized,,,,,
100,FALSE,CAL FIRE Fresno-Kings Unit,,2017,TRUE,Fresno,10,,,,2018-01-09T12:51:00Z,,FALSE,TRUE,,,,36.09486,-120.52189,FALSE,Parkfield Fire,100,,TRUE,2017-09-03T09:23:00Z,Finalized,,,,,
100,FALSE,CAL FIRE Santa Clara Unit,,2017,TRUE,Santa Clara,43,,,,2018-01-09T12:39:00Z,,FALSE,TRUE,,,,37.14653,-121.68165,FALSE,Tilton Fire,100,,TRUE,2017-08-11T14:55:00Z,Finalized,,,,,
100,FALSE,San Bernardino National Forest,,2017,FALSE,San Bernardino,36,,,,2018-01-09T12:16:00Z,,FALSE,TRUE,,,,34.19076,-117.26969,FALSE,Mile Fire,100,,TRUE,2017-07-31T14:44:00Z,Finalized,,,,,
99,FALSE,CAL FIRE San Bernardino Unit,,2017,TRUE,San Bernardino,36,,,,2018-01-09T13:46:00Z,,FALSE,TRUE,,,,34.035344,-116.940661,FALSE,Oak Fire,100,,TRUE,2017-11-29T12:19:00Z,Finalized,,,,,
92,FALSE,CAL FIRE/Riverside County Fire/San Bernardino National Forest ,,2017,TRUE,Riverside,33,,,,2018-01-09T12:23:00Z,,FALSE,TRUE,,,,33.57139,-116.8247,TRUE,Reed Fire,100,,TRUE,2017-08-07T14:14:00Z,Finalized,,,,,
91,FALSE,CAL FIRE/Fresno County Fire,,2017,TRUE,Fresno,10,,,,2018-01-09T11:45:00Z,,FALSE,TRUE,,,,36.95104,-119.65621,TRUE,Auberry Fire,100,,TRUE,2017-07-05T15:40:00Z,Finalized,,5,,,
91,FALSE,CAL FIRE/Butte County Fire,,2017,TRUE,Butte,4,,,,2018-01-09T10:27:00Z,,FALSE,TRUE,,,,39.52499,-121.64897,FALSE,Wilbur Fire,100,,TRUE,2017-06-06T12:43:00Z,Finalized,,,,,
90,FALSE, CAL FIRE Madera-Mariposa-Merced Unit,,2017,TRUE,Madera,20,,,,2018-01-09T11:46:00Z,,FALSE,TRUE,,,,37.09773,-120.02027,FALSE,Daulton Fire,100,,TRUE,2017-07-07T10:00:00Z,Finalized,,,,,
87,FALSE,CAL FIRE Sonoma-Lake-Napa Unit,,2017,TRUE,Lake,17,,,,2018-01-09T13:29:00Z,,FALSE,TRUE,,,,39.15016,-122.576,TRUE,Ridge Fire,100,,TRUE,2017-10-06T14:38:00Z,Finalized,,,,,
86,FALSE,Ventura County Fire,,2017,TRUE,Ventura,56,,,,2018-01-09T13:45:00Z,,FALSE,TRUE,,,,34.34949,-119.30918,FALSE,Vista Fire,100,,TRUE,2017-10-24T14:44:00Z,Finalized,,,,,
85,FALSE,CAL FIRE/Riverside County Fire Department,,2017,TRUE,Riverside,33,,,,2018-01-09T12:49:00Z,,FALSE,TRUE,,,,117.337331,34.015742,FALSE,Marlborough Fire,100,,TRUE,2017-08-31T10:13:00Z,Finalized,,,,,
85,FALSE,CAL FIRE Humboldt-Del Norte Unit,,2017,TRUE,Humboldt,12,,,,2018-01-09T12:17:00Z,,FALSE,TRUE,,,,40.11794,-123.76099,FALSE,Saw Fire,100,,TRUE,2017-08-03T11:58:00Z,Finalized,,,,,
85,FALSE,USFS - San Bernardino National Forest,,2017,FALSE,San Bernardino,36,,,,2018-01-09T12:03:00Z,,FALSE,TRUE,,,,34.20152,-117.14466,FALSE,Dollar Fire,100,,TRUE,2017-07-22T13:35:00Z,Finalized,,,,,
85,FALSE,CAL FIRE Santa Clara Unit,,2017,TRUE,Santa Clara,43,,,,2018-01-09T11:11:00Z,,FALSE,TRUE,,,,37.3344,-121.71752,FALSE,Ranch Fire,100,,TRUE,2017-06-29T13:56:00Z,Finalized,,,,,
82,FALSE,CAL FIRE San Benito-Monterey,,2017,TRUE,Monterey,27,,,,2018-01-09T12:27:00Z,,FALSE,TRUE,,,,35.86596,-120.64584,FALSE,Country Fire,100,,TRUE,2017-08-07T18:08:00Z,Finalized,,,,,
81,FALSE,Camp Pendleton - Cleveland National Forest,,2017,FALSE,San Diego,37,,,,2018-01-09T13:38:00Z,,FALSE,TRUE,,,,33.38613,-117.46709,FALSE,Loma Fire,100,,TRUE,2017-10-13T15:40:00Z,Finalized,,,,,
80,FALSE,Bureau of Indian Affairs,,2017,FALSE,El Dorado,9,,,,2018-01-09T13:49:00Z,,FALSE,TRUE,,,,38.869036,-119.61865,FALSE,Holiday Fire,100,,TRUE,2017-12-28T20:51:00Z,Finalized,,,,,
79,FALSE,Plumas National Forest,,2017,TRUE,Plumas,32,,,,2018-01-09T13:18:00Z,,FALSE,TRUE,,,,40.13278,-120.9204,FALSE,Mills File,100,,TRUE,2017-09-03T20:32:00Z,Finalized,,,,,
79,FALSE,CAL FIRE Tulare Unit,,2017,TRUE,Tulare,54,,,,2018-01-09T10:23:00Z,,FALSE,TRUE,,,,35.89423,-119.00334,FALSE,Fountain Fire ,100,,TRUE,2017-05-31T11:30:00Z,Finalized,,,,,
78,FALSE,CAL FIRE Santa Clara Unit,,2017,TRUE,Santa Clara,43,,,,2018-01-09T12:04:00Z,,FALSE,TRUE,,,,36.96607,-121.55552,FALSE,Castro Fire,100,,TRUE,2017-07-23T16:07:00Z,Finalized,,,,,
78,FALSE,CAL FIRE Tehama-Glenn Unit,,2017,TRUE,Tehama,52,,,,2018-01-09T10:25:00Z,,FALSE,TRUE,,,,40.38944,-122.13088,FALSE,Spring Fire ,100,,TRUE,2017-06-04T16:22:00Z,Finalized,,,,,
76,FALSE,CAL FIRE Nevada-Yuba-Placer Unit,,2017,TRUE,Nevada,29,,,,2018-02-09T09:52:00Z,,FALSE,TRUE,,,,39.19325,-121.08406,TRUE,McCourtney Fire (Wind Complex),100,,TRUE,2017-10-09T00:00:00Z,Finalized,2,13,,,
76,FALSE,CALFIRE/Fresno County Fire,,2017,TRUE,Fresno,10,,,,2018-01-09T10:31:00Z,,FALSE,TRUE,,,,36.8005,-119.35901,FALSE,Tivy Fire,100,,TRUE,2017-06-11T22:45:00Z,Finalized,,,,,
74,FALSE,CAL FIRE San Luis Obispo Unit,,2017,TRUE,San Luis Obispo,40,,,,2018-01-09T13:26:00Z,,FALSE,TRUE,,,,35.5956,-120.56068,FALSE,Linne Fire,100,,TRUE,2017-09-26T16:45:00Z,Finalized,,,,,
74,FALSE,CAL FIRE Amador-El Dorado Unit,,2017,TRUE,El Dorado,9,2,,5,2018-01-09T11:50:00Z,,FALSE,TRUE,,,,38.7803,-120.97111,TRUE,Axel Fire,100,,TRUE,2017-07-08T16:38:00Z,Finalized,,,,,1
74,FALSE,Unified Command -  CAL FIRE San Bernardino Unit / Redlands Fire Department,,2017,TRUE,San Bernardino,36,,,,2018-01-09T11:47:00Z,,FALSE,TRUE,,,,34.07612,-117.06765,FALSE,Bryant Fire,100,,TRUE,2017-07-07T15:45:00Z,Finalized,,,,,
73,FALSE,CAL FIRE San Luis Obispo Unit,,2017,TRUE,San Luis Obispo,40,,,,2018-01-09T13:37:00Z,,FALSE,TRUE,,,,35.78616,-120.96514,FALSE,Lynch Fire,100,,TRUE,2017-10-13T12:14:00Z,Finalized,,,,,
72,FALSE,CAL FIRE/Riverside County Fire,,2017,TRUE,Riverside,33,,,,2018-01-09T12:01:00Z,,FALSE,TRUE,,,,33.75526,-117.25075,FALSE,Ellis Fire,100,,TRUE,2017-07-18T15:34:00Z,Finalized,,,,,
70,FALSE,CAL FIRE San Luis Obispo Unit,,2017,TRUE,San Luis Obispo,40,,,,2018-01-09T12:17:00Z,,FALSE,TRUE,,,,35.4403,-120.2913,FALSE,Camatta Fire,100,,TRUE,2017-08-02T10:33:00Z,Finalized,,,,,
70,FALSE,CAL FIRE Sonoma-Lake-Napa Unit,,2017,TRUE,Colusa,6,4,4,10,2018-01-09T11:58:00Z,,FALSE,TRUE,,2,,39.01224,-122.20127,TRUE,Sand Fire,100,76,TRUE,2017-07-17T13:17:00Z,Finalized,,,,,3
70,FALSE,CAL FIRE Santa Clara Unit,,2017,TRUE,Santa Clara,43,,,,2018-01-09T11:52:00Z,,FALSE,TRUE,,,,37.25014,-121.68562,FALSE,Felipe Fire,100,,TRUE,2017-07-10T15:54:00Z,Finalized,,,,,
70,FALSE,CAL FIRE Fresno-Kings Unit,,2017,TRUE,Fresno,10,,,,2018-01-09T10:05:00Z,,FALSE,TRUE,,,,36.60736,-120.5828,FALSE,Manning Fire,100,,TRUE,2017-05-19T23:28:00Z,Finalized,,,,,
69,FALSE,CAL FIRE / Fresno County Fire,,2017,TRUE,Fresno,10,,,,2018-01-09T12:46:00Z,,FALSE,TRUE,,,,36.7279,-119.28241,FALSE,Hill Fire,100,,TRUE,2017-08-27T18:47:00Z,Finalized,,,,,
68,FALSE,CAL FIRE Amador-El Dorado Unit,,2017,TRUE,Sacramento,34,,,,2018-01-09T10:22:00Z,,FALSE,TRUE,,,,38.33707,-121.11113,FALSE,Clay Fire,100,,TRUE,2017-06-01T15:38:00Z,Finalized,,,,,
67,FALSE,CAL FIRE Lassen-Modoc Unit,,2017,TRUE,Lassen,18,,,,2018-01-09T10:26:00Z,,FALSE,TRUE,,,,40.03392,-120.1064,FALSE,River Fire,100,,TRUE,2017-06-04T16:12:00Z,Finalized,,,,,
65,FALSE,CAL FIRE Tuolumne-Calaveras Unit,,2017,TRUE,Stanislaus,50,,,,2018-01-09T10:59:00Z,,FALSE,TRUE,,,,37.82934,-120.68992,FALSE,Orange Fire,100,,TRUE,2017-06-21T14:45:00Z,Finalized,,,,,
63,FALSE,Riverside County Fire Department,,2017,TRUE,Riverside,33,,,,2018-01-09T12:07:00Z,,FALSE,TRUE,,,,33.81976,-117.18552,FALSE,Placentia Fire,100,,TRUE,2017-07-28T18:11:00Z,Finalized,,,,,
63,FALSE,CAL FIRE Madera-Mariposa-Merced Unit,,2017,TRUE,Mariposa,22,,,,2018-01-09T10:33:00Z,,FALSE,TRUE,,,,37.36914,-120.0088,FALSE,Westfall Fire,100,,TRUE,2017-06-15T07:30:00Z,Finalized,,,,,
62,FALSE,CAL FIRE San Diego Unit,,2017,TRUE,San Diego,37,,,,2018-01-09T12:44:00Z,,FALSE,TRUE,,,,33.20988,-116.46989,FALSE,Montezuma Fire,100,,TRUE,2017-08-26T11:30:00Z,Finalized,,,,,
62,FALSE,CAL FIRE Sonoma-Lake-Napa Unit,,2017,TRUE,Lake,17,,,,2018-01-09T12:28:00Z,,FALSE,TRUE,,,,38.94599,-122.81135,TRUE,Bottle Fire,100,,TRUE,2017-08-08T16:40:00Z,Finalized,,,,,
62,FALSE,CAL FIRE Tuolumne-Calaveras Unit,,2017,TRUE,Stanislaus,50,,,,2018-01-09T11:48:00Z,,FALSE,TRUE,,,,37.64898,-120.4925,FALSE,Lake Fire,100,,TRUE,2017-07-08T11:00:00Z,Finalized,,,,,
60,FALSE,CAL FIRE Tehama-Glenn Unit,,2017,TRUE,Tehama,52,,,,2018-01-09T10:35:00Z,,FALSE,TRUE,,,,40.32063,-122.83208,FALSE,Bolla Fire,100,,TRUE,2017-06-18T07:15:00Z,Finalized,,,,,
59,FALSE,CAL FIRE Tulare Unit,,2017,TRUE,Tulare,54,,,,2018-01-09T11:59:00Z,,FALSE,TRUE,,,,36.18815,-118.78928,FALSE,Fox Fire,100,,TRUE,2017-07-17T15:32:00Z,Finalized,,,,,
59,FALSE,CAL FIRE Tuolumne-Calaveras Unit,,2017,TRUE,Calaveras,5,,,,2018-01-09T11:53:00Z,,FALSE,TRUE,,,,38.18303,-120.85322,TRUE,Quail Fire,100,,TRUE,2017-07-12T13:10:00Z,Finalized,,,,,
58,FALSE,CAL FIRE Fresno-Kings Unit,,2017,TRUE,Fresno,10,,,,2018-01-09T13:36:00Z,,FALSE,TRUE,,,,36.7528,-119.2288,TRUE,Silver Fire,100,,TRUE,2017-10-11T15:59:00Z,Finalized,,3,,,
58,FALSE,USFS - Mendocino National Forest,,2017,FALSE,Lake,17,,,,2018-01-09T13:20:00Z,,FALSE,TRUE,,,,39.42604,-123.03344,FALSE,Slides Fire,100,,TRUE,2017-09-12T16:08:00Z,Finalized,,,,,
58,FALSE,CAL FIRE Tulare Unit,,2017,TRUE,Tulare,54,,,,2018-01-09T12:01:00Z,,FALSE,TRUE,,,,36.64404,-118.99944,FALSE,Hogback Fire,100,,TRUE,2017-07-18T15:50:00Z,Finalized,,,,,
58,FALSE,CAL FIRE San Luis Obispo Unit,,2017,TRUE,San Luis Obispo,40,,,,2018-01-09T11:48:00Z,,FALSE,TRUE,,,,35.346,-120.62825,FALSE,Tower Fire,100,,TRUE,2017-07-07T16:23:00Z,Finalized,,,,,
57,FALSE,CAL FIRE Tehama-Glenn Unit,,2017,TRUE,Tehama,52,,,,2018-01-09T12:07:00Z,,FALSE,TRUE,,,,40.1583,-122.3209,FALSE,Live Fire,100,,TRUE,2017-07-28T13:24:00Z,Finalized,,,,,
57,FALSE,CAL FIRE / Fresno County Fire,,2017,TRUE,Fresno,10,,,,2018-01-09T11:43:00Z,,FALSE,TRUE,,,,36.81476,-119.51592,FALSE,Freedom Fire,100,,TRUE,2017-07-04T13:21:00Z,Finalized,,,,,
56,FALSE,CAL FIRE Siskiyou Unit,,2017,TRUE,Siskiyou,47,,,,2018-01-09T10:59:00Z,,FALSE,TRUE,,,,41.93006,-122.36545,FALSE,Bogus Fire,100,,TRUE,2017-06-18T15:45:00Z,Finalized,,,,,
55,FALSE,CAL FIRE Sonoma-Lake-Napa Unit,,2017,TRUE,Solano,48,,,,2018-01-09T13:23:00Z,,FALSE,TRUE,,,,38.4446,-122.0041,TRUE,Estate Fire,100,,TRUE,2017-09-23T11:05:00Z,Finalized,1,2,,,
55,FALSE,CAL FIRE Siskiyou Unit,,2017,TRUE,Siskiyou,47,,,,2018-01-09T12:47:00Z,,FALSE,TRUE,,,,41.99483,-121.90077,FALSE,Owens Fire,100,,TRUE,2017-08-29T15:39:00Z,Finalized,,,,,
55,FALSE,Los Angeles County Fire Department,,2017,FALSE,Los Angeles,19,,,,2018-01-09T11:11:00Z,,FALSE,TRUE,,,,34.03941,-118.58624,FALSE,Topanga Fire,100,,TRUE,2017-06-29T15:09:00Z,Finalized,,,,,
54,FALSE,Shasta-Trinity National Forest ,,2017,FALSE,Siskiyou,47,,,,2018-01-09T12:46:00Z,,FALSE,TRUE,,,,41.222,-122.292,FALSE,Bradley Fire,100,,TRUE,2017-08-28T22:00:00Z,Finalized,,,,,
54,FALSE,Shasta-Trinity National Forest,,2017,FALSE,Siskiyou,47,,,,2018-01-09T12:46:00Z,,FALSE,TRUE,,,,41.222,-122.27499,FALSE,Bradley Fire,100,,TRUE,2017-08-28T21:38:00Z,Finalized,,,,,
54,FALSE,CAL FIRE Santa Clara Unit,,2017,TRUE,Santa Clara,43,,,,2018-01-09T11:00:00Z,,FALSE,TRUE,,,,37.33454,-121.76323,FALSE,Quimby Fire,100,,TRUE,2017-06-21T18:02:00Z,Finalized,,,,,
51,FALSE,CAL FIRE Santa Clara Unit,,2017,TRUE,Santa Clara,43,,,,2018-01-09T12:07:00Z,,FALSE,TRUE,,,,37.44485,-121.84108,FALSE,Weller Fire,100,,TRUE,2017-07-26T23:19:00Z,Finalized,,,,,
50,FALSE,Kern County Fire ,,2017,TRUE,Kern,15,,,,2018-01-09T13:45:00Z,,FALSE,TRUE,,,,35.21556,-118.56578,FALSE,Tank Fire,100,,TRUE,2017-10-26T11:55:00Z,Finalized,,,,,
50,FALSE,CAL FIRE/Riverside County Fire,,2017,TRUE,Riverside,33,,,,2018-01-09T13:42:00Z,,FALSE,TRUE,,,,33.8826,-117.00589,FALSE,Extension Fire,100,,TRUE,2017-10-23T10:31:00Z,Finalized,,,,,
50,FALSE,Angeles National Forest,,2017,FALSE,Los Angeles,19,,,,2018-01-09T13:40:00Z,,FALSE,TRUE,,,,34.22551,-118.05545,FALSE,Wilson Fire,100,,TRUE,2017-10-17T03:43:00Z,Finalized,,,,,
50,FALSE,CAL FIRE San Mateo-Santa Cruz Unit ,,2017,TRUE,San Mateo,41,4,,5,2018-01-09T13:20:00Z,,FALSE,TRUE,,,,37.41591,-122.3001,TRUE,Skeggs Fire,100,85,TRUE,2017-09-11T19:41:00Z,Finalized,,,,,
50,FALSE,Kern County Fire Department / Sequoia National Forest,,2017,FALSE,Kern,15,,,,2018-01-09T12:19:00Z,,FALSE,TRUE,,,,35.70639,-118.47307,FALSE,Calgary Fire,100,,TRUE,2017-08-05T13:16:00Z,Finalized,,,,,
50,FALSE,Santa Barbara County Fire,,2017,TRUE,Santa Barbara,42,,,,2018-01-09T11:59:00Z,,FALSE,TRUE,,,,34.72379,-120.13249,FALSE,Mesa Fire,100,,TRUE,2017-07-17T14:55:00Z,Finalized,,,,,
50,FALSE,CAL FIRE Nevada-Yuba-Placer Unit,,2017,TRUE,Yuba,58,,,,2018-01-09T11:50:00Z,,FALSE,TRUE,,,,39.06308,-121.303,FALSE,West Fire,100,,TRUE,2017-07-08T16:47:00Z,Finalized,,,,,
50,FALSE,Ventura County Fire Department,,2017,FALSE,Ventura,56,,,,2018-01-09T11:43:00Z,,FALSE,TRUE,,,,34.20599,-118.98603,FALSE,Grade Fire,100,,TRUE,2017-07-04T14:45:00Z,Finalized,,,,,
50,FALSE,CAL FIRE/Riverside County Fire Department,,2017,TRUE,Riverside,33,,,,2018-01-09T11:41:00Z,,FALSE,TRUE,,,,33.87739,-117.16215,FALSE,Lago Fire,100,,TRUE,2017-07-03T15:14:00Z,Finalized,,,,,
50,FALSE,MCI Camp Pendleton,,2017,FALSE,San Diego,37,,,,2018-01-09T10:32:00Z,,FALSE,TRUE,,,,33.23281,-117.29509,FALSE,Douglas Fire,100,,TRUE,2017-06-13T14:31:00Z,Finalized,,,,,
48,FALSE,CAL FIRE Madera-Mariposa-Merced Unit,,2017,TRUE,Madera,20,,,,2018-01-09T13:23:00Z,,FALSE,TRUE,,,,36.94652,-120.90462,FALSE,Power Fire,100,,TRUE,2017-09-20T21:07:00Z,Finalized,,,,,
48,FALSE,CAL FIRE Riverside Unit,,2017,TRUE,Riverside,33,,,,2018-01-09T10:21:00Z,,FALSE,TRUE,,,,33.58577,-116.07429,FALSE,Serenas Fire,100,,TRUE,2017-05-28T15:27:00Z,Finalized,,,,,
47,FALSE,CAL FIRE San Benito-Monterey Unit,,2017,TRUE,San Benito,35,,,,2018-01-09T13:46:00Z,,FALSE,TRUE,,,,36.38109,-121.00391,FALSE,Bitterwater Fire,100,,TRUE,2017-11-25T16:46:00Z,Finalized,,,,,
47,FALSE,CAL FIRE San Luis Obispo Unit,,2017,TRUE,San Luis Obispo,40,,,,2018-01-09T12:03:00Z,,FALSE,TRUE,,,,35.06472,-120.5634,FALSE,Zenon Fire,100,,TRUE,2017-07-20T14:43:00Z,Finalized,,,,,
46,FALSE,CAL FIRE / USFS - Cleveland National Forest,,2017,FALSE,Riverside,33,,,,2018-01-09T12:45:00Z,,FALSE,TRUE,,,,33.6444,-117.3968,FALSE,Canyon Fire,100,,TRUE,2017-08-27T14:51:00Z,Finalized,,,,,
46,FALSE,San Bernardino National Forest,,2017,FALSE,San Bernardino,36,,,,2018-01-09T11:54:00Z,,FALSE,TRUE,,,,34.149,-117.189,FALSE,Hidden Fire,100,,TRUE,2017-07-12T15:29:00Z,Finalized,,,,,
46,FALSE,CAL FIRE Siskiyou Unit,,2017,TRUE,Siskiyou,47,,,,2018-01-09T10:27:00Z,,FALSE,TRUE,,,,41.8721,-122.4571,TRUE,Whitepine Fire,100,,TRUE,2017-06-06T16:38:00Z,Finalized,,,,,
45,FALSE,City of Riverside Fire Department,,2017,FALSE,Riverside,33,,,,2018-01-09T13:49:00Z,,FALSE,TRUE,,,,33.9885,-117.38417,FALSE,Riverbottom Fire,100,,TRUE,2017-12-21T11:16:00Z,Finalized,,,,,
45,FALSE,Los Padres National Forest,,2017,FALSE,San Luis Obispo,40,,,,2018-01-09T13:34:00Z,,FALSE,TRUE,,,,35.28738,-120.44448,FALSE,Pozo Fire,100,,TRUE,2017-10-09T14:30:00Z,Finalized,,,,,
45,FALSE,CAL FIRE Shasta-Trintiy Unit,,2017,TRUE,Shasta,45,,,,2018-01-09T09:41:00Z,,FALSE,TRUE,,,,40.48712,-121.85645,FALSE,Grace Fire,100,,TRUE,2017-04-03T16:00:00Z,Finalized,,,,,
44,FALSE,CAL FIRE Santa Clara Unit,,2017,TRUE,Alameda,1,,,,2018-01-09T12:45:00Z,,FALSE,TRUE,,,,37.56181,-121.56425,FALSE,Mines Fire,100,,TRUE,2017-08-27T17:45:00Z,Finalized,,,,,
43,FALSE,CAL FIRE Tehama-Glenn Unit ,,2017,TRUE,Tehama,52,,,,2018-01-09T13:46:00Z,,FALSE,TRUE,,,,39.81517,-122.28165,FALSE,Roser Fire,100,,TRUE,2017-11-02T14:40:00Z,Finalized,,,,,
43,FALSE,CAL FIRE San Benito-Monterey Unit,,2017,TRUE,Monterey,27,,,,2018-01-09T13:19:00Z,,FALSE,TRUE,,,,36.17297,-120.87609,FALSE,Pine Fire,100,,TRUE,2017-09-11T15:11:00Z,Finalized,,,,,
42,FALSE,CAL FIRE San Benito-Monterey Unit,,2017,TRUE,Monterey,27,,,,2018-01-09T11:11:00Z,,FALSE,TRUE,,,,35.96275,-121.08753,FALSE,Lockwood Fire,100,,TRUE,2017-06-29T20:44:00Z,Finalized,,,,,
42,FALSE,CAL FIRE Tehama-Glenn Unit,,2017,TRUE,Tehama,52,,,,2018-01-09T11:07:00Z,,FALSE,TRUE,,,,40.10282,-122.27379,FALSE,Paskenta Fire,100,,TRUE,2017-06-24T11:15:00Z,Finalized,,,,,
42,FALSE,CAL FIRE Lassen-Modoc Unit,,2017,TRUE,Modoc,25,,,,2018-01-09T10:24:00Z,,FALSE,TRUE,,,,41.38247,-120.53443,FALSE,Jones Fire,100,,TRUE,2017-06-03T13:09:00Z,Finalized,,,,,
41,FALSE,Rogue-River-Siskiyou National Forest,,2017,FALSE,Siskiyou,47,,,,2018-01-09T12:38:00Z,,FALSE,TRUE,,,,41.99279,-122.9401,FALSE,Ward Fire,100,,TRUE,2017-08-13T12:41:00Z,Finalized,,,,,
41,FALSE,Los Angeles County Fire Department,,2017,TRUE,Los Angeles,19,,,,2018-01-09T11:11:00Z,,FALSE,TRUE,,,,34.10446,-118.70294,FALSE,Stokes Fire,100,,TRUE,2017-06-29T15:45:00Z,Finalized,,,,,
41,FALSE,Kern County Fire,,2017,TRUE,Kern,15,,,,2018-01-09T09:57:00Z,,FALSE,TRUE,,,,35.05076,-118.90004,FALSE,Feed Fire,100,,TRUE,2017-05-14T14:00:00Z,Finalized,,,,,
40,FALSE,CAL FIRE/Riverside County Fire and Riverside City Fire Department ,,2017,TRUE,Riverside,33,,,,2018-01-09T13:47:00Z,,FALSE,TRUE,,,,33.96514,-117.4764,FALSE,Riverdale Fire,100,,TRUE,2017-12-04T12:26:00Z,Finalized,,,,,
40,FALSE,CAL FIRE / Riverside County Fire,,2017,TRUE,Riverside,33,,,,2018-01-09T13:46:00Z,,FALSE,TRUE,,,,33.90327,-116.50151,FALSE,Palm Fire,100,,TRUE,2017-11-14T16:11:00Z,Finalized,,,,,
40,FALSE,San Bernardino County Fire and Rancho Cucamonga Fire District,,2017,FALSE,San Bernardino,36,,,,2018-01-09T13:45:00Z,,FALSE,TRUE,,,,34.13534,-117.4982,FALSE,Freeway Fire,100,,TRUE,2017-10-24T10:27:00Z,Finalized,,,,,
40,FALSE,CAL FIRE Shasta-Trintiy Unit,,2017,TRUE,Shasta,45,,,,2018-01-09T13:31:00Z,,FALSE,TRUE,,,,40.70627,-122.24199,FALSE,Jones Fire,100,,TRUE,2017-10-08T04:53:00Z,Finalized,,,,,
40,FALSE,Kern County Fire,,2017,TRUE,Kern,15,,,,2018-01-09T13:29:00Z,,FALSE,TRUE,,,,35.59302,-118.46734,FALSE,Lakewood Fire,100,,TRUE,2017-09-29T15:58:00Z,Finalized,,,,,
40,FALSE,Six Rivers National Forest,,2017,FALSE,Del Norte,8,,,,2018-01-09T13:20:00Z,,FALSE,TRUE,,,,41.98128,-124.01168,FALSE,Hole Fire,100,,TRUE,2017-09-12T12:45:00Z,Finalized,,,,,
40,FALSE,Shasta Trinity National Forest,,2017,FALSE,Humboldt,12,,,,2018-01-09T12:46:00Z,,FALSE,TRUE,,,,41.02705,-123.63721,FALSE,Translator Fire,100,,TRUE,2017-08-28T08:01:00Z,Finalized,,,,,
40,FALSE,CAL FIRE Tehama-Glenn Unit,,2017,TRUE,Tehama,52,,,,2018-01-09T12:45:00Z,,FALSE,TRUE,,,,40.29831,-122.70449,FALSE,Vestal Fire,100,,TRUE,2017-08-26T15:03:00Z,Finalized,,,,,
40,FALSE,CAL FIRE Sonoma-Lake-Napa Unit,,2017,TRUE,Lake,17,,,,2018-01-09T11:59:00Z,,FALSE,TRUE,,,,38.86056,-122.62382,FALSE,Murphy Fire,100,,TRUE,2017-07-17T14:44:00Z,Finalized,,,,,
40,FALSE,Monterey County Regional Fire District,,2017,FALSE,Monterey,27,,,,2018-01-09T11:56:00Z,,FALSE,TRUE,,,,36.66684,-121.74826,FALSE,Reservation Fire,100,,TRUE,2017-07-16T11:17:00Z,Finalized,,,,,
39,FALSE,CAL FIRE Tuolumne-Calaveras Unit,,2017,TRUE,Tuolumne,55,,,,2018-03-26T10:49:00Z,,FALSE,TRUE,,,,37.896778,-120.504134,FALSE,Table Fire,100,,TRUE,2017-09-19T00:22:00Z,Finalized,,,,,
39,FALSE,CAL FIRE Nevada-Yuba-Placer Unit,,2017,TRUE,Yuba,58,,,,2018-01-09T12:05:00Z,,FALSE,TRUE,,,,39.06522,-121.3519,TRUE,Spenceville Fire,100,,TRUE,2017-07-24T14:56:00Z,Finalized,,5,,,
39,FALSE,Vallejo City Fire Department,,2017,FALSE,Solano,48,,,,2018-01-09T11:01:00Z,,FALSE,TRUE,,,,38.07481,-122.23004,FALSE,Toll Fire,100,,TRUE,2017-06-22T13:08:00Z,Finalized,,,,,
38,FALSE,Marin County Fire Department,,2017,TRUE,Marin,21,,,,2018-01-09T11:09:00Z,,FALSE,TRUE,,,,37.9775,-122.65749,FALSE,Pine Fire,100,,TRUE,2017-06-27T10:39:00Z,Finalized,,,,,
38,FALSE,CAL FIRE Tuolumne-Calaveras Unit,,2017,TRUE,Tuolumne,55,,,,2018-01-09T10:31:00Z,,FALSE,TRUE,,,,37.85137,-120.45268,FALSE,Red Fire,100,,TRUE,2017-06-11T18:49:00Z,Finalized,,,,,
37,FALSE, Shasta-Trinity National Forest ,,2017,FALSE,Shasta,45,,,,2018-01-09T13:46:00Z,,FALSE,TRUE,,,,40.774,-122.309,FALSE, Bridge Fire,100,,TRUE,2017-10-31T11:22:00Z,Finalized,,,,,
36,FALSE,CAL FIRE Madera-Mariposa-Merced Unit,,2017,TRUE,Mariposa,22,,,,2018-01-09T11:48:00Z,,FALSE,TRUE,,,,37.65963,-120.34802,FALSE,Banderilla Fire,100,,TRUE,2017-07-07T15:50:00Z,Finalized,,,,,
36,FALSE,CAL FIRE San Diego Unit / Cleveland National Forest,,2017,TRUE,San Diego,37,,,,2018-01-09T11:07:00Z,,FALSE,TRUE,,,,33.1683,-116.77342,FALSE,Black Fire,100,,TRUE,2017-06-25T12:09:00Z,Finalized,,,,,
35,FALSE,CAL FIRE / Riverside County Fire,,2017,TRUE,Riverside,33,,,,2018-01-09T13:28:00Z,,FALSE,TRUE,,,,33.74925,-117.10301,FALSE,Melba Fire,100,,TRUE,2017-09-29T18:01:00Z,Finalized,,,,,
35,FALSE,Marin County Fire,,2017,TRUE,Marin,21,,,,2018-01-09T11:54:00Z,,FALSE,TRUE,,,,38.08055,-122.77846,FALSE,Spaletta Fire,100,,TRUE,2017-07-12T16:15:00Z,Finalized,,,,,
35,FALSE,CAL FIRE / Riverside County Fire,,2017,TRUE,Riverside,33,,,,2018-01-09T11:43:00Z,,FALSE,TRUE,,,,33.99316,-117.48405,FALSE,Jurupa Fire,100,,TRUE,2017-07-04T15:20:00Z,Finalized,,,,,
35,FALSE,CAL FIRE Amador-El Dorado Unit,,2017,TRUE,Sacramento,34,,,,2018-01-09T11:09:00Z,,FALSE,TRUE,,,,38.45822,-120.92162,FALSE,Latrobe Fire,100,,TRUE,2017-06-27T07:39:00Z,Finalized,,,,,
35,FALSE,Kern County Fire Department,,2017,TRUE,Kern,15,,,,2018-01-09T10:29:00Z,,FALSE,TRUE,,,,35.37351,-118.84134,FALSE,Breckenridge Fire,100,,TRUE,2017-06-09T04:53:00Z,Finalized,,,,,
35,FALSE,CAL FIRE/ Riverside County Fire,,2017,TRUE,Riverside,33,,,,2018-01-09T10:07:00Z,,FALSE,TRUE,,,,33.96419,-117.20507,FALSE,Smiley Fire,100,,TRUE,2017-05-21T16:12:00Z,Finalized,,,,,
34,FALSE,Unified Command: CAL FIRE / San Bernardino County Fire,,2017,TRUE,San Bernardino,36,,,,2018-01-09T13:47:00Z,,FALSE,TRUE,,,,34.21829,-117.40625,FALSE,Meyers Fire,100,,TRUE,2017-12-05T13:28:00Z,Finalized,,,,,
34,FALSE,CAL FIRE / Riverside County Fire,,2017,TRUE,Riverside,33,,,,2018-01-09T13:19:00Z,,FALSE,TRUE,,,,33.73547,-117.33364,FALSE,Ellie Fire,100,,TRUE,2017-09-10T13:49:00Z,Finalized,,,,,
34,FALSE,CAL FIRE/Humboldt-Del Norte Unit,,2017,TRUE,Humboldt,12,,,,2018-01-09T12:49:00Z,,FALSE,TRUE,,,,40.03697,-123.64214,FALSE,Miller Fire,100,,TRUE,2017-08-31T13:57:00Z,Finalized,,,,,
34,FALSE,CAL FIRE San Benito-Monterey Unit,,2017,TRUE,San Benito,35,,,,2018-01-09T11:42:00Z,,FALSE,TRUE,,,,36.85596,-121.30983,FALSE,Valley Fire,100,,TRUE,2017-07-04T13:21:00Z,Finalized,,,,,
33,FALSE,CAL FIRE / Riverside County Fire,,2017,TRUE,Riverside,33,,,,2018-01-09T11:46:00Z,,FALSE,TRUE,,,,33.763304,-117.314994,FALSE,Christmas Fire,100,,TRUE,2017-07-07T12:56:00Z,Finalized,,,,,
33,FALSE,CAL FIRE / Riverside County Fire,,2017,TRUE,Riverside,33,,,,2018-01-09T10:32:00Z,,FALSE,TRUE,,,,33.584036,-116.972036,FALSE,Valley Fire,100,,TRUE,2017-06-13T12:00:00Z,Finalized,,,,,
33,FALSE,"Kern County Fire Department, CAL FIRE and Bureau of Land Management",,2017,TRUE,Kern,15,,,,2018-01-09T10:24:00Z,,FALSE,TRUE,,,,35.60633,-118.4642,FALSE,Creek Fire ,100,,TRUE,2017-06-04T22:11:00Z,Finalized,,,,,
32,FALSE,Shasta-Trinity National Forest,,2017,FALSE,Trinity,53,,,,2018-01-09T12:16:00Z,,FALSE,TRUE,,,,40.804,-123.375,FALSE,Sandy Fire,100,,TRUE,2017-08-02T11:13:00Z,Finalized,,,,,
32,FALSE,Shasta-Trinity National Forest,,2017,FALSE,Trinity,53,,,,2018-01-09T12:17:00Z,,FALSE,TRUE,,,,40.79902,-123.39253,FALSE,Sandy Fire,100,,TRUE,2017-08-02T08:30:00Z,Finalized,,,,,
32,FALSE,CALFIRE / Riverside County Fire,,2017,TRUE,Riverside,33,,,,2018-01-09T11:54:00Z,,FALSE,TRUE,,,,33.62613,-117.07975,FALSE,Washington Fire,100,,TRUE,2017-07-13T10:28:00Z,Finalized,,,,,
32,FALSE,CAL FIRE San Benito-Monterey Unit,,2017,TRUE,Monterey,27,,,,2018-01-09T10:34:00Z,,FALSE,TRUE,,,,35.90092,-120.93371,TRUE,Shore Fire,100,,TRUE,2017-06-16T15:49:00Z,Finalized,,,,,
32,FALSE,CAL FIRE San Benito-Monterey Unit,,2017,TRUE,Monterey,27,,,,2018-01-09T10:30:00Z,,FALSE,TRUE,,,,35.902149,-120.983684,FALSE,Pleyto Fire,100,,TRUE,2017-06-11T18:12:00Z,Finalized,,,,,
31,FALSE,CAL FIRE San Benito-Monterey Unit,,2017,TRUE,Monterey,27,,,,2018-01-09T13:40:00Z,,FALSE,TRUE,,,,36.5858,-121.80377,FALSE,York Fire,100,,TRUE,2017-10-15T14:55:00Z,Finalized,,,,,
31,FALSE,CAL FIRE / Fresno County Fire,,2017,TRUE,Fresno,10,,,,2018-01-09T12:44:00Z,,FALSE,TRUE,,,,36.099681,-120.443545,FALSE,Juniper Fire,100,,TRUE,2017-08-23T13:28:00Z,Finalized,,,,,
31,FALSE,Kern County Fire,,2017,TRUE,Kern,15,,,,2018-01-09T09:55:00Z,,FALSE,TRUE,,,,35.60001,-118.4683,FALSE,Hub Fire,100,,TRUE,2017-05-12T05:05:00Z,Finalized,,,,,
30,FALSE,Los Angeles County Fire,,2017,FALSE,Los Angeles,19,,,,2018-03-22T16:34:00Z,,FALSE,TRUE,,,,34.52055,-118.62882,FALSE,Castaic Fire,100,,TRUE,2017-08-31T16:32:00Z,Finalized,,,,,
30,FALSE,CAL FIRE Humboldt-Del Norte Unit,,2017,TRUE,Humboldt,12,,,,2018-01-09T12:18:00Z,,FALSE,TRUE,,,,40.27582,-123.64281,FALSE,Blocksburg Fire,100,,TRUE,2017-08-03T16:41:00Z,Finalized,,,,,
30,FALSE,CAL FIRE / Riverside County Fire,,2017,TRUE,Riverside,33,,,,2018-01-09T11:42:00Z,,FALSE,TRUE,,,,33.96896,-117.25411,FALSE,Timber Fire,100,,TRUE,2017-07-03T19:31:00Z,Finalized,,,,,
29,FALSE,USFS - El Dorado National Forest,,2017,FALSE,El Dorado,9,,,,2018-01-09T13:35:00Z,,FALSE,TRUE,,,,38.77921,-120.46234,FALSE,Ice Fire,100,,TRUE,2017-10-10T15:36:00Z,Finalized,,,,,
29,FALSE,CAL FIRE Tehema-Glenn Unit,,2017,TRUE,Tehama,52,,,,2018-01-09T11:51:00Z,,FALSE,TRUE,,,,40.29118,-122.42606,FALSE,Benson Fire,100,,TRUE,2017-07-08T18:58:00Z,Finalized,,,,,
28,FALSE,CAL FIRE / Butte County Fire,,2017,TRUE,Butte,4,,,,2018-01-09T13:24:00Z,,FALSE,TRUE,,,,39.8255,-121.7127,FALSE,32 Fire,100,,TRUE,2017-09-25T11:03:00Z,Finalized,,,,,
28,FALSE,CAL FIRE Lassen-Modoc Unit,,2017,TRUE,Modoc,25,,,,2018-01-09T12:48:00Z,,FALSE,TRUE,,,,41.4844,-120.36659,FALSE,4-4 Fire,100,,TRUE,2017-08-30T11:38:00Z,Finalized,,,,,
28,FALSE,CAL FIRE Humboldt-Del Norte Unit,,2017,TRUE,Del Norte,8,,,,2018-01-09T11:08:00Z,,FALSE,TRUE,,,,41.93323,-124.19629,FALSE,Shore Fire,100,,TRUE,2017-06-26T21:30:00Z,Finalized,,,,,
28,FALSE,CAL FIRE/Riverside County Fire,,2017,TRUE,Riverside,33,,,,2018-01-09T10:33:00Z,,FALSE,TRUE,,,,33.79925,-117.11659,FALSE,Nuevo Fire,100,,TRUE,2017-06-15T15:51:00Z,Finalized,,,,,
27,FALSE,CAL FIRE Lassen-Modoc Unit,,2017,TRUE,Modoc,25,,,,2018-01-09T12:48:00Z,,FALSE,TRUE,,,,41.64469,-120.31814,TRUE,4-10 Fire,100,,TRUE,2017-08-30T14:50:00Z,Finalized,,,,,
27,FALSE,CAL FIRE / Riverside County Fire,,2017,TRUE,Riverside,33,,,,2018-01-09T10:24:00Z,,FALSE,TRUE,,,,33.82165,-116.96079,FALSE,Vernon Fire,100,,TRUE,2017-06-03T12:09:00Z,Finalized,,,,,
26,FALSE,Wheatland Fire Protection District ,,2017,TRUE,Yuba,58,,,,2018-01-09T13:25:00Z,,FALSE,TRUE,,,,39.03168,-121.40947,FALSE,Jasper Fire,100,,TRUE,2017-09-26T15:20:00Z,Finalized,,,,,
26,FALSE,CAL FIRE / Riverside County Fire,,2017,TRUE,Riverside,33,,,,2018-01-09T10:59:00Z,,FALSE,TRUE,,,,33.71025,-117.31924,FALSE,Trellis Fire,100,,TRUE,2017-06-18T16:03:00Z,Finalized,,,,,
26,FALSE,CAL FIRE/Riverside County Fire,,2017,TRUE,Riverside,33,,,,2018-01-09T10:23:00Z,,FALSE,TRUE,,,,33.94788,-116.59719,FALSE,Fairview Fire,100,,TRUE,2017-06-01T16:12:00Z,Finalized,,,,,
25,FALSE,CAL FIRE San Diego Unit,,2017,TRUE,San Diego,37,,,,2018-01-09T13:40:00Z,,FALSE,TRUE,,,,33.18716,-116.50897,FALSE,Wilson Fire,100,,TRUE,2017-10-15T14:05:00Z,Finalized,,,,,
25,FALSE,CAL FIRE San Luis Obispo Unit,,2017,TRUE,San Luis Obispo,40,,,,2018-01-09T13:23:00Z,,FALSE,TRUE,,,,35.76343,-121.04445,FALSE,Cove Fire,100,,TRUE,2017-09-23T15:40:00Z,Finalized,,,,,
25,FALSE,CAL FIRE / San Diego County Fire Authority ,,2017,TRUE,San Diego,37,,,,2018-01-09T13:19:00Z,,FALSE,TRUE,,,,32.59252,-116.61609,FALSE,Border 9 Fire,100,,TRUE,2017-09-07T15:41:00Z,Finalized,,,,,
25,FALSE,CAL FIRE Shasta-Trinity Unit,,2017,TRUE,Shasta,45,,,,2018-01-09T12:49:00Z,,FALSE,TRUE,,,,40.71923,-122.02525,FALSE,Hopper Fire,100,,TRUE,2017-09-01T11:21:00Z,Finalized,,,,,
25,FALSE,CAL FIRE San Diego Unit,,2017,TRUE,San Diego,37,,,,2018-01-09T11:09:00Z,,FALSE,TRUE,,,,32.7789,-116.8516,FALSE,Sloane Fire,100,,TRUE,2017-06-27T09:38:00Z,Finalized,,,,,
25,FALSE,Madera County Fire,,2017,TRUE,Madera,20,,,,2018-01-09T10:35:00Z,,FALSE,TRUE,,,,37.02081,-119.95136,FALSE,Road Fire,100,,TRUE,2017-06-18T14:04:00Z,Finalized,,,,,
25,FALSE,Los Angeles County Fire Department,,2017,TRUE,Los Angeles,19,,,,2018-01-09T10:24:00Z,,FALSE,TRUE,,,,34.29931,-118.37539,FALSE,5 Fire,100,,TRUE,2017-06-03T15:39:00Z,Finalized,,,,,
25,FALSE,CAL FIRE San Diego Unit,,2017,TRUE,San Diego,37,,,,2018-01-09T10:10:00Z,,FALSE,TRUE,,,,32.679,-116.29296,FALSE,Ribbonwood Fire,100,,TRUE,2017-05-24T15:30:00Z,Finalized,,,,,
23,FALSE,CAL FIRE/ Riverside County Fire,,2017,TRUE,Riverside,33,,,,2018-01-09T13:32:00Z,,FALSE,TRUE,,,,33.50488,-117.02132,FALSE,Portola Fire,100,,TRUE,2017-10-10T14:57:00Z,Finalized,,,,,
22,FALSE,Oakland City Fire Department,,2017,FALSE,Alameda,1,,,,2018-01-09T13:25:00Z,,FALSE,TRUE,,,,37.77982,-122.169,FALSE,Edwards Fire,100,,TRUE,2017-09-26T12:22:00Z,Finalized,,,,,
22,FALSE,CAL FIRE Tuolumne-Calaveras Unit,,2017,TRUE,Calaveras,5,,,,2018-01-09T11:44:00Z,,FALSE,TRUE,,,,38.20176,-120.67848,FALSE,Gold Fire,100,,TRUE,2017-07-05T16:56:00Z,Finalized,,,,,
22,FALSE,Sonoma-Lake Napa Unit,,2017,TRUE,Napa,28,4,2,6,2018-01-09T10:31:00Z,,FALSE,TRUE,,,,38.68347,-122.2654,TRUE,Refuge Fire,100,80,TRUE,2017-06-13T10:18:00Z,Finalized,,,,,
21,FALSE,CAL FIRE San Luis Obispo Unit,,2017,TRUE,San Luis Obispo,40,,,,2018-01-09T13:42:00Z,,FALSE,TRUE,,,,35.41112,-120.00353,FALSE,Soda Fire,100,,TRUE,2017-10-20T12:13:00Z,Finalized,,,,,
21,FALSE,CAL FIRE Sonoma-Lake-Napa Unit,,2017,TRUE,Lake,17,,,,2018-01-09T13:19:00Z,,FALSE,TRUE,,,,39.01748,-122.49327,FALSE,Mule Fire,100,,TRUE,2017-09-05T14:55:00Z,Finalized,,,,,
21,FALSE,CAL FIRE Tulare Unit,,2017,TRUE,Tulare,54,,,,2018-01-09T11:44:00Z,,FALSE,TRUE,,,,36.10858,-118.81979,FALSE,Globe Fire,100,,TRUE,2017-07-05T08:24:00Z,Finalized,,,,,
21,FALSE,CAL FIRE/Butte County Fire,,2017,TRUE,Butte,4,,,,2018-01-09T11:00:00Z,,FALSE,TRUE,,,,39.364,-121.4143,FALSE,Highway Fire,100,,TRUE,2017-06-22T09:49:00Z,Finalized,,,,,
21,FALSE,CAL FIRE Shasta_Trintiy Unit,,2017,TRUE,Shasta,45,,,,2018-01-09T10:32:00Z,,FALSE,TRUE,,,,0,0,FALSE,Platina Fire,100,,TRUE,2017-06-13T12:47:00Z,Finalized,,,,,
21,FALSE,CAL FIRE San Benito-Monterey Unit,,2017,TRUE,San Benito,35,,,,2018-01-09T10:07:00Z,,FALSE,TRUE,,,,36.35578,-120.99552,FALSE,Bitterwater Fire,100,,TRUE,2017-05-22T04:50:00Z,Finalized,,,,,
20,FALSE,CAL FIRE Humboldt-Del Norte Unit,,2017,TRUE,Humboldt,12,,,,2018-01-09T13:30:00Z,,FALSE,TRUE,,,,40.88516,-123.96844,TRUE,Blue Fire,100,,TRUE,2017-10-08T16:40:00Z,Finalized,,,,,
20,FALSE,CAL FIRE Sonoma-Lake-Napa Unit,,2017,TRUE,Sonoma,49,,,,2018-01-09T13:30:00Z,,FALSE,TRUE,,,,38.51937,-123.24713,FALSE,Fort Fire,100,,TRUE,2017-10-07T20:00:00Z,Finalized,,,,,
20,FALSE,CAL FIRE Tehama-Glenn Unit ,,2017,TRUE,Tehama,52,,,,2018-01-09T13:29:00Z,,FALSE,TRUE,,,,40.20077,-122.24731,FALSE,36 Fire,100,,TRUE,2017-10-03T16:22:00Z,Finalized,,,,,
20,FALSE,CAL FIRE Tuolumne-Calaveras Unit,,2017,TRUE,Tuolumne,55,,,,2018-01-09T12:16:00Z,,FALSE,TRUE,,,,37.65986,-120.31157,FALSE,Falls Fire,100,,TRUE,2017-08-01T16:33:00Z,Finalized,,,,,
20,FALSE,San Bernardino National Forest - USFS ,,2017,FALSE,San Bernardino,36,,,,2018-01-09T12:03:00Z,,FALSE,TRUE,,,,34.139,-117.199,FALSE,Seine Fire,100,,TRUE,2017-07-22T15:49:00Z,Finalized,,,,,
20,FALSE,CAL FIRE Mendocino Unit,,2017,TRUE,Mendocino,23,,,,2018-01-09T11:58:00Z,,FALSE,TRUE,,,,39.13207,-123.10227,TRUE,Range Fire,100,,TRUE,2017-07-17T12:37:00Z,Finalized,,,,,
20,FALSE,CAL FIRE / Riverside County Fire,,2017,TRUE,Riverside,33,,,,2018-01-09T10:32:00Z,,FALSE,TRUE,,,,33.52584,-116.85226,FALSE,Reed Fire,100,,TRUE,2017-06-13T17:21:00Z,Finalized,,,,,
20,FALSE,CAL FIRE Santa Clara Unit,,2017,TRUE,Contra Costa,7,,,,2018-01-09T10:26:00Z,,FALSE,TRUE,,,,37.86549,-122.2102,FALSE,Fish Fire,100,,TRUE,2017-06-05T13:17:00Z,Finalized,,,,,
20,FALSE,CAL FIRE/Fresno County Fire,,2017,TRUE,Kings,16,,,,2018-01-09T10:04:00Z,,FALSE,TRUE,,,,35.983,-119.91508,FALSE,City Fire,100,,TRUE,2017-05-18T12:54:00Z,Finalized,,,,,
20,FALSE,CAL FIRE San Benito-Monterey Unit,,2017,TRUE,Monterey,27,,,,2018-01-09T09:56:00Z,,FALSE,TRUE,,,,35.77082,-120.92482,FALSE,Nacimiento Fire,100,,TRUE,2017-05-14T12:00:00Z,Finalized,,,,,
19,FALSE,CAL FIRE/Riverside County Fire Department,,2017,TRUE,Riverside,33,,,,2018-01-09T13:49:00Z,,FALSE,TRUE,,,,33.88994,-116.91023,FALSE,Longhorn Fire,100,,TRUE,2017-12-13T15:27:00Z,Finalized,,,,,
19,FALSE,CAL FIRE Nevada-Yuba-Placer Unit,,2017,TRUE,Nevada,29,,,,2018-01-09T13:33:00Z,,FALSE,TRUE,,,,39.06414,-121.13737,FALSE,Garden Fire,100,,TRUE,2017-10-10T12:30:00Z,Finalized,,,,,
19,FALSE,CAL FIRE/Riverside County Fire,,2017,TRUE,Riverside,33,,,,2018-01-09T12:38:00Z,,FALSE,TRUE,,,,33.797216,-117.124538,FALSE,Nuevo Fire,100,,TRUE,2017-08-13T13:34:00Z,Finalized,,,,,
19,FALSE,Six Rivers National Forest,,2017,FALSE,Humboldt,12,,,,2018-01-09T12:16:00Z,,FALSE,TRUE,,,,40.39799,-123.57562,FALSE,Sway Fire,100,,TRUE,2017-08-01T10:23:00Z,Finalized,,,,,
19,FALSE,CAL FIRE Tuolumne-Calaveras Unit,,2017,TRUE,Stanislaus,50,,,,2018-01-09T12:01:00Z,,FALSE,TRUE,,,,37.81827,-120.65764,FALSE,Willms Fire,100,,TRUE,2017-07-18T22:39:00Z,Finalized,,,,,
19,FALSE,CAL FIRE Siskiyou Unit,,2017,TRUE,Siskiyou,47,,,,2018-01-09T11:08:00Z,,FALSE,TRUE,,,,40.703775,-122.645079,TRUE,King Fire,100,,TRUE,2017-06-26T12:30:00Z,Finalized,,,,,
19,FALSE,Kern County Fire,,2017,TRUE,Kern,15,,,,2018-01-09T09:54:00Z,,FALSE,TRUE,,,,35.71704,-118.30601,FALSE,Fay Fire,100,,TRUE,2017-05-01T12:44:00Z,Finalized,,,,,
18,FALSE,CAL FIRE Sonoma-Lake-Napa Unit,,2017,TRUE,Sonoma,49,,,,2018-01-09T12:45:00Z,,FALSE,TRUE,,,,38.26294,-122.71998,FALSE,Bodega Fire,100,,TRUE,2017-08-27T13:30:00Z,Finalized,,,,,
18,FALSE,CAL FIRE / Butte County Fire,,2017,TRUE,Butte,4,,,,2018-01-09T11:43:00Z,,FALSE,TRUE,,,,39.53944,-121.54722,FALSE,Lakeland Fire,100,,TRUE,2017-07-04T15:45:00Z,Finalized,,,,,
18,FALSE,CAL FIRE Fresno-Kings Unit,,2017,TRUE,Fresno,10,,,,2018-01-09T10:21:00Z,,FALSE,TRUE,,,,36.61332,-120.7109,FALSE,Panoche Fire,100,,TRUE,2017-05-28T16:16:00Z,Finalized,,,,,
18,FALSE,CAL FIRE San Benito - Monterey Unit,,2017,TRUE,Monterey,27,,,,2018-01-09T09:58:00Z,,FALSE,TRUE,,,,36.1727,-120.86682,FALSE,Pine Fire,100,,TRUE,2017-05-16T16:10:00Z,Finalized,,,,,
17,FALSE,CAL FIRE Madera-Mariposa-Merced Unit,,2017,TRUE,Mariposa,22,,,,2018-01-09T13:29:00Z,,FALSE,TRUE,,,,37.41231,-119.87465,FALSE,Ramblin Fire,100,,TRUE,2017-10-03T11:44:00Z,Finalized,,,,,
17,FALSE,CAL FIRE Shasta-Trinity Unit,,2017,TRUE,Shasta,45,1,,2,2018-01-09T12:42:00Z,,FALSE,TRUE,,,,40.92602,-121.5935,TRUE,Corner Fire,100,20,TRUE,2017-08-17T14:15:00Z,Finalized,,,,,
17,FALSE,CAL FIRE Shasta Trinity Unit,,2017,TRUE,Shasta,45,,,,2018-01-09T12:12:00Z,,FALSE,TRUE,,,,40.69259,-122.17384,FALSE,Sky Fire,100,,TRUE,2017-07-29T17:29:00Z,Finalized,,,,,
17,FALSE,CAL FIRE San Luis Obispo Unit,,2017,TRUE,San Luis Obispo,40,,,,2018-01-09T10:06:00Z,,FALSE,TRUE,,,,35.556667,-120.474,FALSE,Rocky Fire,100,,TRUE,2017-05-20T13:11:00Z,Finalized,,,,,
17,FALSE,CAL FIRE San Benito Monterey Unit,,2017,TRUE,Monterey,27,,,,2018-01-09T09:59:00Z,,FALSE,TRUE,,,,36.2771,-120.94328,TRUE,Lonoak Fire,100,,TRUE,2017-05-17T15:18:00Z,Finalized,,,,,
17,FALSE,CAL FIRE/Riverside County Fire,,2017,TRUE,Riverside,33,,,,2018-01-09T09:56:00Z,,FALSE,TRUE,,,,33.88466,-116.99229,FALSE,Canyon Fire,100,,TRUE,2017-05-14T12:51:00Z,Finalized,,,,,
16,FALSE,Kern County Fire Department,,2017,TRUE,Kern,15,,,,2018-01-09T10:23:00Z,,FALSE,TRUE,,,,35.188,-119.2877,FALSE,Elk Fire,100,,TRUE,2017-06-02T18:55:00Z,Finalized,,,,,
16,FALSE,CAL FIRE San Bernardino Unit,,2017,TRUE,San Bernardino,36,,,,2018-01-09T10:22:00Z,,FALSE,TRUE,,,,34.04412,-116.55326,FALSE,Matz Fire,100,,TRUE,2017-05-29T01:20:00Z,Finalized,,,,,
16,FALSE,CAL FIRE Fresno-Kings Unit,,2017,TRUE,Fresno,10,,,,2018-01-09T10:17:00Z,,FALSE,TRUE,,,,36.96642,-119.58292,FALSE,Rusty Fire,100,,TRUE,2017-05-28T07:49:00Z,Finalized,,,,,
15,FALSE,CAL FIRE Tehama-Glenn Unit,,2017,TRUE,Tehama,52,,,,2018-01-09T12:31:00Z,,FALSE,TRUE,,,,39.87983,-122.5415,FALSE,Paskenta Fire ,100,,TRUE,2017-08-10T17:24:00Z,Finalized,,,,,
15,FALSE,CAL FIRE Nevada - Yuba - Placer Unit,,2017,TRUE,Nevada,29,,,,2018-01-09T12:06:00Z,,FALSE,TRUE,,,,39.16826,-120.95498,FALSE,Greenhorn Fire,100,,TRUE,2017-07-27T14:49:00Z,Finalized,,,,,
15,FALSE,CAL FIRE Lassen-Modoc Unit,,2017,TRUE,Modoc,25,,,,2018-01-09T11:58:00Z,,FALSE,TRUE,,,,41.45589,-120.56933,FALSE,Centerville Fire,100,,TRUE,2017-07-17T13:38:00Z,Finalized,,,,,
15,FALSE,CAL FIRE San Benito-Monterey,,2017,TRUE,Monterey,27,,,,2018-01-09T11:10:00Z,,FALSE,TRUE,,,,35.947,-120.87492,FALSE,Alvarado Fire,100,,TRUE,2017-06-28T09:30:00Z,Finalized,,,,,
15,FALSE,CAL FIRE Tuolumne-Calaveras Unit,,2017,TRUE,Calaveras,5,,,,2018-01-09T10:21:00Z,,FALSE,TRUE,,,,38.19906,-120.83484,FALSE,Lombardi Fire,100,,TRUE,2017-05-28T15:30:00Z,Finalized,,,,,
15,FALSE,CAL FIRE Riverside Unit,,2017,TRUE,Riverside,33,,,,2018-01-09T09:50:00Z,,FALSE,TRUE,,,,33.56777,-116.08003,FALSE,66 Fire,100,,TRUE,2017-04-13T02:30:00Z,Finalized,,,,,
14,FALSE,Santa Barbara County Fire,,2017,TRUE,Santa Barbara,42,,,,2018-01-09T13:49:00Z,,FALSE,TRUE,,,,34.71796,-120.27077,FALSE,Drum Fire,100,,TRUE,2017-12-16T12:21:00Z,Finalized,,,,,
14,FALSE,Santa Barbara County Fire,,2017,TRUE,Santa Barbara,42,,,,2018-01-09T13:49:00Z,,FALSE,TRUE,,,,34.605358,-120.414875,FALSE,Coast Fire,100,,TRUE,2017-12-14T12:59:00Z,Finalized,,,,,
14,FALSE,CAL FIRE Butte Unit,,2017,TRUE,Butte,4,,,,2018-01-09T11:17:00Z,,FALSE,TRUE,,,,39.8629,-121.6268,FALSE,Desabla Fire,100,,TRUE,2017-07-02T13:43:00Z,Finalized,,,,,
14,FALSE,CAL FIRE San Benito-Monterey Unit,,2017,TRUE,Monterey,27,,,,2018-01-09T10:29:00Z,,FALSE,TRUE,,,,35.80375,-120.52508,FALSE,Hog Fire,100,,TRUE,2017-06-09T16:15:00Z,Finalized,,,,,
14,FALSE,CAL FIRE/Riverside County Fire,,2017,TRUE,Riverside,33,,,,2018-01-09T10:05:00Z,,FALSE,TRUE,,,,33.97155,-117.44148,FALSE,Moraga Fire,100,,TRUE,2017-05-18T17:25:00Z,Finalized,,,,,
13,FALSE,CAL FIRE Tuolumne-Calaveras Unit,,2017,TRUE,Stanislaus,50,,,,2018-01-09T13:41:00Z,,FALSE,TRUE,,,,37.89532,-120.84748,FALSE,Milton Fire,100,,TRUE,2017-10-18T12:53:00Z,Finalized,,,,,
13,FALSE,CAL FIRE Amador-El Dorado Unit,,2017,TRUE,El Dorado,9,,,,2018-01-09T12:06:00Z,,FALSE,TRUE,,,,38.69775,-120.73757,FALSE,Woodland Fire,100,,TRUE,2017-07-25T14:13:00Z,Finalized,,,,,
13,FALSE,CAL FIRE Amador-El Dorado Unit,,2017,TRUE,El Dorado,9,,,,2018-01-09T11:53:00Z,,FALSE,TRUE,,,,38.67474,-121.06088,FALSE,Rosado Fire,100,,TRUE,2017-07-12T13:51:00Z,Finalized,,,,,
13,FALSE,CAL FIRE San Bernardino Unit / San Bernardino National Forest,,2017,FALSE,San Bernardino,36,,,,2018-01-09T11:42:00Z,,FALSE,TRUE,,,,34.304722,-117.3125,FALSE,Silver Fire,100,,TRUE,2017-07-04T13:15:00Z,Finalized,,,,,
12,FALSE,CAL FIRE/Butte County Fire,,2017,TRUE,Butte,4,,,,2018-01-09T13:21:00Z,,FALSE,TRUE,,,,39.44257,-121.60683,FALSE,Pacific Fire,100,,TRUE,2017-09-12T17:24:00Z,Finalized,,,,,
12,FALSE,CAL FIRE San Diego Unit,,2017,TRUE,San Diego,37,,,,2018-01-09T10:25:00Z,,FALSE,TRUE,,,,0,0,FALSE,Dehesa Fire,100,,TRUE,2017-06-04T11:04:00Z,Finalized,,,,,
12,FALSE,CAL FIRE San Luis Obispo Unit,,2017,TRUE,San Luis Obispo,40,,,,2018-01-09T09:55:00Z,,FALSE,TRUE,,,,35.6879,-120.3317,FALSE,Shandon Fire,100,,TRUE,2017-05-07T16:41:00Z,Finalized,,,,,
12,FALSE,CAL FIRE/Riverside County Fire,,2017,TRUE,Riverside,33,,,,2018-01-09T09:54:00Z,,FALSE,TRUE,,,,33.7866,-117.5048,FALSE,Jameson Fire,100,,TRUE,2017-04-30T19:43:00Z,Finalized,,,,,
12,FALSE,CAL FIRE Madera-Mariposa-Merced Unit,,2017,TRUE,Merced,24,,,,2018-01-09T10:05:00Z,,FALSE,TRUE,,,,37.21812,-121.07761,FALSE,Taglio Fire,100,,TRUE,1969-12-31T16:00:00Z,Finalized,,,,,
11,FALSE,CAL FIRE Sonoma-Lake-Napa Unit,,2017,TRUE,Sonoma,49,,,,2018-01-09T12:15:00Z,,FALSE,TRUE,,,,38.70289,-122.90217,FALSE,Independence Fire,100,,TRUE,2017-07-31T23:17:00Z,Finalized,,,,,
11,FALSE,CAL FIRE Riverside Unit,,2017,TRUE,Riverside,33,,,,2018-01-09T11:16:00Z,,FALSE,TRUE,,,,33.913089,-117.096233,FALSE,Lisa Fire,100,,TRUE,2017-07-02T13:04:00Z,Finalized,,,,,
10,FALSE,CAL FIRE Tehama-Glenn Unit,,2017,TRUE,Tehama,52,,,,2018-01-09T13:31:00Z,,FALSE,TRUE,,,,40.24789,-122.255,FALSE,Freeway Fire,100,,TRUE,2017-10-08T12:15:00Z,Finalized,,,,,
10,FALSE,CAL FIRE Madera-Mariposa-Merced Unit,,2017,TRUE,Mariposa,22,,,,2018-01-09T13:23:00Z,,FALSE,TRUE,,,,37.76888,-120.15846,FALSE,Dexter Fire,100,,TRUE,2017-09-20T14:53:00Z,Finalized,,,,,
10,FALSE,CAL FIRE / Fresno County Fire,,2017,TRUE,Fresno,10,,,,2018-01-09T13:19:00Z,,FALSE,TRUE,,,,37.10067,-119.32109,FALSE,Shaver Fire,100,,TRUE,2017-09-11T10:00:00Z,Finalized,,,,,
10,FALSE,CAL FIRE Amador-El Dorado Unit,,2017,TRUE,Amador,3,,,,2018-01-09T12:46:00Z,,FALSE,TRUE,,,,38.34421,-120.72274,FALSE,Sandra Fire,100,,TRUE,2017-08-28T17:06:00Z,Finalized,,,,,
10,FALSE,Angeles National Forest,,2017,FALSE,Los Angeles,19,,,,2018-01-09T12:18:00Z,,FALSE,TRUE,,,,34.23925,-117.85182,FALSE,Rincon Fire,100,,TRUE,2017-08-03T16:21:00Z,Finalized,,,,,
10,FALSE,CAL FIRE Nevada-Yuba-Placer Unit,,2017,TRUE,Nevada,29,,,,2018-01-09T12:03:00Z,,FALSE,TRUE,,,,39.36902,-120.97586,FALSE,Grizzly Fire,100,,TRUE,2017-07-21T16:50:00Z,Finalized,,,,,
10,FALSE,CAL FIRE Shasta-Trinity Unit,,2017,TRUE,Shasta,45,,,,2018-01-09T11:56:00Z,,FALSE,TRUE,,,,40.48972,-122.38619,TRUE,North Fire,100,,TRUE,2017-07-15T18:10:00Z,Finalized,,,,,
10,FALSE,CAL FIRE / Riverside County Fire,,2017,TRUE,Riverside,33,,,,2018-01-09T11:54:00Z,,FALSE,TRUE,,,,33.77896,-117.24091,FALSE,Navajo Fire,100,,TRUE,2017-07-13T14:14:00Z,Finalized,,,,,
10,FALSE,CAL FIRE Butte Unit ,,2017,TRUE,Butte,4,,,,2018-01-09T11:53:00Z,,FALSE,TRUE,,,,39.50475,-121.33785,TRUE,Rebie Fire,100,,TRUE,2017-07-12T13:55:00Z,Finalized,,,,,
10,FALSE,CAL FIRE/Riverside County Fire Department ,,2017,TRUE,Riverside,33,,,,2018-01-09T11:41:00Z,,FALSE,TRUE,,,,33.91806,-116.99321,FALSE,Canyon Fire,100,,TRUE,2017-07-03T13:34:00Z,Finalized,,,,,
10,FALSE,CAL FIRE Nevada-Yuba-Placer Unit,,2017,TRUE,Nevada,29,,,,2018-01-09T11:16:00Z,,FALSE,TRUE,,,,39.08382,-121.06656,FALSE,Brewer Fire,100,,TRUE,2017-07-02T12:41:00Z,Finalized,,,,,
10,FALSE,CAL FIRE / Riverside County Fire,,2017,TRUE,Riverside,33,,,,2018-01-09T10:35:00Z,,FALSE,TRUE,,,,33.90965,-116.9669,FALSE,Lambs Fire,100,,TRUE,2017-06-18T12:28:00Z,Finalized,,,,,
10,FALSE,CAL FIRE/Riverside County Fire,,2017,TRUE,Riverside,33,,,,2018-01-09T10:34:00Z,,FALSE,TRUE,,,,117.138741,33.939428,FALSE,Springs Fire,100,,TRUE,2017-06-16T14:51:00Z,Finalized,,,,,
10,FALSE,Kern County Fire,,2017,TRUE,Kern,15,,,,2018-01-09T10:27:00Z,,FALSE,TRUE,,,,35.564124,-118.796513,FALSE,Pine Fire,100,,TRUE,2017-06-05T14:02:00Z,Finalized,,,,,
10,FALSE,CAL FIRE/Riverside County Fire,,2017,TRUE,Riverside,33,,,,2018-01-09T10:26:00Z,,FALSE,TRUE,,,,33.87107,-116.88097,FALSE,Shirleon Fire ,100,,TRUE,2017-06-04T16:48:00Z,Finalized,,,,,
10,FALSE,CAL FIRE Nevada-Yuba-Placer Unit,,2017,TRUE,Yuba,58,,,,2018-01-09T10:22:00Z,,FALSE,TRUE,,,,39.23205,-121.376,FALSE,Twenty Fire,100,,TRUE,2017-05-29T15:31:00Z,Finalized,,,,,
10,FALSE,Kern County Fire Department,,2017,TRUE,Kern,15,,,,2018-01-09T10:17:00Z,,FALSE,TRUE,,,,34.87128,-118.35296,FALSE,Champagne Fire,100,,TRUE,2017-05-28T10:59:00Z,Finalized,,,,,
10,FALSE,CAL FIRE/Riverside County Fire,,2017,TRUE,Riverside,33,,,,2018-01-09T10:08:00Z,,FALSE,TRUE,,,,33.94673,-117.17773,FALSE,Moreno Fire,100,,TRUE,2017-05-23T13:13:00Z,Finalized,,,,,
10,FALSE,CAL FIRE San Benito-Monterey Unit ,,2017,TRUE,Monterey,27,,,,2018-01-09T09:51:00Z,,FALSE,TRUE,,,,36.44141,-121.34695,FALSE,Soledad Fire,100,,TRUE,2017-04-24T12:06:00Z,Finalized,,,,,
0,FALSE,CAL FIRE Sonoma-Lake-Napa Unit,,2017,TRUE,Sonoma,49,,,,2018-01-09T13:34:00Z,,FALSE,TRUE,,,,38.36685,-122.64001,TRUE,Pressley Fire (Central LNU Complex),100,,TRUE,2017-10-09T01:30:00Z,Finalized,,,,,
0,FALSE,CAL FIRE Sonoma-Lake-Napa Unit,,2017,TRUE,Napa,28,,,,2018-01-09T13:33:00Z,,FALSE,TRUE,,,,38.31802,-122.39052,TRUE,Partrick Fire (Central LNU Complex),100,,TRUE,2017-10-08T23:48:00Z,Finalized,,,,,
0,FALSE,Yosemite National Park,,2017,FALSE,Mariposa,22,,,,2018-01-09T13:19:00Z,,FALSE,TRUE,,,,37.73596,-119.78256,FALSE,Rattlesnake Fire,100,,TRUE,2017-09-07T15:00:00Z,Finalized,,,,,
0,FALSE,Klamath National Forest,,2017,FALSE,Siskiyou,47,,,,2018-01-09T12:05:00Z,,FALSE,TRUE,,,,41.702,-123.508,FALSE,Clear Complex (merged into Eclipse Complex),100,,TRUE,2017-07-25T12:45:00Z,Finalized,,,,,
0,FALSE,Modoc National Forest,,2017,FALSE,Modoc,25,,,,2018-01-09T12:04:00Z,,FALSE,TRUE,,,,41.338,-120.304,FALSE,Warner Mountain Lightning,100,,TRUE,2017-07-23T00:00:00Z,Finalized,,,,,
0,FALSE,City of Orland Fire Department,,2017,FALSE,Glenn,11,,,,2018-01-09T12:02:00Z,,FALSE,TRUE,,,,39.75425,-122.17657,FALSE,Creek Fire,100,,TRUE,2017-07-19T17:30:00Z,Finalized,,,,,
0,FALSE,Lassen National Forest,,2017,FALSE,Lassen,18,,,,2018-01-09T11:45:00Z,,FALSE,TRUE,,,,40.6361,-120.9643,FALSE,Antelope Fire,100,,TRUE,2017-07-06T13:00:00Z,Finalized,,,,,
0,FALSE,Klamath National Forest,,2017,FALSE,Siskiyou,47,,,,2018-01-09T11:43:00Z,,FALSE,TRUE,,,,41.86609,-122.73031,FALSE,Klamath Fire,100,,TRUE,2017-07-04T15:21:00Z,Finalized,,,,,
0,FALSE,Camp Pendleton Marine Corps Base,,2017,FALSE,San Diego,37,,,,2018-01-09T11:10:00Z,,FALSE,TRUE,,,,33.43513,-117.58252,FALSE, Cristianitos Fire,100,,TRUE,2017-06-28T17:56:00Z,Finalized,,,,,
0,FALSE,CAL FIRE Siskiyou Unit / Klamath National Forest,,2017,FALSE,Siskiyou,47,,,,2018-01-09T11:07:00Z,,FALSE,TRUE,,,,41.841,-123.474,FALSE,Salmon-August Complex ,100,,TRUE,2017-06-25T17:00:00Z,Finalized,,,,,
0,FALSE,Tulare County,,2017,FALSE,Tulare,54,,,,2018-01-09T11:01:00Z,,FALSE,TRUE,,,,36.51912,-119.50606,FALSE,King Incident,100,,TRUE,2017-06-23T22:32:00Z,Finalized,,,,,
0,FALSE,Department of Defense - Camp Roberts,,2017,FALSE,San Luis Obispo,40,,,,2018-01-09T10:05:00Z,,FALSE,TRUE,,,,35.85253,-120.80411,FALSE,Range Fire,100,,TRUE,2017-05-19T13:10:00Z,Finalized,,,,,
0,FALSE,Unified Command,,2017,TRUE,Butte,4,,,,2018-01-09T09:24:00Z,,FALSE,TRUE,,,,39.51158,-121.55633,TRUE,Oroville Spillway ,100,596,TRUE,2017-02-07T14:00:00Z,Finalized,,,,,
410203,FALSE,USFS Mendocino National Forest ,,2018,TRUE,Colusa,"6,11,17,23",,,,2019-01-04T09:33:00Z,1,FALSE,TRUE,,,3,39.243283,-123.103367,TRUE,Ranch Fire (Mendocino Complex),100,,TRUE,2018-07-27T12:05:00Z,Finalized,,246,,1050,
410203,FALSE,USFS Mendocino National Forest ,,2018,TRUE,Glenn,"6,11,17,23",,,,2019-01-04T09:33:00Z,1,FALSE,TRUE,,,3,39.243283,-123.103367,TRUE,Ranch Fire (Mendocino Complex),100,,TRUE,2018-07-27T12:05:00Z,Finalized,,246,,1050,
410203,FALSE,USFS Mendocino National Forest ,,2018,TRUE,Lake,"6,11,17,23",,,,2019-01-04T09:33:00Z,1,FALSE,TRUE,,,3,39.243283,-123.103367,TRUE,Ranch Fire (Mendocino Complex),100,,TRUE,2018-07-27T12:05:00Z,Finalized,,246,,1050,
410203,FALSE,USFS Mendocino National Forest ,,2018,TRUE,Mendocino,"6,11,17,23",,,,2019-01-04T09:33:00Z,1,FALSE,TRUE,,,3,39.243283,-123.103367,TRUE,Ranch Fire (Mendocino Complex),100,,TRUE,2018-07-27T12:05:00Z,Finalized,,246,,1050,
229651,FALSE,"Unified Command: CAL FIRE Shasta-Trinity Unit, US Forest Service and NPS Whiskeytown National Recreation Area",,2018,TRUE,Shasta,"45,53",5,48,11,2019-01-04T09:37:00Z,3,FALSE,TRUE,,,0,40.65428,-122.62357,TRUE,Carr Fire,100,456,TRUE,2018-07-23T13:15:00Z,Finalized,61,1614,,,31
229651,FALSE,"Unified Command: CAL FIRE Shasta-Trinity Unit, US Forest Service and NPS Whiskeytown National Recreation Area",,2018,TRUE,Trinity,"45,53",5,48,11,2019-01-04T09:37:00Z,3,FALSE,TRUE,,,0,40.65428,-122.62357,TRUE,Carr Fire,100,456,TRUE,2018-07-23T13:15:00Z,Finalized,61,1614,,,31
153336,FALSE,"Unified Command: CAL FIRE, Butte County Sheriff Department, Paradise Police Department, USFS",,2018,TRUE,Butte,4,11,3,73,2018-11-25T08:00:00Z,85,FALSE,TRUE,,2,3,39.8134,-121.4347,TRUE,Camp Fire,100,1065,TRUE,2018-11-08T06:33:00Z,Finalized,,18804,,,3
96949,FALSE,Ventura County Fire Dept. and Los Angeles County Fire Dept.,,2018,TRUE,Los Angeles,"19,56",,,,2019-01-04T08:42:00Z,3,FALSE,TRUE,,,0,34.235,-118.70128,TRUE,Woolsey Fire,100,,TRUE,2018-11-08T14:24:00Z,Finalized,341,1643,,,
96949,FALSE,Ventura County Fire Dept. and Los Angeles County Fire Dept.,,2018,TRUE,Ventura,"19,56",,,,2019-01-04T08:42:00Z,3,FALSE,TRUE,,,0,34.235,-118.70128,TRUE,Woolsey Fire,100,,TRUE,2018-11-08T14:24:00Z,Finalized,341,1643,,,
96901,FALSE,USFS Sierra National Forest ,,2018,FALSE,Mariposa,22,,,,2019-01-04T09:48:00Z,,FALSE,TRUE,,,,37.6549,-119.88581,FALSE,Ferguson Fire,100,,TRUE,2018-07-13T21:36:00Z,Finalized,,,,,
90288,FALSE,CAL FIRE Sonoma-Lake-Napa Unit,,2018,TRUE,Napa,"28,57",,,,2019-01-04T09:57:00Z,,FALSE,TRUE,,,1,38.80583,-122.18183,TRUE,County Fire,100,,TRUE,2018-06-30T14:12:00Z,Finalized,,29,,,
90288,FALSE,CAL FIRE Sonoma-Lake-Napa Unit,,2018,TRUE,Yolo,"28,57",,,,2019-01-04T09:57:00Z,,FALSE,TRUE,,,1,38.80583,-122.18183,TRUE,County Fire,100,,TRUE,2018-06-30T14:12:00Z,Finalized,,29,,,
63311,FALSE,USFS Shasta-Trinity National Forest,,2018,TRUE,Shasta,"45,53",,,,2019-01-04T09:07:00Z,,FALSE,TRUE,,,,40.9425,-122.43,FALSE,Delta Fire,100,,TRUE,2018-09-05T12:51:00Z,Finalized,,42,,,
63311,FALSE,USFS Shasta-Trinity National Forest,,2018,TRUE,Trinity,"45,53",,,,2019-01-04T09:07:00Z,,FALSE,TRUE,,,,40.9425,-122.43,FALSE,Delta Fire,100,,TRUE,2018-09-05T12:51:00Z,Finalized,,42,,,
48920,FALSE,Unified command: CAL FIRE Mendocino Unit and USFS Mendocino National Forest ,,2018,TRUE,Colusa,"6,17,23",58,76,256,2019-01-04T09:18:00Z,,FALSE,TRUE,,20,,39.04786,-123.11971,TRUE,River Fire (Mendocino Complex),100,3100,TRUE,2018-07-27T13:01:00Z,Finalized,,35,,1025,79
48920,FALSE,Unified command: CAL FIRE Mendocino Unit and USFS Mendocino National Forest ,,2018,TRUE,Lake,"6,17,23",58,76,256,2019-01-04T09:18:00Z,,FALSE,TRUE,,20,,39.04786,-123.11971,TRUE,River Fire (Mendocino Complex),100,3100,TRUE,2018-07-27T13:01:00Z,Finalized,,35,,1025,79
48920,FALSE,Unified command: CAL FIRE Mendocino Unit and USFS Mendocino National Forest ,,2018,TRUE,Mendocino,"6,17,23",58,76,256,2019-01-04T09:18:00Z,,FALSE,TRUE,,20,,39.04786,-123.11971,TRUE,River Fire (Mendocino Complex),100,3100,TRUE,2018-07-27T13:01:00Z,Finalized,,35,,1025,79
46150,FALSE,USFS Shasta-Trinity National Forest,,2018,FALSE,Shasta,45,,,,2019-01-04T09:21:00Z,,FALSE,TRUE,,,,40.896,-122.219,TRUE,Hirz Fire,100,,TRUE,2018-08-09T01:55:00Z,Finalized,,,,,
39387,FALSE,Modoc National Forest,,2018,FALSE,Modoc,25,,,,2019-01-04T09:20:00Z,,FALSE,TRUE,,,,41.38544,-121.04386,FALSE,Stone Fire,100,,TRUE,2018-08-15T18:05:00Z,Finalized,,,,,
38008,FALSE,CAL FIRE Siskiyou Unit,,2018,TRUE,Siskiyou,47,6,4,12,2019-01-04T09:55:00Z,1,FALSE,TRUE,,2,3,41.893332,-122.534655,TRUE,Klamathon Fire,100,350,TRUE,2018-07-05T12:31:00Z,Finalized,12,83,,,4
36450,FALSE,Stanislaus National Forest,,2018,FALSE,Tuolumne,55,,,,2019-01-04T09:26:00Z,,FALSE,TRUE,,,,38.349,-119.929,FALSE,Donnell Fire,100,,TRUE,2018-08-01T17:48:00Z,Finalized,,,,,
23136,FALSE,Cleveland National Forest,,2018,FALSE,Orange,30,,,,2019-01-04T09:23:00Z,,FALSE,TRUE,,,,33.69888,-117.52055,FALSE,Holy Fire,100,,TRUE,2018-08-06T13:20:00Z,Finalized,,24,,,
18703,FALSE,Unified Command: CAL FIRE and USFS Lassen National Forest,,2018,TRUE,Lassen,18,,,,2019-01-04T09:32:00Z,,FALSE,TRUE,,,,40.633536,-120.868091,FALSE,Whaleback Fire,100,,TRUE,2018-07-27T13:32:00Z,Finalized,,,,,
15185,FALSE,CAL FIRE Sonoma-Lake-Napa Unit,,2018,TRUE,Lake,17,,,,2019-01-04T10:01:00Z,,FALSE,TRUE,,,1,39.0674,-122.59848,TRUE,Pawnee Fire,100,,TRUE,2018-06-23T17:21:00Z,Finalized,,22,,,
13139,FALSE,San Bernardino National Forest,,2018,FALSE,Riverside,33,,,,2019-01-04T09:36:00Z,,FALSE,TRUE,,,,0,0,FALSE,Cranston Fire,100,,TRUE,2018-07-25T11:41:00Z,Finalized,,12,,,
12300,FALSE,CAL FIRE Tuolumne-Calaveras Unit,,2018,TRUE,San Joaquin,39,,,,2019-01-04T09:58:00Z,,FALSE,TRUE,,,,38.052055,-120.945482,FALSE,Waverly Fire,100,,TRUE,2018-06-29T15:11:00Z,Finalized,,1,,,
6974,FALSE,Humboldt-Toiyabe National Forest,,2018,FALSE,Mono,26,,,,2019-01-04T09:09:00Z,,FALSE,TRUE,,,,38.347395,-119.45186,FALSE,Boot Fire,100,,TRUE,2018-09-04T14:26:00Z,Finalized,,,,,
4564,FALSE,CAL FIRE Madera-Mariposa-Merced ,,2018,TRUE,Merced,24,,,,2019-01-04T10:06:00Z,,FALSE,TRUE,,,,37.39339,-120.34207,FALSE,Planada Fire,100,,TRUE,2018-06-15T10:34:00Z,Finalized,,,,,
4531,FALSE,"Unified Command: CAL FIRE, Ventura County Fire, Ventura Sheriff Dept, LA County Fire, LA City Fire, LA Sherriff Dept, LA Police Dept",,2018,TRUE,Ventura,56,,,,2019-01-04T08:43:00Z,,FALSE,TRUE,,,,34.22685,-118.93444,TRUE,Hill Fire,100,,TRUE,2018-11-08T14:03:00Z,Finalized,4,4,,,
4500,FALSE,Suisun Fire Protection District,,2018,FALSE,Solano,48,,,,2019-01-04T08:57:00Z,,FALSE,TRUE,,,,0,0,FALSE,Branscombe Fire,100,,TRUE,2018-10-07T13:00:00Z,Finalized,,,,,
4064,FALSE,Sierra National Forest,,2018,FALSE,Madera,20,,,,2019-01-04T10:03:00Z,,FALSE,TRUE,,,,37.571,-119.118,FALSE,Lions Fire,100,,TRUE,2018-06-11T12:00:00Z,Finalized,,,,,
3889,FALSE,CAL FIRE Tehama-Glenn Unit,,2018,TRUE,Tehama,52,,,,2019-01-04T08:57:00Z,,FALSE,TRUE,,,,40.22027778,-122.18,TRUE,Sun Fire,100,196,TRUE,2018-10-07T12:51:00Z,Finalized,,,,,
3716,FALSE,CAL FIRE Tehama-Glenn Unit,,2018,TRUE,Tehama,52,,,,2019-01-04T10:02:00Z,,FALSE,TRUE,,,1,40.35068,-121.77867,TRUE,Lane Fire,100,,TRUE,2018-06-23T11:38:00Z,Finalized,,,,,
3674,FALSE,Hoopa Valley Tribe ,,2018,FALSE,Humboldt,12,,,,2019-01-04T09:17:00Z,,FALSE,TRUE,,,,41.07944,-123.688056,FALSE,Mill Creek 1 Fire,100,,TRUE,2018-08-16T09:18:00Z,Finalized,,,,,
3380,FALSE,US Forest Service - Angeles National Forest,,2018,FALSE,Los Angeles,19,,,,2019-01-04T09:03:00Z,,FALSE,TRUE,,,,34.48229,-118.60858,FALSE,Charlie Fire,100,,TRUE,2018-09-22T14:30:00Z,Finalized,,,,,
2995,FALSE,Kings County Fire Department,,2018,FALSE,Kings,16,,,,2019-01-04T09:23:00Z,,FALSE,TRUE,,,,35.97896,-119.98329,FALSE,Five Fire,100,,TRUE,2018-08-06T17:29:00Z,Finalized,,,,,
2956,FALSE,CAL FIRE Tehama-Glenn Unit,,2018,TRUE,Tehama,52,,,,2019-01-04T10:10:00Z,,FALSE,TRUE,,,,39.94355,-122.3571,TRUE,Apple Fire,100,,TRUE,2018-06-09T14:10:00Z,Finalized,,5,,,
2950,FALSE,Kern County Fire Department,,2018,TRUE,Kern,15,,,,2019-01-04T09:26:00Z,,FALSE,TRUE,,,,35.37444,-118.83556,FALSE,Tarina Fire,100,,TRUE,2018-08-03T14:48:00Z,Finalized,,,,,
2883,FALSE,Inyo National Forest Service ,,2018,FALSE,Inyo,14,20,3,22,2019-01-04T09:54:00Z,,FALSE,TRUE,,7,,36.6734,-118.21881,TRUE,Georges Fire,100,564,TRUE,2018-07-08T13:36:00Z,Finalized,,,,,4
2490,FALSE,CAL FIRE Sonoma-Lake-Napa Unit,,2018,TRUE,Napa,28,,,,2019-01-04T09:06:00Z,,FALSE,TRUE,,,,38.69601,-122.44468,TRUE,Snell Fire,100,,TRUE,2018-09-08T14:29:00Z,Finalized,,,,,
2290,FALSE,CAL FIRE Tehama-Glenn Unit,,2018,TRUE,Glenn,11,,,,2019-01-04T10:09:00Z,,FALSE,TRUE,,,,39.64978,-122.58218,TRUE,Chrome Fire,100,,TRUE,2018-06-09T15:32:00Z,Finalized,,1,,,
2225,FALSE,CAL FIRE San Benito-Monterey Unit,,2018,TRUE,Monterey,27,,,,2019-01-04T09:23:00Z,,FALSE,TRUE,,,,35.847778,-120.343056,FALSE,Turkey Fire,100,,TRUE,2018-08-06T12:59:00Z,Finalized,,,,,
2162,FALSE,"Unified Command: CAL FIRE Sonoma-Lake-Napa Unit, Solano County Fire",,2018,TRUE,Solano,48,4,2,11,2019-01-04T09:20:00Z,,FALSE,TRUE,,1,,38.431278,-122.043747,TRUE,Nelson Fire,100,180,TRUE,2018-08-10T16:57:00Z,Finalized,,1,,10,4
2100,FALSE,BLM Northern District (NOD) ,,2018,FALSE,Modoc,25,,,,2019-01-04T09:46:00Z,,FALSE,TRUE,,,,41.29363,-120.11461,FALSE,Eagle Fire,100,,TRUE,2018-07-13T22:03:00Z,Finalized,,,,,
2070,FALSE,Unified Command: CAL FIRE San Bernardino Unit and Inyo County Sheriff's Office,,2018,TRUE,Inyo,14,,,,2019-01-03T09:43:00Z,,FALSE,TRUE,,,,37.40208,-118.50235,TRUE,Pleasant Fire,100,,TRUE,2018-02-18T14:12:00Z,Finalized,,,,,
1900,FALSE,CAL FIRE Shasta-Trinity Unit,,2018,TRUE,Shasta,45,,,,2019-01-04T09:21:00Z,,FALSE,TRUE,,,,40.99344,-121.52225,TRUE,Hat Fire,100,,TRUE,2018-08-09T14:34:00Z,Finalized,,,,,
1756,FALSE,CAL FIRE Madera-Mariposa-Merced Unit ,,2018,TRUE,Merced,24,,,,2019-01-04T10:26:00Z,,FALSE,TRUE,,,,36.85156,-120.77206,FALSE,Nees Fire,100,,TRUE,2018-05-02T16:00:00Z,Finalized,,,,,
1751,FALSE,Shasta-Trinity National Forest,,2018,FALSE,Trinity,53,,,,2019-01-04T09:08:00Z,,FALSE,TRUE,,,,40.616251,-123.52019,FALSE,Kerlin Fire,100,,TRUE,2018-09-04T15:20:00Z,Finalized,,,,,
1678,FALSE,Unified Command: CAL FIRE and City of Redding Fire Department,,2018,TRUE,Shasta,45,,,,2019-01-04T10:01:00Z,,FALSE,TRUE,,,1,40.50318,-122.42308,TRUE,Creek Fire,100,,TRUE,2018-06-24T12:29:00Z,Finalized,,11,,,
1500,FALSE,Suisun City Fire Protection District,,2018,FALSE,Solano,48,,,,2019-01-04T08:47:00Z,,FALSE,TRUE,,,,38.21396,-121.9424,FALSE,Nurse Fire,100,,TRUE,2018-11-08T13:28:00Z,Finalized,,,,,
1500,FALSE,Camp Roberts,,2018,FALSE,San Luis Obispo,40,,,,2019-01-04T10:03:00Z,,FALSE,TRUE,,,,35.73629,-120.75593,FALSE,Yankee Fire,100,,TRUE,2018-06-20T18:22:00Z,Finalized,,,,,
1352,FALSE,Unified Command: US Forest Service and Los Angeles County FD,,2018,FALSE,Los Angeles,19,,,,2019-01-04T10:15:00Z,,FALSE,TRUE,,,,34.5486,-118.31138,FALSE,Stone Fire,100,,TRUE,2018-06-04T12:40:00Z,Finalized,,,,,
1350,FALSE,San Bernardino National Forest ,,2018,FALSE,San Bernardino,36,,,,2019-01-04T09:55:00Z,,FALSE,TRUE,,,,34.095568,-116.958806,TRUE,Valley Fire,100,,TRUE,2018-07-06T13:29:00Z,Finalized,,,,,
1314,FALSE,CAL FIRE San Benito-Monterey,,2018,TRUE,San Benito,35,,,,2019-01-04T10:15:00Z,,FALSE,TRUE,,,,36.40755,-120.99322,TRUE,Airline Fire,100,,TRUE,2018-06-04T17:01:00Z,Finalized,,,,,
1265,FALSE,"Unified Command: CAL FIRE San Bernardino Unit, Cal Trans, and Inyo County Sheriff's Office",,2018,TRUE,Inyo,14,12,1,17,2019-01-03T13:09:00Z,,FALSE,TRUE,,2,,36.71537,-118.08449,TRUE,Moffat Fire,100,325,TRUE,2018-04-19T10:28:00Z,Finalized,,,,,1
1261,FALSE,CAL FIRE / Riverside County Fire,,2018,TRUE,Riverside,33,,,,2019-01-04T10:24:00Z,,FALSE,TRUE,,,,33.62924,-117.05992,FALSE,Patterson Fire,100,,TRUE,2018-05-17T14:19:00Z,Finalized,,,,,
1200,FALSE,Sutter County Fire Protection District,,2018,FALSE,Sutter,51,,,,2019-01-04T09:28:00Z,,FALSE,TRUE,,,,39.186144,-121.792885,FALSE,Butte Fire,100,,TRUE,2018-07-31T17:34:00Z,Finalized,,,,,
1120,FALSE,Tahoe National Forest,,2018,FALSE,Placer,31,,,,2019-01-04T09:10:00Z,,FALSE,TRUE,,,,39.268611,-120.658333,TRUE,North Fire,100,,TRUE,2018-09-03T16:38:00Z,Finalized,,,,,
1014,FALSE,USFS Los Padres National Forest,,2018,FALSE,Santa Barbara,42,,,,2019-01-04T09:16:00Z,,FALSE,TRUE,,,,35.11416667,-120.0922222,FALSE,Front Fire,100,,TRUE,2018-08-19T13:37:00Z,Finalized,,,,,
993,FALSE,Kern County Fire Department,,2018,TRUE,Kern,15,,,,2019-01-04T09:32:00Z,,FALSE,TRUE,,,,35.387408,-118.817934,FALSE,Breckenridge Fire,100,,TRUE,2018-07-27T16:12:00Z,Finalized,,,,,
972,FALSE,USFS Mendocino National Forest,,2018,FALSE,Mendocino,23,,,,2019-01-04T09:29:00Z,,FALSE,TRUE,,,,39.82877,-123.08489,FALSE,Eel Fire,100,,TRUE,2018-07-31T15:28:00Z,Finalized,,,,,
962,FALSE,Chico City Fire,,2018,TRUE,Butte,4,,,,2019-01-04T09:48:00Z,,FALSE,TRUE,,,,39.77124,-121.76859,TRUE,Stoney Fire,100,,TRUE,2018-07-12T22:45:00Z,Finalized,,,,,
856,FALSE,CAL FIRE Tehama-Glenn Unit,,2018,TRUE,Tehama,52,,,,2019-01-04T09:52:00Z,,FALSE,TRUE,,,,40.33682,-121.93908,FALSE,Dale Fire,100,,TRUE,2018-07-09T18:30:00Z,Finalized,,,,,
825,FALSE,CAL FIRE Amador - El Dorado Unit,,2018,TRUE,Amador,3,4,2,15,2019-01-04T09:54:00Z,,FALSE,TRUE,,1,,38.42623,-120.95408,TRUE,Irish Fire,100,,TRUE,2018-07-06T14:42:00Z,Finalized,,1,,,4
822,FALSE,CAL FIRE Sonoma-Lake-Napa Unit,,2018,TRUE,Yolo,57,,,,2019-01-04T09:40:00Z,,FALSE,TRUE,,,,38.59694444,-121.9938889,FALSE,Eighty Eight Fire,100,,TRUE,2018-07-18T14:24:00Z,Finalized,,,,,
700,FALSE,CAL FIRE Nevada-Yuba-Placer Unit,,2018,TRUE,Placer,31,,,,2019-01-04T09:28:00Z,,FALSE,TRUE,,,,38.82426,-121.451307,FALSE,Sunset Fire,100,,TRUE,2018-08-01T13:11:00Z,Finalized,,,,,
668,FALSE,CAL FIRE Tulare Unit,,2018,TRUE,Tulare,54,,,,2019-01-04T09:19:00Z,,FALSE,TRUE,,,,35.79012,-118.7393,FALSE,River Fire,100,,TRUE,2018-08-15T17:14:00Z,Finalized,,,,,
650,FALSE,CAL FIRE San Benito-Monterey Unit,,2018,TRUE,Monterey,27,,,,2019-01-04T09:20:00Z,,FALSE,TRUE,,,,36.00912,-120.82226,FALSE,Gulch Fire,100,,TRUE,2018-08-11T14:12:00Z,Finalized,,,,,
646,FALSE,Northern California District Bureau of Land Management ,,2018,FALSE,Lassen,18,,,,2019-01-04T10:06:00Z,,FALSE,TRUE,,,,40.3768,-120.36403,FALSE,Tumbleweed Fire,100,,TRUE,2018-06-14T17:45:00Z,Finalized,,,,,
640,FALSE,CAL FIRE Santa Clara Unit,,2018,TRUE,Alameda,1,,,,2019-01-04T09:53:00Z,,FALSE,TRUE,,,,37.75646,-121.60646,TRUE,Grant Fire,100,,TRUE,2018-07-08T17:38:00Z,Finalized,,,,,
573,FALSE,CAL FIRE Tuolumne-Calaveras Unit,,2018,TRUE,Tuolumne,55,,,,2019-01-04T09:06:00Z,,FALSE,TRUE,,,,37.83388,-120.61746,FALSE,Tulloch Fire,100,,TRUE,2018-09-08T13:34:00Z,Finalized,,,,,
550,FALSE,CAL FIRE Butte Unit/Butte County Fire Department,,2018,TRUE,Butte,4,,,,2019-01-04T08:50:00Z,,FALSE,TRUE,,,,39.36529,-121.51707,FALSE,June Fire,100,,TRUE,2018-10-30T14:46:00Z,Finalized,,,,,
513,FALSE,CAL FIRE San Benito-Monterey,,2018,TRUE,San Benito,35,,,,2019-01-04T10:14:00Z,,FALSE,TRUE,,,,36.378333,-120.901167,TRUE,Eastern Fire,100,,TRUE,2018-06-04T17:30:00Z,Finalized,,,,,
504,FALSE,"Unified Command: CAL FIRE San Diego, Alpine Fire District and Cleveland National Forest",,2018,TRUE,San Diego,37,,,,2019-01-04T09:55:00Z,,FALSE,TRUE,,,,32.833674,-116.7311,TRUE,West Fire,100,,TRUE,2018-07-06T23:39:00Z,Finalized,,48,,,
484,FALSE,CAL FIRE Santa Clara Unit,,2018,TRUE,Alameda,1,,,,2019-01-04T10:20:00Z,,FALSE,TRUE,,,,37.75375,-121.57918,FALSE,Grant Fire,100,,TRUE,2018-05-30T13:21:00Z,Finalized,,1,,,
441,FALSE,CAL FIRE Lassen Modoc Unit,,2018,TRUE,Lassen,18,,,,2019-01-04T09:59:00Z,,FALSE,TRUE,,,,40.316137,-120.45053,FALSE,Hyatt Fire,100,,TRUE,2018-06-27T15:09:00Z,Finalized,,4,,,
400,FALSE,CAL FIRE San Benito-Monterey Unit,,2018,TRUE,Monterey,27,,,,2019-01-04T09:04:00Z,,FALSE,TRUE,,,,36.35502,-121.1563,FALSE,Metz Fire,100,,TRUE,2018-09-13T15:37:00Z,Finalized,,,,,
375,FALSE,CAL FIRE San Benito-Monterey Unit,,2018,TRUE,Monterey,27,,,,2019-06-21T08:51:41Z,,FALSE,TRUE,,,,35.95515,-120.86256,FALSE,San Ardo,100,,TRUE,2018-06-26T07:11:00Z,Finalized,,,,,
367,FALSE,USFS Sequoia National Forest,,2018,FALSE,Kern,15,,,,2019-01-04T09:16:00Z,,FALSE,TRUE,,,,35.51777778,-118.6525,FALSE,Call Fire,100,,TRUE,2018-08-18T15:17:00Z,Finalized,,,,,
365,FALSE,Unified Command: CAL FIRE San Diego County Fire Authority and San Diego County Fire ,,2018,TRUE,San Diego,37,,,,2019-01-04T09:32:00Z,,FALSE,TRUE,,,,33.07892,-116.91845,TRUE,Pasqual Fire,100,,TRUE,2018-07-27T13:28:00Z,Finalized,,,,,
360,FALSE,CAL FIRE Madera Mariposa Merced Unit,,2018,TRUE,Madera,20,,,,2019-01-04T09:03:00Z,,FALSE,TRUE,,,,37.38789,-119.68912,TRUE,Oak Fire,100,,TRUE,2018-09-22T15:44:00Z,Finalized,,,,,
347,FALSE,CAL FIRE Butte Unit - Butte County Fire Department,,2018,TRUE,Butte,4,,,,2019-01-04T09:59:00Z,,FALSE,TRUE,,,,39.59872,-121.78208,FALSE,Shippee Fire,100,,TRUE,2018-06-26T12:56:00Z,Finalized,,,,,
338,FALSE,Inyo National Forest,,2018,FALSE,Inyo,14,,,,2019-01-04T09:29:00Z,,FALSE,TRUE,,,,37.735461,-118.970443,FALSE,Owens Fire,100,,TRUE,2018-07-31T15:07:00Z,Finalized,,,,,
328,FALSE,CAL FIRE Shasta-Trinity Unit,,2018,TRUE,Shasta,45,,,,2019-01-04T10:02:00Z,,FALSE,TRUE,,,,40.52909,-122.17457,FALSE,Bascom Fire,100,,TRUE,2018-06-23T12:54:00Z,Finalized,,,,,
320,FALSE,Unified Command: CAL FIRE Santa Clara Unit and Milpitas Fire Department,,2018,TRUE,Santa Clara,43,1,,5,2019-01-04T09:37:00Z,,FALSE,TRUE,,,,37.449425,-121.88807,TRUE,Country Fire,100,150,TRUE,2018-07-22T13:06:00Z,Finalized,,1,,,
316,FALSE,CAL FIRE Amador-El Dorado Unit,,2018,TRUE,El Dorado,9,,,,2019-01-04T09:56:00Z,,FALSE,TRUE,,,,38.539806,-121.059979,FALSE,Shingle Fire,100,,TRUE,2018-07-04T17:09:00Z,Finalized,,,,,
300,FALSE,CAL FIRE Shasta Trinity Unit,,2018,TRUE,Trinity,53,,,,2019-01-04T09:59:00Z,,FALSE,TRUE,,,,40.60402,-122.9144,TRUE,Flat Fire,100,,TRUE,2018-06-28T18:01:00Z,Finalized,,,,,
300,FALSE,CAL FIRE Madera-Mariposa-Merced ,,2018,TRUE,Madera,20,,,,2019-01-04T10:14:00Z,,FALSE,TRUE,,,,37.10181,-119.623981,FALSE,ONeals Fire,100,,TRUE,2018-06-04T17:44:00Z,Finalized,,,,,
300,FALSE,Department of Defense - Camp Pendleton ,,2018,FALSE,San Diego,37,,,,2019-01-04T10:26:00Z,,FALSE,TRUE,,,,33.389425,-117.502405,FALSE,Alpha Fire,100,,TRUE,2018-05-04T11:44:00Z,Finalized,,,,,
293,FALSE,Kern County Fire,,2018,TRUE,Kern,15,,,,2019-01-04T10:25:00Z,,FALSE,TRUE,,,,0,0,FALSE,Twisselman Fire,100,,TRUE,2018-05-16T16:30:00Z,Finalized,,,,,
290,FALSE,CAL FIRE Tuolumne-Calaveras Unit,,2018,TRUE,Calaveras,5,,,,2019-01-04T09:23:00Z,,FALSE,TRUE,,,,38.061298,-120.872244,FALSE,South Fire,100,,TRUE,2018-08-06T16:26:00Z,Finalized,,,,,
289,FALSE,CAL FIRE Madera-Mariposa-Merced Unit,,2018,TRUE,Madera,20,,,,2019-01-04T09:15:00Z,,FALSE,TRUE,,,,37.197039,-120.002619,FALSE,Eastman Fire,100,,TRUE,2018-08-23T15:40:00Z,Finalized,,,,,
282,FALSE,Unified Command: CAL FIRE/Riverside County Fire Department and Corona City Fire ,,2018,TRUE,Riverside,33,,,,2019-01-04T09:39:00Z,,FALSE,TRUE,,,,33.836101,-117.607577,FALSE,Skyline Fire,100,,TRUE,2018-07-19T17:22:00Z,Finalized,,,,,
278,FALSE,CAL FIRE San Benito-Monterey,,2018,TRUE,San Benito,35,,,,2019-01-04T09:49:00Z,,FALSE,TRUE,,,,36.65351,-121.0454,FALSE,Panoche Fire,100,,TRUE,2018-07-11T16:40:00Z,Finalized,,,,,
268,FALSE,Unified Command: CAL FIRE and Contra Costa County Fire Department,,2018,TRUE,Contra Costa,7,,,,2019-01-04T09:58:00Z,,FALSE,TRUE,,,,37.94714,-121.9921,FALSE,Valley Fire,100,,TRUE,2018-06-29T16:06:00Z,Finalized,,,,,
268,FALSE,CAL FIRE Tehama-Glenn Unit,,2018,TRUE,Tehama,52,,,,2019-01-04T10:02:00Z,,FALSE,TRUE,,,,40.18395,-122.27574,TRUE,Stoll Fire,100,,TRUE,2018-06-23T12:52:00Z,Finalized,,24,,,
265,FALSE,CAL FIRE San Diego Unit,,2018,TRUE,San Diego,37,,,,2019-01-04T10:11:00Z,,FALSE,TRUE,,,1,32.63046,-116.46674,TRUE,Recycle Fire,100,,TRUE,2018-06-06T09:46:00Z,Finalized,,,,,
261,FALSE,Lassen National Forest,,2018,FALSE,Tehama,52,,,,2019-01-04T08:59:00Z,,FALSE,TRUE,,,,40.34256,-121.43025,FALSE,Wilson Fire,100,,TRUE,2018-09-28T13:08:00Z,Finalized,,,,,
260,FALSE,CAL FIRE San Luis Obispo Unit,,2018,TRUE,San Luis Obispo,40,,,,2019-01-04T10:00:00Z,,FALSE,TRUE,,,,35.33916,-120.71488,FALSE,Fox Fire,100,,TRUE,2018-06-26T11:16:00Z,Finalized,,,,,
258,FALSE,Channel Islands National Park,,2018,FALSE,Santa Barbara,42,,,,2019-01-03T09:44:00Z,,FALSE,TRUE,,,,34.0232,-119.76576,FALSE,Santa Cruz Fire,100,,TRUE,2018-03-27T14:45:00Z,Finalized,,,,,
250,FALSE,CAL FIRE San Diego Unit,,2018,TRUE,San Diego,37,,,,2019-01-04T09:21:00Z,,FALSE,TRUE,,,,33.076239,-116.902985,FALSE,Rangeland Fire,100,,TRUE,2018-08-09T13:09:00Z,Finalized,,,,,
247,FALSE,Unified Command: CAL FIRE Santa Clara Unit & East Contra Costa Fire,,2018,TRUE,Contra Costa,7,,,,2019-01-04T09:34:00Z,,FALSE,TRUE,,,1,37.89612,-121.85847,TRUE,Marsh Fire,100,,TRUE,2018-07-25T14:41:00Z,Finalized,,1,,,
224,FALSE,CAL FIRE Siskiyou Unit,,2018,TRUE,Siskiyou,47,,,,2019-01-04T09:44:00Z,,FALSE,TRUE,,,,41.70877,-122.47293,TRUE,Steamboat Fire,100,,TRUE,2018-07-15T09:58:00Z,Finalized,,,,,
215,FALSE,Klamath National Forest,,2018,FALSE,Siskiyou,47,,,,2019-01-04T09:56:00Z,,FALSE,TRUE,,,,41.085,-123.051,FALSE,Petersburg Fire,100,,TRUE,2018-07-01T18:13:00Z,Finalized,,,,,
215,FALSE,CAL FIRE San Benito-Monterey Unit,,2018,TRUE,San Benito,35,,,,2019-01-04T10:07:00Z,,FALSE,TRUE,,,,36.37532,-120.862579,FALSE,Beaver Fire,100,,TRUE,2018-06-12T15:06:00Z,Finalized,,,,,
207,FALSE,CAL FIRE San Diego Fire Authority,,2018,TRUE,San Diego,37,,,,2019-01-04T09:31:00Z,,FALSE,TRUE,,,,33.41476,-117.24044,TRUE,Rock Fire,100,,TRUE,2018-07-28T15:14:00Z,Finalized,,,,,
205,FALSE,Bureau of Indian Affairs - CAL FIRE / Riverside County Fire,,2018,TRUE,Riverside,33,,,,2019-01-04T09:33:00Z,,FALSE,TRUE,,,,33.571763,-116.500058,FALSE,Ribbon Fire,100,,TRUE,2018-07-26T10:12:00Z,Finalized,,,,,
200,FALSE,Kern County Fire,,2018,TRUE,Kern,15,,,,2019-01-04T09:06:00Z,,FALSE,TRUE,,,,34.91482,-118.92485,FALSE,Water Fire,100,,TRUE,2018-09-12T11:25:00Z,Finalized,,,,,
200,FALSE,CAL FIRE Madera-Mariposa-Merced ,,2018,TRUE,Merced,24,,,,2019-01-04T10:10:00Z,,FALSE,TRUE,,,,37.33924,-120.24315,FALSE,Bear Fire,100,,TRUE,2018-06-07T18:04:00Z,Finalized,,,,,
191,FALSE,CAL FIRE Butte Unit/Butte County Fire Department,,2018,TRUE,Butte,4,,,,2019-01-04T09:56:00Z,,FALSE,TRUE,,,,39.491737,-121.637759,FALSE,Par Fire,100,,TRUE,2018-07-04T13:30:00Z,Finalized,,,,,
186,FALSE,Ventura County Fire Department,,2018,TRUE,Ventura,56,,,,2019-01-04T08:46:00Z,,FALSE,FALSE,,,,34.26734825,-118.6438159,FALSE,Peak Fire,100,,TRUE,2018-11-12T10:06:00Z,Inactive,,,,,
185,FALSE,CAL FIRE Madera-Mariposa-Merced ,,2018,TRUE,Merced,24,,,,2019-01-04T10:04:00Z,,FALSE,TRUE,,,,37.05876,-121.176354,FALSE,Dinosaur Fire,100,,TRUE,2018-06-17T15:09:00Z,Finalized,,,,,
175,FALSE,Los Angeles County,,2018,FALSE,Los Angeles,19,,,,2019-01-04T10:08:00Z,,FALSE,TRUE,,,,37.97638,-122.5275,FALSE,South Fire,100,,TRUE,2018-06-09T14:45:00Z,Finalized,,,,,
175,FALSE,Orange County Fire,,2018,TRUE,Orange,30,,,,2019-01-04T10:19:00Z,,FALSE,TRUE,,,,33.55132,-117.72044,FALSE,Aliso Fire,100,,TRUE,2018-06-02T13:07:00Z,Finalized,,,,,
172,FALSE,Los Padres National Forest,,2018,FALSE,Santa Barbara,42,,,,2019-01-04T09:12:00Z,,FALSE,TRUE,,,,34.576944,-119.61416,FALSE,Ogilvy Fire,100,,TRUE,2018-09-01T14:22:00Z,Finalized,,,,,
170,FALSE,Tehama County Fire Department,,2018,FALSE,Tehama,52,,,,2019-01-04T10:02:00Z,,FALSE,TRUE,,,,40.12791,-122.19792,FALSE,Sierra Fire,100,,TRUE,2018-06-23T13:15:00Z,Finalized,,,,,
167,FALSE,CAL FIRE San Benito - Monterey Unit,,2018,TRUE,Monterey,27,,,,2019-01-04T08:54:00Z,,FALSE,TRUE,,,,36.18401,-120.69955,FALSE,Priest Fire,100,,TRUE,2018-10-13T14:43:00Z,Finalized,,,,,
167,FALSE,CAL FIRE Lassen-Modoc Unit / Lassen National Forest,,2018,TRUE,Lassen,18,,,,2019-01-04T09:35:00Z,,FALSE,TRUE,,,1,40.34822,-120.82497,TRUE,Roxie Fire (Formerly 1-1 Fire),100,,TRUE,2018-07-24T16:02:00Z,Finalized,,,,,
166,FALSE,Angeles National Forest,,2018,FALSE,Los Angeles,19,,,,2019-01-04T09:05:00Z,,FALSE,TRUE,,,,34.2325,-117.846111,FALSE,Fork Fire,100,,TRUE,2018-09-09T12:10:00Z,Finalized,,,,,
163,FALSE,CAL FIRE Tuolumne-Calaveras Unit,,2018,TRUE,Tuolumne,55,,,,2019-01-04T10:01:00Z,,FALSE,TRUE,,,,37.80785,-120.30187,TRUE,Flat Fire,100,,TRUE,2018-06-24T13:54:00Z,Finalized,,,,,
160,FALSE,Solano County Fire Protection District,,2018,FALSE,Solano,48,,,,2019-01-04T08:55:00Z,,FALSE,TRUE,,,,38.45673,-121.94658,FALSE,Winters Fire,100,,TRUE,2018-10-12T11:21:00Z,Finalized,,,,,
155,FALSE,CAL FIRE Shasta-Trinity Unit,,2018,TRUE,Shasta,45,,,,2019-01-04T09:16:00Z,,FALSE,TRUE,,,,40.36888889,-122.8905556,FALSE,Gorge Fire,100,,TRUE,2018-08-19T07:32:00Z,Finalized,,,,,
155,FALSE,Orange County Fire,,2018,TRUE,Orange,30,,,,2019-01-04T10:08:00Z,,FALSE,TRUE,,,,33.787838,-117.746625,FALSE,Santiago Fire,100,,TRUE,2018-06-11T17:04:00Z,Finalized,,,,,
154,FALSE,CAL FIRE / Riverside County Fire,,2018,TRUE,Riverside,33,,,,2019-01-04T10:07:00Z,,FALSE,TRUE,,,,33.925862,-117.654299,FALSE,Euclid Fire,100,,TRUE,2018-06-12T14:22:00Z,Finalized,,,,,
152,FALSE,Marin County Fire,,2018,TRUE,Marin,21,,,,2019-01-04T09:05:00Z,,FALSE,TRUE,,,,38.02447,-122.727,TRUE,Irving Fire,100,,TRUE,2018-09-10T19:00:00Z,Finalized,,,,,
150,FALSE,Ventura County Fire Department,,2018,TRUE,Ventura,56,,,,2019-01-04T08:44:00Z,,FALSE,TRUE,,,,34.30166667,-119.0991667,FALSE,Briggs Fire,100,,TRUE,2018-11-15T01:39:00Z,Finalized,,,,,
150,FALSE,Fort Hunter Liggett Military Reservation,,2018,FALSE,Monterey,27,,,,2019-01-04T08:57:00Z,,FALSE,TRUE,,,,35.97677,-121.24898,FALSE,Nacimiento Fire,100,,TRUE,2018-10-02T12:32:00Z,Finalized,,,,,
150,FALSE,CAL FIRE Amador-El Dorado Unit,,2018,TRUE,El Dorado,9,12,1,30,2019-01-04T09:09:00Z,,FALSE,TRUE,,2,,38.94388,-120.92611,TRUE,Sliger Fire,100,,TRUE,2018-09-04T15:03:00Z,Finalized,,,,,5
147,FALSE,Rialto Fire Department,,2018,FALSE,San Bernardino,36,,,,2019-01-04T08:45:00Z,,FALSE,TRUE,,,,34.18075,-117.43184,FALSE,Sierra Fire,100,,TRUE,2018-11-13T08:19:00Z,Finalized,,,,,
136,FALSE,CAL FIRE Tuolumne-Calaveras Unit,,2018,TRUE,Calaveras,5,,,,2019-01-04T09:24:00Z,,FALSE,TRUE,,,,38.08424,-120.46078,FALSE,Parrots Fire,100,,TRUE,2018-08-05T04:19:00Z,Finalized,,,,,
135,FALSE,CAL FIRE Sonoma-Lake-Napa Unit,,2018,TRUE,Napa,28,,,,2019-01-04T09:30:00Z,,FALSE,TRUE,,,,38.51943,-122.18353,TRUE,Steele Fire,100,,TRUE,2018-07-28T16:30:00Z,Finalized,4,8,,,
128,FALSE,Los Angeles County Fire Department ,,2018,TRUE,Los Angeles,19,,,,2019-01-04T09:37:00Z,,FALSE,TRUE,,,,34.38039,-118.60441,FALSE,Pico Fire,100,,TRUE,2018-07-23T12:55:00Z,Finalized,,,,,
127,FALSE,Mendocino National Forest ,,2018,FALSE,Glenn,11,,,,2019-01-04T10:19:00Z,,FALSE,TRUE,,,,39.46543,-122.65582,FALSE,Open Fire,100,,TRUE,2018-06-01T15:20:00Z,Finalized,,,,,
127,FALSE,CAL FIRE Siskiyou Unit,,2018,TRUE,Siskiyou,47,,,,2019-01-04T10:25:00Z,,FALSE,TRUE,,,,41.65935,-122.48556,FALSE,Shastina Fire,100,,TRUE,2018-05-09T18:11:00Z,Finalized,,,,,
125,FALSE,San Bernardino National Forest/San Bernardino County Fire,,2018,FALSE,San Bernardino,36,,,,2019-01-04T09:12:00Z,,FALSE,TRUE,,,,34.15475,-117.244366,FALSE,Sterling,100,,TRUE,2018-08-31T17:58:00Z,Finalized,,,,,
120,FALSE,CAL FIRE Tulare Unit,,2018,TRUE,Tulare,54,,,,2019-01-04T08:51:00Z,,FALSE,TRUE,,,,36.47766,-119.10433,FALSE,Market Fire,100,,TRUE,2018-10-24T12:18:00Z,Finalized,,,,,
117,FALSE,USFS Plumas National Forest ,,2018,FALSE,Plumas,32,,,,2019-01-04T09:22:00Z,,FALSE,TRUE,,,,39.996944,-121.27,FALSE,Murphy Fire,100,,TRUE,2018-08-07T02:11:00Z,Finalized,,,,,
116,FALSE,CAL FIRE San Benito-Monterey,,2018,TRUE,San Benito,35,,,,2019-01-04T09:49:00Z,,FALSE,TRUE,,,,36.59036,-120.82355,FALSE,Idria Fire,100,,TRUE,2018-07-12T12:57:00Z,Finalized,,,,,
116,FALSE,CAL FIRE Santa Clara Unit,,2018,TRUE,Santa Clara,43,,,,2019-01-04T09:54:00Z,,FALSE,TRUE,,,,37.06367,-121.53586,FALSE,Bridle Fire,100,,TRUE,2018-07-06T10:40:00Z,Finalized,,,,,
115,FALSE,CAL FIRE Madera-Mariposa-Merced Unit,,2018,TRUE,Mariposa,22,,,,2019-01-04T10:04:00Z,,FALSE,TRUE,,,,37.707234,-120.199162,TRUE,Wheeler Fire,100,,TRUE,2018-06-18T12:30:00Z,Finalized,,,,,
114,FALSE,Kern County Fire ,,2018,TRUE,Kern,15,,,,2019-01-04T09:17:00Z,,FALSE,TRUE,,,,35.56888889,-118.8013889,FALSE,Pine Fire,100,,TRUE,2018-08-16T16:06:00Z,Finalized,,,,,
113,FALSE,Santa Barbara County Fire,,2018,TRUE,Santa Barbara,42,,,,2019-01-04T09:54:00Z,,FALSE,TRUE,,,,34.463889,-119.831389,TRUE,Holiday Fire,100,,TRUE,2018-07-06T20:40:00Z,Finalized,,24,,,
110,FALSE,Santa Barbara County Fire,,2018,TRUE,Santa Barbara,42,,,,2019-01-04T09:38:00Z,,FALSE,TRUE,,,,34.62412,-120.22298,FALSE,Windmill Fire,100,,TRUE,2018-07-20T14:23:00Z,Finalized,,,,,
108,FALSE,CAL FIRE Fresno-Kings Unit,,2018,TRUE,Fresno,10,,,,2019-01-04T10:22:00Z,,FALSE,TRUE,,,,36.75581,-119.42172,FALSE,Cobble Fire,100,,TRUE,2018-05-26T14:52:00Z,Finalized,,,,,
106,FALSE,CAL FIRE Mendocino Unit,,2018,TRUE,Mendocino,23,,,,2019-01-04T09:26:00Z,,FALSE,TRUE,,,,38.8802,-123.0496,FALSE,Western Fire,100,,TRUE,2018-08-01T15:53:00Z,Finalized,,,,,
103,FALSE,CAL FIRE Sonoma-Lake-Napa Unit,,2018,TRUE,Lake,17,,,,2019-01-04T09:14:00Z,,FALSE,TRUE,,,,39.02017,-122.57496,FALSE,Cache Fire,100,,TRUE,2018-08-26T18:04:00Z,Finalized,,,,,
103,FALSE,CAL FIRE Tehama-Glenn Unit,,2018,TRUE,Tehama,52,,,,2019-01-04T10:24:00Z,,FALSE,TRUE,,,,40.31759,-122.21032,FALSE,Jelly Fire,100,,TRUE,2018-05-18T16:37:00Z,Finalized,,,,,
100,FALSE, San Diego Fire-Rescue Department,,2018,FALSE,San Diego,37,,,,2019-01-04T09:19:00Z,,FALSE,TRUE,,,,33.0971179,-117.0242529,FALSE,Cloverdale Fire,100,,TRUE,2018-08-13T14:58:00Z,Finalized,,,,,
100,FALSE,CAL FIRE Tulare Unit,,2018,TRUE,Tulare,54,,,,2019-01-04T09:33:00Z,,FALSE,TRUE,,,,36.21634,-118.82989,FALSE,Balch Fire,100,,TRUE,2018-07-27T12:14:00Z,Finalized,,,,,
100,FALSE,San Bernardino National Forest ,,2018,FALSE,San Bernardino,36,,,,2019-01-04T09:55:00Z,,FALSE,TRUE,,,,34.22526,-117.40967,FALSE,Box Fire,100,,TRUE,2018-07-06T09:36:00Z,Finalized,,,,,
100,FALSE,CAL FIRE San Luis Obispo Unit,,2018,TRUE,San Luis Obispo,40,,,,2019-01-04T10:22:00Z,,FALSE,TRUE,,,,35.56922,-120.12441,FALSE,Water Fire,100,,TRUE,2018-05-24T10:43:00Z,Finalized,,,,,
96,FALSE,Fort Hunter Liggett,,2018,FALSE,Monterey,27,,,,2019-01-04T10:08:00Z,,FALSE,TRUE,,,,35.9352,-121.11936,FALSE,Sam Fire,100,,TRUE,2018-06-09T15:31:00Z,Finalized,,,,,
95,FALSE,CAL FIRE Kern County Fire,,2018,TRUE,Kern,15,,,,2019-01-04T09:57:00Z,,FALSE,TRUE,,,,35.1234,-118.72905,FALSE,Sheep Fire,100,,TRUE,2018-06-29T17:53:00Z,Finalized,,,,,
90,FALSE,CAL FIRE Mendocino Unit,,2018,TRUE,Mendocino,23,,,,2019-01-04T09:55:00Z,,FALSE,TRUE,,,,39.038859,-123.38493,FALSE,Peach Fire ,100,,TRUE,2018-07-05T15:12:00Z,Finalized,,,,,
89,FALSE,CAL FIRE Lassen-Modoc Unit,,2018,TRUE,Lassen,18,,,,2019-01-04T09:42:00Z,,FALSE,TRUE,,,,40.94666,-121.27049,FALSE,3-16 Fire,100,,TRUE,2018-07-15T18:54:00Z,Finalized,,,,,
88,FALSE,CAL FIRE Lassen - Modoc Unit,,2018,FALSE,Lassen,18,,,,2019-01-04T08:47:00Z,,FALSE,TRUE,,,,40.83116,-120.19336,FALSE,Horn Fire,100,,TRUE,2018-11-08T11:25:00Z,Finalized,,,,,
88,FALSE,USFS Sierra National Forest ,,2018,FALSE,Madera,20,,,,2019-01-04T09:13:00Z,,FALSE,TRUE,,,,37.179167,-119.431667,FALSE,Redinger Fire,100,,TRUE,2018-08-27T23:19:00Z,Finalized,,,,,
88,FALSE,CAL FIRE Mariposa-Madera-Merced Unit,,2018,TRUE,Merced,24,,,,2019-01-04T10:24:00Z,,FALSE,TRUE,,,,37.056944,-121.01638,FALSE,Plaza Fire,100,,TRUE,2018-05-20T13:07:00Z,Finalized,,,,,
80,FALSE,CAL FIRE San Luis Obispo Unit,,2018,TRUE,San Luis Obispo,40,,,,2019-01-04T08:58:00Z,,FALSE,TRUE,,,,-120.258,-120.258,FALSE,Shandon Fire,100,,TRUE,2018-09-29T09:30:00Z,Finalized,,,,,
80,FALSE,CAL FIRE Sonoma-Lake-Napa Unit,,2018,TRUE,Lake,17,,,,2019-01-04T09:51:00Z,,FALSE,TRUE,,,,39.06715,-122.59789,FALSE,Spring 2 Fire,100,,TRUE,2018-07-09T16:46:00Z,Finalized,,1,,,
80,FALSE,CAL FIRE Tuolumne-Calaveras Unit,,2018,TRUE,Calaveras,5,,,,2019-01-04T10:01:00Z,,FALSE,TRUE,,,,37.95766,-120.68902,TRUE,Horse Fire,100,,TRUE,2018-06-24T15:28:00Z,Finalized,,2,,,
77,FALSE,Santa Barbara County Fire,,2018,TRUE,Santa Barbara,42,,,,2019-01-04T09:40:00Z,,FALSE,TRUE,,,,34.54305556,-120.3180556,FALSE,Cruces Fire,100,,TRUE,2018-07-18T11:55:00Z,Finalized,,,,,
76,FALSE,CAL FIRE Shasta-Trinity Unit,,2018,TRUE,Shasta,45,,,,2019-01-04T08:58:00Z,,FALSE,TRUE,,,,40.5939,-122.17173,TRUE,Silver Fire,100,,TRUE,2018-09-28T14:44:00Z,Finalized,,1,,,
76,FALSE,CAL FIRE Fresno-Kings Unit,,2018,TRUE,Fresno,10,,,,2019-01-04T09:59:00Z,,FALSE,TRUE,,,,36.696879,-119.304499,FALSE,Anchor Fire,100,,TRUE,2018-06-27T12:39:00Z,Finalized,,,,,
75,FALSE,CAL FIRE Sonoma-Lake-Napa Unit,,2018,TRUE,Colusa,6,,,,2019-01-04T09:56:00Z,,FALSE,TRUE,,,,39.2976,-122.512012,TRUE,Stony Fire,100,,TRUE,2018-07-04T13:14:00Z,Finalized,,,,,
75,FALSE,CAL FIRE Tehama-Glenn Unit,,2018,TRUE,Glenn,11,,,,2019-01-04T10:21:00Z,,FALSE,TRUE,,,,39.65578,-122.58666,FALSE,Chrome Fire,100,,TRUE,2018-05-28T17:33:00Z,Finalized,,,,,
73,FALSE,CAL FIRE / Riverside County Fire,,2018,TRUE,Riverside,33,,,,2019-01-04T10:26:00Z,,FALSE,TRUE,,,,33.67815,-117.32281,FALSE,Main Fire,100,,TRUE,2018-04-28T14:26:00Z,Finalized,,,,,
70,FALSE,Unitied Command: CAL FIRE & San Jose City Fire Department,,2018,TRUE,Santa Clara,43,,,,2019-01-04T09:50:00Z,,FALSE,TRUE,,,,37.22545,-121.79189,FALSE,Curie Fire,100,,TRUE,2018-07-10T15:08:00Z,Finalized,,,,,
70,FALSE,CAL FIRE Santa Clara Unit,,2018,TRUE,Santa Clara,43,,,,2019-01-04T09:57:00Z,,FALSE,TRUE,,,,37.66074,-121.67144,FALSE,Tesla Fire,100,,TRUE,2018-06-29T20:59:00Z,Finalized,,,,,
70,FALSE,CAL FIRE Tehama-Glenn Unit,,2018,TRUE,Tehama,52,,,,2019-01-04T10:07:00Z,,FALSE,TRUE,,,,40.394073,-122.135924,FALSE,Spring Fire,100,,TRUE,2018-06-13T21:06:00Z,Finalized,,,,,
70,FALSE,CAL FIRE/ Riverside County Fire,,2018,TRUE,Riverside,33,,,,2019-01-04T10:26:00Z,,FALSE,TRUE,,,,33.504964,-117.148204,FALSE,Tornado Fire,100,,TRUE,2018-05-04T14:48:00Z,Finalized,,,,,
68,FALSE,CAL FIRE Madera-Mariposa-Merced Unit,,2018,TRUE,Merced,24,,,,2019-01-04T10:00:00Z,,FALSE,TRUE,,,,37.08529,-121.09354,FALSE,Romero Fire,100,,TRUE,2018-06-24T16:11:00Z,Finalized,,,,,
67,FALSE,CAL FIRE Amador - El Dorado Unit,,2018,TRUE,El Dorado,9,,,1,2019-01-04T09:28:00Z,,FALSE,TRUE,,,,38.645,-120.874167,TRUE,Bumper Fire,100,,TRUE,2018-08-01T13:57:00Z,Finalized,,,,,
67,FALSE,CAL FIRE Mendocino Unit,,2018,TRUE,Mendocino,23,,,,2019-01-04T09:37:00Z,,FALSE,TRUE,,,,39.279833,-123.258319,FALSE,Heart Fire,100,,TRUE,2018-07-21T16:22:00Z,Finalized,,,,,
66,FALSE,CAL FIRE Amador - El Dorado Unit,,2018,TRUE,El Dorado,9,,,1,2019-01-04T09:27:00Z,,FALSE,TRUE,,,,38.82128,-121.03918,TRUE,Omega Fire,100,,TRUE,2018-08-01T14:40:00Z,Finalized,3,1,,,
64,FALSE,CAL FIRE San Benito-Monterey,,2018,TRUE,San Benito,35,,,,2019-01-04T10:13:00Z,,FALSE,TRUE,,,,36.64832,-121.03253,FALSE,Panoche Fire,100,,TRUE,2018-06-04T23:17:00Z,Finalized,,,,,
63,FALSE,CAL FIRE Santa Clara Unit/San Jose City Fire & South Santa Clara County FPD,,2018,FALSE,Santa Clara,43,,,,2019-01-04T08:57:00Z,,FALSE,TRUE,,,,37.1769444,-121.6869444,FALSE,Park Fire,100,,TRUE,2018-10-07T12:57:00Z,Finalized,,,,,
63,FALSE,CAL FIRE Shasta-Trinity Unit,,2018,TRUE,Shasta,45,4,,7,2019-01-04T09:38:00Z,,FALSE,TRUE,,,,40.741186,-122.649626,TRUE,Highland Fire,100,98,TRUE,2018-07-20T13:26:00Z,Finalized,,,,,4
63,FALSE,CAL FIRE / Riverside County Fire,,2018,TRUE,Riverside,33,,,,2019-01-04T09:56:00Z,,FALSE,TRUE,,,,33.56349,-116.732032,FALSE,Benton Fire,100,,TRUE,2018-07-04T14:20:00Z,Finalized,,,,,
63,FALSE,Klamath National Forest,,2018,FALSE,Siskiyou,47,,,,2019-01-04T09:59:00Z,,FALSE,TRUE,,,,41.83359,-122.99272,FALSE,Cherry Fire,100,,TRUE,2018-06-27T19:46:00Z,Finalized,,,,,
63,FALSE,CAL FIRE Santa Clara Unit,,2018,TRUE,Stanislaus,50,,,,2019-01-04T10:21:00Z,,FALSE,TRUE,,,,37.32744,-121.10903,FALSE,Stuhr Fire,100,,TRUE,2018-05-29T12:58:00Z,Finalized,,,,,
62,FALSE,Kern County Fire Department,,2018,TRUE,Kern,15,,,,2019-01-04T09:54:00Z,,FALSE,TRUE,,,,34.86022,-118.87881,FALSE,Lebec Fire,100,,TRUE,2018-07-08T13:38:00Z,Finalized,,,,,
62,FALSE,Los Padres National Forest,,2018,FALSE,Los Angeles,19,,,,2019-01-04T10:01:00Z,,FALSE,TRUE,,,,34.53765,-118.75495,FALSE,Canyon Fire,100,,TRUE,2018-06-23T19:39:00Z,Finalized,,,,,
62,FALSE,CAL FIRE Amador - El Dorado Unit,,2018,TRUE,San Joaquin,39,,,,2019-01-04T10:08:00Z,,FALSE,TRUE,,,,38.24033,-121.09199,FALSE,Liberty Fire,100,,TRUE,2018-06-11T12:16:00Z,Finalized,,,,,
60,FALSE,CAL FIRE Tehama - Glenn Unit,,2018,TRUE,Tehama,52,,,,2019-01-04T08:50:00Z,,FALSE,TRUE,,,,40.346652,-122.308479,FALSE,Adams Fire,100,,TRUE,2018-11-05T10:17:00Z,Finalized,,,,,
60,FALSE,CAL FIRE Sonoma-Lake-Napa Unit,,2018,TRUE,Lake,17,,,,2019-01-04T09:12:00Z,,FALSE,TRUE,,,,38.8275,-122.3625,FALSE,Grade Fire,100,,TRUE,2018-08-30T15:44:00Z,Finalized,,,,,
60,FALSE,CAL FIRE Madera-Mariposa-Merced ,,2018,TRUE,Madera,20,,,,2019-01-04T10:06:00Z,,FALSE,TRUE,,,,37.14663,-119.91223,FALSE,Raymond Fire,100,,TRUE,2018-06-15T11:46:00Z,Finalized,,,,,
60,FALSE,CAL FIRE San Luis Obispo Unit,,2018,TRUE,San Luis Obispo,40,,,,2019-01-04T10:06:00Z,,FALSE,TRUE,,,,35.58354,-120.624135,FALSE,Creston FIre,100,,TRUE,2018-06-14T17:23:00Z,Finalized,,,,,
60,FALSE,CAL FIRE San Luis Obispo Unit,,2018,TRUE,San Luis Obispo,40,,,,2019-01-04T10:07:00Z,,FALSE,TRUE,,,,35.663607,-120.670311,FALSE,Vista Fire,100,,TRUE,2018-06-13T12:38:00Z,Finalized,,,,,
60,FALSE,Santa Barbara County Fire,,2018,TRUE,Santa Barbara,42,,,,2019-01-04T10:25:00Z,,FALSE,TRUE,,,,34.74245,-120.18236,FALSE,Happy Fire,100,,TRUE,2018-05-17T12:53:00Z,Finalized,,,,,
59,FALSE,CAL FIRE San Diego Unit,,2018,TRUE,San Diego,37,,,,2019-01-04T10:23:00Z,,FALSE,TRUE,,,,33.35505,-117.03134,FALSE,Agua Fire,100,,TRUE,2018-05-22T14:13:00Z,Finalized,,,,,
58,FALSE,CAL FIRE San Luis Obispo Unit,,2018,TRUE,San Luis Obispo,40,,,,2019-01-04T08:52:00Z,,FALSE,TRUE,,,,35.17693,-120.48861,FALSE,Camino Fire,100,,TRUE,2018-10-19T14:10:00Z,Finalized,,,,,
56,FALSE,CAL FIRE Lassen-Modoc Unit,,2018,TRUE,Lassen,18,,,,2019-01-04T09:44:00Z,,FALSE,TRUE,,,,40.95234,-121.21597,FALSE,3-10 Fire,100,,TRUE,2018-07-15T11:55:00Z,Finalized,,,,,
56,FALSE,CAL FIRE Santa Clara Unit,,2018,TRUE,Contra Costa,7,,,,2019-01-04T09:53:00Z,,FALSE,TRUE,,,,37.79718,-121.85311,FALSE,Bruce Fire,100,,TRUE,2018-07-08T16:45:00Z,Finalized,,,,,
56,FALSE,CAL FIRE Madera-Mariposa-Merced Unit,,2018,TRUE,Madera,20,,,,2019-01-04T10:23:00Z,,FALSE,TRUE,,,,37.0979,-119.75307,TRUE,Experimental Fire,100,,TRUE,2018-05-23T14:30:00Z,Finalized,,,,,
53,FALSE,San Bernardino National Forest,,2018,FALSE,San Bernardino,36,,,,2019-01-04T09:00:00Z,,FALSE,TRUE,,,,34.24138,-117.42431,TRUE,Keenbrook Fire,100,,TRUE,2018-09-26T10:56:00Z,Finalized,,,,,
53,FALSE,CAL FIRE Lassen-Modoc Unit,,2018,TRUE,Lassen,18,,,,2019-01-04T09:03:00Z,,FALSE,TRUE,,,,40.33642,-120.93005,FALSE,Copper Fire,100,,TRUE,2018-09-22T14:41:00Z,Finalized,,,,,
53,FALSE,CAL FIRE Madera-Mariposa-Merced ,,2018,TRUE,Mariposa,22,,,,2019-01-04T10:05:00Z,,FALSE,TRUE,,,,37.47677,-119.84299,TRUE,Boyer Fire,100,,TRUE,2018-06-15T13:37:00Z,Finalized,,1,,,
52,FALSE,US Forest Service - Modoc National Forest,,2018,FALSE,Modoc,25,,,,2019-01-04T09:46:00Z,,FALSE,TRUE,,,,41.50105,-120.61108,FALSE,Kelley Fire,100,,TRUE,2018-07-14T20:46:00Z,Finalized,,,,,
51,FALSE,CAL FIRE San Luis Obispo Unit,,2018,TRUE,San Luis Obispo,40,,,,2019-01-04T09:04:00Z,,FALSE,TRUE,,,,35.30151,-120.64398,FALSE,Reservoir Fire,100,,TRUE,2018-09-16T08:34:00Z,Finalized,,,,,
51,FALSE,CAL FIRE Shasta-Trinity Unit,,2018,TRUE,Shasta,45,7,,24,2019-01-04T09:36:00Z,,FALSE,TRUE,,,,40.824,-121.90215,TRUE,Crestline Fire,100,192,TRUE,2018-07-24T15:24:00Z,Finalized,,,,,6
51,FALSE,CAL FIRE Santa Clara Unit,,2018,TRUE,Santa Clara,43,,,,2019-01-04T09:51:00Z,,FALSE,TRUE,,,,37.163594,-121.702547,FALSE,Hale Fire,100,,TRUE,2018-07-10T16:45:00Z,Finalized,,,,,
50,FALSE,CAL FIRE Lake-Napa Unit,,2018,TRUE,Lake,17,,,,2019-01-04T09:38:00Z,,FALSE,TRUE,,,,38.91152,-122.86854,TRUE,Carder Fire,100,,TRUE,2018-07-21T14:40:00Z,Finalized,,1,,,
50,FALSE,CAL FIRE Tehama-Glenn Unit,,2018,TRUE,Tehama,52,,,,2019-01-04T09:43:00Z,,FALSE,TRUE,,,,40.27754,-122.11375,FALSE,Tuscan Fire,100,,TRUE,2018-07-15T17:15:00Z,Finalized,,,,,
50,FALSE,Fort Hunter Liggett Military Base,,2018,FALSE,Monterey,27,,,,2019-01-03T09:43:00Z,,FALSE,TRUE,,,,35.96689,-121.28185,FALSE,Haycamp Fire,100,,TRUE,2018-02-07T15:53:00Z,Finalized,,,,,
48,FALSE,CAL FIRE Santa Clara Unit,,2018,TRUE,Alameda,1,,,,2019-01-04T09:14:00Z,,FALSE,TRUE,,,,37.69926,-122.02805,FALSE,Castro Fire,100,,TRUE,2018-08-26T14:23:00Z,Finalized,,,,,
45,FALSE,Moraga-Olinda Fire District ,,2018,FALSE,Contra Costa,7,,,,2019-01-04T09:57:00Z,,FALSE,TRUE,,,,37.86339,-122.12351,FALSE,Buckingham Fire,100,,TRUE,2018-07-02T14:25:00Z,Finalized,,,,,
45,FALSE,Marin County Fire,,2018,FALSE,Marin,21,,,,2019-01-04T09:22:00Z,,FALSE,TRUE,,,,38.07135,-122.76751,FALSE,Bridge Fire,100,,TRUE,1969-12-31T16:00:00Z,Finalized,,,,,
43,FALSE,CAL FIRE Butte Unit,,2018,TRUE,Butte,4,9,2,12,2019-01-04T09:40:00Z,,FALSE,TRUE,,,2,39.57202,-121.43131,TRUE,Simmons Fire,100,168,TRUE,2018-07-19T12:00:00Z,Finalized,,,,,4
40,FALSE,CAL FIRE Riverside County Fire,,2018,TRUE,Riverside,33,,,,2019-01-04T09:36:00Z,,FALSE,TRUE,,,,33.56921,-116.154398,FALSE,Martinez Fire,100,,TRUE,2018-07-23T14:55:00Z,Finalized,,,,,
40,FALSE,CAL FIRE Madera-Mariposa-Merced Unit,,2018,TRUE,Mariposa,22,,,,2019-01-04T09:39:00Z,,FALSE,TRUE,,,,37.28365,-119.97546,FALSE,Ben Fire,100,,TRUE,2018-07-19T13:07:00Z,Finalized,,,,,
40,FALSE,Unified Command: CAL FIRE Santa Clara Unit and San Ramon Valley Fire Department,,2018,TRUE,Contra Costa,7,,,,2019-01-04T10:04:00Z,,FALSE,TRUE,,,,37.779209,-121.908976,FALSE,Iron Fire,100,,TRUE,2018-06-19T15:19:00Z,Finalized,,,,,
40,FALSE,CAL FIRE Butte Unit/Butte County Fire Department,,2018,TRUE,Butte,4,,,,2019-01-04T10:05:00Z,,FALSE,TRUE,,,,39.549167,-121.521111,FALSE,Oregon Fire,100,,TRUE,2018-06-16T11:47:00Z,Finalized,,,,,
39,FALSE,CAL FIRE San Benito-Monterey Unit,,2018,TRUE,San Benito,35,,,,2019-01-04T09:35:00Z,,FALSE,TRUE,,,,36.796,-121.40604,FALSE,Hidden Fire,100,,TRUE,2018-07-25T14:11:00Z,Finalized,,,,,
38,FALSE,Redding City Fire,,2018,FALSE,Shasta,45,,,,2019-01-04T08:53:00Z,,FALSE,TRUE,,,,40.60866,-122.38366,FALSE,Masonic Fire,100,,TRUE,2018-10-14T11:33:00Z,Finalized,,,,,
38,FALSE,San Diego City Fire Dept.,,2018,FALSE,San Diego,37,,,,2019-01-04T10:16:00Z,,FALSE,TRUE,,,,32.78031,-117.06782,FALSE,Adobe Fire,100,,TRUE,2018-06-03T16:16:00Z,Finalized,,,,,
37,FALSE,CAL FIRE San Luis Obispo Unit,,2018,TRUE,San Luis Obispo,40,,,,2019-01-04T09:38:00Z,,FALSE,TRUE,,,,35.64917,-120.71907,FALSE,Mustang Fire,100,,TRUE,2018-07-21T15:01:00Z,Finalized,,,,,
37,FALSE,CAL FIRE Siskiyou Unit,,2018,TRUE,Siskiyou,47,,,,2019-01-04T10:17:00Z,,FALSE,TRUE,,,,41.58233,-122.33769,FALSE,Martin Fire,100,,TRUE,2018-06-03T16:14:00Z,Finalized,,,,,
36,FALSE,CAL FIRE Sonoma-Lake-Napa Unit,,2018,TRUE,Lake,17,,,,2019-01-04T09:11:00Z,,FALSE,TRUE,,,,38.981389,-122.97222,FALSE,Ridge Fire,100,,TRUE,2018-09-02T14:02:00Z,Finalized,,,,,
36,FALSE,CAL FIRE / Riverside County Fire,,2018,TRUE,Riverside,33,,,,2019-01-04T09:13:00Z,,FALSE,TRUE,,,,33.640051,-117.085354,FALSE,Winchester Fire,100,,TRUE,2018-08-27T10:49:00Z,Finalized,,,,,
35,FALSE,CAL FIRE Mendocino Unit,,2018,TRUE,Mendocino,23,,,,2019-01-04T08:49:00Z,,FALSE,TRUE,,,,39.62194,-123.28774,FALSE,Brushy Fire,100,,TRUE,2018-11-08T11:58:00Z,Finalized,,,,,
35,FALSE,CAL FIRE/Riverside County Fire Department,,2018,TRUE,Riverside,33,,,,2019-01-04T09:23:00Z,,FALSE,TRUE,,,,33.759722,-117.460278,FALSE,Terra Fire,100,,TRUE,2018-08-06T14:19:00Z,Finalized,,,,,
35,FALSE,CAL FIRE Shasta-Trinity Unit,,2018,TRUE,Shasta,45,,,,2019-01-04T09:29:00Z,,FALSE,TRUE,,,,40.95673,-121.6002,FALSE,Corner Fire,100,,TRUE,2018-07-29T16:22:00Z,Finalized,,,,,
35,FALSE,CAL FIRE San Benito-Monterey Unit,,2018,TRUE,San Benito,35,,,,2019-01-04T10:17:00Z,,FALSE,TRUE,,,,36.83036,-121.36446,FALSE,Fairview Fire,100,,TRUE,2018-06-03T15:09:00Z,Finalized,,,,,
34,FALSE,Kern County Fire ,,2018,TRUE,Kern,15,,,,2019-01-04T09:16:00Z,,FALSE,TRUE,,,,35.17156,-118.51651,FALSE,Marcel Fire,100,,TRUE,2018-08-17T18:47:00Z,Finalized,,,,,
34,FALSE,CAL FIRE Santa Clara Unit,,2018,TRUE,Alameda,1,,,,2019-01-04T09:34:00Z,,FALSE,TRUE,,,,37.71173,-121.55604,FALSE,Patterson Fire,100,,TRUE,2018-07-25T16:05:00Z,Finalized,,,,,
34,FALSE,Sequoia Kings National Park,,2018,FALSE,Tulare,54,,,,2019-01-04T09:39:00Z,,FALSE,TRUE,,,,36.42638,-118.70443,FALSE,Horse Creek Fire,100,,TRUE,2018-07-19T16:25:00Z,Finalized,,,,,
33,FALSE,CAL FIRE Butte Unit,,2018,TRUE,Butte,4,4,2,5,2019-01-04T09:01:00Z,,FALSE,TRUE,,,,39.84151,-121.62168,TRUE,Nimshew Fire,100,83,TRUE,2018-09-24T00:41:00Z,Finalized,,,,,4
33,FALSE,CAL FIRE Tehama-Glenn Unit,,2018,TRUE,Tehama,52,,,,2019-01-04T09:46:00Z,,FALSE,TRUE,,,,40.00293,-122.44008,FALSE,Lariat Fire,100,,TRUE,2018-07-14T20:40:00Z,Finalized,,,,,
33,FALSE,San Bernardino National Forest,,2018,FALSE,San Bernardino,36,,,,2019-01-04T09:57:00Z,,FALSE,TRUE,,,,34.17711,-117.15381,FALSE,Creek Fire,100,,TRUE,2018-06-30T12:12:00Z,Finalized,,,,,
33,FALSE,CAL FIRE Tulare Unit,,2018,TRUE,Tulare,54,,,,2019-01-03T09:44:00Z,,FALSE,TRUE,,,,0,0,FALSE,Wilcox Fire,100,,TRUE,2018-02-18T13:45:00Z,Finalized,,,,,
32,FALSE,Sierra National Forest,,2018,FALSE,Fresno,10,,,,2019-01-04T09:47:00Z,,FALSE,TRUE,,,,36.938674,-119.3127769,FALSE,Eagle Fire,100,,TRUE,2018-10-02T15:45:00Z,Finalized,,,,,
32,FALSE,CAL FIRE / Riverside County Fire,,2018,TRUE,Riverside,33,,,,2019-01-04T09:15:00Z,,FALSE,TRUE,,,,33.97902,-117.20534,FALSE,Country Fire,100,,TRUE,2018-08-25T11:58:00Z,Finalized,,,,,
32,FALSE,CAL FIRE Lassen-Modoc Unit,,2018,TRUE,Lassen,18,,,,2019-01-04T09:42:00Z,,FALSE,TRUE,,,,41.08583,-121.05722,FALSE,3-18 Fire,100,,TRUE,2018-07-15T16:45:00Z,Finalized,,,,,
32,FALSE,CAL FIRE Sonoma-Lake-Napa Unit,,2018,TRUE,Lake,17,,,,2019-01-04T10:05:00Z,,FALSE,TRUE,,,,38.886518,-122.476381,FALSE,Creek Fire,100,,TRUE,2018-06-16T14:04:00Z,Finalized,,,,,
31,FALSE,CAL FIRE Shasta-Trinity Unit,,2018,TRUE,Shasta,45,,,,2019-01-04T09:53:00Z,,FALSE,TRUE,,,,40.62693,-122.23449,FALSE,Vista Fire,100,,TRUE,2018-07-08T14:41:00Z,Finalized,,,,,
30,FALSE,CAL FIRE Santa Clara Unit,,2018,TRUE,Santa Clara,43,,,,2019-01-04T09:02:00Z,,FALSE,TRUE,,,,37.33563,-121.75815,FALSE,Quimby Fire,100,,TRUE,2018-09-23T16:23:00Z,Finalized,,,,,
30,FALSE,Contra Costa County Fire,,2018,FALSE,Contra Costa,7,,,,2019-01-04T09:17:00Z,,FALSE,TRUE,,,,37.99618,-122.14097,FALSE,Alhambra Fire,100,,TRUE,2018-08-17T19:19:00Z,Finalized,,,,,
30,FALSE,CAL FIRE Santa Clara Unit,,2018,TRUE,Alameda,1,,,,2019-01-04T09:25:00Z,,FALSE,TRUE,,,,37.533026,-121.79733,FALSE,Creek Fire,100,,TRUE,2018-08-04T17:32:00Z,Finalized,,,,,
30,FALSE,CAL FIRE Riverside Coounty,,2018,TRUE,Riverside,33,,,,2019-01-04T09:30:00Z,,FALSE,TRUE,,,,33.85852,-117.43521,FALSE,Sobrante Fire,100,,TRUE,2018-07-28T15:38:00Z,Finalized,,,,,
30,FALSE,CAL FIRE San Luis Obispo Unit,,2018,TRUE,San Luis Obispo,40,,,,2019-01-04T09:38:00Z,,FALSE,TRUE,,,,35.68539,-120.95157,FALSE,Rock Fire,100,,TRUE,2018-07-21T15:50:00Z,Finalized,,,,,
30,FALSE,Unified Command: CAL FIRE Amador-El Dorado Unit and Sacramento Metro Fire,,2018,TRUE,Sacramento,34,,,,2019-01-04T09:58:00Z,,FALSE,TRUE,,,,38.595865,-121.17693,FALSE,Grant Fire,100,,TRUE,2018-06-29T15:46:00Z,Finalized,,,,,
30,FALSE,CAL FIRE / Fresno County Fire,,2018,TRUE,Fresno,10,,,,2019-01-03T09:46:00Z,,FALSE,TRUE,,,,35.92436,-119.94083,FALSE,Aqueduct Fire,100,,TRUE,2018-04-12T14:30:00Z,Finalized,,,,,
28,FALSE,CAL FIRE San Diego County Fire Authority,,2018,TRUE,San Diego,37,,,,2019-01-04T09:41:00Z,,FALSE,TRUE,,,,32.557566,-116.8663,FALSE,Border Fire,100,,TRUE,2018-07-17T14:05:00Z,Finalized,,,,,
27,FALSE,CAL FIRE Siskiyou Unit,,2018,TRUE,Siskiyou,47,,,,2019-01-04T10:24:00Z,,FALSE,TRUE,,,,41.791859,-122.513883,FALSE,Ager Fire,100,,TRUE,2018-05-19T13:04:00Z,Finalized,,,,,
26,FALSE,CAL FIRE Tulare Unit,,2018,TRUE,Tulare,54,,,,2019-01-04T10:24:00Z,,FALSE,TRUE,,,,35.826333,-118.9821,FALSE,White Fire,100,,TRUE,2018-05-18T11:00:00Z,Finalized,,,,,
25,FALSE,Soboba Fire Department,,2018,FALSE,Riverside,33,,,,2019-01-04T09:04:00Z,,FALSE,TRUE,,,,33.80406,-116.93188,FALSE,Soboba Fire,100,,TRUE,2018-09-14T19:32:00Z,Finalized,,,,,
25,FALSE,CAL FIRE Santa Clara Unit,,2018,TRUE,Contra Costa,7,,,,2019-01-04T10:05:00Z,,FALSE,TRUE,,,,38.015323,-121.998967,FALSE,Willow Fire,100,,TRUE,2018-06-16T15:10:00Z,Finalized,,,,,
25,FALSE,CAL FIRE San Luis Obispo Unit,,2018,TRUE,San Luis Obispo,40,,,,2019-01-04T10:20:00Z,,FALSE,TRUE,,,,35.71859,-120.64028,FALSE,Vineyard Fire,100,,TRUE,2018-05-29T13:11:00Z,Finalized,,,,,
24,FALSE,CAL FIRE Sonoma-Lake-Napa Unit,,2018,TRUE,Lake,17,,,,2019-01-04T09:11:00Z,,FALSE,TRUE,,,,38.91842,-122.85276,TRUE,Kelsey Fire,100,,TRUE,2018-09-03T13:58:00Z,Finalized,,,,,
23,FALSE,CAL FIRE / Riverside County Fire,,2018,TRUE,Riverside,33,,,,2019-01-04T09:15:00Z,,FALSE,TRUE,,,,33.946896,-117.066643,FALSE,Land Fire,100,,TRUE,2018-08-22T13:45:00Z,Finalized,,,,,
23,FALSE,CAL FIRE Santa Clara Unit,,2018,TRUE,Contra Costa,7,,,,2019-01-04T10:19:00Z,,FALSE,TRUE,,,,37.99113,-121.86473,FALSE,Glen Fire,100,,TRUE,2018-06-02T12:42:00Z,Finalized,,,,,
23,FALSE,CAL FIRE Tehama-Glenn Unit,,2018,TRUE,Tehama,52,,,,2019-01-04T10:19:00Z,,FALSE,TRUE,,,,40.201826,-122.29388,FALSE,Plymire Fire,100,,TRUE,2018-06-01T16:07:00Z,Finalized,,,,,
22,FALSE,CAL FIRE Madera-Mariposa-Merced ,,2018,TRUE,Mariposa,22,,,,2019-01-04T09:24:00Z,,FALSE,TRUE,,,,37.69965,-120.0545,FALSE,Wagner Fire,100,,TRUE,2018-08-04T13:57:00Z,Finalized,,7,,,
21,FALSE,CAL FIRE / Riverside County Fire,,2018,TRUE,Riverside,33,,,,2019-01-03T09:46:00Z,,FALSE,TRUE,,,,33.86439,-117.48144,FALSE,Meadow Fire,100,,TRUE,2018-04-09T18:18:00Z,Finalized,,,,,
20,FALSE,CAL FIRE Santa Clara Unit,,2018,TRUE,Contra Costa,7,,,,2019-01-04T08:44:00Z,,FALSE,TRUE,,,,37.81111,-121.7944,FALSE,Morgan Fire,100,,TRUE,2018-11-15T13:31:00Z,Finalized,,,,,
20,FALSE,CAL FIRE Santa Clara Unit,,2018,TRUE,Alameda,1,,,,2019-01-04T08:45:00Z,,FALSE,TRUE,,,,37.61158,-121.94182,FALSE,Niles Fire,100,,TRUE,2018-11-14T14:56:00Z,Finalized,,,,,
20,FALSE,CAL FIRE Santa Clara Unit,,2018,TRUE,Santa Clara,43,,,,2019-01-04T09:33:00Z,,FALSE,TRUE,,,,37.07793,-121.600023,FALSE,Church Fire,100,,TRUE,2018-07-25T16:14:00Z,Finalized,,,,,
20,FALSE,CAL FIRE Santa Clara Unit,,2018,TRUE,Alameda,1,,,,2019-01-04T10:04:00Z,,FALSE,TRUE,,,,37.627119,-121.806775,FALSE,Vallecitos Fire,100,,TRUE,2018-06-17T15:56:00Z,Finalized,,,,,
20,FALSE,CAL FIRE / Riverside County Fire,,2018,TRUE,Riverside,33,,,,2019-01-04T10:06:00Z,,FALSE,TRUE,,,,33.524412,-116.821724,FALSE,Bridle Fire,100,,TRUE,2018-06-14T17:02:00Z,Finalized,,,,,
20,FALSE,CAL FIRE Butte Unit,,2018,TRUE,Butte,4,,,,2019-01-04T10:07:00Z,,FALSE,TRUE,,,,39.602703,-121.617698,FALSE,70 Fire,100,,TRUE,2018-06-14T15:18:00Z,Finalized,,,,,
20,FALSE,Los Angeles City Fire Department,,2018,FALSE,Los Angeles,19,,,,2019-01-04T10:07:00Z,,FALSE,TRUE,,,,34.110516,-118.427886,FALSE,Portola Fire ,100,,TRUE,2018-06-12T14:56:00Z,Finalized,,,,,
20,FALSE,USFS - Plumas National Forest,,2018,FALSE,Plumas,32,,,,2019-01-04T10:27:00Z,,FALSE,TRUE,,,,39.89075,-120.18499,FALSE,French Fire,100,,TRUE,2018-04-26T15:00:00Z,Finalized,,,,,
18,FALSE,Unified Command: CAL FIRE and Camp Pendleton Fire,,2018,FALSE,San Diego,37,,,,2019-01-04T10:26:00Z,,FALSE,TRUE,,,,33.40178,-117.27467,FALSE,Jacques Fire,100,,TRUE,2018-05-09T22:00:00Z,Finalized,,,,,
18,FALSE,CAL FIRE/Riverside County Fire Department,,2018,TRUE,Riverside,33,,,,2019-01-03T13:10:00Z,,FALSE,TRUE,,,,33.88744,-117.16232,FALSE,Lago Fire,100,,TRUE,2018-04-22T13:35:00Z,Finalized,,,,,
17,FALSE,CAL FIRE San Mateo - Santa Cruz Unit,,2018,TRUE,Santa Cruz,44,,,,2019-01-04T08:50:00Z,,FALSE,TRUE,,,,37.0125,-122.046,TRUE,Rincon Fire,100,,TRUE,2018-11-03T21:28:00Z,Finalized,,,,,
17,FALSE,CAL FIRE Amador-El Dorado Unit,,2018,TRUE,Amador,3,,,,2019-01-04T10:05:00Z,,FALSE,TRUE,,,,38.265645,-120.892404,FALSE,China Fire,100,,TRUE,2018-06-17T13:58:00Z,Finalized,,,,,
17,FALSE,CAL FIRE/ Riverside County Fire,,2018,TRUE,Riverside,33,,,,2019-01-04T10:17:00Z,,FALSE,TRUE,,,,33.742,-117.28189,FALSE,Ethanac Fire,100,,TRUE,2018-06-03T14:17:00Z,Finalized,,,,,
16,FALSE,CAL FIRE Nevada-Yuba-Placer Unit,,2018,TRUE,Nevada,29,,,,2019-01-04T09:19:00Z,,FALSE,TRUE,,,,39.10494,-121.07039,FALSE,Oak Fire,100,,TRUE,2018-08-12T14:20:00Z,Finalized,,,,,
16,FALSE,CAL FIRE Humboldt-Del Norte Unit,,2018,TRUE,Humboldt,12,,,,2019-01-04T09:43:00Z,,FALSE,TRUE,,,,41.34453,-123.85404,FALSE,Johnson Fire,100,,TRUE,2018-07-15T16:14:00Z,Finalized,,,,,
16,FALSE,CAL FIRE Santa Clara Unit,,2018,TRUE,Santa Clara,43,,,,2019-01-04T10:22:00Z,,FALSE,TRUE,,,,37.21803,-121.76828,FALSE,Keeler Fire,100,,TRUE,2018-05-27T17:05:00Z,Finalized,,,,,
15,FALSE,CAL FIRE Siskiyou Unit,,2018,TRUE,Siskiyou,47,,,,2019-01-04T08:55:00Z,,FALSE,TRUE,,,,41.94046,-122.43933,FALSE,Iron Gate Fire,100,,TRUE,2018-10-10T21:50:00Z,Finalized,,,,,
15,FALSE,Modoc National Forest,,2018,FALSE,Modoc,25,,,,2019-01-04T09:11:00Z,,FALSE,TRUE,,,,41.52123,-120.72362,FALSE,Essex Fire,100,,TRUE,2018-09-02T14:53:00Z,Finalized,,,,,
15,FALSE,CAL FIRE/ Riverside County Fire,,2018,TRUE,Riverside,33,,,,2019-01-04T10:26:00Z,,FALSE,TRUE,,,,33.467999,-117.003829,FALSE,Woodchuck Fire,100,,TRUE,2018-05-04T18:53:00Z,Finalized,,,,,
15,FALSE,CAL FIRE/Riverside County Fire Department,,2018,TRUE,Riverside,33,2,1,18,2019-01-03T09:46:00Z,,FALSE,TRUE,,1,,33.711263,-116.164058,TRUE,Tyler Fire,100,105,TRUE,2018-04-15T04:38:00Z,Finalized,,,,,2
14,FALSE,CAL FIRE San Diego Unit,,2018,TRUE,San Diego,37,,,,2019-01-04T09:24:00Z,,FALSE,TRUE,,,,33.05737,-116.77154,FALSE,Casner Fire,100,,TRUE,2018-08-06T10:31:00Z,Finalized,,,,,
14,FALSE,CAL FIRE San Luis Obispo Unit,,2018,TRUE,San Luis Obispo,40,,,,2019-01-04T09:41:00Z,,FALSE,TRUE,,,,35.70086,-120.97339,FALSE,Camp Fire,100,,TRUE,2018-07-17T11:13:00Z,Finalized,,,,,
14,FALSE,CAL FIRE Lassen-Modoc Unit,,2018,TRUE,Lassen,18,,,,2019-01-04T09:45:00Z,,FALSE,TRUE,,,,39.99309,-120.02137,FALSE,3-2 Fire,100,,TRUE,2018-07-14T15:00:00Z,Finalized,,,,,
14,FALSE,CAL FIRE Sonoma-Lake-Napa Unit ,,2018,TRUE,Yolo,57,,,,2019-01-04T10:20:00Z,,FALSE,TRUE,,,,38.64953,-122.01762,FALSE,Madison FIre,100,,TRUE,2018-06-01T13:31:00Z,Finalized,,,,,
13,FALSE,Shasta Lake Fire Protection District,,2018,FALSE,Shasta,45,,,,2019-01-04T09:08:00Z,,FALSE,TRUE,,,,40.678889,-122.400556,FALSE,Ranchera Fire,100,,TRUE,2018-09-04T14:43:00Z,Finalized,,,,,
13,FALSE,CAL FIRE San Diego Unit,,2018,TRUE,San Diego,37,3,,10,2019-01-04T09:39:00Z,,FALSE,TRUE,,4,,33.04898,-116.78928,TRUE,Cinnamon Fire,100,80,TRUE,2018-07-20T13:07:00Z,Finalized,1,0,,,4
13,FALSE,CAL FIRE Fresno-Kings Unit,,2018,TRUE,Fresno,10,,,,2019-01-04T10:18:00Z,,FALSE,TRUE,,,,36.10499,-120.55324,FALSE,Coldwell Fire,100,,TRUE,2018-06-02T09:55:00Z,Finalized,,,,,
12,FALSE,CAL FIRE Shasta - Trinity Unit,,2018,TRUE,Shasta,45,,,,2019-01-04T08:54:00Z,,FALSE,TRUE,,,,40.49618,-122.51597,FALSE,Tower Fire,100,,TRUE,2018-10-14T06:45:00Z,Finalized,,,,,
12,FALSE,"CAL FIRE Amador, El Dorado Unit",,2018,TRUE,El Dorado,9,,,,2019-01-04T09:03:00Z,,FALSE,TRUE,,,,38.7448,-120.65672,TRUE,Meyers Fire,100,,TRUE,2018-09-20T12:39:00Z,Finalized,,4,,,
12,FALSE,CAL FIRE San Bernardino Unit,,2018,TRUE,San Bernardino,36,,,,2019-01-04T09:47:00Z,,FALSE,TRUE,,,,34.171786,-117.35606,FALSE,Gray Fire,100,,TRUE,2018-07-13T14:32:00Z,Finalized,,,,,
12,FALSE,CAL FIRE Madera-Mariposa-Merced ,,2018,TRUE,Madera,20,,,,2019-01-04T09:50:00Z,,FALSE,TRUE,,,,37.22791,-119.50461,FALSE,School Fire,100,,TRUE,2018-07-10T17:31:00Z,Finalized,,,,,
12,FALSE,San Rafael Fire ,,2018,FALSE,Marin,21,,,,2019-01-04T10:09:00Z,,FALSE,TRUE,,,,37.97638,-122.5275,FALSE,Mission Fire,100,,TRUE,2018-06-09T15:30:00Z,Finalized,,,,,
12,FALSE,CAL FIRE San Diego Unit,,2018,TRUE,San Diego,37,,,,2019-01-04T10:11:00Z,,FALSE,TRUE,,,,33.40769,-117.22974,FALSE,Vista Fire,100,,TRUE,2018-06-05T13:45:00Z,Finalized,,,,,
12,FALSE,CAL FIRE Siskiyou Unit,,2018,TRUE,Siskiyou,47,,,,2019-01-04T10:13:00Z,,FALSE,TRUE,,,,41.64805,-122.98442,FALSE,Meamber Fire,100,,TRUE,2018-06-04T15:08:00Z,Finalized,,,,,
12,FALSE,CAL FIRE San Luis Obispo Unit,,2018,TRUE,San Luis Obispo,40,,,,2019-01-04T10:17:00Z,,FALSE,TRUE,,,,35.75737,-120.91793,FALSE,Resort Fire,100,,TRUE,2018-06-03T16:11:00Z,Finalized,,,,,
12,FALSE,CAL FIRE Sonoma-Lake-Napa Unit,,2018,TRUE,Napa,28,,,,2019-01-04T10:23:00Z,,FALSE,TRUE,,,,38.16303,-122.23059,FALSE,Bellagio Fire,100,,TRUE,2018-05-21T11:56:00Z,Finalized,,,,,
12,FALSE,CAL FIRE Santa Clara Unit,,2018,TRUE,Alameda,1,,,,2019-01-04T10:25:00Z,,FALSE,TRUE,,,,37.73835,-121.6039,FALSE,Grant Fire,100,,TRUE,2018-05-14T13:06:00Z,Finalized,,,,,
12,FALSE,CAL FIRE San Diego Unit,,2018,TRUE,San Diego,37,,,,2019-01-04T10:25:00Z,,FALSE,TRUE,,,,33.12213,-116.58759,FALSE,Volcan Fire,100,,TRUE,2018-05-10T20:41:00Z,Finalized,,,,,
11,FALSE,CAL FIRE Butte Unit,,2018,TRUE,Butte,4,,,,2019-01-04T09:51:00Z,,FALSE,TRUE,,,,39.66492,-121.51772,FALSE,Dark Fire,100,,TRUE,2018-07-10T12:42:00Z,Finalized,,,,,
11,FALSE,CAL FIRE Madera-Mariposa-Merced ,,2018,TRUE,Madera,20,,,,2019-01-04T09:52:00Z,,FALSE,TRUE,,,,37.19817,-119.80414,FALSE,Cornerstone Fire,100,,TRUE,2018-07-09T17:54:00Z,Finalized,,,,,
11,FALSE,CAL FIRE/ Riverside County Fire,,2018,TRUE,Riverside,33,,,,2019-01-04T10:18:00Z,,FALSE,TRUE,,,,33.47413,-117.31468,FALSE,Grande Fire,100,,TRUE,2018-06-03T13:38:00Z,Finalized,,,,,
11,FALSE,CAL FIRE Shasta Trinity Unit,,2018,TRUE,Shasta,45,,,,2019-01-03T09:45:00Z,,FALSE,TRUE,,,,40.4635,-121.77419,FALSE,Rock Fire,100,,TRUE,2018-03-27T16:20:00Z,Finalized,,,,,
10,FALSE,CAL FIRE San Mateo-Santa Cruz Unit,,2018,TRUE,Santa Cruz,44,,,,2019-01-04T08:44:00Z,,FALSE,TRUE,,,,37.12857,-122.12036,FALSE,Bear Fire ,100,,TRUE,2018-11-16T11:01:00Z,Finalized,,,,,
10,FALSE,CAL FIRE Humboldt - Del Norte Unit,,2018,TRUE,Humboldt,12,,,,2019-01-04T08:46:00Z,,FALSE,TRUE,,,,40.888785,-124.001849,FALSE,Green Hill Fire,100,,TRUE,2018-11-12T17:39:00Z,Finalized,,,,,
10,FALSE,CAL FIRE Butte Unit,,2018,TRUE,Butte,4,,,,2019-01-04T08:52:00Z,,FALSE,TRUE,,,,39.93427,-121.54103,FALSE,Powellton Fire,100,,TRUE,2018-10-15T11:57:00Z,Finalized,,,,,
10,FALSE,CAL FIRE/Riverside County Fire Department,,2018,TRUE,Riverside,33,,,,2019-01-04T09:16:00Z,,FALSE,TRUE,,,,33.627006,-117.171731,FALSE,Keller Fire,100,,TRUE,2018-08-19T15:55:00Z,Finalized,,,,,
10,FALSE,CAL FIRE Sonoma-Lake Napa Unit,,2018,TRUE,Napa,28,,,,2019-01-04T09:20:00Z,,FALSE,TRUE,,,,38.27229,-122.26389,FALSE,Syar Fire,100,,TRUE,2018-08-09T14:21:00Z,Finalized,,,,,
10,FALSE,CAL FIRE Siskiyou Unit,,2018,TRUE,Siskiyou,47,,,,2019-01-04T09:40:00Z,,FALSE,TRUE,,,,41.632373,-122.37985,FALSE,Lott Fire,100,,TRUE,2018-07-17T19:03:00Z,Finalized,,,,,
10,FALSE,CAL FIRE San Diego Unit / San Diego County Fire Authority,,2018,TRUE,San Diego,37,,,,2019-01-04T09:55:00Z,,FALSE,TRUE,,,,32.619855,-116.764733,FALSE,Building Fire,100,,TRUE,2018-07-06T10:11:00Z,Finalized,,,,,
10,FALSE,CAL FIRE Butte Unit/Butte County Fire Department,,2018,TRUE,Butte,4,,,,2019-01-04T09:58:00Z,,FALSE,TRUE,,,,39.6139,-121.954098,FALSE,Llano Fire,100,,TRUE,2018-06-29T11:44:00Z,Finalized,,,,,
10,FALSE,CAL FIRE San Luis Obispo Unit,,2018,TRUE,San Luis Obispo,40,,,,2019-01-04T10:03:00Z,,FALSE,TRUE,,,,35.05747,-120.39295,FALSE,Creek Fire,100,,TRUE,2018-06-21T16:45:00Z,Finalized,,12,,,
10,FALSE,CAL FIRE San Benito-Monterey Unit,,2018,TRUE,Monterey,27,,,,2019-01-04T10:04:00Z,,FALSE,TRUE,,,,35.77017,-120.57833,FALSE,Ranchita Fire,100,,TRUE,2018-06-19T16:06:00Z,Finalized,,,,,
10,FALSE,Schell-Vista Fire Protection District ,,2018,FALSE,Sonoma,49,,,,2019-01-04T10:12:00Z,,FALSE,TRUE,,,,38.245151,-122.44408,FALSE,Pallet Fire,100,,TRUE,2018-06-05T13:03:00Z,Finalized,,,,,
10,FALSE,San Miguel FPD,,2018,FALSE,San Diego,37,,,,2019-01-04T10:16:00Z,,FALSE,TRUE,,,,32.75072,-116.92404,FALSE,Green Fire,100,,TRUE,2018-06-03T18:23:00Z,Finalized,,,,,
10,FALSE,CAL Fire Tehama Glenn Unit,,2018,TRUE,Tehama,52,,,,2019-01-04T10:18:00Z,,FALSE,TRUE,,,,39.80827,-122.3307,FALSE,Black Fire,100,,TRUE,2018-06-03T08:55:00Z,Finalized,,,,,
10,FALSE,CAL FIRE/Riverside County Fire,,2018,TRUE,Riverside,33,,,,2019-01-04T10:18:00Z,,FALSE,TRUE,,,,33.45014,-117.22215,FALSE,Jardin Fire,100,,TRUE,2018-06-02T15:53:00Z,Finalized,,,,,
10,FALSE,CAL FIRE / Riverside County Fire,,2018,TRUE,Riverside,33,,,,2019-01-04T10:21:00Z,,FALSE,TRUE,,,,33.53924,-116.10231,FALSE,70th Fire,100,,TRUE,2018-05-28T07:23:00Z,Finalized,,,,,
0,FALSE,CAL FIRE Butte Unit,,2018,TRUE,Butte,4,,,,2019-01-04T08:42:00Z,,FALSE,TRUE,,,,39.71217,-121.77385,TRUE,Honey Flooding,100,,TRUE,2018-11-29T23:30:00Z,Finalized,,,,,
0,FALSE,USFS - Shasta-Trinity National Forest,,2018,FALSE,Humboldt,12,,,,2019-01-03T15:23:00Z,,FALSE,TRUE,,,,40.70258,-123.55012,FALSE,Grape Fire,100,,TRUE,2018-04-24T16:59:00Z,Finalized,,,,,
0,FALSE,Ventura County Fire and Santa Barbara County Fire ,,2018,FALSE,Santa Barbara,"42,56",,,,2019-01-03T09:43:00Z,,FALSE,TRUE,,,,0,0,TRUE,Montecito Flooding / Mudflows,100,,TRUE,2018-01-09T04:00:00Z,Finalized,,,,,
0,FALSE,Ventura County Fire and Santa Barbara County Fire ,,2018,FALSE,Ventura,"42,56",,,,2019-01-03T09:43:00Z,,FALSE,TRUE,,,,0,0,TRUE,Montecito Flooding / Mudflows,100,,TRUE,2018-01-09T04:00:00Z,Finalized,,,,,
1806,FALSE,Ventura County Fire Department,,2019,TRUE,Ventura,56,,,,2019-11-02T18:57:00Z,,TRUE,TRUE,,,,34.282179,-118.803389,FALSE,Easy Fire,100,,TRUE,2019-10-30T07:45:14Z,Finalized,,,,,
1300,FALSE,CAL FIRE Madera-Mariposa-Merced Unit,,2019,TRUE,Mariposa,22,,,,,,TRUE,TRUE,,,,37.536069,-120.177018,FALSE,Gaines Fire,100,,TRUE,2019-08-16T14:11:02Z,Finalized,,,,,
1011,FALSE,"Unified Command: CAL FIRE/Riverside County Fire Department, City of Calimesa and City of Yucaipa",,2019,TRUE,Riverside,33,10,,17,,2,TRUE,TRUE,,1,,33.9925,-117.059167,TRUE,Sandalwood Fire,100,247,TRUE,2019-10-10T15:38:44Z,Finalized,16,74,,,1
605,FALSE,CAL FIRE Tehama-Glenn Unit,,2019,TRUE,Tehama,52,,,,2019-10-28T07:22:00Z,,TRUE,TRUE,,,,40.00171,-122.25421,FALSE,Rawson Fire,100,,TRUE,2019-10-27T02:47:20Z,Finalized,,,,,
494,FALSE,CAL FIRE Riverside County Fire Department ,,2019,TRUE,Riverside,33,5,2,14,2019-11-02T18:44:00Z,,TRUE,TRUE,,,,34.01778,-117.4625,TRUE,Hill Fire ,100,126,TRUE,2019-10-30T11:19:00Z,Finalized,,,,,1
355,FALSE,CAL FIRE Nevada-Yuba-Placer Unit,,2019,TRUE,Placer,31,,,,,,TRUE,TRUE,,,,38.838992,-121.325842,FALSE,Foothills Fire,100,,TRUE,2019-11-25T12:39:44Z,Finalized,,,,,
289,FALSE,CAL FIRE San Benito-Monterey Unit and CAL FIRE San Luis Obispo Unit,,2019,TRUE,Monterey,"27,40",,,,2019-10-11T07:30:00Z,,TRUE,TRUE,,,,35.79069,-120.73102,FALSE,Cross Fire,100,,TRUE,2019-10-09T06:52:14Z,Finalized,,,,,
289,FALSE,CAL FIRE San Benito-Monterey Unit and CAL FIRE San Luis Obispo Unit,,2019,TRUE,San Luis Obispo,"27,40",,,,2019-10-11T07:30:00Z,,TRUE,TRUE,,,,35.79069,-120.73102,FALSE,Cross Fire,100,,TRUE,2019-10-09T06:52:14Z,Finalized,,,,,
149,FALSE,CAL FIRE Madera-Mariposa-Merced Unit,,2019,TRUE,Mariposa,22,,,,,,TRUE,TRUE,,,,37.241427,-120.027731,FALSE,Valley Fire,100,,TRUE,2019-07-21T12:01:40Z,Finalized,,,,,
137,FALSE,CAL FIRE Fresno-Kings Unit,,2019,TRUE,Fresno,10,,,,2019-10-19T15:00:00Z,,TRUE,TRUE,,,,36.319291,-120.460189,FALSE,Mud Fire ,100,,TRUE,2019-10-18T12:17:32Z,Finalized,,,,,
107,FALSE,Lassen National Forest,,2019,TRUE,Lassen,18,,,,,,TRUE,TRUE,,,,40.900458,-121.320838,FALSE,3-2 Willow (Previously H-1 Fire),100,,TRUE,2019-08-07T18:48:57Z,Finalized,,,,,
75,FALSE,CAL FIRE/Riverside County Fire Department,,2019,TRUE,Riverside,33,,,,2019-10-12T17:22:00Z,,TRUE,TRUE,,,,33.8615,-116.897333,FALSE,Wolf Fire,100,,TRUE,2019-10-10T18:36:46Z,Finalized,,,,,
40,FALSE,City of Moraga,,2019,FALSE,Contra Costa,7,,,,2019-10-10T12:00:00Z,,TRUE,TRUE,,,,37.828267,-122.103867,FALSE,Merrill Fire,100,,TRUE,2019-10-10T06:42:19Z,Finalized,,,,,
37,FALSE,CAL FIRE San Diego County Fire,2,2019,TRUE,San Diego,37,4,2,10,2019-10-27T18:05:00Z,,TRUE,TRUE,,4,,33.259861,-117.027333,TRUE,Miller Fire,100,100,TRUE,2019-10-25T15:05:52Z,Finalized,1,3,,,2
35,FALSE,CAL FIRE Santa Clara Unit,,2019,TRUE,Alameda,1,,,,2019-10-27T13:55:00Z,,TRUE,TRUE,,,,37.62782,-121.68598,FALSE,Mines Fire,100,,TRUE,2019-10-24T23:16:18Z,Finalized,,,,,
35,FALSE,CAL FIRE Santa Clara Unit,,2019,TRUE,Stanislaus,50,,,,2019-07-18T10:29:00Z,,TRUE,TRUE,,,,37.420988,-121.371276,FALSE,Rains Fire,100,,TRUE,2019-07-18T09:07:57Z,Finalized,,,,,
30,FALSE,CAL FIRE Shasta-Trinity Unit,,2019,TRUE,Shasta,45,,,,,,TRUE,TRUE,Grass,,,40.463936,-122.435492,FALSE,Horse Fire,100,,TRUE,2019-07-12T19:08:54Z,Finalized,,,,,
27,FALSE,CAL FIRE Tuolumne-Calaveras Unit,,2019,TRUE,Calaveras,5,,,,2019-07-20T08:56:00Z,,TRUE,TRUE,,,,38.115224,-120.78068,FALSE,Whiskey Fire,100,,TRUE,2019-07-18T18:31:00Z,Finalized,,,,,
26,FALSE,CAL FIRE San Bernardino Unit,,2019,TRUE,San Bernardino,36,,,,2019-08-04T06:39:00Z,,TRUE,TRUE,,,,34.202883,-116.4449,FALSE,La Barisa Fire,100,,TRUE,2019-08-03T17:22:51Z,Finalized,,,,,
25,FALSE,CAL FIRE / San Diego County Fire,,2019,TRUE,San Diego,37,,,,2019-07-18T15:58:00Z,,TRUE,TRUE,,,,32.794768,-116.839743,TRUE,Vista Fire,100,,TRUE,2019-07-17T17:42:04Z,Finalized,,,,,
22,FALSE,CAL FIRE Amador-El Dorado,,2019,TRUE,El Dorado,9,,,,2019-09-29T21:35:00Z,,TRUE,TRUE,,,,38.538467,-120.965105,FALSE,Chaparral Fire,100,,TRUE,2019-09-29T21:44:45Z,Finalized,,,,,
22,FALSE,CAL FIRE SCU,,2019,TRUE,Alameda,1,,,,2019-07-12T19:20:00Z,,TRUE,TRUE,Grass,,,37.093243,-121.586846,FALSE,Mid Fire,100,,TRUE,2019-07-12T18:40:09Z,Finalized,,,,,
15,FALSE,CAL FIRE Santa Clara Unit,,2019,TRUE,Contra Costa,7,,,,,,TRUE,TRUE,,,,38.045866,-122.245186,FALSE,Nustar Fire,100,,TRUE,2019-10-15T16:17:18Z,Finalized,,,,,
12,FALSE,CAL FIRE / Riverside County Fire,,2019,TRUE,Riverside,33,,,,2019-08-27T08:54:00Z,,TRUE,TRUE,,,,33.463991,-116.914799,FALSE,Sage Fire,100,,TRUE,2019-08-27T11:33:56Z,Finalized,,,,,
10,FALSE,MEU,,2019,TRUE,Mendocino,23,,,,,,TRUE,TRUE,,,,39.613783,-123.458782,FALSE,Wilson Fire,100,,TRUE,2019-10-04T18:38:09Z,Finalized,,,,,
10,FALSE,CAL FIRE San Mateo-Santa Cruz Unit,,2019,TRUE,Santa Cruz,44,,,,2019-09-06T19:48:00Z,,TRUE,TRUE,timber,,,37.178353,-122.07743,FALSE,Deer Fire,100,,TRUE,2019-09-03T15:36:45Z,Finalized,,,,,
77758,FALSE,CAL FIRE Sonoma-Lake-Napa Unit,,2019,TRUE,Sonoma,49,2,0,5,2019-11-06T19:00:00Z,,FALSE,TRUE,Vegetation,0,4,38.792458,-122.780053,TRUE,Kincade Fire,100,55,TRUE,2019-10-23T21:27:00Z,Finalized,60,374,,0,2
54612,FALSE,USFS Plumas National Forest,,2019,FALSE,Plumas,32,,,,,,FALSE,TRUE,,,,40.061389,-120.680556,FALSE,Walker Fire,100,468,TRUE,2019-09-04T15:17:31Z,Finalized,,,,,
14217,FALSE,Modoc National Forest,,2019,FALSE,Modoc,25,,,,2019-08-11T12:16:00Z,,FALSE,TRUE,,,,41.79591,-121.260305,FALSE,Tucker Fire,100,,TRUE,2019-07-28T15:58:00Z,Finalized,,,,,
10296,FALSE,Inyo National Forest     ,,2019,FALSE,Inyo,14,8,1,8,2019-11-21T16:09:00Z,,FALSE,TRUE,,5,,37.034,-118.345,TRUE,Taboose Fire,100,269,TRUE,2019-09-06T12:43:35Z,Finalized,,,,,4
9999,FALSE,Ventura County Fire Department ,,2019,TRUE,Ventura,56,17,,45,2019-11-06T18:00:00Z,,FALSE,TRUE,,,,34.302212,-118.997115,TRUE,Maria Fire ,100,626,TRUE,2019-10-31T20:58:28Z,Finalized,,4,,,3
8838,FALSE,CAL FIRE Tehama Glenn Unit ,3,2019,TRUE,Tehama,52,53,27,98,2019-09-13T19:00:00Z,,FALSE,TRUE,,20,,40.12,-122.64,TRUE,Red Bank Fire,100,1936,TRUE,2019-09-05T13:19:56Z,Finalized,,2,,,23
8799,FALSE,Unified Command: Los Angeles County Fire Department and Los Angeles City Fire Department and Angeles National Forest,,2019,FALSE,Los Angeles,19,,,,2019-10-31T09:10:00Z,1,FALSE,TRUE,Brush,,8,34.32988,-118.48161,TRUE,Saddle Ridge Fire,100,206,TRUE,2019-10-10T21:02:00Z,Finalized,88,19,,,
5737,FALSE,USFS - Modoc National Forest,,2019,FALSE,Modoc,25,,,,2019-09-13T07:19:00Z,,FALSE,TRUE,,,,41.748,-121.056,FALSE,Lone Fire,100,40,TRUE,2019-09-06T11:34:27Z,Finalized,,,,,
5563,FALSE,CAL FIRE Madera Mariposa Merced Unit,,2019,TRUE,Mariposa,22,,,,,,FALSE,TRUE,,,,37.604638,-119.96606,TRUE,Briceburg Fire,100,19,TRUE,2019-10-06T16:15:12Z,Finalized,,1,,,3
5332,FALSE,Shasta-Trinity National Forest ,,2019,FALSE,Tehama,52,,,,2019-12-02T16:12:00Z,,FALSE,TRUE,,,,40.109,-122.789,FALSE,South Fire,100,,TRUE,2019-09-05T19:59:46Z,Finalized,,,,,
4840,FALSE,USFS - Inyo National Forest,,2019,FALSE,Mono,26,,,,,,FALSE,TRUE,,,,37.826,-118.872,FALSE,Springs Fire,100,,TRUE,2019-09-06T11:24:11Z,Finalized,,,,,
4615,FALSE,Los Angeles County Fire Department ,4,2019,FALSE,Los Angeles,19,8,,69,,,FALSE,TRUE,,0,,34.472778,-118.368056,TRUE,Tick Fire,100,509,TRUE,2019-10-24T14:51:46Z,Finalized,27,22,,10,
3435,FALSE,USFS El Dorado National Forest,,2019,FALSE,El Dorado,9,,,,,,FALSE,TRUE,,,,38.724,-120.145,FALSE,Caples Fire,100,,TRUE,2019-10-11T12:47:59Z,Finalized,,,,,
3380,FALSE,Bureau of Land Management ,,2019,FALSE,Lassen,18,,,,2019-09-04T16:22:00Z,,FALSE,TRUE,,,,40.593,-120.581,FALSE,R-1 Fire,100,,TRUE,2019-08-28T19:48:14Z,Finalized,,,,,
3126,FALSE,Los Padres National Forest,,2019,FALSE,Santa Barbara,42,,,,2019-12-14T08:22:00Z,,FALSE,TRUE,,,,34.5025,-119.785,FALSE,Cave Fire (No Longer a CAL FIRE Incident),100,,TRUE,2019-11-25T19:59:12Z,Finalized,,,,,
2546,FALSE,CAL FIRE San Benito-Monterey Unit,,2019,TRUE,Monterey,27,,,,2019-06-26T18:02:00Z,,FALSE,TRUE,,,,36.28426,-120.94771,FALSE,Lonoak Fire,100,,TRUE,2019-06-26T09:18:22Z,Finalized,,,,,
2534,FALSE,CAL FIRE Tehama-Glenn Unit,,2019,TRUE,Tehama,52,2,,2,2019-11-14T18:02:00Z,,FALSE,TRUE,,,4,40.036379,-122.637837,TRUE,Ranch Fire,100,69,TRUE,2019-11-03T14:16:17Z,Finalized,,,,,
2512,FALSE,CAL FIRE Sonoma-Lake-Napa Unit,,2019,TRUE,Yolo,57,,,,2019-06-17T10:40:00Z,,FALSE,TRUE,,,2,38.88978,-122.23922,TRUE,Sand Fire,100,,TRUE,2019-06-08T14:50:00Z,Finalized,,7,,,
2500,FALSE,Kern County Fire and the US Fish and Wildlife Service,,2019,FALSE,Kern,15,,,,2019-05-09T09:37:00Z,,FALSE,TRUE,,,,35.72057,-119.62762,FALSE,Refuge Fire,100,,TRUE,2019-05-07T15:47:00Z,Finalized,,,,,
2438,FALSE,Bureau of Land Management,,2019,FALSE,Lassen,18,,,,2019-08-27T09:01:00Z,,FALSE,TRUE,,,,39.892222,-120.029722,FALSE,Long Valley Fire ,100,,TRUE,2019-08-24T17:25:04Z,Finalized,,,,,
2422,FALSE,CAL FIRE ,,2019,TRUE,Stanislaus,50,,,,2019-06-27T19:06:00Z,,FALSE,TRUE,,,,37.46577,-121.28312,FALSE,Rock Fire,100,,TRUE,2019-06-26T08:54:24Z,Finalized,,,,,
1975,FALSE,USFS - Inyo National Forest ,,2019,FALSE,Inyo,14,,,,2019-11-21T16:08:00Z,,FALSE,TRUE,,,,36.284,-118.228,FALSE,Cow Fire,100,,TRUE,2019-09-06T12:23:00Z,Finalized,,,,,
1926,FALSE,CAL FIRE/Riverside County Fire Department ,,2019,TRUE,Riverside,33,0,1,1,2019-09-14T19:00:00Z,,FALSE,TRUE,grass and brush,,3,33.528469,-117.273157,TRUE,Tenaja,100,35,TRUE,2019-09-04T16:43:36Z,Finalized,2,0,,0,1
1872,FALSE,Klamath National Forest,,2019,FALSE,Siskiyou,47,,,,,,FALSE,TRUE,,,,41.862237,-122.662258,FALSE,Lime Fire,100,515,TRUE,2019-09-07T08:36:32Z,Finalized,,,,,
1764,FALSE,CAL FIRE San Luis Obispo County ,,2019,TRUE,San Luis Obispo,40,,,,2019-06-24T10:25:00Z,,FALSE,TRUE,,,,35.66318,-120.41128,FALSE,McMillan Fire,100,,TRUE,2019-06-12T12:48:00Z,Finalized,,,,,
1507,FALSE,Unified Command: CAL FIRE and Mexican Fire Agency Consulate Emergency Services Fire Department,,2019,TRUE,Mexico,62,,,,2019-08-17T14:30:00Z,,FALSE,TRUE,,,,32.573437,-116.658735,FALSE,Border 8 Fire,100,,TRUE,2019-08-16T06:14:55Z,Finalized,,,,,
1350,FALSE,Sutter County Fire Department,,2019,FALSE,Sutter,51,,,,2019-06-17T15:16:00Z,,FALSE,TRUE,,,,39.28926,-121.85906,FALSE,West Butte Fire,100,,TRUE,2019-06-08T14:37:00Z,Finalized,,,,,
1301,FALSE,Oregon Department of Forestry,,2019,FALSE,State of Oregon,61,,,,2019-08-18T16:33:00Z,,FALSE,TRUE,,,,42.033,-122.175,FALSE,Ward Fire,100,,TRUE,2019-08-09T23:08:25Z,Finalized,,,,,
1165,FALSE,CAL FIRE NEU,,2019,FALSE,State of Nevada,59,,,,2019-07-16T08:50:00Z,,FALSE,TRUE,Grass,,,39.631945,-119.769881,FALSE,Jasper Fire,100,,TRUE,2019-07-13T18:42:22Z,Finalized,,,,,
1127,FALSE,CAL FIRE San Luis Obispo Unit,,2019,TRUE,San Luis Obispo,40,,,,2019-06-11T14:49:00Z,,FALSE,TRUE,,,,35.343761,-119.913717,FALSE,Boulder Fire,100,,TRUE,2019-06-05T10:49:00Z,Finalized,,,,,
1020,FALSE,USFS Lassen National Forest,,2019,FALSE,Lassen,18,,,,2019-08-11T11:35:00Z,,FALSE,TRUE,,,,40.943799,-120.275298,FALSE,W1 McDonald Fire,100,,TRUE,2019-08-08T18:42:41Z,Finalized,,,,,
974,FALSE,CAL FIRE San Luis Obispo Unit,,2019,TRUE,San Luis Obispo,40,,,,2019-07-09T18:22:00Z,,FALSE,TRUE,,,,35.63111111,-120.2691667,FALSE,Gillis Fire,100,,TRUE,2019-07-08T16:44:08Z,Finalized,,,,,
835,FALSE,CAL FIRE San Luis Obispo Unit,,2019,TRUE,San Luis Obispo,40,,,,2019-06-03T08:44:00Z,,FALSE,TRUE,,,,35.30759,-119.96498,FALSE,Belmont Fire,100,,TRUE,2019-05-29T17:10:00Z,Finalized,,,,,
757,FALSE,Unified Command: CAL FIRE Santa Clara Unit and East Contra Costa Fire Protection District,,2019,TRUE,Contra Costa,7,,,,2019-08-06T18:42:00Z,,FALSE,TRUE,,,,37.908362,-121.872941,FALSE,Marsh Complex,100,,TRUE,2019-08-03T03:16:00Z,Finalized,,,,,
756,FALSE,CAL FIRE Tulare Unit,0,2019,TRUE,Tulare,54,9,0,11,,,FALSE,TRUE,,,,36.40193,-119.030621,FALSE,Creek Fire,100,185,TRUE,2019-08-31T15:31:59Z,Finalized,0,0,,,2
745,FALSE, Los Angeles Fire Department,,2019,FALSE,Los Angeles,19,,,,2019-11-05T17:30:00Z,,FALSE,TRUE,,,,34.098191,-118.478717,FALSE,Getty Fire ,100,,TRUE,2019-10-28T06:46:55Z,Finalized,,,,,
703,FALSE,CAL FIRE Mendocino Unit,,2019,TRUE,Mendocino,23,,,,2019-11-03T18:52:00Z,,FALSE,TRUE,,,,39.22431,-123.12887,FALSE,Burris Fire,100,,TRUE,2019-10-27T14:54:40Z,Finalized,,,,,
604,FALSE,CAL FIRE Nevada-Yuba-Placer Unit,,2019,TRUE,Placer,31,,,,,,FALSE,TRUE,,,,38.751648,-121.432636,FALSE,Baseline Fire ,100,,TRUE,2019-09-20T15:02:08Z,Finalized,,,,,
600,FALSE,CAL FIRE Shasta-Trinity Unit,,2019,TRUE,Shasta,45,8,,9,2019-08-26T17:00:00Z,,FALSE,TRUE,,,3,40.715556,-122.241944,TRUE,Mountain Fire,100,187,TRUE,2019-08-22T11:02:09Z,Finalized,7,14,,,
600,FALSE,CAL FIRE Santa Clara Unit,,2019,TRUE,Stanislaus,50,,,,2019-06-11T17:14:00Z,,FALSE,TRUE,,,,37.25988,-121.09375,FALSE,Stuhr Fire,100,,TRUE,2019-06-07T16:55:00Z,Finalized,,,,,
526,FALSE,Unified Command: CAL FIRE Sonoma-Lake-Napa Unit and American Canyon Fire Protection District,,2019,TRUE,Napa,28,6,1,15,2019-10-07T18:34:00Z,,FALSE,TRUE,,1,,38.165873,-122.211671,FALSE,American Fire,100,163,TRUE,2019-10-06T16:36:50Z,Finalized,,1,,,4
525,FALSE,CAL FIRE/Riverside County Fire Department,,2019,TRUE,Riverside,33,,,,2019-06-24T11:43:00Z,,FALSE,TRUE,,,,33.919507,-117.103765,FALSE,Jerry Fire,100,,TRUE,2019-06-21T13:02:00Z,Finalized,,,,,
520,FALSE,CAL FIRE RRU (Riverside County Fire),2,2019,FALSE,Riverside,33,8,2,34,,,FALSE,TRUE,Grass and Brush,1,,33.4853,-117.043723,TRUE,Horseshoe Fire ,100,235,TRUE,2019-09-14T17:53:00Z,Finalized,,,,,3
496,FALSE,CAL FIRE Butte County Fire ,0,2019,TRUE,Butte,4,0,2,0,2019-09-13T19:00:00Z,,FALSE,TRUE,,0,,39.45296,-121.412619,TRUE,Swedes Fire,100,16,TRUE,2019-09-07T15:06:00Z,Finalized,0,2,,,6
448,FALSE,City of San Diego Fire-Rescue ,,2019,FALSE,San Diego,37,,,,2019-08-03T09:10:00Z,,FALSE,TRUE,,,,32.575556,-117.026667,FALSE,Caliente Fire,100,,TRUE,2019-08-01T14:53:15Z,Finalized,,,,,
448,FALSE,Kern County Fire Department,,2019,FALSE,Kern,15,,,,,,FALSE,TRUE,,,,35.60989,-118.41204,FALSE,Mesa Fire ,100,,TRUE,2019-07-31T17:13:53Z,Finalized,,,,,
423,FALSE,CAL FIRE Madera-Mariposa-Merced Unit,,2019,TRUE,Mariposa,22,,,,,,FALSE,TRUE,,,,37.532028,-120.208019,FALSE,Hunter Fire,100,,TRUE,2019-08-15T15:15:56Z,Finalized,,,,,
420,FALSE,Santa Barbara County Fire Department,,2019,FALSE,Santa Barbara,42,,,,2019-10-21T06:00:00Z,,FALSE,TRUE,,,,34.484722,-120.190833,FALSE,Real Fire,100,,TRUE,2019-10-17T16:31:00Z,Finalized,,,,,
381,FALSE,USFS - Sequoia National Forest,,2019,FALSE,Tulare,54,,,,,,FALSE,TRUE,,,,36.151,-118.185,FALSE,Broder Fire,100,9,TRUE,2019-09-06T12:39:18Z,Finalized,,,,,
350,FALSE,CAL FIRE / Riverside County Fire ,,2019,TRUE,Riverside,33,,,,2019-10-13T07:30:00Z,,FALSE,TRUE,,,,33.975405,-117.207068,TRUE,Reche Fire,100,,TRUE,2019-10-10T14:18:17Z,Finalized,1,1,,,
328,FALSE,CAL FIRE Riverside County Fire Department,,2019,TRUE,Riverside,33,,,,2019-11-03T16:15:00Z,,FALSE,TRUE,,,,33.985972,-117.414111,FALSE,46 Fire,100,,TRUE,2019-10-31T06:22:34Z,Finalized,,,,,
316,FALSE,CAL FIRE San Benito - Monterey Unit,,2019,TRUE,Monterey,27,,,,,,FALSE,TRUE,,,,35.908333,-120.984167,FALSE,Lake Fire,100,,TRUE,2019-07-29T15:43:48Z,Finalized,,,,,
300,FALSE,CAL FIRE Butte/ Butte County Fire,,2019,TRUE,Butte,4,,,,2019-09-28T18:40:00Z,,FALSE,TRUE,,,,39.622137,-121.693472,FALSE,Hwy Fire,100,,TRUE,2019-09-28T17:48:10Z,Finalized,,,,,
283,FALSE,CAL FIRE Santa Clara Unit,,2019,TRUE,San Joaquin,39,,,,2019-07-05T07:50:00Z,,FALSE,TRUE,,,,37.63206,-121.538382,FALSE,Hollow Fire,100,,TRUE,2019-07-03T15:34:12Z,Finalized,,,,,
280,FALSE,Shasta-Trinity National Forest,,2019,FALSE,Trinity,53,,,,2019-09-12T10:08:00Z,,FALSE,TRUE,,,,41.150392,-122.634108,FALSE,Rams Horn Fire,100,259,TRUE,2019-09-07T08:49:58Z,Finalized,,,,,
280,FALSE,Los Padres National Forest,,2019,FALSE,Monterey,27,,,,2019-08-12T08:20:00Z,,FALSE,TRUE,,,,36.008889,-121.466944,FALSE,Mill Fire,100,,TRUE,2019-07-30T13:28:17Z,Finalized,,,,,
279,FALSE,Los Padres National Forest,,2019,FALSE,Ventura,56,,,,2019-09-05T08:14:00Z,,FALSE,TRUE,,,,34.71011,-119.3547,FALSE,Snail Fire,100,,TRUE,2019-09-01T17:37:43Z,Finalized,,,,,
263,FALSE,Susanville Bureau of Land Management,,2019,FALSE,Lassen,18,,,,2019-07-06T07:49:00Z,,FALSE,TRUE,,,,40.679318,-120.392768,FALSE,Snowstorm Fire,100,,TRUE,2019-07-05T16:37:04Z,Finalized,,,,,
260,FALSE,Bureau of Land Management - Northern CA District,,2019,FALSE,Lassen,18,,,,2019-09-11T18:30:00Z,,FALSE,TRUE,,,,44.734,-120.606,FALSE,R-6 Fire,100,40,TRUE,2019-09-06T13:20:00Z,Finalized,,,,,
257,FALSE,CAL FIRE Tulare Unit,,2019,TRUE,Tulare,54,,,,2019-06-11T14:48:00Z,,FALSE,TRUE,,,,36.18479,-118.99229,FALSE,Citrus Fire,100,,TRUE,2019-06-02T16:12:00Z,Finalized,,,,,
250,FALSE,Riverside City Fire Department,,2019,FALSE,Riverside,33,,,,2019-09-08T18:00:00Z,,FALSE,TRUE,grass,,,33.9369,-117.3063,FALSE,Sycamore Fire,100,,TRUE,2019-09-07T20:31:46Z,Finalized,,,,,
244,FALSE,USFS Mendocino National Forest ,,2019,FALSE,Trinity,53,,,,2019-09-18T12:17:00Z,,FALSE,TRUE,,,,40.062304,-123.222196,FALSE,Henthorne Fire,100,,TRUE,2019-09-05T09:25:00Z,Finalized,,,,,
244,FALSE,CAL FIRE Madera-Mariposa-Merced Unit,,2019,TRUE,Mariposa,22,,,,,,FALSE,TRUE,,,,37.524378,-120.296551,FALSE,Lake Fire,100,,TRUE,2019-07-08T15:30:14Z,Finalized,,,,,
240,FALSE,CAL FIRE SCU,,2019,FALSE,Alameda,1,,,,,,FALSE,TRUE,,,,37.708743,-121.841879,FALSE,Harte Fire,100,,TRUE,2019-08-09T15:09:50Z,Finalized,,,,,
227,FALSE,Klamath National Forest,,2019,FALSE,Siskiyou,47,,,,2019-09-26T08:00:00Z,,FALSE,TRUE,,,,41.4929742,-123.2129356,FALSE,Kidder 2 Fire,100,,TRUE,2019-09-07T08:47:46Z,Finalized,,,,,
225,FALSE,CAL FIRE Mendocino Unit,,2019,TRUE,Mendocino,23,16,1,16,2019-08-17T18:15:00Z,,FALSE,TRUE,,,3,39.005262,-123.195306,TRUE,Moose Fire,100,328,TRUE,2019-08-12T17:10:00Z,Finalized,,,,,6
220,FALSE,Los Padres National Forest,0,2019,FALSE,San Luis Obispo,40,8,4,20,2019-09-27T18:00:00Z,,FALSE,TRUE,,2,4,35.214364,-120.455883,TRUE,Lopez Fire,100,515,TRUE,2019-09-21T14:26:00Z,Finalized,,0,,24,2
214,FALSE,CAL FIRE / Riverside County Fire,,2019,TRUE,Riverside,33,,,,2019-06-30T15:51:00Z,,FALSE,TRUE,,,,33.911,-116.980528,FALSE,Wolf Fire ,100,,TRUE,2019-06-29T12:54:13Z,Finalized,,,,,
213,FALSE,CAL FIRE Madera-Mariposa-Merced Unit,,2019,TRUE,Madera,20,,,,2019-07-16T06:49:00Z,,FALSE,TRUE,,,,37.016944,-119.934167,FALSE,Madera Fire ,100,,TRUE,2019-07-15T18:19:31Z,Finalized,,,,,
210,FALSE,CAL FIRE Madera- Mariposa- Merced Unit ,,2019,TRUE,Merced,24,,,,2019-07-02T15:51:00Z,,FALSE,TRUE,,,,37.312877,-120.242411,FALSE,Merced Fire ,100,,TRUE,2019-06-29T15:09:52Z,Finalized,,,,,
210,FALSE,CAL FIRE Santa Clara Unit,,2019,TRUE,Santa Clara,43,,,,2019-06-11T17:17:00Z,,FALSE,TRUE,,,,37.21638,-121.70768,FALSE,Malech Fire,100,,TRUE,2019-06-09T14:29:00Z,Finalized,,,,,
208,FALSE,Kern County Fire Department,,2019,FALSE,Kern,15,,,,,,FALSE,TRUE,,,,34.9008333,-118.9183333,FALSE,Tejon Fire,100,,TRUE,2019-07-21T15:30:17Z,Finalized,,,,,
207,FALSE,USFS Klamath National Forest,,2019,FALSE,Siskiyou,47,,,,2019-06-24T16:56:00Z,,FALSE,TRUE,,,,39.28926,-121.85906,FALSE,Lumgrey Fire,100,,TRUE,2019-06-17T17:50:00Z,Finalized,,,,,
202,FALSE,CAL FIRE Tuolumne-Calaveras Unit ,,2019,TRUE,Stanislaus,50,,,,2019-07-16T06:48:00Z,,FALSE,TRUE,,,,37.944751,-120.84372,FALSE,Milton Fire ,100,,TRUE,2019-07-15T10:49:00Z,Finalized,,,,,
200,FALSE,San Bernardino County Fire Department/ San Bernardino Nation Forest Service,,2019,FALSE,San Bernardino,36,,,,2019-11-05T09:03:00Z,,FALSE,TRUE,,,,34.183,-117.285,FALSE,Hillside Fire,100,,TRUE,2019-10-31T06:53:47Z,Finalized,,,,,
200,FALSE, East Contra Costa County Fire Protection District,,2019,FALSE,Contra Costa,7,,,,2019-10-28T16:26:00Z,,FALSE,TRUE,,,,37.99136,-121.64118,FALSE,Cypress Complex,100,,TRUE,2019-10-27T08:50:23Z,Finalized,,,,,
200,FALSE,Ventura County Fire Department ,,2019,FALSE,Ventura,56,,,,2019-10-12T18:00:00Z,,FALSE,TRUE,,,,34.23955,-119.20187,FALSE,Olivas Fire,100,,TRUE,2019-10-11T15:57:10Z,Finalized,,,,,
200,FALSE,CAL FIRE/San Diego County Fire,0,2019,TRUE,San Diego,37,8,1,20,,,FALSE,TRUE,,0,,32.787656,-116.806941,TRUE,Dehesa Fire ,100,350,TRUE,2019-09-24T15:00:00Z,Finalized,,,,,5
200,FALSE,Santa Barbara County Fire,,2019,FALSE,Santa Barbara,42,,,,2019-09-14T08:00:00Z,,FALSE,TRUE,,,,34.630919,-120.187368,FALSE,McMurray Fire,100,,TRUE,2019-09-09T17:42:43Z,Finalized,,,,,
193,FALSE,Bureau of Land Management,,2019,FALSE,Lassen,18,,,,2019-07-16T09:00:00Z,,FALSE,TRUE,,,,40.072739,-120.158273,FALSE,Doyle Fire,100,,TRUE,2019-07-14T14:02:31Z,Finalized,,,,,
190,FALSE,CAL FIRE Santa Clara Unit ,,2019,TRUE,Stanislaus,50,,,,,,FALSE,TRUE,,,,37.32585,-121.110146,FALSE,Stuhr Fire ,100,,TRUE,2019-09-11T11:25:43Z,Finalized,,,,,
190,FALSE,CAL FIRE San Benito-Monterey Unit,,2019,TRUE,Monterey,27,,,,2019-07-10T16:04:00Z,,FALSE,TRUE,,,,35.95191,-120.8092,FALSE,Sargent Fire,100,,TRUE,2019-07-09T21:43:36Z,Finalized,,,,,
183,FALSE,CAL FIRE Sonoma Lake Napa Unit,,2019,TRUE,Solano,48,,,,,,FALSE,TRUE,,,,38.158333,-122.118889,FALSE,Marshview Fire,100,,TRUE,2019-07-24T12:28:45Z,Finalized,,,,,
172,FALSE,Kern County Fire,,2019,TRUE,Kern,15,,,,2019-05-08T08:48:00Z,,FALSE,TRUE,,,,35.03855,-119.19454,FALSE,Vulcan Fire,100,,TRUE,2019-05-03T15:04:00Z,Finalized,,,,,
167,FALSE,San Bernardino National Forest,,2019,FALSE,Riverside,33,,,,2019-09-22T18:00:00Z,,FALSE,TRUE,,,,33.635,-116.801111,FALSE,Bautista Fire,100,25,TRUE,2019-09-15T20:13:05Z,Finalized,,,,,
167,FALSE,CAL FIRE San Benito-Monterey Unit,,2019,TRUE,San Benito,35,,,,2019-09-03T07:11:00Z,,FALSE,TRUE,,,,36.600167,-120.8405,FALSE,Antelope Fire,100,,TRUE,2019-09-02T15:40:37Z,Finalized,,,,,
161,FALSE,Fresno-Kings County,,2019,TRUE,Kings,16,,,,2019-06-24T11:45:00Z,,FALSE,TRUE,,,,35.81778,-120.09715,FALSE,York Fire,100,,TRUE,2019-04-28T22:20:00Z,Finalized,,,,,
156,FALSE,CAL FIRE Shasta-Trinity Unit,,2019,TRUE,Shasta,45,,,2,2019-08-17T18:43:00Z,,FALSE,TRUE,,,,40.484329,-122.159393,TRUE,Cottage Fire,100,8,TRUE,2019-08-15T15:09:55Z,Finalized,,,,,
156,FALSE,Angeles National Forest,,2019,FALSE,Los Angeles,19,,,,2019-08-05T12:25:00Z,,FALSE,TRUE,,,,34.677864,-118.752395,FALSE,Five Fire,100,,TRUE,2019-08-03T17:01:15Z,Finalized,,,,,
156,FALSE,City of Chino ,,2019,FALSE,San Bernardino,36,,,,,,FALSE,TRUE,,,,33.997528,-117.769766,FALSE,Star Fire,100,,TRUE,2019-07-28T13:20:11Z,Finalized,,,,,
155,FALSE,CAL FIRE Tulare Unit,,2019,TRUE,Tulare,54,,,,2019-06-11T14:48:00Z,,FALSE,TRUE,,,,36.28001,-119.10974,FALSE,Spruce Fire,100,,TRUE,2019-06-01T15:49:00Z,Finalized,,,,,
150,FALSE,"Unified Command: CAL FIRE Santa Clara Unit, Crockett Fire and Contra Costa Fire. ",,2019,TRUE,Contra Costa,7,,,,2019-10-28T16:30:00Z,,FALSE,TRUE,,,,38.03545,-122.2241,FALSE,Sky Fire ,100,,TRUE,2019-10-27T11:29:03Z,Finalized,,,,,
150,FALSE,CAL FIRE San Diego Unit,,2019,TRUE,San Diego,37,,,,,,FALSE,TRUE,,,,32.767649,-116.796032,FALSE,Dehesa Fire,100,,TRUE,2019-07-28T19:51:55Z,Finalized,,,,,
148,FALSE,CAL FIRE Nevada-Yuba-Placer Unit,,2019,TRUE,Placer,31,,,,2019-06-27T08:26:00Z,,FALSE,TRUE,,,,38.73817,-121.39419,FALSE,Dyer Fire,100,,TRUE,2019-06-26T22:43:07Z,Finalized,,,,,
145,FALSE,San Bernardino County Fire,,2019,FALSE,San Bernardino,36,,,,,,FALSE,TRUE,,,,34.183624,-117.274276,FALSE,Old Water Fire,100,,TRUE,2019-10-24T04:53:17Z,Finalized,,,,,
144,FALSE,CAL FIRE Santa Clara Unit,,2019,TRUE,Santa Clara,43,,,,2019-06-11T14:40:00Z,,FALSE,TRUE,,,,37.45899,-121.22093,FALSE,Canyon Fire,100,,TRUE,2019-05-30T16:19:00Z,Finalized,,,,,
140,FALSE,Vallejo city fire,,2019,FALSE,Solano,48,,,,2019-10-28T16:28:00Z,,FALSE,TRUE,,,,38.07205,-122.22463,FALSE,Glencove Fire ,100,,TRUE,2019-10-27T11:52:15Z,Finalized,,,,,
139,FALSE,CAL FIRE Santa Clara Unit,,2019,TRUE,Alameda,1,,,,2019-08-21T18:27:00Z,,FALSE,TRUE,,,,37.71734,-121.55867,FALSE,Patterson Fire,100,,TRUE,2019-08-21T17:56:05Z,Finalized,,,,,
131,FALSE,Bureau of Land Management ,,2019,FALSE,Lassen,18,,,,2019-08-27T10:44:00Z,,FALSE,TRUE,,,,40.562,-120.544,FALSE,Horse Fire,100,,TRUE,2019-08-24T16:33:58Z,Finalized,,,,,
131,FALSE,CAL FIRE San Luis Obispo ,,2019,TRUE,Ventura,56,,,,2019-07-15T14:10:00Z,,FALSE,TRUE,,,,34.366111,-118.96,FALSE,South Fire ,100,,TRUE,2019-07-14T11:45:00Z,Finalized,,,,,
130,FALSE,BLM Northern California District,,2019,FALSE,Lassen,18,,,,,,FALSE,TRUE,,,,40.886677,-120.336977,FALSE,R-1 Fire,100,,TRUE,2019-08-07T17:21:13Z,Finalized,,,,,
130,FALSE,CAL FIRE Mendocino Unit,,2019,TRUE,Mendocino,23,,,,,,FALSE,TRUE,,,,39.831762,-123.846013,FALSE,Usal Fire,100,,TRUE,2019-07-27T23:36:00Z,Finalized,,,,,
130,FALSE,CAL FIRE/Riverside County Fire Department,,2019,TRUE,Riverside,33,,,,2019-05-24T14:23:00Z,,FALSE,TRUE,,,,33.650237,-116.172534,FALSE,Shady Fire,100,,TRUE,2019-05-18T22:53:00Z,Finalized,,,,,
128,FALSE,CAL FIRE Santa Clara Unit,,2019,TRUE,Santa Clara,43,,,,2019-09-24T18:00:00Z,,FALSE,TRUE,,,,37.467744,-121.842751,FALSE,Reservoir Fire,100,,TRUE,2019-09-21T11:49:00Z,Finalized,,,,,
128,FALSE,Modoc National Forest,,2019,FALSE,Modoc,25,,,,2019-07-20T09:05:00Z,,FALSE,TRUE,,,,41.909,-120.306,FALSE,Goose 2 Fire,100,,TRUE,2019-07-17T16:13:41Z,Finalized,,,,,
121,FALSE,CAL FIRE / Fresno County Fire,,2019,TRUE,Fresno,10,,,,2019-06-05T15:07:00Z,,FALSE,TRUE,,,,36.66909,-119.3046,FALSE,Hill Fire,100,,TRUE,2019-05-29T17:18:00Z,Finalized,,,,,
120,FALSE,Camp Pendleton,,2019,TRUE,San Diego,37,,,,2019-06-21T14:22:00Z,,FALSE,TRUE,,,,33.39684,-117.29665,TRUE,Weisgarber Fire,100,,TRUE,2019-06-20T14:56:00Z,Finalized,,,,,
120,FALSE,CAL FIRE San Luis Obispo Unit,,2019,TRUE,San Luis Obispo,40,,,,2019-06-11T17:18:00Z,,FALSE,TRUE,,,,35.57376,-120.11738,FALSE,Bitter Fire ,100,,TRUE,2019-06-10T11:55:00Z,Finalized,,,,,
115,FALSE,Kern County Fire Department,,2019,FALSE,Kern,15,,,,2019-05-08T08:47:00Z,,FALSE,TRUE,,,,35.65189,-118.92545,FALSE,Woody Fire,100,,TRUE,2019-04-30T18:37:00Z,Finalized,,,,,
105,FALSE,CAL FIRE Los Angeles County Fire Department ,,2019,TRUE,Los Angeles,19,,,,,,FALSE,TRUE,,,,34.675542,-118.342239,FALSE,West Fire ,100,,TRUE,2019-08-13T14:37:54Z,Finalized,,,,,
103,FALSE,Davis Creek Fire Department,,2019,FALSE,Modoc,25,,,,2019-08-02T21:39:00Z,,FALSE,TRUE,,,,41.43783,-120.23976,FALSE,Meadow Fire (Not a CAL FIRE incident),100,,TRUE,2019-08-02T16:53:18Z,Finalized,,,,,
100,FALSE,Los Padres National Forest,,2019,FALSE,Santa Barbara,42,,,,2019-08-05T12:27:00Z,,FALSE,TRUE,,,,34.665699,-119.94974,FALSE,Range Fire,100,,TRUE,2019-07-28T22:39:05Z,Finalized,,,,,
100,FALSE,CAL FIRE San Diego County Fire ,,2019,TRUE,San Diego,37,,,,2019-07-15T17:10:00Z,,FALSE,TRUE,,,,32.566389,-116.7525,FALSE,Border Fire,100,,TRUE,2019-07-12T13:20:39Z,Finalized,,,,,
98,FALSE,CAL FIRE / Riverside County Fire,2,2019,TRUE,Riverside,33,9,2,17,2019-09-22T17:00:00Z,,FALSE,TRUE,,,,33.900994,-117.170588,FALSE,Kennedy Fire,100,150,TRUE,2019-09-21T17:22:00Z,Finalized,,,,,1
97,FALSE,CALFIRE San Diego ,,2019,TRUE,San Diego,37,,,,2019-10-28T19:31:00Z,,FALSE,TRUE,,,,33.055124,-116.742508,TRUE,Sawday Fire ,100,150,TRUE,2019-10-25T10:52:04Z,Finalized,,,,,
96,FALSE,CAL FIRE / Riverside County Fire,,2019,TRUE,Riverside,33,,,,2019-07-13T15:13:00Z,,FALSE,TRUE,,,,33.8128372,-117.1228851,FALSE,Orange fire,100,,TRUE,2019-07-13T10:36:00Z,Finalized,,,,,
95,FALSE,CAL FIRE San Luis Obispo Unit,,2019,TRUE,San Luis Obispo,40,,,,,,FALSE,TRUE,,,,35.004722,-120.435278,FALSE,Thompson Fire ,100,,TRUE,2019-07-24T20:09:59Z,Finalized,,,,,
94,FALSE,CAL FIRE Riverside County Fire Department ,,2019,TRUE,Riverside,33,,,,2019-08-06T18:42:00Z,,FALSE,TRUE,,,,33.740219,-117.333728,FALSE,Toro Fire ,100,,TRUE,2019-08-05T15:36:23Z,Finalized,,,,,
91,FALSE,Ventura County Fire Department,,2019,FALSE,Ventura,56,,,,,,FALSE,TRUE,,,,34.156389,-118.950833,FALSE,Wendy Fire,100,,TRUE,2019-10-10T21:28:58Z,Finalized,,,,,
91,FALSE,Klamath National Forest ,,2019,FALSE,Siskiyou,47,,,,,,FALSE,TRUE,,,,41.749667,-123.000833,FALSE,Bar Fire,100,,TRUE,2019-09-15T15:52:00Z,Finalized,,,,,
90,FALSE,CAL FIRE Santa Clara Unit,,2019,TRUE,San Joaquin,39,,,,,,FALSE,TRUE,,,,37.962557,-121.468074,FALSE,Whiskey Fire,100,,TRUE,2019-07-16T18:44:15Z,Finalized,,,,,
90,FALSE,CAL FIRE Shasta-Trinity Unit,,2019,TRUE,Shasta,45,,,,2019-06-26T06:00:00Z,,FALSE,TRUE,,,,40.41404,-122.66779,FALSE,Trinity Fire,100,,TRUE,2019-06-26T15:35:00Z,Finalized,,,,,
85,FALSE,CAL FIRE Amador - El Dorado Unit,,2019,TRUE,El Dorado,9,,,,2019-09-06T07:24:00Z,,FALSE,TRUE,,,2,38.898915,-120.946657,TRUE,Country Fire,100,,TRUE,2019-09-03T14:57:31Z,Finalized,,4,,,
84,FALSE,CAL FIRE Amador El Dorado Unit ,,2019,TRUE,Sacramento,34,,,,2019-08-02T14:03:00Z,,FALSE,TRUE,,,,38.3525,-121.123611,FALSE,Browns Fire,100,,TRUE,2019-08-02T09:23:00Z,Finalized,,,,,
83,FALSE,CAL FIRE Tuolumne-Calaveras Unit,,2019,TRUE,Tuolumne,55,,,,2019-09-24T10:21:00Z,,FALSE,TRUE,grass,,,37.838333,-120.625556,FALSE,Tulloch Fire,100,,TRUE,2019-09-23T15:55:57Z,Finalized,,,,,
83,FALSE,Klamath National Forest,,2019,FALSE,Siskiyou,47,,,,,,FALSE,TRUE,,,,41.834366,-122.656569,FALSE,Tree Fire,100,,TRUE,2019-07-27T10:15:00Z,Finalized,,,,,
81,FALSE,CAL FIRE Sonoma Lake Napa Unit,,2019,TRUE,Solano,48,,,,2019-08-13T18:00:00Z,,FALSE,TRUE,,,,38.455,-121.969167,FALSE,Timm Fire ,100,,TRUE,2019-08-13T15:41:24Z,Finalized,,,,,
81,FALSE,CAL FIRE San Bernardino Unit,,2019,TRUE,San Bernardino,36,,,,,,FALSE,TRUE,,,,34.42386,-117.10318,FALSE,Milpas Fire,100,,TRUE,2019-07-22T19:45:27Z,Finalized,,,,,
81,FALSE,CAL FIRE / Riverside County Fire,,2019,TRUE,Riverside,33,,,,2019-07-17T21:29:00Z,,FALSE,TRUE,,,,33.514658,-116.7884,FALSE,Meadow Fire,100,,TRUE,2019-07-16T13:45:43Z,Finalized,,,,,
80,FALSE,CALFIRE/Butte County Fire ,,2019,TRUE,Butte,4,,,,2019-10-24T17:15:00Z,,FALSE,TRUE,,,,39.551423,-121.800538,FALSE,Nelson Fire ,100,,TRUE,2019-10-24T14:43:10Z,Finalized,,,,,
80,FALSE,CAL FIRE / Riverside County Fire,,2019,TRUE,Riverside,33,,,,2019-08-25T13:00:00Z,,FALSE,TRUE,,,,33.77777348,-117.487578,FALSE,Ivy Fire,100,,TRUE,2019-08-25T10:58:28Z,Finalized,,,,,
80,FALSE,CAL FIRE San Diego County Fire,,2019,TRUE,San Diego,37,,,,2019-08-16T18:44:00Z,,FALSE,TRUE,,,,32.57394,-116.760465,FALSE,Border 9 Fire,100,,TRUE,2019-08-15T16:24:24Z,Finalized,,,,,
80,FALSE,CAL FIRE Santa Clara Unit ,,2019,TRUE,Santa Clara,43,,,,,,FALSE,TRUE,,,,37.433192,-121.807258,FALSE,Sweigert Fire ,100,,TRUE,2019-07-24T20:01:44Z,Finalized,,,,,
80,FALSE,CAL FIRE Riverside Unit,,2019,TRUE,Riverside,33,,,,2019-07-17T10:00:00Z,,FALSE,TRUE,Grass,,,33.56938,-116.07896,FALSE,Lincoln Fire,100,,TRUE,2019-07-12T17:15:31Z,Finalized,,,,,
80,FALSE,CAL FIRE Nevada-Yuba-Placer Unit,,2019,TRUE,Yuba,58,,,,2019-06-25T13:50:00Z,,FALSE,TRUE,,,,39.24678,-121.32399,FALSE,Scott Fire,100,,TRUE,2019-06-25T13:51:09Z,Finalized,,,,,
80,FALSE,CAL FIRE Nevada-Yuba-Placer Unit,,2019,TRUE,Yuba,58,,,,2019-06-24T18:30:00Z,,FALSE,TRUE,,,,39.24678,-121.32399,FALSE,Scott Fire,100,,TRUE,2019-06-24T11:57:00Z,Finalized,,,,,
75,FALSE,CAL FIRE Sonoma-Lake-Napa Unit,,2019,TRUE,Lake,17,,,,2019-11-06T18:30:00Z,,FALSE,TRUE,,,,39.100408,-122.496548,FALSE,Eagle Fire,100,,TRUE,2019-11-05T06:52:14Z,Finalized,,,,,
74,FALSE,San Jose Fire,,2019,FALSE,Santa Clara,43,,,,2019-07-02T18:32:00Z,,FALSE,TRUE,,,,37.18904,-121.694968,FALSE,Coyote Fire,100,,TRUE,2019-07-02T16:10:02Z,Finalized,,,,,
70,FALSE,City of Marysville,,2019,FALSE,Yuba,58,,,,2019-06-17T08:34:00Z,,FALSE,TRUE,,,,39.15641,-121.56363,FALSE,Levee Fire,100,,TRUE,2019-06-08T13:07:00Z,Finalized,,,,,
68,FALSE,CAL FIRE Tehama-Glenn Unit,,2019,TRUE,Tehama,52,,,,2019-10-09T12:39:00Z,,FALSE,TRUE,,,,39.847708,-122.1604,FALSE,Corning Fire ,100,,TRUE,2019-10-09T08:31:40Z,Finalized,,,,,
67,FALSE,Marin County Fire,,2019,TRUE,Marin,21,,,,,,FALSE,TRUE,,,,37.896231,-122.636471,FALSE,Muir Fire,100,,TRUE,2019-10-24T12:15:33Z,Finalized,,,,,
67,FALSE,Tuolumne-Calaveras Unit,,2019,TRUE,Calaveras,5,,,,,,FALSE,TRUE,,,,38.20177,-120.827386,FALSE,Lynette Fire,100,,TRUE,2019-09-22T18:25:56Z,Finalized,,,,,
66,FALSE,CAL FIRE San Benito-Monterey Unit,,2019,TRUE,Monterey,27,,,,2019-09-02T10:08:00Z,,FALSE,TRUE,,,,35.906482,-120.992914,FALSE,Jolon Fire,100,,TRUE,2019-09-01T16:35:55Z,Finalized,,,,,
65,FALSE,US Forest Service - Tahoe National Forest,,2019,FALSE,Placer,31,,,,2019-05-24T14:28:00Z,,FALSE,TRUE,,,,39.11536,-120.76088,FALSE,Sugar Fire,100,,TRUE,2019-05-10T14:14:00Z,Finalized,,,,,
64,FALSE,CAL FIRE Sonoma-Lake-Napa Unit,,2019,TRUE,Napa,28,,,,,,FALSE,TRUE,,,,38.481258,-122.143942,FALSE,Canyon Fire,100,,TRUE,2019-07-22T15:05:34Z,Finalized,,,,,
63,FALSE,CAL FIRE Tehama-Glenn Unit,,2019,TRUE,Glenn,11,,,,2019-10-03T12:03:00Z,,FALSE,TRUE,,,,41.70611111,-123.4375,FALSE,Elk Fire,100,,TRUE,2019-10-04T12:03:48Z,Finalized,,,,,
63,FALSE,CAL FIRE Tehama-Glenn Unit,,2019,TRUE,Tehama,52,,,,2019-05-24T14:23:00Z,,FALSE,TRUE,,,,39.98097,-122.30737,FALSE,Paskenta Fire,100,,TRUE,2019-05-20T10:57:00Z,Finalized,,,,,
62,FALSE,CAL FIRE San Mateo- Santa Cruz Unit,,2019,TRUE,San Mateo,41,,,,2019-10-27T12:11:00Z,,FALSE,TRUE,,,,37.166674,-122.361112,FALSE,Cabrillo Fire,100,,TRUE,2019-10-24T20:15:36Z,Finalized,,,,,
60,FALSE,Unified command: CAL FIRE Santa Clara Unit and San Jose Fire Department,,2019,TRUE,Santa Clara,43,,,,,,FALSE,TRUE,,,,37.219717,-121.761974,FALSE,Bayliss Fire,100,,TRUE,2019-08-15T13:44:02Z,Finalized,,,,,
58,FALSE,CAL FIRE Butte Unit,,2019,TRUE,Butte,4,,1,10,2019-09-12T18:49:00Z,,FALSE,TRUE,,,,39.470333,-121.412333,FALSE,Forbestown Fire,100,105,TRUE,2019-09-06T15:18:52Z,Finalized,,,,,3
58,FALSE,East Contra Costa Fire Protection District,,2019,FALSE,Contra Costa,7,,,,,,FALSE,TRUE,,,,37.968494,-121.678172,FALSE,Sellers Fire,100,,TRUE,2019-08-07T15:13:52Z,Finalized,,,,,
55,FALSE,Bureau of Land Management - Northern California District,,2019,FALSE,Lassen,18,,,,2019-10-16T13:44:00Z,,FALSE,TRUE,,,,40.387772,-120.304341,FALSE,Horse Fire,100,,TRUE,2019-10-13T14:45:37Z,Finalized,,,,,
55,FALSE,Bureau of Indian Affairs,,2019,FALSE,Riverside,33,,,,2019-06-24T11:46:00Z,,FALSE,TRUE,,,,33.57039,-116.1466,FALSE,66 Fire,100,,TRUE,2019-05-29T21:06:00Z,Finalized,,,,,
53,FALSE,CAL FIRE Sonoma Lake Napa Unit,,2019,TRUE,Lake,17,2,,10,2019-09-08T07:00:00Z,,FALSE,TRUE,,,,38.955024,-122.833831,FALSE,Oak Fire,100,74,TRUE,2019-09-07T14:00:00Z,Finalized,,1,,,3
52,FALSE,Los Padres National Forest ,,2019,FALSE,San Luis Obispo,40,,,,,,FALSE,TRUE,,,,35.189783,-120.1755,FALSE,Ranch Fire,100,,TRUE,2019-10-01T22:35:52Z,Finalized,,,,,
52,FALSE,Unified Command: CAL FIRE San Diego County Fire & Lakeside Fire Protection District ,,2019,FALSE,San Diego,37,,,,2019-09-25T20:00:00Z,,FALSE,TRUE,,,,32.87833333,-116.88,FALSE,Willow Fire,100,,TRUE,2019-09-25T14:17:25Z,Finalized,,,,,
50,FALSE,CAL FIRE San Diego ,,2019,TRUE,San Diego,37,,,,,,FALSE,TRUE,,,,32.564583,-116.834583,FALSE,Copper Fire,100,,TRUE,2019-10-31T06:39:56Z,Finalized,,,,,
50,FALSE,Contra Costa Fire Department ,,2019,FALSE,Contra Costa,7,,,,2019-10-28T16:26:00Z,,FALSE,TRUE,,,,37.97911,-122.11092,FALSE,Forest Fire,100,,TRUE,2019-10-27T17:36:15Z,Finalized,,,,,
50,FALSE,CAL FIRE Amador-El Dorado Unit,,2019,TRUE,Sacramento,34,,,,2019-08-02T17:00:00Z,,FALSE,TRUE,,,,38.622058,-121.114095,FALSE,Prairie Fire ,100,,TRUE,2019-08-02T14:45:00Z,Finalized,,,,,
50,FALSE,CAL FIRE Sonoma-Lake-Napa Unit,,2019,TRUE,Napa,28,,,,2019-06-17T08:46:00Z,,FALSE,TRUE,,,,38.63047,-122.47282,FALSE,Ink Fire,100,,TRUE,2019-06-08T14:37:00Z,Finalized,,,,,
50,FALSE,CAL FIRE Butte Unit,,2019,TRUE,Butte,4,,,,2019-05-08T08:47:00Z,,FALSE,TRUE,,,,39.85484,-121.905,TRUE,Meridian Fire,100,,TRUE,2019-05-01T16:46:00Z,Finalized,,,,,
47,FALSE,CAL FIRE Santa Clara Unit ,,2019,TRUE,Santa Clara,43,,,,2019-07-15T18:19:00Z,,FALSE,TRUE,,,,37.32555556,-121.7644444,FALSE,Aborn Fire,100,,TRUE,2019-07-15T11:12:00Z,Finalized,,,,,
47,FALSE,CAL FIRE Tulare Unit ,,2019,TRUE,Tulare,54,,,,2019-06-11T17:18:00Z,,FALSE,TRUE,,,,35.89593,-118.94106,FALSE,Springs Fire,100,,TRUE,2019-06-10T17:51:00Z,Finalized,,,,,
46,FALSE,CAL FIRE Shasta-Trinity Unit,,2019,TRUE,Shasta,45,,,,2019-08-13T16:15:00Z,,FALSE,TRUE,,,,40.46968,-122.54364,FALSE,Lower Fire,100,,TRUE,2019-08-12T14:16:53Z,Finalized,,,,,
46,FALSE,CAL FIRE Tehama - Glenn Unit,,2019,TRUE,Tehama,52,,,,2019-06-24T11:43:00Z,,FALSE,TRUE,,,,39.97083,-122.48277,FALSE,Paskenta Fire,100,,TRUE,2019-06-22T03:12:00Z,Finalized,,,,,
45,FALSE,CAL FIRE/ Riverside County Fire,,2019,TRUE,Riverside,33,,,,2019-06-03T08:48:00Z,,FALSE,TRUE,,,,33.69078,-114.57265,FALSE,Diversion Fire,100,,TRUE,2019-05-30T12:41:00Z,Finalized,,,,,
44,FALSE,CAL FIRE Tuolumne Calaveras Unit,,2019,TRUE,San Joaquin,39,,,,2019-09-05T19:56:00Z,,FALSE,TRUE,,,,38.017138,-120.945044,FALSE,Flood Fire ,100,,TRUE,2019-09-05T14:33:01Z,Finalized,,,,,
43,FALSE,CAL FIRE San Benito - Monterey Unit,,2019,TRUE,Monterey,27,,,,2019-06-17T08:46:00Z,,FALSE,TRUE,,,,35.97059,-120.88241,FALSE,Ardo Fire,100,,TRUE,2019-06-12T17:23:00Z,Finalized,,,,,
42,FALSE,Los Angeles Fire Department ,,2019,FALSE,Los Angeles,19,,,,2019-10-31T14:16:00Z,,FALSE,TRUE,,,,34.055768,-118.554091,FALSE,Palisades Fire,100,,TRUE,2019-10-21T11:52:52Z,Finalized,,,,,
42,FALSE,CAL FIRE Shasta-Trinity Unit,,2019,TRUE,Shasta,45,,,,2019-10-10T19:05:00Z,,FALSE,TRUE,,,,40.4988,-122.19911,FALSE,Plains Fire,100,,TRUE,2019-10-10T15:49:07Z,Finalized,,,,,
38,FALSE,CAL FIRE Nevada-Yuba-Placer Unit,,2019,TRUE,Yuba,58,,,,,,FALSE,TRUE,,,,39.06066,-121.35014,FALSE,Far Fire,100,,TRUE,2019-07-06T20:21:25Z,Finalized,,,,,
35,FALSE,CAL FIRE Santa Clara Unit,,2019,TRUE,Santa Clara,43,,,,,,FALSE,TRUE,,,,37.034183,-121.45597,FALSE,Jamieson Fire,100,,TRUE,2019-08-25T13:06:49Z,Finalized,,,,,
35,FALSE,CAL FIRE Amador-El Dorado Unit,,2019,TRUE,El Dorado,9,,,2,2019-08-16T10:35:00Z,,FALSE,TRUE,,,,38.652475,-120.826165,FALSE,Patterson Fire,100,10,TRUE,2019-08-15T17:47:43Z,Finalized,,,,,
35,FALSE,Klamath National Forest,,2019,FALSE,Siskiyou,47,,,,,,FALSE,TRUE,,,,41.838,-122.845,FALSE,Community Fire,100,,TRUE,2019-07-27T10:15:00Z,Finalized,,,,,
35,FALSE,CAL FIRE Santa Clara Unit,,2019,TRUE,Santa Clara,43,,,,2019-06-17T08:46:00Z,,FALSE,TRUE,,,,37.44422,-121.84082,FALSE,Calaveras Fire ,100,,TRUE,2019-06-10T15:16:00Z,Finalized,,,,,
34,FALSE,CAL FIRE Riverside Unit,,2019,TRUE,Riverside,33,,,,,,FALSE,TRUE,,,,33.854597,-117.270144,FALSE,Redwood Fire,100,,TRUE,2019-09-12T20:30:41Z,Finalized,,,,,
34,FALSE,CAL FIRE/Riverside County Fire Department,,2019,TRUE,Riverside,33,,,,2019-08-23T23:00:00Z,,FALSE,TRUE,,,,33.4506,-116.857817,FALSE,Yucca Fire,100,,TRUE,2019-08-22T19:31:10Z,Finalized,,,,,
33,FALSE,Beale Air Force Base,,2019,FALSE,Yolo,57,,,,2019-08-10T15:07:00Z,,FALSE,TRUE,,,,39.171091,-121.423281,FALSE,Heavy Range Fire,100,,TRUE,2019-08-10T18:47:02Z,Finalized,,,,,
33,FALSE,CAL FIRE Tulare Unit,,2019,TRUE,Tulare,54,,,,2019-06-04T16:03:00Z,,FALSE,TRUE,,,,36.23012,-118.85712,FALSE,Yokohl Fire,100,,TRUE,2019-06-03T12:18:00Z,Finalized,,,,,
30,FALSE,CAL FIRE San Luis Obispo County,,2019,TRUE,San Luis Obispo,40,,,,2019-10-11T16:21:00Z,,FALSE,TRUE,,,,35.709176,-120.312856,FALSE,Bitter Fire,100,,TRUE,2019-10-11T12:30:19Z,Finalized,,,,,
30,FALSE,City of Vallejo Fire Department,,2019,FALSE,Solano,48,,,,,,FALSE,TRUE,,,,38.07944444,-122.2561111,FALSE,Mare Fire,100,,TRUE,2019-09-26T15:29:06Z,Finalized,,,,,
30,FALSE,CAL FIRE Shasta-Trinity Unit,,2019,TRUE,Shasta,45,,,,,,FALSE,TRUE,,,,40.55924,-122.25409,FALSE,Gilbert Fire,100,,TRUE,2019-08-04T17:18:21Z,Finalized,,,,,
30,FALSE,CAL FIRE Shasta-Trinity Unit,,2019,TRUE,Shasta,45,,,,2019-07-06T20:03:00Z,,FALSE,TRUE,,,,40.41741,-122.767256,FALSE,Ranch Fire,100,,TRUE,2019-07-05T14:46:33Z,Finalized,,,,,
30,FALSE,Alameda County Fire,,2019,FALSE,Alameda,1,,,,2019-06-24T11:06:00Z,,FALSE,TRUE,,,,37.75427,-121.57382,FALSE,Mountain Fire,100,,TRUE,2019-06-21T14:42:00Z,Finalized,,,,,
30,FALSE,Palm Springs City Fire,,2019,FALSE,Riverside,33,,,,2019-04-10T10:23:00Z,,FALSE,TRUE,,,,0,0,FALSE,Girasol Fire,100,,TRUE,2019-04-09T22:18:00Z,Finalized,,,,,
30,FALSE,CAL FIRE Humbolt-Del Norte Unit,,2019,TRUE,Humboldt,12,,,,2019-01-15T10:38:00Z,,FALSE,TRUE,,,,40.61805556,-123.6755556,FALSE,Pilot Fire,100,,TRUE,2019-01-01T14:14:00Z,Finalized,,,,,
29,FALSE,CAL FIRE Santa Clara Unit,,2019,TRUE,Santa Clara,43,,,,2019-10-07T09:58:00Z,,FALSE,TRUE,,,,37.066483,-121.219163,FALSE,Point Fire ,100,,TRUE,2019-10-07T09:58:51.763Z,Finalized,,,,,
29,FALSE,Kern County Fire Department ,,2019,FALSE,Kern,15,,,,2019-08-06T18:43:00Z,,FALSE,TRUE,,,,35.287373,-118.623651,FALSE,Caliente Fire,100,,TRUE,2019-08-05T13:56:02Z,Finalized,,,,,
28,FALSE,Sonoma-Lake-Napa Unit,,2019,TRUE,Lake,17,2,1,4,2019-09-05T10:03:00Z,,FALSE,TRUE,,,,38.910498,-122.642572,TRUE,Glass Fire,100,55,TRUE,2019-09-04T16:26:00Z,Finalized,,,,,2
28,FALSE,CAL FIRE San Diego County Fire Unit,,2019,TRUE,San Diego,37,,,,2019-06-30T16:50:00Z,,FALSE,TRUE,,,,32.62305556,-116.9141667,FALSE,Otay Fire,100,,TRUE,2019-06-29T11:11:55Z,Finalized,,,,,
27,FALSE,CAL FIRE Nevada-Yuba-Placer Unit ,,2019,TRUE,Placer,31,,,,2019-06-11T14:50:00Z,,FALSE,TRUE,,,,38.75263,-121.39259,FALSE,Watt Fire,100,,TRUE,2019-06-07T12:59:00Z,Finalized,,,,,
26,FALSE,CAL FIRE / Riverside County Fire,,2019,TRUE,Riverside,33,,,,2019-05-24T14:23:00Z,,FALSE,TRUE,,,,33.81678,-117.18194,FALSE,Foothill Fire,100,,TRUE,2019-05-20T13:50:00Z,Finalized,,,,,
25,FALSE,CAL FIRE Sonoma-Lake-Napa Unit,,2019,TRUE,Lake,17,,,,,,FALSE,TRUE,,,,38.88913,-122.604425,FALSE,Grove Fire,100,,TRUE,2019-10-17T20:06:00Z,Finalized,,,,,
25,FALSE,CAL FIRE Fresno-Kings Unit,,2019,TRUE,Fresno,10,,,,,,FALSE,TRUE,,,,36.154184,-120.634179,FALSE,Frame Fire,100,,TRUE,2019-09-30T17:39:00Z,Finalized,,,,,
25,FALSE,CAL FIRE San Diego Unit,,2019,TRUE,Mexico,"62,37",,,,2019-08-28T08:54:00Z,,FALSE,TRUE,,,,32.557546,-116.873955,FALSE,Border 10 Fire,100,,TRUE,2019-08-25T16:15:15Z,Finalized,,,,,
25,FALSE,CAL FIRE San Diego Unit,,2019,TRUE,San Diego,"62,37",,,,2019-08-28T08:54:00Z,,FALSE,TRUE,,,,32.557546,-116.873955,FALSE,Border 10 Fire,100,,TRUE,2019-08-25T16:15:15Z,Finalized,,,,,
25,FALSE,CAL FIRE Santa Clara Unit,,2019,TRUE,Alameda,1,,,,2019-07-05T03:20:00Z,,FALSE,TRUE,,,,37.469,-121.3697,FALSE,Bikeway Fire,100,,TRUE,2019-07-05T09:46:01.973Z,Finalized,,,,,
25,FALSE,CAL FIRE Tulare Unit,,2019,TRUE,Tulare,54,,,,2019-06-11T14:48:00Z,,FALSE,TRUE,,,,36.14246,-118.80582,FALSE,Bear Fire,100,,TRUE,2019-06-03T12:18:00Z,Finalized,,,,,
24,FALSE,CAL FIRE Santa Clara Unit,,2019,TRUE,Contra Costa,7,,,,2019-07-05T14:58:00Z,,FALSE,TRUE,,,,37.99837,-122.16201,FALSE,Fellow Fire,100,,TRUE,2019-07-05T13:33:56Z,Finalized,,,,,
24,FALSE,City of Fairfield,,2019,FALSE,Solano,48,,,,2019-06-17T08:49:00Z,,FALSE,TRUE,,,,38.21416,-122.12214,FALSE,Nelson Fire ,100,,TRUE,2019-06-07T12:59:00Z,Finalized,,,,,
23,FALSE,CAL FIRE Santa Clara Unit,,2019,TRUE,Contra Costa,7,,,,2019-06-11T14:47:00Z,,FALSE,TRUE,,,,38.02503,-121.9763,FALSE,Willow Fire,100,,TRUE,2019-06-06T14:24:00Z,Finalized,,,,,
22,FALSE,CAL FIRE/San Diego County Fire,,2019,TRUE,San Diego,37,,,,2019-05-19T09:26:00Z,,FALSE,TRUE,,,,32.557566,-116.8663,FALSE,Border Fire,100,,TRUE,2019-05-13T18:46:00Z,Finalized,,,,,
21,FALSE,CAL FIRE TCU,,2019,TRUE,Tuolumne,55,,,,2019-08-08T17:12:00Z,,FALSE,TRUE,,,,37.949747,-120.420058,FALSE,Preston Fire,100,,TRUE,2019-08-08T16:16:40Z,Finalized,,,,,
20,FALSE,CAL FIRE Sonoma Lake Napa Unit & William Fire Department ,,2019,TRUE,Colusa,6,1,2,7,2019-08-14T18:51:00Z,,FALSE,TRUE,,1,,39.088333,-122.309167,TRUE,Spring Fire ,100,65,TRUE,2019-08-14T12:52:00Z,Finalized,,,,,2
20,FALSE,CAL FIRE/Riverside County Fire Department,,2019,TRUE,Riverside,33,,,,2019-08-12T08:21:00Z,,FALSE,TRUE,,,,33.909792,-117.004667,FALSE,Radio Fire,100,,TRUE,2019-08-12T10:53:10Z,Finalized,,,,,
20,FALSE,CAL FIRE Sonoma-Lake-Napa Unit,,2019,TRUE,Lake,17,,,,2019-08-11T10:28:00Z,,FALSE,TRUE,,,,38.99174,-122.7751,FALSE,Golf Fire,100,,TRUE,2019-08-08T14:55:59Z,Finalized,,,,,
20,FALSE,CAL FIRE Riverside County Fire Department ,,2019,TRUE,Riverside,33,,,,2019-07-11T08:26:00Z,,FALSE,TRUE,,,,33.69055556,-116.953889,FALSE,Gibbel Fire ,100,,TRUE,2019-07-11T16:27:17Z,Finalized,,,,,
20,FALSE,CAL FIRE/Riverside County Fire Department,,2019,TRUE,Riverside,33,,,,2019-06-27T17:36:00Z,,FALSE,TRUE,,,,33.80493,-117.15738,FALSE,Nuevo Fire,100,,TRUE,2019-06-27T16:14:25Z,Finalized,,,,,
19,FALSE,CAL FIRE Riverside County Fire Department ,,2019,TRUE,Riverside,33,,,,2019-11-01T08:55:00Z,,FALSE,TRUE,,,,33.849906,-117.461363,FALSE,Sobrante Fire ,100,,TRUE,2019-11-01T13:04:34Z,Finalized,,,,,
19,FALSE,CAL FIRE / Riverside County Fire,,2019,TRUE,Riverside,33,,,,2019-09-30T09:05:00Z,,FALSE,TRUE,,,,33.703546,-117.033598,FALSE,Warren Fire,100,,TRUE,2019-09-30T07:07:00Z,Finalized,,,,,
19,FALSE,CAL FIRE Santa Clara Unit,,2019,TRUE,Alameda,1,,,,2019-08-31T12:50:00Z,,FALSE,TRUE,,,,37.718636,-121.657011,FALSE,Carroll Fire,100,,TRUE,2019-08-31T12:55:15Z,Finalized,,,,,
18,FALSE,CAL FIRE Santa Clara Unit ,,2019,TRUE,Stanislaus,50,,,,2019-10-04T10:39:00Z,,FALSE,TRUE,,,,37.429506,-121.336465,FALSE,Del Fire,100,,TRUE,2019-10-03T13:36:04Z,Finalized,,,,,
17,FALSE,CAL FIRE San Benito Monterey Unit ,,2019,TRUE,San Benito,35,,,,2019-09-04T20:33:00Z,,FALSE,TRUE,,,,36.732866,-121.39478,FALSE,Foster Fire ,100,,TRUE,2019-09-04T20:33:59Z,Finalized,,,,,
17,FALSE,CAL FIRE Santa Clara Unit,,2019,TRUE,Santa Clara,43,,,,2019-06-27T08:48:00Z,,FALSE,TRUE,,,,37.494136,-121.534827,FALSE,Mines Fire,100,,TRUE,2019-06-26T18:06:54Z,Finalized,,,,,
17,FALSE,CAL FIRE Chico Butte Unit,,2019,TRUE,Butte,4,,,,2019-06-24T11:06:00Z,,FALSE,TRUE,,,,39.76242,-121.73659,FALSE,32 Fire,100,,TRUE,2019-06-15T15:29:00Z,Finalized,,,,,
17,FALSE,CAL FIRE Siskiyou,,2019,TRUE,Siskiyou,47,,,,2019-06-17T10:39:00Z,,FALSE,TRUE,,,,41.64895,-122.35962,FALSE,Rocky Fire,100,,TRUE,2019-06-14T16:14:00Z,Finalized,,,,,
16,FALSE,CAL FIRE Shasta-Trinity Unit,,2019,TRUE,Shasta,45,,,,2019-09-24T14:52:00Z,,FALSE,TRUE,,,,40.612556,-122.039167,FALSE,Cow Fire,100,,TRUE,2019-09-24T08:40:45Z,Finalized,,,,,
16,FALSE,CAL FIRE Amador El Dorado Unit ,,2019,TRUE,El Dorado,9,,,,2019-08-14T18:52:00Z,,FALSE,TRUE,,,,38.703889,-120.890556,FALSE,Greenstone Fire ,100,,TRUE,2019-08-14T16:07:49Z,Finalized,,,,,
15,FALSE,CAL FIRE Siskiyou unit,,2019,TRUE,Siskiyou,47,,,,2019-09-10T19:27:00Z,,FALSE,TRUE,brush and timber,,,41.512917,-122.740333,FALSE,Duzel Fire,100,,TRUE,2019-09-07T18:19:16Z,Finalized,,,,,
15,FALSE,CAL FIRE San Bernardino Unit,,2019,TRUE,San Bernardino,36,,,,2019-09-06T08:00:00Z,,FALSE,TRUE,,,,34.353667,-117.343833,FALSE,Telephone Fire,100,,TRUE,2019-09-02T20:27:29Z,Finalized,,,,,
15,FALSE,CAL FIRE / San Diego County Fire,,2019,TRUE,San Diego,37,,,,2019-06-24T11:44:00Z,,FALSE,TRUE,,,,33.30267,-116.97772,FALSE,Pauma Fire,100,,TRUE,2019-06-10T14:25:00Z,Finalized,,,,,
13,FALSE,CAL FIRE Amador-El Dorado Unit,,2019,TRUE,El Dorado,9,,,,2019-07-31T06:47:00Z,,FALSE,TRUE,,,,38.757636,-120.75664,FALSE,Carson Fire,100,,TRUE,2019-07-30T19:27:46Z,Finalized,,,,,
12,FALSE,CAL FIRE Santa Clara Unit,,2019,TRUE,Alameda,1,,,,2019-10-08T17:51:00Z,,FALSE,TRUE,,,,37.606,-121.853,FALSE,Little Fire,100,,TRUE,2019-10-08T17:25:12Z,Finalized,,,,,
12,FALSE,CAL FIRE Butte County Fire Unit ,,2019,TRUE,Butte,4,,,,2019-06-29T18:20:00Z,,FALSE,TRUE,,,,39.32889,-121.23431,FALSE,Mayberry Fire ,100,,TRUE,2019-06-29T22:07:59Z,Finalized,,,,,
11,FALSE,CAL FIRE San Bernardino Unit ,,2019,TRUE,San Bernardino,36,,,,2019-10-22T13:30:00Z,,FALSE,TRUE,,,,34.033117,-117.21545,FALSE,Beaumont Fire,100,,TRUE,2019-10-21T08:16:33Z,Finalized,,,,,
11,FALSE,CAL FIRE Tehama Glenn Unit,,2019,TRUE,Tehama,52,,,,2019-10-07T11:03:00Z,,FALSE,TRUE,,,,40.314187,-122.070055,FALSE,Dales Fire,100,,TRUE,2019-10-07T11:03:29.963Z,Finalized,,,,,
11,FALSE,CAL FIRE TCU (Tuolumne-Calaveras Unit),,2019,TRUE,Stanislaus,50,,,,2019-09-13T21:43:00Z,,FALSE,TRUE,,,,37.492002,-120.401028,FALSE,Bridge Fire,100,,TRUE,2019-09-13T20:00:29Z,Finalized,,,,,
11,FALSE,CAL FIRE Santa Clara Unit,,2019,TRUE,Alameda,1,,,,2019-09-02T19:13:00Z,,FALSE,TRUE,,,,37.545167,-121.596667,FALSE,Mines Fire,100,,TRUE,2019-09-02T14:36:35Z,Finalized,,,,,
10,FALSE,San Diego City Fire Department ,,2019,FALSE,San Diego,37,,,,2019-10-16T13:50:00Z,,FALSE,TRUE,,,,32.762706,-117.097441,FALSE,Fairmont Fire,100,,TRUE,2019-10-15T17:41:57Z,Finalized,,,,,
10,FALSE,CAL FIRE Tehama-Glenn Unit,,2019,TRUE,Tehama,52,,,,2019-10-08T09:52:00Z,,FALSE,TRUE,,,,39.847708,-122.160416,FALSE,Inghram Fire,100,,TRUE,2019-10-09T09:52:52.477Z,Finalized,,1,,,
10,FALSE,CAL FIRE Amador-El Dorado Unit,,2019,TRUE,Amador,3,2,,5,2019-09-25T17:00:00Z,,FALSE,TRUE,,,1,38.332083,-120.67131,TRUE,Electra Fire,100,45,TRUE,2019-09-25T13:13:41Z,Finalized,,,,,
10,FALSE,CAL FIRE/Riverside County Fire Department,,2019,TRUE,Riverside,33,,,,2019-09-10T10:45:00Z,,FALSE,TRUE,,,,33.496633,-116.631106,FALSE,Bailey Fire,100,,TRUE,2019-09-10T10:43:58Z,Finalized,,,,,
10,FALSE,CAL FIRE Butte County Fire Department ,,2019,TRUE,Butte,4,,,,,,FALSE,TRUE,,,,39.423833,-121.579738,FALSE,Moms Fire ,100,,TRUE,2019-07-23T14:41:00Z,Finalized,,,,,
10,FALSE,CAL FIRE Siskiyou Unit,,2019,TRUE,Siskiyou,47,,,,2019-06-21T14:23:00Z,,FALSE,TRUE,,,,41.94622,-122.40157,FALSE,IronGate Fire,100,,TRUE,2019-06-16T20:33:00Z,Finalized,,,,,
10,FALSE,CAL FIRE / Butte County Fire,,2019,TRUE,Butte,4,,,,2019-05-08T08:47:00Z,,FALSE,TRUE,,,,39.83958,-121.957,FALSE,Cana Fire,100,,TRUE,2019-04-30T12:20:00Z,Finalized,,,,,
9,FALSE,CAL FIRE / Riverside County Fire,,2019,TRUE,Riverside,33,,,,2019-10-10T18:11:00Z,,FALSE,TRUE,,,,33.827979,-117.499619,FALSE,Eagle Fire,100,,TRUE,2019-10-10T12:08:00Z,Finalized,,,,,
2,FALSE,CAL FIRE Nevada-Yuba-Placer Unit ,,2019,TRUE,Nevada,29,,,,2019-06-28T17:33:00Z,,FALSE,TRUE,,,,39.40972222,-121.0005556,FALSE,Long Fire,100,,TRUE,2019-06-28T15:03:04Z,Finalized,,,,,
,FALSE,Yolo County Fire Protection District,,2019,FALSE,Yolo,57,,,,,,FALSE,TRUE,,,,38.734634,-121.729691,FALSE,Cashe Fire ,,,TRUE,2019-11-25T12:02:02Z,Finalized,,,,,
,FALSE,Camp Pendleton Marine Corps Base,,2019,FALSE,San Diego,37,,,,,,FALSE,TRUE,,,,33.351145,-117.403719,FALSE,Oak Fire,,,TRUE,2019-10-22T19:20:44Z,Finalized,,,,,
,FALSE,Bureau of Indian Affairs,,2019,FALSE,Riverside,33,,,,,,FALSE,FALSE,,,,33.45148,-116.05898,FALSE,Johnson Fire ,,,TRUE,2019-10-14T15:32:20Z,Inactive,,,,,
