STATION,DATE,TYPE,TEMP,DEW PNT,RH,W.DIR,W.SPEED,PRECIP,GC,FFMC,DMC,DC,ISI,BUI,FWI,DGR
ELK MOUNTAIN,2022-05-01,ACTUAL,13.2,-2.1,35,132,10,0,,,,,,,,
ELK MOUNTAIN,2022-05-02,ACTUAL,11.5,-0.4,44,150,8,0,,,,,,,,
ELK MOUNTAIN,2022-05-03,ACTUAL,10.2,2.8,60,134,7,3.4,,,,,,,,
ELK MOUNTAIN,2022-05-04,ACTUAL,11.4,-3.7,35,329,15,0,,,,,,,,
ELK MOUNTAIN,2022-05-05,ACTUAL,12.6,-6.5,26,299,6,0,,,,,,,,
ELK MOUNTAIN,2022-05-06,ACTUAL,13.6,-4.7,28,153,7,0,,,,,,,,
ELK MOUNTAIN,2022-05-07,ACTUAL,11.2,-3.8,35,207,6,0,,,,,,,,
ELK MOUNTAIN,2022-05-08,ACTUAL,5.2,2,80,338,5,1.2,,,,,,,,
ELK MOUNTAIN,2022-05-09,ACTUAL,6.5,1.9,72,89,6,13.2,,,,,,,,
ELK MOUNTAIN,2022-05-10,ACTUAL,13.4,-0.7,38,153,6,0,,,,,,,,
ELK MOUNTAIN,2022-05-11,ACTUAL,8.7,1.2,59,138,9,1.2,,,,,,,,
ELK MOUNTAIN,2022-05-12,ACTUAL,9.9,3.7,65,199,6,2.2,,,,,,,,
ELK MOUNTAIN,2022-05-13,ACTUAL,15.5,-0.4,34,124,13,0,,,,,,,,
ELK MOUNTAIN,2022-05-14,ACTUAL,5.8,4.3,90,295,6,18.4,,,,,,,,
ELK MOUNTAIN,2022-05-15,ACTUAL,16.4,-3.8,25,110,7,0,,,,,,,,
ELK MOUNTAIN,2022-05-16,ACTUAL,8.1,3.6,73,110,11,0,,,,,,,,
ELK MOUNTAIN,2022-05-17,ACTUAL,11.9,-6.2,28,303,11,9.4,,,,,,,,
ELK MOUNTAIN,2022-05-18,ACTUAL,16.3,-9.6,16,166,6,0,,,,,,,,
ELK MOUNTAIN,2022-05-19,ACTUAL,14.8,-1,34,171,6,0,,,,,,,,
ELK MOUNTAIN,2022-05-20,ACTUAL,18.2,-3.9,22,259,7,0.2,,,,,,,,
ELK MOUNTAIN,2022-05-21,ACTUAL,20.3,-4.1,19,306,16,0,,,,,,,,
ELK MOUNTAIN,2022-05-22,ACTUAL,16,3,42,139,9,0,,,,,,,,
ELK MOUNTAIN,2022-05-23,ACTUAL,15.4,1.8,40,122,8,0,,,,,,,,
ELK MOUNTAIN,2022-05-24,ACTUAL,13.8,2.3,46,294,6,3,,,,,,,,
ELK MOUNTAIN,2022-05-25,ACTUAL,12.2,4.7,60,143,9,0.6,,,,,,,,
ELK MOUNTAIN,2022-05-26,ACTUAL,18.3,-2.7,24,299,11,0.4,,,,,,,,
ELK MOUNTAIN,2022-05-27,ACTUAL,19.8,-1.4,24,167,7,0,,85,6,15,3,6,2,
ELK MOUNTAIN,2022-05-28,ACTUAL,16.8,1.9,37,135,11,0,,88.2,9,20,5.8,9,6,2
ELK MOUNTAIN,2022-05-29,ACTUAL,12.2,3.5,55,253,6,1.4,,77.9,11,25,1.3,11,1,1
ELK MOUNTAIN,2022-05-30,ACTUAL,22.2,-3.3,18,197,6,0,,91.1,16,31,6.8,15,9,2
ELK MOUNTAIN,2022-05-31,ACTUAL,24.2,-0.9,19,172,6,0,,93.8,21,38,10,21,14,3
ELK MOUNTAIN,2022-06-01,ACTUAL,26.5,-3.2,14,171,6,0,,95.6,27,46,12.8,27,20,3
ELK MOUNTAIN,2022-06-02,ACTUAL,26.4,-2.4,15,176,7,0,,95.7,33,55,13.3,33,22,3
ELK MOUNTAIN,2022-06-03,ACTUAL,27,4.1,23,188,7,0,,95.4,39,63,13,39,24,3
ELK MOUNTAIN,2022-06-04,ACTUAL,16.4,7.7,56,124,12,0,,89.3,41,69,7.1,41,16,3
ELK MOUNTAIN,2022-06-05,ACTUAL,15.3,8.4,63,211,6,2.8,,67.1,35,75,0.8,35,1,2
ELK MOUNTAIN,2022-06-06,ACTUAL,16.4,9.2,62,253,5,0,,77.3,37,82,1.1,37,2,2
ELK MOUNTAIN,2022-06-07,ACTUAL,19.7,3.3,34,356,7,0,,87.1,40,89,4,40,10,3
ELK MOUNTAIN,2022-06-08,ACTUAL,24.3,8.6,37,159,9,0,,89.9,44,96,6.8,44,16,3
ELK MOUNTAIN,2022-06-09,ACTUAL,13.6,10.8,83,35,5,30.2,,29.5,17,47,0,18,0,1
ELK MOUNTAIN,2022-06-10,ACTUAL,12.1,10.7,91,87,0,7,,12.3,10,42,0,12,0,1
ELK MOUNTAIN,2022-06-11,ACTUAL,20.7,6.9,41,289,13,3.2,,60.5,10,46,0.8,13,1,1
ELK MOUNTAIN,2022-06-12,ACTUAL,18.8,-2.3,24,307,11,3,,75.3,11,51,1.4,14,1,2
ELK MOUNTAIN,2022-06-13,ACTUAL,16.8,3,40,292,12,0,,85.2,14,57,4,17,6,2
ELK MOUNTAIN,2022-06-14,ACTUAL,18.1,4.6,41,250,5,0,,87.7,17,64,4,20,7,2
ELK MOUNTAIN,2022-06-15,ACTUAL,21.7,3.7,31,280,9,0,,90.6,21,71,7.4,24,12,3
ELK MOUNTAIN,2022-06-16,ACTUAL,15.7,7.5,58,99,8,0,,87.9,23,77,4.7,26,9,3
ELK MOUNTAIN,2022-06-17,ACTUAL,20.7,7.3,42,233,5,0,,88.7,26,84,4.5,29,9,3
ELK MOUNTAIN,2022-06-18,ACTUAL,23.5,7.5,36,101,8,0.4,,90.2,30,92,6.7,33,13,3
ELK MOUNTAIN,2022-06-19,ACTUAL,25.3,4.3,26,321,12,0,,92.6,35,100,11.5,37,21,3
ELK MOUNTAIN,2022-06-20,ACTUAL,19,8.7,51,342,7,1.2,,83.5,38,107,2.4,40,6,2
ELK MOUNTAIN,2022-06-21,ACTUAL,23.7,5.5,31,240,8,0.8,,88.9,42,114,5.6,44,13,3
ELK MOUNTAIN,2022-06-22,ACTUAL,10.2,9.9,98,240,2,82.2,,10.9,13,5,0,12,0,1
ELK MOUNTAIN,2022-06-23,ACTUAL,17.6,13.8,78,285,6,38.8,,25.8,6,7,0,6,0,1
ELK MOUNTAIN,2022-06-24,ACTUAL,25.5,8.4,34,204,6,0,,73.8,11,15,1,10,1,1
ELK MOUNTAIN,2022-06-25,ACTUAL,26.3,10.4,37,314,9,0,,88.1,15,23,5.2,15,7,2
ELK MOUNTAIN,2022-06-26,ACTUAL,22.9,11.6,49,103,9,0.6,,87.5,19,30,4.7,18,7,2
ELK MOUNTAIN,2022-06-27,ACTUAL,21.7,14.2,62,156,6,12.8,,54.3,11,18,0.4,11,0,1
ELK MOUNTAIN,2022-06-28,ACTUAL,26.8,9.1,33,203,7,0,,84.9,16,26,3,16,4,2
ELK MOUNTAIN,2022-06-29,ACTUAL,26.4,11.7,40,162,4,0,,89.2,20,35,4.7,20,7,2
ELK MOUNTAIN,2022-06-30,ACTUAL,26.4,12.1,41,200,4,0,,89.9,24,43,5.2,24,9,3
ELK MOUNTAIN,2022-07-01,ACTUAL,21.7,10.9,50,345,6,10.2,,61,15,35,0.6,15,0,1
ELK MOUNTAIN,2022-07-02,ACTUAL,25.3,8.7,35,98,6,0,,84.9,19,43,2.8,19,4,2
ELK MOUNTAIN,2022-07-03,ACTUAL,27.6,8.9,31,125,8,0,,91.2,23,52,7.5,23,12,3
ELK MOUNTAIN,2022-07-04,ACTUAL,26.1,11.4,40,129,9,0,,91.3,27,60,8.1,27,14,3
ELK MOUNTAIN,2022-07-05,ACTUAL,26.4,8.7,33,110,8,0,,91.6,31,69,8.1,31,15,3
ELK MOUNTAIN,2022-07-06,ACTUAL,27.1,10.2,35,159,7,0,,91.6,36,77,7.6,36,15,3
ELK MOUNTAIN,2022-07-07,ACTUAL,27.1,10.7,36,112,9,0,,91.7,40,86,8.3,40,17,3
ELK MOUNTAIN,2022-07-08,ACTUAL,14.8,14.5,98,270,3,17.4,,17.6,17,61,0,20,0,1
ELK MOUNTAIN,2022-07-09,ACTUAL,16.4,10.1,66,316,11,6.4,,41.7,11,59,0.1,15,0,1
ELK MOUNTAIN,2022-07-10,ACTUAL,19.3,10.4,56,276,8,0.2,,69.8,13,66,0.9,17,1,1
ELK MOUNTAIN,2022-07-11,ACTUAL,20.8,8.4,45,331,5,1,,80,16,73,1.5,20,2,2
ELK MOUNTAIN,2022-07-12,ACTUAL,18.4,3.7,38,331,5,0.2,,86.7,18,80,3.5,23,6,2
ELK MOUNTAIN,2022-07-13,ACTUAL,15.4,6.4,55,302,8,0.4,,86.8,20,87,4,26,8,2
ELK MOUNTAIN,2022-07-14,ACTUAL,23.6,6.7,34,322,10,0,,90.2,24,95,7.2,29,13,3
ELK MOUNTAIN,2022-07-15,ACTUAL,25.1,7.6,33,84,6,0,,91.2,28,103,6.9,33,14,3
ELK MOUNTAIN,2022-07-16,ACTUAL,20.4,14.6,69,10,4,0,,87,30,110,3.4,36,8,2
ELK MOUNTAIN,2022-07-17,ACTUAL,22.7,8,39,314,7,0.8,,87.7,33,118,4.3,39,10,3
ELK MOUNTAIN,2022-07-18,ACTUAL,16.2,14.5,90,356,5,3.6,,49.3,25,120,0.2,32,0,2
ELK MOUNTAIN,2022-07-19,ACTUAL,14.9,11.1,78,357,3,0.4,,61.1,25,127,0.5,34,1,2
ELK MOUNTAIN,2022-07-20,ACTUAL,21.4,7.5,41,323,10,0,,82.6,28,134,2.5,37,6,2
ELK MOUNTAIN,2022-07-21,ACTUAL,17.8,6.6,48,306,11,1.4,,80.7,31,141,2.1,40,6,2
ELK MOUNTAIN,2022-07-22,ACTUAL,24.5,7.9,35,293,7,0,,89.1,35,149,5.4,44,13,3
ELK MOUNTAIN,2022-07-23,ACTUAL,21.7,6.3,37,308,14,0,,89.9,38,157,8.7,47,20,4
ELK MOUNTAIN,2022-07-24,ACTUAL,21.7,6.3,37,336,8,0,,90,41,164,6.3,51,16,3
ELK MOUNTAIN,2022-07-25,ACTUAL,20.5,11.5,56,315,11,0,,88.4,44,172,5.9,53,16,3
ELK MOUNTAIN,2022-07-26,ACTUAL,29.5,12.4,35,321,13,0,,91.4,48,181,10.2,58,24,4
ELK MOUNTAIN,2022-07-27,ACTUAL,28.4,12.2,37,137,9,0,,91.5,53,190,8.2,62,22,4
ELK MOUNTAIN,2022-07-28,ACTUAL,22,13.5,58,328,9,0,,88.6,55,197,5.6,65,17,3
ELK MOUNTAIN,2022-07-29,ACTUAL,16.3,14.3,88,93,6,19.2,,29.4,24,159,0,35,0,2
ELK MOUNTAIN,2022-07-30,ACTUAL,18.9,12.7,67,177,4,0,,55.3,25,166,0.3,37,0,2
ELK MOUNTAIN,2022-07-31,ACTUAL,18.4,14.5,78,211,3,3.4,,46.9,20,169,0.1,30,0,2
ELK MOUNTAIN,2022-08-01,ACTUAL,22.4,13.3,56,294,11,8.6,,58.2,12,159,0.6,21,1,2
ELK MOUNTAIN,2022-08-02,ACTUAL,20.9,14.2,65,155,7,0,,75,14,165,1.1,23,1,2
ELK MOUNTAIN,2022-08-03,ACTUAL,12.1,11.9,99,127,4,45.6,,9.2,5,74,0,9,0,1
ELK MOUNTAIN,2022-08-04,ACTUAL,17.8,11.9,68,98,6,21,,32.8,3,44,0,5,0,1
ELK MOUNTAIN,2022-08-05,ACTUAL,23,10.4,45,128,5,0,,70.2,6,51,0.8,9,0,1
ELK MOUNTAIN,2022-08-06,ACTUAL,24.9,6,30,300,17,1.2,,87.1,10,59,6.6,14,8,2
ELK MOUNTAIN,2022-08-07,ACTUAL,20.6,7.5,43,297,13,0.4,,88.4,12,65,6.7,17,9,2
ELK MOUNTAIN,2022-08-08,ACTUAL,21.3,6.3,38,327,12,2.4,,81,13,72,2.3,17,3,2
ELK MOUNTAIN,2022-08-09,ACTUAL,22.6,8.3,40,257,5,0,,87.6,15,79,4,21,7,2
ELK MOUNTAIN,2022-08-10,ACTUAL,23.8,13.4,52,161,5,0,,87.7,18,86,3.9,24,7,2
ELK MOUNTAIN,2022-08-11,ACTUAL,17.4,11.1,66,168,6,6.8,,53.8,11,82,0.3,17,0,1
ELK MOUNTAIN,2022-08-12,ACTUAL,26,15.1,51,192,5,0,,79.2,14,90,1.4,20,2,2
ELK MOUNTAIN,2022-08-13,ACTUAL,27.4,17.7,55,182,5,0,,85.8,17,98,3,23,5,2
ELK MOUNTAIN,2022-08-14,ACTUAL,21.3,15.7,70,333,6,17.4,,47.9,9,73,0.2,13,0,1
ELK MOUNTAIN,2022-08-15,ACTUAL,24.9,10.3,40,328,12,0,,81.8,12,80,2.6,17,4,2
ELK MOUNTAIN,2022-08-16,ACTUAL,24.6,11.5,44,341,5,0,,87.6,15,88,3.9,21,7,2
ELK MOUNTAIN,2022-08-17,ACTUAL,23.5,14,55,151,3,0,,87.7,17,95,3.5,23,6,2
ELK MOUNTAIN,2022-08-18,ACTUAL,26.4,8.7,33,332,10,0,,91.1,21,103,8.3,28,14,3
ELK MOUNTAIN,2022-08-19,ACTUAL,24.1,10.7,43,300,3,0,,90.9,24,110,5.7,31,11,3
ELK MOUNTAIN,2022-08-20,ACTUAL,24.2,9.3,39,165,6,0,,91,27,117,6.5,34,13,3
ELK MOUNTAIN,2022-08-21,ACTUAL,23.8,12.2,48,72,5,0,,90.2,30,125,5.6,37,12,3
ELK MOUNTAIN,2022-08-22,ACTUAL,26.2,14.7,49,142,4,0,,90.2,33,132,5.5,40,13,3
ELK MOUNTAIN,2022-08-23,ACTUAL,26.4,15.8,52,191,5,0,,89.8,35,140,5.4,43,13,3
ELK MOUNTAIN,2022-08-24,ACTUAL,26.8,14.2,46,15,4,0,,89.8,38,148,5.1,47,13,3
ELK MOUNTAIN,2022-08-25,ACTUAL,26.1,16.7,56,349,4,0,,89.1,41,156,4.6,49,12,3
ELK MOUNTAIN,2022-08-26,ACTUAL,18.8,13.5,71,139,6,0,,86,42,162,3.3,51,10,3
ELK MOUNTAIN,2022-08-27,ACTUAL,18.3,4.7,41,318,9,0,,88.1,44,168,5,53,14,3
ELK MOUNTAIN,2022-08-28,ACTUAL,19.9,7.2,44,323,5,0,,88.3,47,175,4.3,56,13,3
ELK MOUNTAIN,2022-08-29,ACTUAL,16.4,11.2,71,147,5,1,,80.1,48,181,1.5,58,5,3
ELK MOUNTAIN,2022-08-30,ACTUAL,18.5,13,70,301,6,2.4,,66.9,42,187,0.8,54,2,3
ELK MOUNTAIN,2022-08-31,ACTUAL,12.2,11.4,95,68,2,0.8,,63.4,42,192,0.6,54,1,2
ELK MOUNTAIN,2022-09-01,ACTUAL,13.1,9.2,77,250,5,10,,35.1,22,175,0,33,0,2
ELK MOUNTAIN,2022-09-02,ACTUAL,18.8,7.9,49,222,4,0,,65.8,24,180,0.7,36,1,2
ELK MOUNTAIN,2022-09-03,ACTUAL,20.3,11.6,57,313,5,0.2,,79.2,25,185,1.3,38,3,2
ELK MOUNTAIN,2022-09-04,ACTUAL,17,8.2,56,314,13,0.6,,83.3,27,190,3.2,39,8,2
ELK MOUNTAIN,2022-09-05,ACTUAL,19.3,4.5,38,310,14,0,,88.2,29,195,6.7,42,15,3
ELK MOUNTAIN,2022-09-06,ACTUAL,18.6,4.7,40,271,6,0,,88.8,31,200,4.9,45,12,3
ELK MOUNTAIN,2022-09-07,ACTUAL,11.9,10.5,91,252,3,11.4,,27.3,14,178,0,24,0,2
ELK MOUNTAIN,2022-09-08,ACTUAL,14.3,6.9,61,303,6,1.2,,51.6,16,182,0.3,26,0,2
ELK MOUNTAIN,2022-09-09,ACTUAL,20,6.3,41,311,9,0,,78.6,18,188,1.6,29,3,2
ELK MOUNTAIN,2022-09-10,ACTUAL,18.9,-0.6,27,311,15,0,,89.1,20,193,8.2,32,15,3
ELK MOUNTAIN,2022-09-11,ACTUAL,14.9,3.7,47,191,4,0,,88.8,22,197,4.5,34,10,3
ELK MOUNTAIN,2022-09-12,ACTUAL,14.6,3.1,46,182,4,0,,88.8,23,202,4.5,36,10,3
ELK MOUNTAIN,2022-09-13,ACTUAL,15.3,4.9,50,205,6,0,,88.4,25,206,4.6,38,11,3
ELK MOUNTAIN,2022-09-14,ACTUAL,17.1,5.4,46,175,4,0,,88.4,27,211,4.3,40,10,3
ELK MOUNTAIN,2022-09-15,ACTUAL,18.4,7.2,48,251,5,0,,88.5,28,216,4.4,43,11,3
ELK MOUNTAIN,2022-09-16,ACTUAL,16.5,0.5,34,268,10,0,,89.4,30,221,6.6,45,16,3
ELK MOUNTAIN,2022-09-17,ACTUAL,13.9,2.4,46,184,5,0,,88.9,32,225,4.7,47,12,3
ELK MOUNTAIN,2022-09-18,ACTUAL,12.7,5.4,61,295,11,0.8,,83.3,33,229,3,48,8,3
ELK MOUNTAIN,2022-09-19,ACTUAL,12.9,3.8,54,158,5,0.6,,83.7,34,233,2.3,50,7,3
ELK MOUNTAIN,2022-09-20,ACTUAL,12.9,1.8,47,233,5,0,,85.6,35,237,2.9,51,9,3
ELK MOUNTAIN,2022-09-21,ACTUAL,19,7.4,47,205,5,0,,87.1,37,242,3.6,54,11,3
ELK MOUNTAIN,2022-09-22,ACTUAL,13.5,9,74,323,7,0,,84.7,38,246,2.8,55,9,3
ELK MOUNTAIN,2022-09-23,ACTUAL,13.1,6.3,63,9,4,1.8,,71.2,36,250,0.8,53,2,3
ELK MOUNTAIN,2022-09-24,ACTUAL,19,-2.7,23,312,11,0,,87.9,39,255,5.5,56,15,3
ELK MOUNTAIN,2022-09-25,ACTUAL,12.9,7.6,70,191,4,3,,61.1,31,255,0.5,48,1,2
ELK MOUNTAIN,2022-09-26,ACTUAL,14.2,9.5,73,154,5,0.4,,71.3,32,259,0.9,49,2,3
ELK MOUNTAIN,2022-09-27,ACTUAL,17,10.2,64,327,6,0,,79.3,33,264,1.5,51,4,3
ELK MOUNTAIN,2022-09-28,ACTUAL,13.1,7.2,67,253,5,0.2,,81.5,34,268,1.7,52,5,3
ELK MOUNTAIN,2022-09-29,ACTUAL,12.5,6.6,67,131,4,0,,82.4,35,272,1.8,53,6,3
ELK MOUNTAIN,2022-09-30,ACTUAL,14.4,8,65,6,4,0,,83.3,36,276,2,54,6,3
ELK MOUNTAIN,2022-10-01,ACTUAL,13.3,6.9,65,333,4,0,,83.6,37,279,2.1,55,7,3
ELK MOUNTAIN,2022-10-02,ACTUAL,16.3,-4.4,24,293,10,2.4,,79.5,33,283,1.8,51,5,3
ELK MOUNTAIN,2022-10-03,ACTUAL,10.3,-1.5,44,189,4,0,,83.8,34,285,2.2,52,7,3
ELK MOUNTAIN,2022-10-04,ACTUAL,12.7,1.3,46,166,6,0,,85.8,35,288,3.1,54,9,3
ELK MOUNTAIN,2022-10-05,ACTUAL,6.4,2,73,300,2,0,,84.1,35,290,2.1,54,7,3
ELK MOUNTAIN,2022-10-06,ACTUAL,5.8,3,82,288,6,0.4,,82,36,292,1.9,55,6,3
ELK MOUNTAIN,2022-10-07,ACTUAL,9.1,4.8,74,254,5,0,,82,36,294,1.8,55,6,3
ELK MOUNTAIN,2022-10-08,ACTUAL,13.8,3.3,49,268,6,0,,84.9,37,297,2.9,57,9,3
ELK MOUNTAIN,2022-10-09,ACTUAL,23.3,5.6,32,225,10,0,,90.2,40,302,7.4,60,20,4
ELK MOUNTAIN,2022-10-10,ACTUAL,11.8,-4.1,33,295,14,6,,65.1,25,290,1.1,42,3,2
ELK MOUNTAIN,2022-10-11,ACTUAL,10,2.9,61,311,11,0,,75.6,26,292,1.4,43,4,2
ELK MOUNTAIN,2022-10-12,ACTUAL,8.6,1.3,60,123,5,0.6,,78.7,27,295,1.3,44,3,3
ELK MOUNTAIN,2022-10-13,ACTUAL,24.9,2.9,24,195,10,0,,91.1,30,300,8.1,48,19,4
ELK MOUNTAIN,2022-10-14,ACTUAL,11,-2.5,39,140,7,0.6,,88.5,31,303,5,49,13,3
ELK MOUNTAIN,2022-10-15,ACTUAL,0.6,-0.3,94,75,3,6.4,,30.5,18,287,0,31,0,2
ELK MOUNTAIN,2022-10-16,ACTUAL,0,-1,93,249,4,3,,21.6,13,283,0,24,0,2
ELK MOUNTAIN,2022-10-17,ACTUAL,0.9,0.3,96,279,5,0,,24.7,13,283,0,24,0,2
ELK MOUNTAIN,2022-10-18,ACTUAL,2.4,2.4,100,145,3,0,,24.8,13,285,0,24,0,2
ELK MOUNTAIN,2022-10-19,ACTUAL,12.3,7.5,72,278,5,1.2,,43.2,14,288,0.1,25,0,2
ELK MOUNTAIN,2022-10-20,ACTUAL,11.2,-5.4,31,310,10,0,,71.2,15,290,1.1,27,2,2
ELK MOUNTAIN,2022-10-21,ACTUAL,6.4,0.8,67,134,4,0,,75.9,16,292,1,28,1,2
ELK MOUNTAIN,2022-10-22,ACTUAL,0,-6.2,63,114,8,1,,72.5,16,293,1,28,1,2
ELK MOUNTAIN,2022-10-23,ACTUAL,-1.4,-5.1,76,123,4,1.2,,65.2,16,293,0.6,28,1,2
ELK MOUNTAIN,2022-10-24,ACTUAL,-2.9,-7.8,69,93,8,0,,70.4,16,293,0.9,28,1,2
ELK MOUNTAIN,2022-10-25,ACTUAL,-2.6,-6.9,72,312,3,0,,73.2,16,294,0.8,28,1,2
ELK MOUNTAIN,2022-10-26,ACTUAL,-5.6,-7.6,86,132,5,0,,73.8,16,294,0.9,28,1,2
ELK MOUNTAIN,2022-10-27,ACTUAL,-1.6,-5.3,76,343,4,0,,75.5,16,294,1,28,1,2
ELK MOUNTAIN,2022-10-28,ACTUAL,2.6,-3.5,64,125,8,0.6,,77.3,16,295,1.3,28,2,2
ELK MOUNTAIN,2022-10-29,ACTUAL,-2.1,-4.8,82,142,4,5,,37.2,10,284,0,18,0,1
ELK MOUNTAIN,2022-10-30,ACTUAL,-2,-6.3,72,145,7,0,,49,10,284,0.2,18,0,1
ELK MOUNTAIN,2022-10-31,ACTUAL,-5,-7.6,82,129,5,0,,54.7,10,285,0.4,18,0,1
FIRESIDE,2022-05-01,ACTUAL,-18.6,-21.5,78,63,3,0,,,,,,,,
FIRESIDE,2022-05-02,ACTUAL,-18.9,-21.3,81,217,3,0,,,,,,,,
FIRESIDE,2022-05-03,ACTUAL,-6,-13.6,55,101,10,0,,,,,,,,
FIRESIDE,2022-05-04,ACTUAL,-11,-14.4,76,108,8,0.2,,,,,,,,
FIRESIDE,2022-05-05,ACTUAL,-1.7,-18.4,27,88,7,0,,,,,,,,
FIRESIDE,2022-05-06,ACTUAL,2.8,-14.5,27,81,6,0,,,,,,,,
FIRESIDE,2022-05-07,ACTUAL,-1.3,-12.7,42,83,12,0,,,,,,,,
FIRESIDE,2022-05-08,ACTUAL,-6.2,-13.8,55,41,3,0,,,,,,,,
FIRESIDE,2022-05-09,ACTUAL,-10.9,-12.5,88,217,3,0,,,,,,,,
FIRESIDE,2022-05-10,ACTUAL,-6.3,-8.4,85,239,5,0,,,,,,,,
FIRESIDE,2022-05-11,ACTUAL,1.1,-2,80,148,4,0.8,,,,,,,,
FIRESIDE,2022-05-12,ACTUAL,10.6,-6.4,30,80,8,0,,,,,,,,
FIRESIDE,2022-05-13,ACTUAL,13.7,-2.8,32,115,11,0,,,,,,,,
FIRESIDE,2022-05-14,ACTUAL,7.2,2.3,71,53,5,1,,,,,,,,
FIRESIDE,2022-05-15,ACTUAL,1.3,0.1,92,62,2,1.2,,,,,,,,
FIRESIDE,2022-05-16,ACTUAL,0.2,-0.2,97,70,6,6.8,,,,,,,,
FIRESIDE,2022-05-17,ACTUAL,2.3,-2,73,55,5,1.4,,,,,,,,
FIRESIDE,2022-05-18,ACTUAL,1.5,0.6,94,43,5,4.6,,,,,,,,
FIRESIDE,2022-05-19,ACTUAL,11.2,-3.5,36,112,9,0.2,,,,,,,,
FIRESIDE,2022-05-20,ACTUAL,11.5,-4.8,32,160,8,0,,,,,,,,
FIRESIDE,2022-05-21,ACTUAL,8.5,-2.8,45,105,12,0,,,,,,,,
FIRESIDE,2022-05-22,ACTUAL,2.1,-0.8,81,70,2,0,,,,,,,,
FIRESIDE,2022-05-23,ACTUAL,1.3,0.4,94,308,3,1,,,,,,,,
FIRESIDE,2022-05-24,ACTUAL,3.1,-4.3,58,225,8,0,,,,,,,,
FIRESIDE,2022-05-25,ACTUAL,6.5,-6.3,40,245,10,0,,,,,,,,
FIRESIDE,2022-05-26,ACTUAL,10,-9.2,25,277,8,0,,,,,,,,
FIRESIDE,2022-05-27,ACTUAL,11.7,-3.8,34,98,11,0,,85,6,15,3.6,6,3,
FIRESIDE,2022-05-28,ACTUAL,7.8,-2.9,47,41,6,0,,85.6,7,19,3.1,7,3,2
FIRESIDE,2022-05-29,ACTUAL,-1.5,-3.7,85,21,2,0.4,,82.2,7,21,1.6,8,1,1
FIRESIDE,2022-05-30,ACTUAL,-0.6,-1.5,94,239,2,0,,78.6,7,23,1.1,8,1,1
FIRESIDE,2022-05-31,ACTUAL,2.7,-1.4,74,312,3,0,,79.3,8,26,1.2,9,1,1
FIRESIDE,2022-06-01,ACTUAL,9.7,-5.2,35,266,3,0,,84.7,9,31,2.4,11,2,2
FIRESIDE,2022-06-02,ACTUAL,10.3,-0.9,46,119,5,0.8,,82.9,11,37,2.1,13,2,2
FIRESIDE,2022-06-03,ACTUAL,8,2.1,66,114,7,0,,82.9,12,41,2.3,14,3,2
FIRESIDE,2022-06-04,ACTUAL,7.8,0.8,61,101,4,0,,83.3,13,46,2.1,15,3,2
FIRESIDE,2022-06-05,ACTUAL,2.5,2.2,98,201,6,1.6,,61.7,12,50,0.6,15,0,1
FIRESIDE,2022-06-06,ACTUAL,16.1,7.1,55,81,12,1.6,,71.4,13,56,1.2,17,1,1
FIRESIDE,2022-06-07,ACTUAL,19.8,-0.4,26,276,7,0,,87,17,63,3.9,21,6,2
FIRESIDE,2022-06-08,ACTUAL,23.2,6.4,34,141,9,0,,90.2,21,71,6.9,24,12,3
FIRESIDE,2022-06-09,ACTUAL,15.3,9.7,69,74,5,4.6,,56.2,15,71,0.4,20,0,1
FIRESIDE,2022-06-10,ACTUAL,10.6,9.8,95,171,5,2.8,,36.2,12,76,0,17,0,1
FIRESIDE,2022-06-11,ACTUAL,15.7,5.9,52,295,12,3.8,,55.6,10,78,0.5,15,0,1
FIRESIDE,2022-06-12,ACTUAL,14.3,0.1,38,238,13,2.8,,67.3,9,82,1.1,15,1,1
FIRESIDE,2022-06-13,ACTUAL,12.5,1.5,47,203,13,0.4,,80.1,11,87,2.2,17,3,2
FIRESIDE,2022-06-14,ACTUAL,14.7,2.8,45,222,7,0.2,,85,14,93,3,20,5,2
FIRESIDE,2022-06-15,ACTUAL,16.2,2.8,41,278,5,0,,87.3,16,100,3.7,23,7,2
FIRESIDE,2022-06-16,ACTUAL,17.1,6.3,49,59,9,0,,87.4,19,106,4.5,26,8,3
FIRESIDE,2022-06-17,ACTUAL,19.2,4.4,38,73,5,0,,88.9,22,113,4.8,30,10,3
FIRESIDE,2022-06-18,ACTUAL,22.4,4.8,32,129,10,0,,90.8,26,120,7.7,34,15,3
FIRESIDE,2022-06-19,ACTUAL,23,3.9,29,290,7,0.2,,91.7,31,128,7.9,38,16,3
FIRESIDE,2022-06-20,ACTUAL,17.4,9.4,59,262,6,1.4,,79.9,33,135,1.5,41,4,2
FIRESIDE,2022-06-21,ACTUAL,20.7,3.7,33,242,6,0.4,,88.1,37,142,4.3,44,11,3
FIRESIDE,2022-06-22,ACTUAL,14.2,10.1,76,345,7,3.2,,60,29,144,0.6,39,1,2
FIRESIDE,2022-06-23,ACTUAL,18,8.9,55,123,6,4.6,,58.2,21,143,0.5,31,1,2
FIRESIDE,2022-06-24,ACTUAL,24,4.3,28,234,6,0,,85.1,26,151,2.9,36,7,2
FIRESIDE,2022-06-25,ACTUAL,24.6,7.2,33,265,8,0,,90.3,31,159,6.8,41,15,3
FIRESIDE,2022-06-26,ACTUAL,22.5,10,45,211,7,0.4,,90.2,34,166,6.5,45,15,3
FIRESIDE,2022-06-27,ACTUAL,24.7,7.7,34,72,5,0,,91,39,174,6.5,50,16,3
FIRESIDE,2022-06-28,ACTUAL,26.3,6.3,28,91,7,0,,92.4,44,182,8.5,55,21,4
FIRESIDE,2022-06-29,ACTUAL,27.2,7,28,155,5,0,,92.7,49,191,8,60,21,4
FIRESIDE,2022-06-30,ACTUAL,27,8.8,32,339,7,0,,92.8,54,199,8.9,64,23,4
FIRESIDE,2022-07-01,ACTUAL,20.8,10.9,53,356,5,10.8,,57.8,30,182,0.4,42,1,2
FIRESIDE,2022-07-02,ACTUAL,24.5,8.4,36,196,6,0,,83.3,33,190,2.2,46,6,3
FIRESIDE,2022-07-03,ACTUAL,26.3,7.3,30,113,8,0,,90.9,38,199,7.4,51,18,4
FIRESIDE,2022-07-04,ACTUAL,25.5,9.7,37,112,11,0,,91,42,207,8.5,56,21,4
FIRESIDE,2022-07-05,ACTUAL,25.9,4.9,26,101,8,0,,92.7,47,215,9.2,60,23,4
FIRESIDE,2022-07-06,ACTUAL,26.5,9.3,34,70,5,0,,92.8,51,224,8.3,65,22,4
FIRESIDE,2022-07-07,ACTUAL,25.9,6.9,30,113,8,0,,92.8,55,232,9.5,69,25,4
FIRESIDE,2022-07-08,ACTUAL,21,12.8,59,204,6,0,,88.8,57,240,4.8,72,16,4
FIRESIDE,2022-07-09,ACTUAL,14,8.7,70,257,7,2.4,,67.7,50,246,0.8,66,3,3
FIRESIDE,2022-07-10,ACTUAL,16.7,11.1,69,55,5,0,,76.2,51,253,1,68,4,3
FIRESIDE,2022-07-11,ACTUAL,17.8,4.6,42,238,8,0,,85,54,260,3.2,71,11,4
FIRESIDE,2022-07-12,ACTUAL,15.2,3.3,45,276,7,0,,86.7,56,266,3.7,73,13,4
FIRESIDE,2022-07-13,ACTUAL,12.8,4,55,256,9,0,,86.8,57,272,4.3,75,15,4
FIRESIDE,2022-07-14,ACTUAL,19.2,6.3,43,214,10,0,,88.1,60,279,5.4,78,18,4
FIRESIDE,2022-07-15,ACTUAL,20.2,7.5,44,218,3,0,,88.4,63,286,3.9,81,14,4
FIRESIDE,2022-07-16,ACTUAL,21.6,10.5,49,231,5,1,,84.7,65,294,2.6,84,11,4
FIRESIDE,2022-07-17,ACTUAL,16.8,6.6,51,239,10,0,,86.1,68,301,4,86,15,4
FIRESIDE,2022-07-18,ACTUAL,20.2,7.9,45,294,10,0,,87.8,70,308,5.1,89,19,4
FIRESIDE,2022-07-19,ACTUAL,18.4,6.2,45,261,15,0,,88,73,315,6.8,92,23,4
FIRESIDE,2022-07-20,ACTUAL,18.8,3.3,36,193,10,0,,89.4,76,322,6.5,95,23,4
FIRESIDE,2022-07-21,ACTUAL,16.6,5.5,48,264,8,2.6,,74.1,64,329,1.1,86,5,3
FIRESIDE,2022-07-22,ACTUAL,22.5,5.3,33,133,6,0,,87.2,67,337,3.8,90,15,4
FIRESIDE,2022-07-23,ACTUAL,16.5,5.7,49,238,11,1,,83.6,70,343,3,92,13,4
FIRESIDE,2022-07-24,ACTUAL,17.8,5.7,45,179,3,0,,86.5,72,350,3,95,13,4
FIRESIDE,2022-07-25,ACTUAL,17.2,12,71,330,3,0.8,,81.4,73,357,1.6,97,8,3
FIRESIDE,2022-07-26,ACTUAL,27.8,10.9,35,251,11,0.2,,90.2,78,366,7.7,101,26,4
FIRESIDE,2022-07-27,ACTUAL,27,6.3,27,231,7,0,,92.6,82,374,8.6,106,29,4
FIRESIDE,2022-07-28,ACTUAL,19.8,12.2,61,232,6,1.4,,80.6,84,382,1.7,109,9,4
FIRESIDE,2022-07-29,ACTUAL,18.3,13.2,72,289,5,7.8,,48.3,49,363,0.2,73,0,2
FIRESIDE,2022-07-30,ACTUAL,21.8,13,57,82,6,0.2,,73.1,51,370,0.9,76,4,3
FIRESIDE,2022-07-31,ACTUAL,16.4,14.6,89,56,4,4.4,,41.3,36,365,0.1,57,0,2
FIRESIDE,2022-08-01,ACTUAL,18.2,11.6,65,275,9,4,,52.7,26,362,0.4,45,1,2
FIRESIDE,2022-08-02,ACTUAL,14.3,13.2,93,192,4,2.4,,39.5,22,367,0,39,0,2
FIRESIDE,2022-08-03,ACTUAL,12.9,12.1,95,22,3,22.6,,9.2,9,295,0,17,0,1
FIRESIDE,2022-08-04,ACTUAL,18.9,7.6,48,153,4,0.8,,48.6,11,301,0.2,20,0,2
FIRESIDE,2022-08-05,ACTUAL,22.5,9.6,44,221,12,0,,79.4,14,308,2,25,4,2
FIRESIDE,2022-08-06,ACTUAL,20.3,5,37,256,12,3,,77,13,310,1.6,23,3,2
FIRESIDE,2022-08-07,ACTUAL,16.9,8.9,59,317,9,0,,82.5,14,316,2.4,26,5,2
FIRESIDE,2022-08-08,ACTUAL,17.5,4.4,42,292,6,0.4,,86.7,17,322,3.6,29,7,2
FIRESIDE,2022-08-09,ACTUAL,21.1,7.3,41,164,4,0,,88.6,19,329,4.4,34,9,3
FIRESIDE,2022-08-10,ACTUAL,25.2,8.1,34,353,5,0,,90.7,23,336,6.2,39,14,3
FIRESIDE,2022-08-11,ACTUAL,18.8,6.9,46,81,5,0,,89.9,25,342,5.4,42,13,3
FIRESIDE,2022-08-12,ACTUAL,24,12.3,48,329,6,0,,89.9,28,350,5.8,46,14,3
FIRESIDE,2022-08-13,ACTUAL,26.6,15.1,49,233,4,0,,90,31,358,5.1,51,14,3
FIRESIDE,2022-08-14,ACTUAL,19.6,10.4,55,248,8,0,,88.5,33,364,5.1,53,14,3
FIRESIDE,2022-08-15,ACTUAL,23.3,6.9,35,268,6,0,,90.3,36,371,6.1,58,17,3
FIRESIDE,2022-08-16,ACTUAL,22.4,6.9,37,151,6,0,,90.3,39,378,6.2,62,18,4
FIRESIDE,2022-08-17,ACTUAL,24.2,10.4,42,168,6,0,,90.4,42,386,6.2,66,18,4
FIRESIDE,2022-08-18,ACTUAL,23.3,3.7,28,298,9,0,,91.8,46,393,8.8,71,24,4
FIRESIDE,2022-08-19,ACTUAL,20,6.6,42,320,5,0,,90.8,48,400,6.1,74,19,4
FIRESIDE,2022-08-20,ACTUAL,20.8,7.7,43,319,6,0,,90.5,51,406,6,77,19,4
FIRESIDE,2022-08-21,ACTUAL,24,10.6,43,262,5,0,,90.5,54,414,5.9,81,20,4
FIRESIDE,2022-08-22,ACTUAL,26.7,9.9,35,64,5,0,,91.1,57,421,6.4,86,21,4
FIRESIDE,2022-08-23,ACTUAL,27.3,10.4,35,357,5,0,,91.3,61,429,6.8,90,23,4
FIRESIDE,2022-08-24,ACTUAL,26.7,11.1,38,184,4,0,,91.4,65,437,6.3,95,22,4
FIRESIDE,2022-08-25,ACTUAL,25.1,12.7,46,324,6,0,,90.7,68,445,6.3,98,23,4
FIRESIDE,2022-08-26,ACTUAL,21.5,6.5,38,291,9,0,,90.8,71,452,7.6,102,26,4
FIRESIDE,2022-08-27,ACTUAL,15.8,4.8,48,298,7,0,,89.3,72,457,5.5,104,21,4
FIRESIDE,2022-08-28,ACTUAL,19.4,4.6,38,203,7,0,,89.4,75,464,5.7,107,22,4
FIRESIDE,2022-08-29,ACTUAL,16.5,10.2,66,115,7,3,,66.4,59,462,0.8,90,3,3
FIRESIDE,2022-08-30,ACTUAL,11.4,10,91,303,4,10,,24.2,31,426,0,52,0,2
FIRESIDE,2022-08-31,ACTUAL,13,7.5,69,195,4,1,,44.1,32,431,0.1,53,0,2
FIRESIDE,2022-09-01,ACTUAL,13.3,4.7,56,221,10,0,,67.6,33,435,0.9,55,3,3
FIRESIDE,2022-09-02,ACTUAL,19.8,6.5,42,157,7,0,,83,35,440,2.3,58,8,3
FIRESIDE,2022-09-03,ACTUAL,17.2,7,51,238,6,0,,85.6,36,445,3,61,10,3
FIRESIDE,2022-09-04,ACTUAL,12.1,6.9,70,244,12,10.2,,46.7,18,408,0.2,33,0,2
FIRESIDE,2022-09-05,ACTUAL,16.1,5.1,48,296,11,0,,73,20,413,1.2,36,3,2
FIRESIDE,2022-09-06,ACTUAL,16.3,3.3,42,331,4,2.6,,69.2,18,417,0.7,32,1,2
FIRESIDE,2022-09-07,ACTUAL,9.6,8.5,93,305,5,4.4,,34.5,12,408,0,22,0,2
FIRESIDE,2022-09-08,ACTUAL,15.5,2.6,42,259,11,2.4,,61.3,11,412,0.8,20,1,2
FIRESIDE,2022-09-09,ACTUAL,17,3.9,42,212,8,0,,79.9,13,417,1.7,24,3,2
FIRESIDE,2022-09-10,ACTUAL,15.9,-0.5,33,271,16,0,,87.6,15,421,6.7,27,12,3
FIRESIDE,2022-09-11,ACTUAL,14.3,1.1,41,302,8,0,,87.9,16,426,4.9,30,10,3
FIRESIDE,2022-09-12,ACTUAL,15,0.7,38,175,3,0,,88.5,18,430,4.1,33,9,3
FIRESIDE,2022-09-13,ACTUAL,16.3,2.9,41,201,5,0,,88.5,20,435,4.4,36,10,3
FIRESIDE,2022-09-14,ACTUAL,16.4,6.3,51,68,5,0,,88.3,21,439,4.3,38,10,3
FIRESIDE,2022-09-15,ACTUAL,19,6.4,44,75,6,0,,88.3,23,445,4.5,41,11,3
FIRESIDE,2022-09-16,ACTUAL,13,0,41,281,8,0,,88.4,25,449,5,44,12,3
FIRESIDE,2022-09-17,ACTUAL,14,-0.2,38,127,4,0,,88.5,27,453,4.3,46,11,3
FIRESIDE,2022-09-18,ACTUAL,13.9,4.5,53,271,10,0.4,,87.8,28,457,5,48,13,3
FIRESIDE,2022-09-19,ACTUAL,12.7,1.3,46,158,5,0.8,,84.5,29,461,2.6,50,8,3
FIRESIDE,2022-09-20,ACTUAL,15.1,2.9,44,34,5,0,,86.6,31,465,3.3,53,10,3
FIRESIDE,2022-09-21,ACTUAL,20.3,5.8,39,205,8,0,,88.8,33,471,5.4,56,15,3
FIRESIDE,2022-09-22,ACTUAL,11.6,3.7,58,261,8,0.2,,87.1,34,475,4.3,58,13,3
FIRESIDE,2022-09-23,ACTUAL,13.8,-1.1,36,199,11,0,,88.4,36,479,5.9,60,17,3
FIRESIDE,2022-09-24,ACTUAL,12.8,-3.2,33,240,9,0,,89.1,37,483,5.8,63,17,3
FIRESIDE,2022-09-25,ACTUAL,10.5,8.1,85,169,4,2.6,,58.2,31,486,0.4,54,1,2
FIRESIDE,2022-09-26,ACTUAL,17.4,11.1,66,72,7,2,,63.5,29,491,0.7,51,2,3
FIRESIDE,2022-09-27,ACTUAL,14,7.1,63,294,8,0,,75.4,30,495,1.2,52,4,3
FIRESIDE,2022-09-28,ACTUAL,11.3,7.1,75,91,4,1.2,,70,31,499,0.8,53,2,3
FIRESIDE,2022-09-29,ACTUAL,15,7.6,61,157,5,0,,78.5,32,504,1.3,55,4,3
FIRESIDE,2022-09-30,ACTUAL,16.6,6.1,50,226,7,0.6,,83.4,33,508,2.5,57,8,3
FIRESIDE,2022-10-01,ACTUAL,18.5,6.6,46,206,9,0,,86.7,35,512,4.1,60,13,3
FIRESIDE,2022-10-02,ACTUAL,13,-3.9,31,221,6,0.4,,88.8,36,515,4.9,62,15,3
FIRESIDE,2022-10-03,ACTUAL,13.5,-1.8,35,195,7,0,,89,38,519,5.3,64,16,3
FIRESIDE,2022-10-04,ACTUAL,11.5,0.2,46,96,4,0,,88.6,39,521,4.2,66,14,3
FIRESIDE,2022-10-05,ACTUAL,5.9,1.1,71,112,6,0,,85.3,39,523,2.9,66,10,3
FIRESIDE,2022-10-06,ACTUAL,13.4,3.5,51,89,4,0,,85.8,40,526,2.8,68,10,3
FIRESIDE,2022-10-07,ACTUAL,14.2,4.2,51,19,3,0,,86.1,41,529,2.9,69,10,3
FIRESIDE,2022-10-08,ACTUAL,19.6,1.4,30,198,10,0,,90.1,44,534,7,72,21,4
FIRESIDE,2022-10-09,ACTUAL,19.6,5.6,40,209,20,0,,90.1,46,538,11.6,75,30,4
FIRESIDE,2022-10-10,ACTUAL,9,-5.4,36,265,23,0.4,,89.8,46,540,13.1,77,33,5
FIRESIDE,2022-10-11,ACTUAL,12.4,-0.2,42,285,11,0,,89.3,48,543,6.7,78,21,4
FIRESIDE,2022-10-12,ACTUAL,9.7,0.3,52,211,5,0.4,,87.9,48,546,4.1,79,15,4
FIRESIDE,2022-10-13,ACTUAL,20.4,3,32,192,12,0.2,,90.3,51,550,8.3,82,25,4
FIRESIDE,2022-10-14,ACTUAL,6.5,-5,44,327,6,0.4,,89,51,552,4.9,83,17,4
FIRESIDE,2022-10-15,ACTUAL,0,-0.7,95,93,5,6.8,,29.4,30,520,0,53,0,2
FIRESIDE,2022-10-16,ACTUAL,-0.2,-0.6,97,81,3,1.6,,24.6,29,520,0,51,0,2
FIRESIDE,2022-10-17,ACTUAL,1.2,0.8,97,308,3,4,,13.1,20,507,0,37,0,2
FIRESIDE,2022-10-18,ACTUAL,4.9,4.6,98,351,3,2.6,,9.9,16,508,0,30,0,2
FIRESIDE,2022-10-19,ACTUAL,13.1,3.2,51,180,6,1.8,,41.5,16,511,0.1,29,0,2
FIRESIDE,2022-10-20,ACTUAL,8.2,-4.4,41,253,10,0,,66.2,17,514,0.9,31,1,2
FIRESIDE,2022-10-21,ACTUAL,5.5,-0.1,67,257,5,0,,72.7,17,515,0.9,31,1,2
FIRESIDE,2022-10-22,ACTUAL,0.8,-5.4,63,88,4,0,,76.4,17,516,1,31,2,2
FIRESIDE,2022-10-23,ACTUAL,-2.4,-6.9,71,77,6,0,,77.7,17,516,1.3,31,2,2
FIRESIDE,2022-10-24,ACTUAL,-2.8,-9.7,59,75,9,0,,79.7,17,517,1.7,31,4,2
FIRESIDE,2022-10-25,ACTUAL,-5.3,-8.7,77,348,4,0,,79.7,17,517,1.3,31,3,2
FIRESIDE,2022-10-26,ACTUAL,-5.2,-6.6,90,123,5,0,,78.2,17,517,1.2,31,2,2
FIRESIDE,2022-10-27,ACTUAL,5.6,-2,58,219,9,1.6,,70.1,17,519,1,31,2,2
FIRESIDE,2022-10-28,ACTUAL,6.3,-5.5,43,141,3,4.6,,51.1,11,503,0.2,21,0,2
FIRESIDE,2022-10-29,ACTUAL,1.7,-8.5,47,77,4,0.8,,62.2,11,504,0.6,21,1,2
FIRESIDE,2022-10-30,ACTUAL,2,-1.4,78,41,4,0,,67.2,11,505,0.7,22,1,2
FIRESIDE,2022-10-31,ACTUAL,-0.8,-6.5,65,67,5,2.4,,53.1,9,505,0.3,17,0,1
FORT NELSON FS,2022-05-01,[object Object],,,,,,,,,,,,,,
FORT NELSON FS,2022-05-02,[object Object],,,,,,,,,,,,,,
FORT NELSON FS,2022-05-03,[object Object],,,,,,,,,,,,,,
FORT NELSON FS,2022-05-04,MANUAL,10,-2.1,43,225,22,0.2,,,,,,,,
FORT NELSON FS,2022-05-05,MANUAL,13,-6.7,25,315,8,0,,,,,,,,
FORT NELSON FS,2022-05-06,MANUAL,12,-3.1,35,315,15,0.4,,,,,,,,
FORT NELSON FS,2022-05-07,ACTUAL,5,-0.2,69,37,14,0,,,,,,,,
FORT NELSON FS,2022-05-08,ACTUAL,1.3,-0.8,86,31,13,5.8,,,,,,,,
FORT NELSON FS,2022-05-09,ACTUAL,-0.4,-2.3,87,42,7,0,,,,,,,,
FORT NELSON FS,2022-05-10,ACTUAL,11.4,-2.5,38,190,8,6.2,,,,,,,,
FORT NELSON FS,2022-05-11,ACTUAL,10.7,-2.5,40,106,7,0,,,,,,,,
FORT NELSON FS,2022-05-12,ACTUAL,13.5,1.4,44,238,7,0,,,,,,,,
FORT NELSON FS,2022-05-13,MANUAL,15,3.1,45,40,6,0,,,,,,,,
FORT NELSON FS,2022-05-14,ACTUAL,7.4,6.8,96,46,8,13,,,,,,,,
FORT NELSON FS,2022-05-15,ACTUAL,15.6,0.5,36,243,10,1.6,,,,,,,,
FORT NELSON FS,2022-05-16,[object Object],,,,,,,,,,,,,,
FORT NELSON FS,2022-05-17,[object Object],,,,,,,,,,,,,,
FORT NELSON FS,2022-05-18,ACTUAL,15.3,-5.8,23,352,8,0,,,,,,,,
FORT NELSON FS,2022-05-19,ACTUAL,14.9,-7.9,20,23,12,0,,,,,,,,
FORT NELSON FS,2022-05-20,[object Object],,,,,,,,,,,,,,
FORT NELSON FS,2022-05-21,[object Object],,,,,,,,,,,,,,
FORT NELSON FS,2022-05-22,ACTUAL,15.7,3.4,44,192,6,0,,,,,,,,
FORT NELSON FS,2022-05-23,ACTUAL,13.9,3,48,40,5,0,,,,,,,,
FORT NELSON FS,2022-05-24,[object Object],,,,,,,,,,,,,,
FORT NELSON FS,2022-05-25,ACTUAL,13,7.3,68,305,6,1,,,,,,,,
FORT NELSON FS,2022-05-26,ACTUAL,18.9,1.3,31,209,7,0.4,,,,,,,,
FORT NELSON FS,2022-05-27,[object Object],,,,,,,,,,,,,,
FORT NELSON FS,2022-05-28,[object Object],,,,,,,,,,,,,,
FORT NELSON FS,2022-05-29,ACTUAL,16.4,2.3,39,49,7,0,,,,,,,,
FORT NELSON FS,2022-05-30,ACTUAL,19.8,2.9,33,247,7,0,,86,20,80,3.5,25,6,
FORT NELSON FS,2022-05-31,ACTUAL,23.6,1.8,24,152,8,0,,91.9,25,87,8.4,29,15,3
FORT NELSON FS,2022-06-01,ACTUAL,25.1,1.2,21,134,8,0,,93.7,30,95,10.8,34,19,3
FORT NELSON FS,2022-06-02,ACTUAL,26.2,2.8,22,100,5,0,,93.9,36,103,9.5,38,19,3
FORT NELSON FS,2022-06-03,ACTUAL,25.9,4.3,25,8,7,0,,93.9,41,111,10.4,43,21,3
FORT NELSON FS,2022-06-04,ACTUAL,24.9,5.1,28,344,8,0,,93.9,46,119,11.3,47,23,4
FORT NELSON FS,2022-06-05,ACTUAL,14.4,9.5,72,13,5,3.6,,60.1,35,120,0.5,41,1,2
FORT NELSON FS,2022-06-06,ACTUAL,20.9,11.6,55,156,4,3.2,,62.6,30,124,0.6,37,1,2
FORT NELSON FS,2022-06-07,ACTUAL,19.9,10.1,53,131,7,0,,79.1,32,131,1.4,40,4,2
FORT NELSON FS,2022-06-08,ACTUAL,22.7,8.7,41,194,5,0,,87,36,138,3.7,44,9,3
FORT NELSON FS,2022-06-09,ACTUAL,15.9,12.9,82,344,6,8.4,,41.5,20,129,0.1,28,0,2
FORT NELSON FS,2022-06-10,ACTUAL,13.4,10.8,84,172,2,4,,31.4,14,129,0,22,0,2
FORT NELSON FS,2022-06-11,ACTUAL,18.8,3.7,37,135,10,1,,69.3,17,136,1,26,1,2
FORT NELSON FS,2022-06-12,ACTUAL,20.6,1.3,28,132,8,0,,86.6,21,143,3.9,31,8,3
FORT NELSON FS,2022-06-13,ACTUAL,21.5,1.6,27,269,6,0,,90.9,26,150,6.6,36,14,3
FORT NELSON FS,2022-06-14,ACTUAL,23.8,3.6,27,348,5,0,,92.1,30,158,7.6,41,16,3
FORT NELSON FS,2022-06-15,ACTUAL,21.8,5.1,34,73,6,0,,92.1,34,165,7.8,45,18,4
FORT NELSON FS,2022-06-16,ACTUAL,16.5,11.5,72,20,4,0,,86.6,36,172,3.2,47,9,3
FORT NELSON FS,2022-06-17,ACTUAL,19.5,12.6,64,25,6,5.2,,60.3,25,169,0.6,36,1,2
FORT NELSON FS,2022-06-18,ACTUAL,20.3,12.4,60,323,2,9,,46.6,15,158,0.1,24,0,2
FORT NELSON FS,2022-06-19,ACTUAL,23.4,7,35,211,5,0,,79.2,19,166,1.4,30,3,2
FORT NELSON FS,2022-06-20,ACTUAL,20.2,9.5,50,58,11,0,,85.4,22,173,3.9,33,9,3
FORT NELSON FS,2022-06-21,ACTUAL,21.6,6.6,38,221,6,4.2,,73,18,174,1,29,1,2
FORT NELSON FS,2022-06-22,ACTUAL,12.7,11.6,93,99,5,15.6,,20.8,8,145,0,15,0,1
FORT NELSON FS,2022-06-23,ACTUAL,23.2,6.4,34,5,10,4.2,,66.1,9,147,0.9,16,1,1
FORT NELSON FS,2022-06-24,ACTUAL,25.1,8.9,36,182,9,0.2,,86.3,13,155,4,22,7,2
FORT NELSON FS,2022-06-25,ACTUAL,27.8,10,33,13,7,0,,91.1,19,163,7.1,29,13,3
FORT NELSON FS,2022-06-26,ACTUAL,19.3,12.2,63,223,0,5,,51.4,13,161,0.2,22,0,2
FORT NELSON FS,2022-06-27,ACTUAL,22,11.7,52,188,7,0,,76.3,16,169,1.2,26,2,2
FORT NELSON FS,2022-06-28,ACTUAL,26.5,11,38,1,4,0,,87.7,21,177,3.7,32,8,3
FORT NELSON FS,2022-06-29,ACTUAL,27.8,8.6,30,243,5,0,,91.7,26,185,6.9,39,15,3
FORT NELSON FS,2022-06-30,ACTUAL,26.7,13.1,43,21,9,0,,91.4,30,194,8.1,44,18,4
FORT NELSON FS,2022-07-01,ACTUAL,20.7,7.3,42,130,7,0.2,,90.7,33,201,6.8,47,16,3
FORT NELSON FS,2022-07-02,ACTUAL,25,6.1,30,154,6,0,,91.8,38,209,7.6,52,19,4
FORT NELSON FS,2022-07-03,ACTUAL,28.2,7.4,27,245,4,0,,93,43,218,7.9,57,20,4
FORT NELSON FS,2022-07-04,ACTUAL,25.8,9.5,36,2,4,0,,92.6,47,226,7.5,62,20,4
FORT NELSON FS,2022-07-05,ACTUAL,24.9,11.1,42,223,5,0,,91.5,50,235,7,65,20,4
FORT NELSON FS,2022-07-06,ACTUAL,26.3,11.6,40,214,12,0,,91.6,54,243,9.9,70,26,4
FORT NELSON FS,2022-07-07,ACTUAL,25.9,9.6,36,241,11,0,,91.6,58,251,9.5,74,26,4
FORT NELSON FS,2022-07-08,ACTUAL,22.9,14.3,58,268,3,6.8,,60.7,37,243,0.5,53,1,2
FORT NELSON FS,2022-07-09,ACTUAL,17,14.1,83,47,11,30.4,,31.7,13,172,0,22,0,2
FORT NELSON FS,2022-07-10,ACTUAL,18.2,10.1,59,59,3,1.2,,55.3,15,179,0.3,25,0,2
FORT NELSON FS,2022-07-11,ACTUAL,24.2,6.8,33,72,5,0,,82.9,19,187,2.1,30,4,2
FORT NELSON FS,2022-07-12,ACTUAL,21.8,3.3,30,219,7,0,,89.7,23,194,5.9,35,12,3
FORT NELSON FS,2022-07-13,ACTUAL,17.4,6,47,337,0,0,,89.4,25,201,3.9,38,9,3
FORT NELSON FS,2022-07-14,ACTUAL,23.1,7.5,37,109,7,0,,90.1,29,209,6.3,43,15,3
FORT NELSON FS,2022-07-15,ACTUAL,25,7.1,32,233,7,0,,91.3,33,217,7.5,48,18,4
FORT NELSON FS,2022-07-16,ACTUAL,22.3,13.7,58,153,6,2.2,,76.5,31,225,1.1,46,3,3
FORT NELSON FS,2022-07-17,ACTUAL,23.7,10.7,44,233,5,0,,86.1,34,233,3.2,50,9,3
FORT NELSON FS,2022-07-18,MANUAL,23.6,12.3,49,190,8,7.2,,67.8,22,225,0.9,35,2,2
FORT NELSON FS,2022-07-19,MANUAL,22,7.3,39,270,28,0,,86.6,25,232,10.9,39,21,3
FORT NELSON FS,2022-07-20,MANUAL,23.2,6.4,34,300,13,0,,90.2,29,240,8.5,44,19,4
FORT NELSON FS,2022-07-21,MANUAL,16.8,5.7,48,270,21,5,,70.5,21,237,1.8,34,4,2
FORT NELSON FS,2022-07-22,MANUAL,19.8,10.8,56,165,8,0,,81.5,23,244,2,37,5,2
FORT NELSON FS,2022-07-23,MANUAL,18.7,9.3,54,330,11,0,,85.2,25,251,3.7,40,9,3
FORT NELSON FS,2022-07-24,ACTUAL,24.1,3.3,26,41,9,0,,91.5,29,259,8.6,46,19,4
FORT NELSON FS,2022-07-25,ACTUAL,23.7,11.4,46,48,9,0,,90.5,32,267,7.4,50,18,4
FORT NELSON FS,2022-07-26,ACTUAL,29,14.4,41,0,2,0,,90.6,37,276,5.2,55,14,3
FORT NELSON FS,2022-07-27,ACTUAL,27,15.1,48,22,5,0,,90.5,40,285,5.9,59,16,3
FORT NELSON FS,2022-07-28,ACTUAL,25.1,13,47,33,6,0,,90.4,43,293,6,63,17,4
FORT NELSON FS,2022-07-29,ACTUAL,17.1,15.9,93,318,0,5.8,,33,27,285,0,44,0,2
FORT NELSON FS,2022-07-30,ACTUAL,20.7,12,57,207,6,0.4,,64.9,29,293,0.7,47,1,3
FORT NELSON FS,2022-07-31,ACTUAL,21.3,13.1,59,264,9,0,,79.8,31,300,1.8,50,5,3
FORT NELSON FS,2022-08-01,ACTUAL,15.5,14.4,93,5,2,12.4,,23.1,14,270,0,25,0,2
FORT NELSON FS,2022-08-02,ACTUAL,22.6,10.4,46,215,13,0,,70.1,17,277,1.2,29,2,2
FORT NELSON FS,2022-08-03,ACTUAL,20.2,10.9,55,210,4,21.6,,48.5,9,223,0.2,16,0,1
FORT NELSON FS,2022-08-04,ACTUAL,16.3,11.5,73,28,2,11.2,,31.6,5,202,0,9,0,1
FORT NELSON FS,2022-08-05,ACTUAL,24.3,9.8,40,136,6,0,,73.5,8,210,1,15,1,1
FORT NELSON FS,2022-08-06,ACTUAL,26,6.5,29,34,8,0,,89.5,12,217,6.1,21,10,3
FORT NELSON FS,2022-08-07,ACTUAL,25.2,11,41,30,6,0,,89.8,15,225,5.6,26,10,3
FORT NELSON FS,2022-08-08,ACTUAL,22,6.1,36,56,11,0.2,,90.2,18,232,7.8,31,14,3
FORT NELSON FS,2022-08-09,ACTUAL,23,9.7,43,359,7,0,,90.2,21,239,6.2,35,13,3
FORT NELSON FS,2022-08-10,ACTUAL,29,13.6,39,319,6,0,,90.8,25,247,6.4,40,14,3
FORT NELSON FS,2022-08-11,ACTUAL,15.5,9.5,67,319,3,0,,87,26,253,3.3,42,8,3
FORT NELSON FS,2022-08-12,ACTUAL,24.3,11.9,46,198,7,0,,88.5,29,260,5,45,12,3
FORT NELSON FS,2022-08-13,ACTUAL,27.9,17.8,54,36,4,0,,88.5,32,268,4.3,49,12,3
FORT NELSON FS,2022-08-14,ACTUAL,20.2,16.3,78,164,7,1.2,,77.9,33,275,1.4,50,4,3
FORT NELSON FS,2022-08-15,ACTUAL,25.8,7.8,32,65,13,0.4,,89.9,36,283,7.9,55,20,4
FORT NELSON FS,2022-08-16,ACTUAL,26.8,10.8,37,198,9,0,,90.8,40,291,7.6,60,20,4
FORT NELSON FS,2022-08-17,ACTUAL,27.8,12.9,40,153,6,0,,90.8,44,299,6.6,64,19,4
FORT NELSON FS,2022-08-18,ACTUAL,28.5,12.3,37,312,4,0,,91.1,48,307,6.2,69,19,4
FORT NELSON FS,2022-08-19,ACTUAL,27.8,12.1,38,90,3,0,,91.2,51,315,6,73,19,4
FORT NELSON FS,2022-08-20,ACTUAL,24.5,9.2,38,226,7,0,,91.2,55,322,7.2,77,22,4
FORT NELSON FS,2022-08-21,ACTUAL,26.2,11.5,40,116,5,0,,91.3,58,330,6.7,80,21,4
FORT NELSON FS,2022-08-22,ACTUAL,27.3,14.7,46,306,4,0,,91,61,338,6,84,20,4
FORT NELSON FS,2022-08-23,ACTUAL,27.9,15.6,47,218,5,0,,90.8,64,346,6.1,88,21,4
FORT NELSON FS,2022-08-24,ACTUAL,29.6,17.5,48,192,6,0,,90.9,68,354,6.5,91,22,4
FORT NELSON FS,2022-08-25,ACTUAL,29.3,15.4,43,114,5,0,,90.9,71,362,6.3,95,22,4
FORT NELSON FS,2022-08-26,ACTUAL,22.4,11.8,51,29,6,0,,89.6,73,369,5.4,98,20,4
FORT NELSON FS,2022-08-27,ACTUAL,20.9,5.6,37,115,10,0.2,,89.8,76,376,6.9,101,25,4
FORT NELSON FS,2022-08-28,ACTUAL,23,5.8,33,121,14,0,,90.9,80,383,9.9,105,32,5
FORT NELSON FS,2022-08-29,ACTUAL,18,11.2,64,359,4,0,,87.5,81,390,3.6,107,16,4
FORT NELSON FS,2022-08-30,ACTUAL,19,12.6,66,327,2,0,,86.5,83,396,2.9,108,13,4
FORT NELSON FS,2022-08-31,ACTUAL,17.5,8.4,55,323,3,0,,86.5,84,402,3,111,14,4
FORT NELSON FS,2022-09-01,ACTUAL,20.2,4.9,37,200,6,4.2,,71.7,60,396,0.9,87,4,3
FORT NELSON FS,2022-09-02,ACTUAL,15.9,10.3,69,167,3,0,,77.6,61,400,1,88,5,3
FORT NELSON FS,2022-09-03,ACTUAL,21.5,12.7,57,190,0,0,,82.2,62,406,1.5,90,7,3
FORT NELSON FS,2022-09-04,ACTUAL,20,9.9,52,30,7,0,,85.7,64,411,3.3,92,14,4
FORT NELSON FS,2022-09-05,ACTUAL,17.3,7.4,52,134,14,0,,86.4,66,416,5.2,94,19,4
FORT NELSON FS,2022-09-06,ACTUAL,19.4,4.2,37,173,8,0,,88.9,68,421,5.3,97,20,4
FORT NELSON FS,2022-09-07,ACTUAL,12.5,8.2,75,16,4,0,,85.1,69,425,2.6,98,12,4
FORT NELSON FS,2022-09-08,ACTUAL,18.8,2.5,34,31,9,0,,89,71,430,5.7,101,21,4
FORT NELSON FS,2022-09-09,ACTUAL,18.3,1.2,32,188,6,0,,90.1,73,435,6,103,22,4
FORT NELSON FS,2022-09-10,ACTUAL,21.6,0.7,25,38,7,0,,92,76,441,8.1,107,28,4
FORT NELSON FS,2022-09-11,ACTUAL,13.4,4.8,56,0,2,0,,88.9,78,445,4,108,17,4
FORT NELSON FS,2022-09-12,ACTUAL,16.7,4.3,44,112,3,0,,89,79,450,4.3,110,18,4
FORT NELSON FS,2022-09-13,ACTUAL,18.6,4.3,39,164,4,0,,89.1,81,455,4.5,113,19,4
FORT NELSON FS,2022-09-14,ACTUAL,20.7,6.2,39,212,0,0,,89.4,84,460,3.9,115,17,4
FORT NELSON FS,2022-09-15,ACTUAL,20.3,6.6,41,186,6,0,,89.4,86,466,5.2,118,22,4
FORT NELSON FS,2022-09-16,ACTUAL,17.2,0.2,32,20,3,0,,90,88,470,5.1,120,21,5
FORT NELSON FS,2022-09-17,ACTUAL,19.1,3.2,35,42,4,0,,90.1,91,475,5.3,123,22,5
FORT NELSON FS,2022-09-18,ACTUAL,15,3.1,45,54,12,0,,89.3,92,480,7,125,27,5
FORT NELSON FS,2022-09-19,ACTUAL,15.5,6.3,54,168,10,0,,88,94,484,5.3,126,23,5
FORT NELSON FS,2022-09-20,ACTUAL,14.9,2.4,43,217,2,0.6,,86.9,95,489,3.1,128,15,4
FORT NELSON FS,2022-09-21,ACTUAL,19.2,6.3,43,187,6,0,,88.1,97,494,4.5,130,20,5
FORT NELSON FS,2022-09-22,ACTUAL,23.8,8.9,39,196,7,0,,89.6,100,500,5.7,133,24,5
FORT NELSON FS,2022-09-23,ACTUAL,17.9,-1,28,151,9,0,,90.9,102,505,7.6,136,30,5
FORT NELSON FS,2022-09-24,ACTUAL,19.7,-3.9,20,119,12,0,,92.9,105,510,12,139,40,5
FORT NELSON FS,2022-09-25,ACTUAL,16.6,2.9,40,212,3,0,,91.3,107,515,5.9,141,25,5
FORT NELSON FS,2022-09-26,ACTUAL,11,8.9,87,2,0,0.6,,83.6,108,518,1.7,142,10,4
FORT NELSON FS,2022-09-27,ACTUAL,24.1,12.1,47,0,4,0.4,,87.4,110,525,3.5,144,18,5
FORT NELSON FS,2022-09-28,ACTUAL,16.9,4.8,45,16,7,0,,87.7,112,529,4.3,146,20,5
FORT NELSON FS,2022-09-29,ACTUAL,15.5,5.4,51,221,5,0,,87.7,113,534,3.9,148,19,5
FORT NELSON FS,2022-09-30,ACTUAL,16.9,7,52,231,4,0,,87.8,115,538,3.9,150,19,5
FORT NELSON FS,2022-10-01,ACTUAL,10.9,6.7,75,63,2,0,,84.8,115,541,2.3,150,13,4
FORT NELSON FS,2022-10-02,ACTUAL,17.4,-2.4,26,163,7,0.2,,89.9,117,545,5.8,152,26,5
FORT NELSON FS,2022-10-03,ACTUAL,12.6,-0.8,40,165,2,0,,89.7,118,548,4.4,154,21,5
FORT NELSON FS,2022-10-04,ACTUAL,10.7,1,51,12,11,0,,88.1,119,551,5.7,155,25,5
FORT NELSON FS,2022-10-05,ACTUAL,6.8,2.3,73,5,6,0,,84.8,120,553,2.8,155,15,4
FORT NELSON FS,2022-10-06,ACTUAL,14.5,4.2,50,177,5,0,,85.9,121,556,3.1,157,17,4
FORT NELSON FS,2022-10-07,ACTUAL,16.9,4.2,43,84,2,0,,87.3,122,560,3.2,158,17,4
FORT NELSON FS,2022-10-08,ACTUAL,17.4,0,31,168,10,0,,89.8,124,563,6.7,160,29,5
FORT NELSON FS,2022-10-09,ACTUAL,17.6,3.8,40,204,6,0,,89.8,126,567,5.7,162,26,5
FORT NELSON FS,2022-10-10,ACTUAL,13.4,-5.8,26,52,25,0.6,,90.1,128,570,15,164,49,5
FORT NELSON FS,2022-10-11,ACTUAL,15.2,-3.8,27,265,16,0,,90.8,129,574,10.6,166,39,5
FORT NELSON FS,2022-10-12,ACTUAL,7.4,-4.5,43,19,5,0,,89.4,130,576,5.1,166,24,5
FORT NELSON FS,2022-10-13,ACTUAL,19.6,3.6,35,19,6,0,,89.9,132,580,5.6,168,26,5
FORT NELSON FS,2022-10-14,ACTUAL,4.1,-5.2,51,248,9,0,,87.9,133,582,4.9,169,23,5
FORT NELSON FS,2022-10-15,ACTUAL,3.1,-3.7,61,195,4,0.2,,86.1,133,583,2.9,169,16,4
FORT NELSON FS,2022-10-16,ACTUAL,6.8,-3.5,48,18,2,0,,86.1,133,585,2.7,170,15,4
FORT NELSON FS,2022-10-17,ACTUAL,11.2,0.6,48,221,0,0,,86.2,134,587,2.5,171,14,4
FORT NELSON FS,2022-10-18,ACTUAL,7.3,2.2,70,20,0,0,,84.9,135,589,2.1,172,12,4
FORT NELSON FS,2022-10-19,ACTUAL,10.2,4.6,68,36,3,0,,84.5,135,592,2.3,172,13,4
FORT NELSON FS,2022-10-20,ACTUAL,13.5,-5.3,27,281,23,0,,89.4,137,595,12.2,174,43,5
FORT NELSON FS,2022-10-21,ACTUAL,6.2,1.4,71,246,10,0,,85.4,137,597,3.7,174,19,5
FORT NELSON FS,2022-10-22,ACTUAL,-1.1,-4.1,80,249,0,2.8,,50.2,95,588,0.2,135,1,3
FORT NELSON FS,2022-10-23,ACTUAL,-1.9,-5.2,78,249,0,0,,54.1,95,589,0.3,135,1,3
FORT NELSON FS,2022-10-24,ACTUAL,-2.9,-4.8,87,112,0,0,,56.1,95,589,0.3,135,1,3
FORT NELSON FS,2022-10-25,ACTUAL,-2.9,-6.7,75,112,0,0,,59.7,95,589,0.4,135,2,3
FORT NELSON FS,2022-10-26,ACTUAL,-2.9,-5.4,83,112,0,0,,61.8,95,589,0.5,135,2,3
FORT NELSON FS,2022-10-27,ACTUAL,3.4,-2.3,66,19,5,1.8,,57.3,86,591,0.4,126,2,3
FORT NELSON FS,2022-10-28,ACTUAL,-3.3,-5.5,85,119,0,3.2,,33.1,64,579,0,100,0,2
FORT NELSON FS,2022-10-29,ACTUAL,4.8,-5.1,49,22,2,0,,51.6,64,581,0.2,101,1,2
FORT NELSON FS,2022-10-30,ACTUAL,-4.3,-7.7,77,240,0,0,,55.3,64,581,0.3,101,1,2
FORT NELSON FS,2022-10-31,ACTUAL,-5.1,-7.9,81,240,0,0,,57.8,64,581,0.4,101,1,2
HELMUT,2022-05-01,ACTUAL,9.7,-2,44,165,16,0,,,,,,,,
HELMUT,2022-05-02,ACTUAL,8.3,0.1,56,166,22,0,,,,,,,,
HELMUT,2022-05-03,ACTUAL,9.2,2.3,62,183,17,0,,,,,,,,
HELMUT,2022-05-04,ACTUAL,12.8,-4.5,30,245,14,0,,,,,,,,
HELMUT,2022-05-05,ACTUAL,11.6,-5.5,30,36,8,0,,,,,,,,
HELMUT,2022-05-06,ACTUAL,8.3,-1.5,50,50,14,0,,,,,,,,
HELMUT,2022-05-07,ACTUAL,0.2,0.1,99,347,22,9.6,,,,,,,,
HELMUT,2022-05-08,ACTUAL,-1.6,-2.2,96,4,15,6.8,,,,,,,,
HELMUT,2022-05-09,ACTUAL,-3.9,-4.9,93,9,11,0.8,,,,,,,,
HELMUT,2022-05-10,ACTUAL,3.5,2,90,241,6,8.4,,,,,,,,
HELMUT,2022-05-11,ACTUAL,10.5,-2,42,79,12,2.2,,,,,,,,
HELMUT,2022-05-12,ACTUAL,12.7,-1.4,38,184,15,0,,,,,,,,
HELMUT,2022-05-13,ACTUAL,15.9,1.1,37,104,13,0,,,,,,,,
HELMUT,2022-05-14,ACTUAL,7.5,6.9,96,87,9,7.2,,,,,,,,
HELMUT,2022-05-15,ACTUAL,13.3,-3.6,31,187,10,4.8,,,,,,,,
HELMUT,2022-05-16,ACTUAL,8.5,1.2,60,102,17,0,,,,,,,,
HELMUT,2022-05-17,ACTUAL,11.3,-4.1,34,268,24,2.4,,,,,,,,
HELMUT,2022-05-18,ACTUAL,14,-10,18,40,10,0,,,,,,,,
HELMUT,2022-05-19,ACTUAL,10.7,-9.7,23,48,19,0.6,,,,,,,,
HELMUT,2022-05-20,ACTUAL,12.1,-7.4,25,117,10,0,,,,,,,,
HELMUT,2022-05-21,ACTUAL,15.8,-5.4,23,265,19,0,,,,,,,,
HELMUT,2022-05-22,ACTUAL,4.8,2.3,84,108,11,1.6,,,,,,,,
HELMUT,2022-05-23,ACTUAL,8.7,1.9,62,94,15,0,,85,6,15,4.5,6,4,
HELMUT,2022-05-24,ACTUAL,12.4,-1.3,39,139,10,0,,87.1,8,20,4.7,8,5,2
HELMUT,2022-05-25,ACTUAL,13.5,-1.8,35,149,12,0,,88.5,11,24,6.4,11,7,2
HELMUT,2022-05-26,ACTUAL,13.1,3.5,52,44,6,1,,82.3,12,29,2.1,12,2,2
HELMUT,2022-05-27,ACTUAL,15.7,0.2,35,330,14,1.6,,81.5,15,34,2.7,15,4,2
HELMUT,2022-05-28,ACTUAL,13.8,1,42,57,18,0,,86.2,17,39,6.2,17,9,2
HELMUT,2022-05-29,ACTUAL,14.2,0.3,39,61,7,0.4,,87.7,19,44,4.4,19,7,2
HELMUT,2022-05-30,ACTUAL,17.2,-3.1,25,353,7,0,80,90.8,23,50,6.7,23,11,3
HELMUT,2022-05-31,ACTUAL,19.6,1,29,51,18,0,80,91.2,27,56,12.7,27,19,3
HELMUT,2022-06-01,ACTUAL,22.4,-1.7,20,90,6,0,80,93.3,32,63,9.2,32,17,3
HELMUT,2022-06-02,ACTUAL,21.6,0.1,24,94,3,0.2,80,93.4,36,70,7.9,36,16,3
HELMUT,2022-06-03,ACTUAL,22.2,3.7,30,86,8,0,80,93.1,41,78,9.9,40,20,3
HELMUT,2022-06-04,ACTUAL,24.3,-2.3,17,130,18,0,80,94.6,46,86,20.1,46,34,4
HELMUT,2022-06-05,ACTUAL,19.8,7.5,45,332,3,0,80,91.4,49,93,6.2,49,15,3
HELMUT,2022-06-06,ACTUAL,22.6,2.6,27,158,15,0.4,80,92.1,54,100,12.1,53,26,4
HELMUT,2022-06-07,ACTUAL,21.2,5.8,37,249,17,0,80,91.6,57,107,12.4,57,28,4
HELMUT,2022-06-08,ACTUAL,21.3,6.3,38,163,10,0.2,80,91.4,61,115,8.8,61,22,4
HELMUT,2022-06-09,ACTUAL,18,8.9,55,144,6,0.2,0,88.8,63,121,4.9,63,15,3
HELMUT,2022-06-10,ACTUAL,12.9,11.3,90,295,9,9.2,,33.9,34,110,0,38,0,2
HELMUT,2022-06-11,ACTUAL,19.4,6.1,42,272,14,4.8,,62.4,25,110,0.9,32,2,2
HELMUT,2022-06-12,ACTUAL,18.3,-3.3,23,255,21,0,,86.7,29,117,7.6,36,15,3
HELMUT,2022-06-13,ACTUAL,19.8,0.7,28,241,7,0,,90.5,33,124,6.4,40,14,3
HELMUT,2022-06-14,ACTUAL,20.3,3,32,303,11,0,,90.7,37,131,8.1,43,18,4
HELMUT,2022-06-15,ACTUAL,20.1,2.8,32,3,9,0,,90.8,40,138,7.5,47,17,4
HELMUT,2022-06-16,ACTUAL,12.3,10.9,91,100,9,6.6,,37.7,24,132,0,33,0,2
HELMUT,2022-06-17,ACTUAL,19.5,9.7,53,62,15,1,,69.9,27,139,1.3,36,3,2
HELMUT,2022-06-18,ACTUAL,19.1,8.8,51,56,11,0.4,,82.5,29,146,2.7,39,7,2
HELMUT,2022-06-19,ACTUAL,22,4.4,32,306,6,0,,89.2,33,153,5.2,43,13,3
HELMUT,2022-06-20,ACTUAL,15.6,12.4,81,48,10,6.6,,48.1,20,147,0.2,30,0,2
HELMUT,2022-06-21,ACTUAL,21.1,4.1,33,18,8,0,,79.6,24,155,1.6,34,4,2
HELMUT,2022-06-22,ACTUAL,16,13.1,83,67,13,0,,80,24,161,2.2,35,5,2
HELMUT,2022-06-23,ACTUAL,19.7,4.1,36,48,16,24.2,,65.1,13,116,1.2,20,1,2
HELMUT,2022-06-24,ACTUAL,24.4,1.3,22,297,8,0,,88.7,18,124,5.3,26,10,3
HELMUT,2022-06-25,ACTUAL,21.6,10.5,49,335,13,0,,88.7,21,131,7,30,13,3
HELMUT,2022-06-26,ACTUAL,17.5,6.4,48,308,12,0.2,,88.8,24,138,6.5,33,13,3
HELMUT,2022-06-27,ACTUAL,20,4,35,172,6,0,,89.8,27,145,5.5,37,12,3
HELMUT,2022-06-28,ACTUAL,23.3,5.1,31,166,4,0,,91.2,32,152,6.2,42,14,3
HELMUT,2022-06-29,ACTUAL,24.7,4.9,28,338,10,0,,92.2,37,160,9.4,47,21,4
HELMUT,2022-06-30,ACTUAL,23.5,12.8,51,23,12,0,,89.9,40,168,7.8,50,19,4
HELMUT,2022-07-01,ACTUAL,19.3,2.5,33,117,9,0,,90.3,43,175,7.1,53,18,4
HELMUT,2022-07-02,ACTUAL,21.3,5.1,35,29,7,0,,90.4,46,182,6.5,57,17,4
HELMUT,2022-07-03,ACTUAL,24.9,8.3,35,81,12,0,,90.9,50,191,9,61,23,4
HELMUT,2022-07-04,ACTUAL,22.4,8.1,40,135,12,0,,90.9,54,198,9.1,64,24,4
HELMUT,2022-07-05,ACTUAL,24.7,7.3,33,188,13,0,,91.3,58,207,9.9,68,26,4
HELMUT,2022-07-06,ACTUAL,24.9,8.7,36,176,13,0,,91.3,62,215,9.8,72,26,4
HELMUT,2022-07-07,ACTUAL,24.2,9.3,39,151,16,0,,91.4,65,223,11.6,75,30,4
HELMUT,2022-07-08,ACTUAL,17.7,14.8,83,135,5,2.8,,61.4,53,226,0.6,67,2,3
HELMUT,2022-07-09,ACTUAL,17.2,12.8,75,232,9,0.6,,72.2,54,233,1.1,68,4,3
HELMUT,2022-07-10,ACTUAL,18,12.5,70,318,15,11.8,,50.9,28,211,0.4,42,1,2
HELMUT,2022-07-11,ACTUAL,21.7,7.1,39,262,17,3.2,,73.9,24,214,1.7,38,4,2
HELMUT,2022-07-12,ACTUAL,19.5,2.2,32,261,20,1.6,,83.5,26,221,4.8,41,12,3
HELMUT,2022-07-13,ACTUAL,17.9,2.1,35,279,20,0,,88.6,29,228,9.5,44,20,4
HELMUT,2022-07-14,ACTUAL,21.6,6.2,37,268,15,0,,89.8,33,236,8.6,49,20,4
HELMUT,2022-07-15,ACTUAL,24.1,8,36,196,9,0,,90.5,36,244,7.2,53,18,4
HELMUT,2022-07-16,ACTUAL,23.1,11.5,48,350,9,0.2,,90,39,251,6.6,57,18,4
HELMUT,2022-07-17,ACTUAL,23.1,6.3,34,272,18,0,,90.7,43,259,11.8,61,28,4
HELMUT,2022-07-18,ACTUAL,21.6,8.8,44,275,21,0,,90.3,46,267,13,64,30,4
HELMUT,2022-07-19,ACTUAL,17,9.7,62,301,18,0,,87.2,48,274,6.9,67,20,4
HELMUT,2022-07-20,ACTUAL,23.3,7.7,37,313,11,3,,80.2,41,277,2,60,7,3
HELMUT,2022-07-21,ACTUAL,14.3,7.9,65,282,15,6.8,,55.4,25,266,0.6,41,1,2
HELMUT,2022-07-22,ACTUAL,19.7,6.7,43,225,11,0,,79.8,28,274,1.9,45,5,3
HELMUT,2022-07-23,ACTUAL,16.5,7.5,55,296,10,0,,84.1,30,280,3.1,47,9,3
HELMUT,2022-07-24,ACTUAL,20.7,5.4,37,331,13,0,,88.8,33,288,7.1,52,18,4
HELMUT,2022-07-25,ACTUAL,24.3,7.3,34,176,6,0,,90.7,37,296,6.5,57,17,4
HELMUT,2022-07-26,ACTUAL,26.2,12.2,42,282,19,0,,90.7,41,304,12.5,61,29,4
HELMUT,2022-07-27,ACTUAL,21.2,13.7,62,354,14,0,,87.7,43,312,6.2,64,18,4
HELMUT,2022-07-28,ACTUAL,20.2,13.3,64,13,12,0,,86.8,45,319,5,66,16,3
HELMUT,2022-07-29,ACTUAL,13.3,12.7,96,98,8,3.4,,45.5,34,318,0.1,54,0,2
HELMUT,2022-07-30,ACTUAL,18.2,10.4,60,106,5,4,,52.3,26,317,0.3,43,0,2
HELMUT,2022-07-31,ACTUAL,20.7,6.5,40,153,13,0,,80.5,29,324,2.3,47,7,3
HELMUT,2022-08-01,ACTUAL,16.9,11.9,72,279,4,0.8,,78.6,30,330,1.2,48,3,3
HELMUT,2022-08-02,ACTUAL,21.8,9,44,201,12,0,,86.7,32,337,4.8,52,13,3
HELMUT,2022-08-03,ACTUAL,13.8,11.7,87,117,13,4.8,,47.9,21,330,0.2,37,0,2
HELMUT,2022-08-04,ACTUAL,18.1,7.2,49,96,12,0,,74.9,23,336,1.4,40,3,2
HELMUT,2022-08-05,ACTUAL,23,7,36,283,14,0,,87.9,27,344,6.6,45,15,3
HELMUT,2022-08-06,ACTUAL,23.1,7.1,36,295,22,1.2,,87.9,30,351,9.8,49,22,4
HELMUT,2022-08-07,ACTUAL,22.4,5.2,33,301,23,0,,90.6,33,358,15,54,31,4
HELMUT,2022-08-08,ACTUAL,17.9,6.7,48,314,13,0.4,,89.4,35,364,7.4,57,19,4
HELMUT,2022-08-09,ACTUAL,23.6,6.3,33,228,17,0,,90.9,39,371,11.6,61,27,4
HELMUT,2022-08-10,ACTUAL,27.2,4.8,24,292,19,0,,93.4,43,379,18.5,67,39,4
HELMUT,2022-08-11,ACTUAL,14.9,8,63,56,0,1.6,,74.2,43,385,0.7,67,2,3
HELMUT,2022-08-12,ACTUAL,23.1,9.4,42,48,3,0,,85.4,45,392,2.6,70,10,4
HELMUT,2022-08-13,ACTUAL,27.9,11.8,37,124,7,0,,90.3,49,400,6.4,75,20,4
HELMUT,2022-08-14,ACTUAL,24.5,14.1,52,269,13,0,,89.5,52,407,7.6,79,23,4
HELMUT,2022-08-15,ACTUAL,23.5,6.2,33,303,22,0,,90.9,55,415,14.6,83,37,5
HELMUT,2022-08-16,ACTUAL,25.1,4.7,27,304,23,0,,92.5,59,422,19.5,88,46,5
HELMUT,2022-08-17,ACTUAL,27.6,7.9,29,177,11,0,,92.6,63,430,11,93,32,5
HELMUT,2022-08-18,ACTUAL,26.3,9.1,34,308,13,0,,92.7,67,438,11.8,97,35,5
HELMUT,2022-08-19,ACTUAL,28.3,4.5,22,143,8,0,,94.1,72,446,11.6,102,35,5
HELMUT,2022-08-20,ACTUAL,22.5,5.3,33,51,7,0,,93,75,453,9.1,106,30,4
HELMUT,2022-08-21,ACTUAL,24.8,9,37,160,16,0,,92.2,78,461,13.3,110,40,5
HELMUT,2022-08-22,ACTUAL,25.8,8.2,33,43,11,0,,92.3,82,468,10.5,114,34,5
HELMUT,2022-08-23,ACTUAL,27.6,12.4,39,213,17,0,,92.2,86,476,13.9,118,42,5
HELMUT,2022-08-24,ACTUAL,30.4,10.8,30,307,8,0,,92.8,90,485,9.6,123,34,5
HELMUT,2022-08-25,ACTUAL,31.2,7.6,23,225,20,0,,94.4,95,493,21.8,129,58,5
HELMUT,2022-08-26,ACTUAL,22.4,13.3,56,349,9,0,,89.5,98,500,6.4,131,26,5
HELMUT,2022-08-27,ACTUAL,16.5,4.5,45,300,14,1.2,,83.8,100,506,3.6,133,18,5
HELMUT,2022-08-28,ACTUAL,18.9,4.6,39,316,13,0,,88,102,513,6.1,136,26,5
HELMUT,2022-08-29,ACTUAL,20,6.6,42,99,11,0,,88.7,105,519,6.2,139,26,5
HELMUT,2022-08-30,ACTUAL,20.6,11.6,56,233,10,0,,88.2,107,526,5.3,141,24,5
HELMUT,2022-08-31,ACTUAL,17,4.9,45,266,10,0,,88.2,109,532,5.4,144,24,5
HELMUT,2022-09-01,ACTUAL,17,8.2,56,270,17,24.4,,55.8,49,416,0.7,76,3,3
HELMUT,2022-09-02,ACTUAL,19.4,4.6,38,215,9,0,,80.3,51,421,1.8,79,8,3
HELMUT,2022-09-03,ACTUAL,25.4,3.3,24,255,17,0,,91.9,55,427,13.4,83,35,5
HELMUT,2022-09-04,ACTUAL,23.1,7.9,38,258,22,0,,91.6,58,433,16.6,86,41,5
HELMUT,2022-09-05,ACTUAL,17.7,1.9,35,274,16,0,,91.4,60,438,11.4,89,33,5
HELMUT,2022-09-06,ACTUAL,17.6,1.4,34,293,14,0,,91.4,62,443,10.8,92,32,5
HELMUT,2022-09-07,ACTUAL,12.1,7.1,71,353,8,0.8,,83.7,63,447,2.6,93,11,4
HELMUT,2022-09-08,ACTUAL,14.1,5.8,57,311,13,1,,80.9,64,451,2.4,94,11,4
HELMUT,2022-09-09,ACTUAL,17.3,3.5,40,286,21,0,,87.2,66,456,8.2,97,27,4
HELMUT,2022-09-10,ACTUAL,17.7,-1.2,28,289,24,0,,90.5,68,461,15.2,99,41,5
HELMUT,2022-09-11,ACTUAL,14.9,0.2,37,326,10,0,,90.4,70,465,7.7,102,27,4
HELMUT,2022-09-12,ACTUAL,15.3,-1,33,233,14,0,,90.5,72,470,9.3,104,30,4
HELMUT,2022-09-13,ACTUAL,18.2,0.2,30,284,15,0,,90.8,74,475,10.2,107,33,5
HELMUT,2022-09-14,ACTUAL,22.2,1.2,25,264,14,0,,92.3,77,480,12,110,37,5
HELMUT,2022-09-15,ACTUAL,20.6,5.3,37,252,11,0,,91.6,80,486,9.4,113,32,5
HELMUT,2022-09-16,ACTUAL,17.5,-2.8,25,322,14,0,,91.8,82,491,11.4,116,37,5
HELMUT,2022-09-17,ACTUAL,16.4,5,47,15,11,0,,89.7,84,495,7,118,27,4
HELMUT,2022-09-18,ACTUAL,15.5,-0.4,34,335,10,0,,89.8,86,500,7,120,27,5
HELMUT,2022-09-19,ACTUAL,13.4,1.6,45,351,10,0,,89.1,87,504,6.3,122,25,5
HELMUT,2022-09-20,ACTUAL,17.8,-1.6,27,274,14,0,,91,90,509,9.8,125,34,5
HELMUT,2022-09-21,ACTUAL,21,4,33,277,27,0,,91,92,514,19.6,128,54,5
HELMUT,2022-09-22,ACTUAL,23.3,6.5,34,241,17,0,,91.1,95,520,11.9,131,39,5
HELMUT,2022-09-23,ACTUAL,13.8,-2.7,32,274,27,0,,91.1,97,524,19.5,133,54,5
HELMUT,2022-09-24,ACTUAL,15.3,-2.8,29,302,25,0,,91.2,99,529,17.6,135,51,5
HELMUT,2022-09-25,ACTUAL,13.6,0.5,41,299,8,0,,90.1,101,533,6.3,137,26,5
HELMUT,2022-09-26,ACTUAL,18.7,5.8,43,207,11,0,,90,103,538,7.5,139,30,5
HELMUT,2022-09-27,ACTUAL,25.1,3.6,25,292,19,0,,92.8,106,544,16.9,143,51,5
HELMUT,2022-09-28,ACTUAL,13.8,6.2,60,33,12,0,,88,107,548,6,144,26,5
HELMUT,2022-09-29,ACTUAL,14.9,3.7,47,114,9,0,,88,109,553,5.1,146,23,5
HELMUT,2022-09-30,ACTUAL,19.8,7.2,44,320,8,0,,88.3,111,558,5.1,148,23,5
HELMUT,2022-10-01,ACTUAL,17.3,5.9,47,219,15,0,,88.4,112,562,7.4,150,30,5
HELMUT,2022-10-02,ACTUAL,14.2,-2.8,31,292,15,0.2,,89.6,114,565,8.7,152,34,5
HELMUT,2022-10-03,ACTUAL,15,-2.6,30,290,5,0,,90.1,116,569,5.6,153,25,5
HELMUT,2022-10-04,ACTUAL,3,1.6,91,57,10,0,,81.9,116,570,2.4,153,13,4
HELMUT,2022-10-05,ACTUAL,9.8,1.5,56,196,13,0,,83.7,116,572,3.3,154,17,5
HELMUT,2022-10-06,ACTUAL,18.6,4.7,40,294,23,0,,88,118,576,10.4,156,38,5
HELMUT,2022-10-07,ACTUAL,19.4,3.4,35,271,19,0,,89.7,120,580,10.5,158,38,5
HELMUT,2022-10-08,ACTUAL,19.8,-0.9,25,279,20,0,,91.8,123,585,15.2,161,49,5
HELMUT,2022-10-09,ACTUAL,21.8,2.9,29,250,19,0,,91.9,125,589,14.4,163,48,5
HELMUT,2022-10-10,ACTUAL,11.9,-4.4,32,299,28,0.6,,89.4,126,592,16.3,165,51,5
HELMUT,2022-10-11,ACTUAL,6.1,-4.4,47,42,11,0,,88.1,127,594,5.5,166,25,5
HELMUT,2022-10-12,ACTUAL,7.4,-5.8,39,250,15,0,,88.2,128,596,6.8,166,29,5
HELMUT,2022-10-13,ACTUAL,21.5,3.1,30,239,18,0,,90.9,130,601,12.3,169,43,5
HELMUT,2022-10-14,ACTUAL,2.3,-8.5,45,0,14,0,,88.8,130,602,7.1,169,30,5
HELMUT,2022-10-15,ACTUAL,0.6,-8.4,51,94,13,0,,87.1,131,603,5.4,169,25,5
HELMUT,2022-10-16,ACTUAL,11.3,-1.2,42,216,13,0,,87.3,132,605,5.6,171,26,5
HELMUT,2022-10-17,ACTUAL,20.7,4.2,34,234,9,0,,89.8,134,610,6.4,173,28,5
HELMUT,2022-10-18,ACTUAL,17.1,2.6,38,337,8,0,,89.9,136,613,6.4,175,28,5
HELMUT,2022-10-19,ACTUAL,13.4,4.6,55,251,13,0,,87.8,137,617,5.9,176,27,5
HELMUT,2022-10-20,ACTUAL,10.9,-3.4,37,315,18,0,,88.1,138,619,8.3,177,34,5
HELMUT,2022-10-21,ACTUAL,4.6,-1.6,64,331,12,0,,85.7,138,621,4.2,177,21,5
HELMUT,2022-10-22,ACTUAL,-3.6,-6.2,82,52,11,0,,82.3,138,621,2.5,177,15,4
HELMUT,2022-10-23,ACTUAL,-3.2,-6.3,79,168,13,0,,81.1,138,621,2.4,177,14,4
HELMUT,2022-10-24,ACTUAL,-4.4,-5.8,90,41,10,0,,78.7,138,621,1.6,177,10,4
HELMUT,2022-10-25,ACTUAL,-4.9,-7.7,81,36,5,0,,78.8,138,622,1.3,178,8,4
HELMUT,2022-10-26,ACTUAL,-5.1,-7.2,85,181,11,0,,78.5,138,622,1.7,178,11,4
HELMUT,2022-10-27,ACTUAL,2.1,-0.8,81,265,18,0,,78.6,138,623,2.4,178,14,4
HELMUT,2022-10-28,ACTUAL,0.6,-3.5,74,255,0,8,,28.4,68,576,0,105,0,2
HELMUT,2022-10-29,ACTUAL,4.4,-8.1,40,254,16,0.2,,57.3,69,578,0.8,106,4,3
HELMUT,2022-10-30,ACTUAL,-4.5,-5.6,92,341,7,0,,59.6,69,578,0.6,106,3,3
HELMUT,2022-10-31,ACTUAL,-4.8,-5.9,92,332,8,0,,61.7,69,578,0.7,106,3,3
KETCHIKA,2022-05-01,ACTUAL,15.6,-3,28,142,14,0,,,,,,,,
KETCHIKA,2022-05-02,ACTUAL,13,1,44,145,12,0,,,,,,,,
KETCHIKA,2022-05-03,ACTUAL,12.3,-1.4,39,133,16,0,,,,,,,,
KETCHIKA,2022-05-04,ACTUAL,10.6,-7.7,27,222,9,0,,,,,,,,
KETCHIKA,2022-05-05,ACTUAL,9.6,-8.6,27,204,4,0,,,,,,,,
KETCHIKA,2022-05-06,ACTUAL,10.3,-3.5,38,97,7,0,,,,,,,,
KETCHIKA,2022-05-07,ACTUAL,12.3,-5.8,28,325,11,0,,,,,,,,
KETCHIKA,2022-05-08,ACTUAL,8.1,-3.8,43,322,14,0,,,,,,,,
KETCHIKA,2022-05-09,ACTUAL,9.4,-4,39,295,12,0,,,,,,,,
KETCHIKA,2022-05-10,ACTUAL,16.1,-10.6,15,151,12,0,,,,,,,,
KETCHIKA,2022-05-11,ACTUAL,14.6,-5.8,24,153,12,0,,,,,,,,
KETCHIKA,2022-05-12,ACTUAL,13.9,-0.3,38,145,12,0,,,,,,,,
KETCHIKA,2022-05-13,ACTUAL,16,-6.4,21,163,8,0,,,,,,,,
KETCHIKA,2022-05-14,ACTUAL,11.3,-8.6,24,156,10,0,,,,,,,,
KETCHIKA,2022-05-15,ACTUAL,17.7,-5.6,20,139,13,0,,,,,,,,
KETCHIKA,2022-05-16,ACTUAL,12.5,2.3,50,146,11,0.2,,,,,,,,
KETCHIKA,2022-05-17,ACTUAL,13.4,-9.2,20,153,9,0.6,,,,,,,,
KETCHIKA,2022-05-18,ACTUAL,16.1,-9,17,262,7,0,,,,,,,,
KETCHIKA,2022-05-19,ACTUAL,11.6,0,45,16,12,0,,,,,,,,
KETCHIKA,2022-05-20,ACTUAL,16.2,-5,23,306,10,0,,85,6,15,3.5,6,3,
KETCHIKA,2022-05-21,ACTUAL,19.4,-7.1,16,305,9,0,,92.5,11,21,9.6,10,10,2
KETCHIKA,2022-05-22,ACTUAL,20.4,-10.1,12,253,7,0,,95,16,27,12.5,15,15,2
KETCHIKA,2022-05-23,ACTUAL,18.6,-4.2,21,224,10,0,,94.6,20,33,13.8,19,18,3
KETCHIKA,2022-05-24,ACTUAL,14.1,-3.3,30,300,5,0,,93,22,38,8.4,22,13,3
KETCHIKA,2022-05-25,ACTUAL,16.4,-4.9,23,50,6,0,,93,26,43,8.8,26,14,3
KETCHIKA,2022-05-26,ACTUAL,19.4,-2.3,23,207,8,0,,93.1,30,49,9.9,30,17,3
KETCHIKA,2022-05-27,ACTUAL,17.9,0.8,32,332,10,0,,92.3,34,55,9.6,33,18,3
KETCHIKA,2022-05-28,ACTUAL,15.6,1.6,39,313,10,0,,90.9,36,60,8.1,36,16,3
KETCHIKA,2022-05-29,ACTUAL,16.7,1.4,36,234,6,0,,90.9,39,65,6.7,39,15,3
KETCHIKA,2022-05-30,ACTUAL,22.4,-1,21,222,7,0.6,,92.6,44,72,8.7,44,19,4
KETCHIKA,2022-05-31,ACTUAL,21.2,-1.4,22,280,6,0.4,,93,49,78,8.8,48,20,4
KETCHIKA,2022-06-01,ACTUAL,26,-4.6,13,173,6,0,,95.7,55,86,12.7,55,27,4
KETCHIKA,2022-06-02,ACTUAL,25.9,-1.9,16,201,5,0,,95.7,61,94,12.2,60,28,4
KETCHIKA,2022-06-03,ACTUAL,27.3,-1.6,15,155,7,0,,95.8,67,102,13.8,67,32,4
KETCHIKA,2022-06-04,ACTUAL,21.2,7.4,41,262,7,0,,92.2,71,110,8.1,70,23,4
KETCHIKA,2022-06-05,ACTUAL,24,2.7,25,98,5,0.2,,92.8,76,117,8.2,75,24,4
KETCHIKA,2022-06-06,ACTUAL,21.1,6.5,39,157,7,0,,91.6,79,124,7.5,79,23,4
KETCHIKA,2022-06-07,ACTUAL,21.9,3,29,284,8,0,,91.7,83,132,8,83,25,4
KETCHIKA,2022-06-08,ACTUAL,23.7,4,28,239,5,0,,92.1,88,139,7.2,88,24,4
KETCHIKA,2022-06-09,ACTUAL,21.5,7.3,40,131,6,0,,91.3,92,147,6.8,91,23,4
KETCHIKA,2022-06-10,ACTUAL,15.3,8.4,63,134,7,2,,73.7,82,153,1,81,4,3
KETCHIKA,2022-06-11,ACTUAL,18.5,3.8,38,147,8,0,,85.1,85,160,3.1,85,12,4
KETCHIKA,2022-06-12,ACTUAL,13.8,0.3,40,243,9,0,,87.2,87,166,4.5,87,17,4
KETCHIKA,2022-06-13,ACTUAL,14.4,1.6,42,144,7,0.2,,87.7,90,172,4.5,89,17,4
KETCHIKA,2022-06-14,ACTUAL,15.8,2.8,42,203,4,0,,88,92,178,4,92,16,4
KETCHIKA,2022-06-15,ACTUAL,20.8,3.8,33,334,7,0,,90.1,96,185,6,96,22,4
KETCHIKA,2022-06-16,ACTUAL,21.7,6.7,38,304,12,0,,90.1,100,192,8,99,27,4
KETCHIKA,2022-06-17,ACTUAL,17.9,8.2,53,298,6,0,,88.7,102,199,4.9,102,19,4
KETCHIKA,2022-06-18,ACTUAL,24.8,3.4,25,276,8,0,,92.4,107,207,8.9,107,30,4
KETCHIKA,2022-06-19,ACTUAL,22.9,5.7,33,232,5,0,,92.4,111,214,7.6,111,27,4
KETCHIKA,2022-06-20,ACTUAL,17.3,7.7,53,306,7,0,,89.3,114,221,5.4,113,22,4
KETCHIKA,2022-06-21,ACTUAL,19,7.4,47,124,4,0.4,,89.3,117,228,4.8,116,20,4
KETCHIKA,2022-06-22,ACTUAL,8.5,7.4,93,149,5,15.4,,22.8,54,194,0,64,0,2
KETCHIKA,2022-06-23,ACTUAL,16.5,10.9,69,301,10,3.4,,44.1,42,196,0.1,55,0,2
KETCHIKA,2022-06-24,ACTUAL,25.4,6,29,126,5,0,,81,47,204,1.6,60,5,3
KETCHIKA,2022-06-25,ACTUAL,28.1,9.3,31,183,6,0,,90.7,52,212,6.3,65,18,4
KETCHIKA,2022-06-26,ACTUAL,22.1,11.2,50,282,8,0.4,,89.6,55,220,5.9,68,18,4
KETCHIKA,2022-06-27,ACTUAL,26.6,9.8,35,129,5,0.2,,91,60,228,6.2,72,19,4
KETCHIKA,2022-06-28,ACTUAL,22,11.1,50,249,5,0,,89.7,63,235,5.4,76,18,4
KETCHIKA,2022-06-29,ACTUAL,26.7,9,33,328,5,0,,91.4,68,243,6.8,80,22,4
KETCHIKA,2022-06-30,ACTUAL,28.8,10.9,33,137,4,0,,91.9,73,252,7,85,23,4
KETCHIKA,2022-07-01,ACTUAL,22.7,13.3,55,309,11,0,,89.2,76,260,6.7,88,22,4
KETCHIKA,2022-07-02,ACTUAL,24.9,9.9,39,321,9,0,,90,80,268,6.6,91,23,4
KETCHIKA,2022-07-03,ACTUAL,25.7,9.8,37,306,8,0,,90.6,84,276,6.9,95,24,4
KETCHIKA,2022-07-04,ACTUAL,23.7,13,51,144,3,0,,89.7,86,284,4.7,98,18,4
KETCHIKA,2022-07-05,ACTUAL,27.4,9.2,32,148,5,0,,91.6,91,293,6.9,102,25,4
KETCHIKA,2022-07-06,ACTUAL,27.6,7.9,29,144,3,0.8,,91.1,96,302,5.9,107,22,4
KETCHIKA,2022-07-07,ACTUAL,27.1,9.4,33,131,7,0,,91.7,100,310,7.7,111,28,4
KETCHIKA,2022-07-08,ACTUAL,13.8,13.3,97,154,4,6.2,,31.7,59,300,0,79,0,2
KETCHIKA,2022-07-09,ACTUAL,11.5,11,97,125,4,12.6,,8,28,269,0,45,0,2
KETCHIKA,2022-07-10,ACTUAL,21.3,8.9,45,150,8,0,,56.9,31,277,0.5,48,1,2
KETCHIKA,2022-07-11,ACTUAL,19.3,6,42,139,8,0,,79.4,34,284,1.6,52,5,3
KETCHIKA,2022-07-12,ACTUAL,17,3.6,41,126,6,0,,85.7,36,291,3.1,55,10,3
KETCHIKA,2022-07-13,ACTUAL,13.5,6.2,61,140,6,0,,85.8,38,297,3.1,57,10,3
KETCHIKA,2022-07-14,ACTUAL,18.5,7.3,48,123,7,0,,87,40,304,3.9,60,12,3
KETCHIKA,2022-07-15,ACTUAL,22.9,8.9,41,154,8,0,,89,43,312,5.6,64,17,3
KETCHIKA,2022-07-16,ACTUAL,24.8,11,42,147,8,0.2,,89.5,47,320,5.9,69,18,4
KETCHIKA,2022-07-17,ACTUAL,17.7,8.3,54,125,6,0,,88.4,49,327,4.7,71,15,4
KETCHIKA,2022-07-18,ACTUAL,18.5,10.4,59,340,9,0.4,,87.5,51,334,4.6,74,15,4
KETCHIKA,2022-07-19,ACTUAL,18.6,7.7,49,129,3,0.2,,87.5,53,341,3.5,76,13,4
KETCHIKA,2022-07-20,ACTUAL,22.3,6.8,37,171,5,0,,89.6,57,349,5.3,80,18,4
KETCHIKA,2022-07-21,ACTUAL,17.3,11.6,69,221,5,2,,72,52,355,0.9,76,3,3
KETCHIKA,2022-07-22,ACTUAL,25.7,8.6,34,137,7,0,,87.9,56,364,4.5,81,16,4
KETCHIKA,2022-07-23,ACTUAL,18.1,10.3,60,130,4,1.2,,80,58,371,1.4,84,6,3
KETCHIKA,2022-07-24,ACTUAL,15.1,11.3,78,129,8,0,,80.8,59,377,1.8,85,8,3
KETCHIKA,2022-07-25,ACTUAL,18.5,14.3,76,183,2,1.4,,71.7,60,384,0.7,86,3,3
KETCHIKA,2022-07-26,ACTUAL,30.3,12.6,34,128,6,0,,89.3,65,393,5.1,92,19,4
KETCHIKA,2022-07-27,ACTUAL,29.1,11.1,33,254,5,0,,91.7,70,402,7.1,97,24,4
KETCHIKA,2022-07-28,ACTUAL,21.2,10.1,49,276,8,0,,89.9,72,410,6.2,100,23,4
KETCHIKA,2022-07-29,ACTUAL,16.4,14.9,91,285,10,4.2,,47.8,50,404,0.2,77,0,2
KETCHIKA,2022-07-30,ACTUAL,22.7,15.7,64,148,5,0,,70.9,52,412,0.8,80,3,3
KETCHIKA,2022-07-31,ACTUAL,17.6,16.9,96,135,5,5.4,,30.3,34,402,0,56,0,2
KETCHIKA,2022-08-01,ACTUAL,17.1,12.7,75,308,6,2,,45.7,31,408,0.1,52,0,2
KETCHIKA,2022-08-02,ACTUAL,14.5,12.5,88,193,4,0.6,,53.7,32,414,0.3,53,1,2
KETCHIKA,2022-08-03,ACTUAL,13.5,11.5,88,295,9,1.2,,55.3,32,419,0.4,54,1,2
KETCHIKA,2022-08-04,ACTUAL,17.7,10.9,64,311,10,1.2,,69.3,33,425,1,56,3,3
KETCHIKA,2022-08-05,ACTUAL,23.2,11.6,48,157,8,0,,83.9,36,432,2.8,60,9,3
KETCHIKA,2022-08-06,ACTUAL,20.8,11.5,55,45,3,0.2,,85.8,38,439,2.8,63,9,3
KETCHIKA,2022-08-07,ACTUAL,17.6,8.2,54,152,5,0.2,,86.2,40,445,3.2,65,11,3
KETCHIKA,2022-08-08,ACTUAL,21.6,6.2,37,135,7,1,,86.5,43,452,3.7,69,13,3
KETCHIKA,2022-08-09,ACTUAL,24.5,9.2,38,149,9,0,,89.7,46,460,6.4,74,20,4
KETCHIKA,2022-08-10,ACTUAL,27.1,8.9,32,160,6,0,,91.6,50,467,7.4,79,23,4
KETCHIKA,2022-08-11,ACTUAL,19.7,10.7,56,303,8,0,,88.8,52,474,5.3,81,18,4
KETCHIKA,2022-08-12,ACTUAL,26.4,12.8,43,257,5,0,,89.5,55,482,5.2,86,18,4
KETCHIKA,2022-08-13,ACTUAL,28.6,10.7,33,254,4,0,,91.6,59,490,6.7,91,23,4
KETCHIKA,2022-08-14,ACTUAL,17.1,14.4,84,122,3,3.4,,55.1,45,486,0.3,73,1,2
KETCHIKA,2022-08-15,ACTUAL,24.2,10.4,42,147,8,0,,81.7,48,493,2.1,77,8,4
KETCHIKA,2022-08-16,ACTUAL,23.2,8.8,40,149,4,0,,87.8,51,500,3.9,82,14,4
KETCHIKA,2022-08-17,ACTUAL,27.6,10.7,35,139,12,0,,91,55,508,8.8,87,27,4
KETCHIKA,2022-08-18,ACTUAL,26.4,8.3,32,307,10,0,,91.7,59,516,8.8,92,28,4
KETCHIKA,2022-08-19,ACTUAL,25.1,9.7,38,233,6,0,,91.8,62,523,7.3,96,25,4
KETCHIKA,2022-08-20,ACTUAL,24,9.9,41,281,9,0,,91.3,65,531,8,100,27,4
KETCHIKA,2022-08-21,ACTUAL,27.6,9.3,32,138,6,0,,91.9,69,539,7.5,105,27,4
KETCHIKA,2022-08-22,ACTUAL,26,10.5,38,305,6,0,,92,73,546,7.7,109,27,4
KETCHIKA,2022-08-23,ACTUAL,27.7,9.9,33,296,5,0,,92,77,554,7.2,114,27,4
KETCHIKA,2022-08-24,ACTUAL,29,10.6,32,229,6,0,,92.2,81,563,7.8,119,29,5
KETCHIKA,2022-08-25,ACTUAL,29.3,8.8,28,153,5,0,,93,86,571,8.6,124,31,5
KETCHIKA,2022-08-26,ACTUAL,20.2,10.7,54,162,5,0,,89.5,88,578,5.2,127,22,5
KETCHIKA,2022-08-27,ACTUAL,19.2,5.6,41,149,7,0.4,,89.6,90,584,5.7,130,24,5
KETCHIKA,2022-08-28,ACTUAL,14.4,11.9,85,138,5,0.6,,82.6,91,590,2,131,11,4
KETCHIKA,2022-08-29,ACTUAL,18.2,9.1,55,135,7,0.2,,85.1,92,596,3,133,15,4
KETCHIKA,2022-08-30,ACTUAL,20.1,12.4,61,292,7,0.6,,84.6,94,603,2.8,135,14,4
KETCHIKA,2022-08-31,ACTUAL,10.7,9.9,95,217,3,2.8,,48.9,72,607,0.2,112,0,2
KETCHIKA,2022-09-01,ACTUAL,13.9,7.5,65,133,9,5,,48,48,587,0.2,80,0,2
KETCHIKA,2022-09-02,ACTUAL,17.8,6.9,49,143,9,0,,74,50,592,1.2,82,5,3
KETCHIKA,2022-09-03,ACTUAL,21.6,8.1,42,162,7,0,,85.5,52,597,3.3,86,13,4
KETCHIKA,2022-09-04,ACTUAL,14.5,8.7,68,102,5,1.4,,75.2,53,601,1,87,5,3
KETCHIKA,2022-09-05,ACTUAL,14.6,5.1,53,151,7,0,,82,54,606,2,89,9,4
KETCHIKA,2022-09-06,ACTUAL,16.8,3.4,41,142,8,0,,86.6,56,610,3.9,91,15,4
KETCHIKA,2022-09-07,ACTUAL,13.1,9.4,78,290,8,2.2,,65.9,50,615,0.8,83,3,3
KETCHIKA,2022-09-08,ACTUAL,13.2,7.9,70,249,3,0,,73.6,50,619,0.8,84,4,3
KETCHIKA,2022-09-09,ACTUAL,18.6,5.4,42,132,13,0,,85,52,624,4,87,15,4
KETCHIKA,2022-09-10,ACTUAL,18.7,-0.8,27,70,4,0,,89.9,55,629,5.3,90,19,4
KETCHIKA,2022-09-11,ACTUAL,14.3,0.8,40,284,6,0,,89.8,57,633,5.6,93,20,4
KETCHIKA,2022-09-12,ACTUAL,13.8,1.7,44,89,3,0,,89.3,58,637,4.6,95,18,4
KETCHIKA,2022-09-13,ACTUAL,18.1,1.9,34,165,7,0,,89.9,60,642,6.1,98,22,4
KETCHIKA,2022-09-14,ACTUAL,19.3,3.3,35,137,10,0,,90,63,647,7.2,101,25,4
KETCHIKA,2022-09-15,ACTUAL,17.5,3.7,40,132,6,0,,90,65,652,5.8,104,22,4
KETCHIKA,2022-09-16,ACTUAL,11.1,3.9,61,312,7,0,,87.2,66,656,4,105,17,4
KETCHIKA,2022-09-17,ACTUAL,14,0.5,40,174,5,0,,87.9,67,660,4,107,17,4
KETCHIKA,2022-09-18,ACTUAL,8.9,7.5,91,276,6,1.4,,69.9,67,663,0.8,107,4,3
KETCHIKA,2022-09-19,ACTUAL,12,5,62,150,5,0.8,,74.5,68,667,1,109,5,3
KETCHIKA,2022-09-20,ACTUAL,13.2,1.8,46,138,6,0,,82.4,70,671,2,111,10,4
KETCHIKA,2022-09-21,ACTUAL,16.1,6.3,52,142,8,0,,85.1,71,676,3.2,113,15,4
KETCHIKA,2022-09-22,ACTUAL,17.7,7.2,50,147,6,0,,86.4,73,681,3.5,115,16,4
KETCHIKA,2022-09-23,ACTUAL,12.8,0.1,42,137,13,0.6,,86.6,74,685,5.1,117,21,4
KETCHIKA,2022-09-24,ACTUAL,16.4,-1.8,29,140,9,0,,89.7,76,690,6.5,120,25,5
KETCHIKA,2022-09-25,ACTUAL,15,5.2,52,127,10,0,,88.4,78,694,5.7,122,23,5
KETCHIKA,2022-09-26,ACTUAL,18.6,10.5,59,128,7,0.2,,87.5,79,699,4.3,123,19,5
KETCHIKA,2022-09-27,ACTUAL,22,5.7,35,141,7,0,,89.9,82,705,5.9,127,24,5
KETCHIKA,2022-09-28,ACTUAL,12.4,5.1,61,323,4,0,,87.3,83,709,3.5,128,17,4
KETCHIKA,2022-09-29,ACTUAL,16.5,9.5,63,143,8,1.6,,76.4,80,713,1.2,125,7,3
KETCHIKA,2022-09-30,ACTUAL,20.2,6.8,42,139,8,0,,85.7,82,719,3.4,128,17,4
KETCHIKA,2022-10-01,ACTUAL,19,6.4,44,140,13,0,,87.7,84,723,6.1,130,25,5
KETCHIKA,2022-10-02,ACTUAL,14.8,-3.7,28,148,11,0,,90,86,726,7.4,132,29,5
KETCHIKA,2022-10-03,ACTUAL,15.9,-1.3,31,146,14,0,,90.2,87,730,8.8,134,33,5
KETCHIKA,2022-10-04,ACTUAL,7.3,-1.1,55,279,4,0,,87.9,88,732,3.9,135,19,5
KETCHIKA,2022-10-05,ACTUAL,9.1,1.5,59,293,6,0,,86.5,89,734,3.5,136,17,5
KETCHIKA,2022-10-06,ACTUAL,18.2,5.7,44,160,12,0,,87.8,90,738,5.6,138,24,5
KETCHIKA,2022-10-07,ACTUAL,16.5,3.5,42,159,12,0,,88.1,92,742,6.1,140,26,5
KETCHIKA,2022-10-08,ACTUAL,19.1,1.9,32,156,13,0,,90.1,94,746,8.4,143,32,5
KETCHIKA,2022-10-09,ACTUAL,16.3,4.6,46,123,14,0,,89.3,95,749,7.7,145,31,5
KETCHIKA,2022-10-10,ACTUAL,13.3,-5.4,27,272,12,0.4,,90.3,97,753,8,147,32,5
KETCHIKA,2022-10-11,ACTUAL,15.5,-4,26,242,13,0,,91.1,99,756,9.4,149,35,5
KETCHIKA,2022-10-12,ACTUAL,13.7,0.9,42,130,11,0,,89.9,100,759,7.4,150,30,5
KETCHIKA,2022-10-13,ACTUAL,20.9,2.1,29,134,19,0,,91.3,102,764,13.6,153,45,5
KETCHIKA,2022-10-14,ACTUAL,11.9,-2.8,36,292,8,0,,90.6,104,767,7,155,29,5
KETCHIKA,2022-10-15,ACTUAL,2.1,1.4,95,308,5,1.4,,70.3,104,768,0.8,155,5,3
KETCHIKA,2022-10-16,ACTUAL,17,7.7,54,130,15,0,,81.8,105,771,3,157,16,4
KETCHIKA,2022-10-17,ACTUAL,16.3,4.9,47,141,12,0,,85.8,106,775,4.3,158,21,5
KETCHIKA,2022-10-18,ACTUAL,14.1,4.7,53,138,10,0,,85.9,107,778,4,160,20,5
KETCHIKA,2022-10-19,ACTUAL,16.8,-1.5,29,146,13,0,,89.7,109,782,7.9,162,32,5
KETCHIKA,2022-10-20,ACTUAL,10,-6.9,30,274,7,0,,89.8,111,784,5.8,163,26,5
KETCHIKA,2022-10-21,ACTUAL,8.2,-1.4,51,160,9,0,,88,111,787,5.1,164,24,5
KETCHIKA,2022-10-22,ACTUAL,1.6,-0.2,88,293,13,3,,52.8,80,771,0.4,128,2,3
KETCHIKA,2022-10-23,ACTUAL,2.1,-2.6,71,301,6,0,,62.4,81,772,0.6,128,4,3
KETCHIKA,2022-10-24,ACTUAL,-3.4,-5.7,84,295,13,0,,66.5,81,772,1.1,128,6,3
KETCHIKA,2022-10-25,ACTUAL,-3.3,-7.4,73,154,3,0,,70.1,81,772,0.7,128,4,3
KETCHIKA,2022-10-26,ACTUAL,0,-3.2,79,151,17,0,,73.5,81,773,1.7,128,9,4
KETCHIKA,2022-10-27,ACTUAL,8.5,-5.1,38,159,12,3,,66.1,63,759,1,104,5,3
KETCHIKA,2022-10-28,ACTUAL,6,-4.5,47,130,14,0,,77.3,63,761,1.8,105,9,4
KETCHIKA,2022-10-29,ACTUAL,1.8,-5.8,57,139,12,0,,80.3,64,762,2.1,105,10,4
KETCHIKA,2022-10-30,ACTUAL,4.9,-6.7,43,131,15,0,,83.8,64,763,3.7,106,16,4
KETCHIKA,2022-10-31,ACTUAL,1.8,-6.3,55,157,12,0,,83.9,64,764,3.3,106,15,4
KOMIE,2022-05-01,[object Object],,,,,,,,,,,,,,
KOMIE,2022-05-02,[object Object],,,,,,,,,,,,,,
KOMIE,2022-05-03,[object Object],,,,,,,,,,,,,,
KOMIE,2022-05-04,[object Object],,,,,,,,,,,,,,
KOMIE,2022-05-05,[object Object],,,,,,,,,,,,,,
KOMIE,2022-05-06,[object Object],,,,,,,,,,,,,,
KOMIE,2022-05-07,[object Object],,,,,,,,,,,,,,
KOMIE,2022-05-08,[object Object],,,,,,,,,,,,,,
KOMIE,2022-05-09,[object Object],,,,,,,,,,,,,,
KOMIE,2022-05-10,[object Object],,,,,,,,,,,,,,
KOMIE,2022-05-11,[object Object],,,,,,,,,,,,,,
KOMIE,2022-05-12,[object Object],,,,,,,,,,,,,,
KOMIE,2022-05-13,[object Object],,,,,,,,,,,,,,
KOMIE,2022-05-14,[object Object],,,,,,,,,,,,,,
KOMIE,2022-05-15,[object Object],,,,,,,,,,,,,,
KOMIE,2022-05-16,[object Object],,,,,,,,,,,,,,
KOMIE,2022-05-17,[object Object],,,,,,,,,,,,,,
KOMIE,2022-05-18,[object Object],,,,,,,,,,,,,,
KOMIE,2022-05-19,[object Object],,,,,,,,,,,,,,
KOMIE,2022-05-20,[object Object],,,,,,,,,,,,,,
KOMIE,2022-05-21,[object Object],,,,,,,,,,,,,,
KOMIE,2022-05-22,[object Object],,,,,,,,,,,,,,
KOMIE,2022-05-23,[object Object],,,,,,,,,,,,,,
KOMIE,2022-05-24,[object Object],,,,,,,,,,,,,,
KOMIE,2022-05-25,[object Object],,,,,,,,,,,,,,
KOMIE,2022-05-26,[object Object],,,,,,,,,,,,,,
KOMIE,2022-05-27,[object Object],,,,,,,,,,,,,,
KOMIE,2022-05-28,[object Object],,,,,,,,,,,,,,
KOMIE,2022-05-29,[object Object],,,,,,,,,,,,,,
KOMIE,2022-05-30,[object Object],,,,,,,,,,,,,,
KOMIE,2022-05-31,[object Object],,,,,,,,,,,,,,
KOMIE,2022-06-01,[object Object],,,,,,,,,,,,,,
KOMIE,2022-06-02,[object Object],,,,,,,,,,,,,,
KOMIE,2022-06-03,[object Object],,,,,,,,,,,,,,
KOMIE,2022-06-04,[object Object],,,,,,,,,,,,,,
KOMIE,2022-06-05,[object Object],,,,,,,,,,,,,,
KOMIE,2022-06-06,[object Object],,,,,,,,,,,,,,
KOMIE,2022-06-07,[object Object],,,,,,,,,,,,,,
KOMIE,2022-06-08,[object Object],,,,,,,,,,,,,,
KOMIE,2022-06-09,[object Object],,,,,,,,,,,,,,
KOMIE,2022-06-10,[object Object],,,,,,,,,,,,,,
KOMIE,2022-06-11,[object Object],,,,,,,,,,,,,,
KOMIE,2022-06-12,[object Object],,,,,,,,,,,,,,
KOMIE,2022-06-13,[object Object],,,,,,,,,,,,,,
KOMIE,2022-06-14,[object Object],,,,,,,,,,,,,,
KOMIE,2022-06-15,[object Object],,,,,,,,,,,,,,
KOMIE,2022-06-16,[object Object],,,,,,,,,,,,,,
KOMIE,2022-06-17,[object Object],,,,,,,,,,,,,,
KOMIE,2022-06-18,[object Object],,,,,,,,,,,,,,
KOMIE,2022-06-19,[object Object],,,,,,,,,,,,,,
KOMIE,2022-06-20,[object Object],,,,,,,,,,,,,,
KOMIE,2022-06-21,[object Object],,,,,,,,,,,,,,
KOMIE,2022-06-22,[object Object],,,,,,,,,,,,,,
KOMIE,2022-06-23,[object Object],,,,,,,,,,,,,,
KOMIE,2022-06-24,[object Object],,,,,,,,,,,,,,
KOMIE,2022-06-25,[object Object],,,,,,,,,,,,,,
KOMIE,2022-06-26,[object Object],,,,,,,,,,,,,,
KOMIE,2022-06-27,[object Object],,,,,,,,,,,,,,
KOMIE,2022-06-28,[object Object],,,,,,,,,,,,,,
KOMIE,2022-06-29,[object Object],,,,,,,,,,,,,,
KOMIE,2022-06-30,[object Object],,,,,,,,,,,,,,
KOMIE,2022-07-01,[object Object],,,,,,,,,,,,,,
KOMIE,2022-07-02,[object Object],,,,,,,,,,,,,,
KOMIE,2022-07-03,[object Object],,,,,,,,,,,,,,
KOMIE,2022-07-04,[object Object],,,,,,,,,,,,,,
KOMIE,2022-07-05,[object Object],,,,,,,,,,,,,,
KOMIE,2022-07-06,[object Object],,,,,,,,,,,,,,
KOMIE,2022-07-07,[object Object],,,,,,,,,,,,,,
KOMIE,2022-07-08,[object Object],,,,,,,,,,,,,,
KOMIE,2022-07-09,[object Object],,,,,,,,,,,,,,
KOMIE,2022-07-10,[object Object],,,,,,,,,,,,,,
KOMIE,2022-07-11,[object Object],,,,,,,,,,,,,,
KOMIE,2022-07-12,[object Object],,,,,,,,,,,,,,
KOMIE,2022-07-13,[object Object],,,,,,,,,,,,,,
KOMIE,2022-07-14,[object Object],,,,,,,,,,,,,,
KOMIE,2022-07-15,[object Object],,,,,,,,,,,,,,
KOMIE,2022-07-16,[object Object],,,,,,,,,,,,,,
KOMIE,2022-07-17,[object Object],,,,,,,,,,,,,,
KOMIE,2022-07-18,[object Object],,,,,,,,,,,,,,
KOMIE,2022-07-19,[object Object],,,,,,,,,,,,,,
KOMIE,2022-07-20,[object Object],,,,,,,,,,,,,,
KOMIE,2022-07-21,[object Object],,,,,,,,,,,,,,
KOMIE,2022-07-22,[object Object],,,,,,,,,,,,,,
KOMIE,2022-07-23,[object Object],,,,,,,,,,,,,,
KOMIE,2022-07-24,[object Object],,,,,,,,,,,,,,
KOMIE,2022-07-25,[object Object],,,,,,,,,,,,,,
KOMIE,2022-07-26,[object Object],,,,,,,,,,,,,,
KOMIE,2022-07-27,[object Object],,,,,,,,,,,,,,
KOMIE,2022-07-28,[object Object],,,,,,,,,,,,,,
KOMIE,2022-07-29,[object Object],,,,,,,,,,,,,,
KOMIE,2022-07-30,[object Object],,,,,,,,,,,,,,
KOMIE,2022-07-31,[object Object],,,,,,,,,,,,,,
KOMIE,2022-08-01,[object Object],,,,,,,,,,,,,,
KOMIE,2022-08-02,[object Object],,,,,,,,,,,,,,
KOMIE,2022-08-03,[object Object],,,,,,,,,,,,,,
KOMIE,2022-08-04,[object Object],,,,,,,,,,,,,,
KOMIE,2022-08-05,[object Object],,,,,,,,,,,,,,
KOMIE,2022-08-06,[object Object],,,,,,,,,,,,,,
KOMIE,2022-08-07,[object Object],,,,,,,,,,,,,,
KOMIE,2022-08-08,[object Object],,,,,,,,,,,,,,
KOMIE,2022-08-09,[object Object],,,,,,,,,,,,,,
KOMIE,2022-08-10,[object Object],,,,,,,,,,,,,,
KOMIE,2022-08-11,[object Object],,,,,,,,,,,,,,
KOMIE,2022-08-12,[object Object],,,,,,,,,,,,,,
KOMIE,2022-08-13,[object Object],,,,,,,,,,,,,,
KOMIE,2022-08-14,[object Object],,,,,,,,,,,,,,
KOMIE,2022-08-15,[object Object],,,,,,,,,,,,,,
KOMIE,2022-08-16,[object Object],,,,,,,,,,,,,,
KOMIE,2022-08-17,[object Object],,,,,,,,,,,,,,
KOMIE,2022-08-18,[object Object],,,,,,,,,,,,,,
KOMIE,2022-08-19,[object Object],,,,,,,,,,,,,,
KOMIE,2022-08-20,[object Object],,,,,,,,,,,,,,
KOMIE,2022-08-21,[object Object],,,,,,,,,,,,,,
KOMIE,2022-08-22,[object Object],,,,,,,,,,,,,,
KOMIE,2022-08-23,[object Object],,,,,,,,,,,,,,
KOMIE,2022-08-24,[object Object],,,,,,,,,,,,,,
KOMIE,2022-08-25,[object Object],,,,,,,,,,,,,,
KOMIE,2022-08-26,[object Object],,,,,,,,,,,,,,
KOMIE,2022-08-27,[object Object],,,,,,,,,,,,,,
KOMIE,2022-08-28,[object Object],,,,,,,,,,,,,,
KOMIE,2022-08-29,[object Object],,,,,,,,,,,,,,
KOMIE,2022-08-30,[object Object],,,,,,,,,,,,,,
KOMIE,2022-08-31,[object Object],,,,,,,,,,,,,,
KOMIE,2022-09-01,[object Object],,,,,,,,,,,,,,
KOMIE,2022-09-02,[object Object],,,,,,,,,,,,,,
KOMIE,2022-09-03,[object Object],,,,,,,,,,,,,,
KOMIE,2022-09-04,[object Object],,,,,,,,,,,,,,
KOMIE,2022-09-05,[object Object],,,,,,,,,,,,,,
KOMIE,2022-09-06,[object Object],,,,,,,,,,,,,,
KOMIE,2022-09-07,[object Object],,,,,,,,,,,,,,
KOMIE,2022-09-08,[object Object],,,,,,,,,,,,,,
KOMIE,2022-09-09,[object Object],,,,,,,,,,,,,,
KOMIE,2022-09-10,[object Object],,,,,,,,,,,,,,
KOMIE,2022-09-11,[object Object],,,,,,,,,,,,,,
KOMIE,2022-09-12,[object Object],,,,,,,,,,,,,,
KOMIE,2022-09-13,[object Object],,,,,,,,,,,,,,
KOMIE,2022-09-14,[object Object],,,,,,,,,,,,,,
KOMIE,2022-09-15,[object Object],,,,,,,,,,,,,,
KOMIE,2022-09-16,[object Object],,,,,,,,,,,,,,
KOMIE,2022-09-17,[object Object],,,,,,,,,,,,,,
KOMIE,2022-09-18,[object Object],,,,,,,,,,,,,,
KOMIE,2022-09-19,[object Object],,,,,,,,,,,,,,
KOMIE,2022-09-20,[object Object],,,,,,,,,,,,,,
KOMIE,2022-09-21,[object Object],,,,,,,,,,,,,,
KOMIE,2022-09-22,[object Object],,,,,,,,,,,,,,
KOMIE,2022-09-23,[object Object],,,,,,,,,,,,,,
KOMIE,2022-09-24,[object Object],,,,,,,,,,,,,,
KOMIE,2022-09-25,[object Object],,,,,,,,,,,,,,
KOMIE,2022-09-26,[object Object],,,,,,,,,,,,,,
KOMIE,2022-09-27,[object Object],,,,,,,,,,,,,,
KOMIE,2022-09-28,[object Object],,,,,,,,,,,,,,
KOMIE,2022-09-29,[object Object],,,,,,,,,,,,,,
KOMIE,2022-09-30,[object Object],,,,,,,,,,,,,,
KOMIE,2022-10-01,[object Object],,,,,,,,,,,,,,
KOMIE,2022-10-02,[object Object],,,,,,,,,,,,,,
KOMIE,2022-10-03,[object Object],,,,,,,,,,,,,,
KOMIE,2022-10-04,[object Object],,,,,,,,,,,,,,
KOMIE,2022-10-05,[object Object],,,,,,,,,,,,,,
KOMIE,2022-10-06,[object Object],,,,,,,,,,,,,,
KOMIE,2022-10-07,[object Object],,,,,,,,,,,,,,
KOMIE,2022-10-08,[object Object],,,,,,,,,,,,,,
KOMIE,2022-10-09,[object Object],,,,,,,,,,,,,,
KOMIE,2022-10-10,[object Object],,,,,,,,,,,,,,
KOMIE,2022-10-11,[object Object],,,,,,,,,,,,,,
KOMIE,2022-10-12,[object Object],,,,,,,,,,,,,,
KOMIE,2022-10-13,[object Object],,,,,,,,,,,,,,
KOMIE,2022-10-14,[object Object],,,,,,,,,,,,,,
KOMIE,2022-10-15,[object Object],,,,,,,,,,,,,,
KOMIE,2022-10-16,[object Object],,,,,,,,,,,,,,
KOMIE,2022-10-17,[object Object],,,,,,,,,,,,,,
KOMIE,2022-10-18,[object Object],,,,,,,,,,,,,,
KOMIE,2022-10-19,[object Object],,,,,,,,,,,,,,
KOMIE,2022-10-20,[object Object],,,,,,,,,,,,,,
KOMIE,2022-10-21,[object Object],,,,,,,,,,,,,,
KOMIE,2022-10-22,[object Object],,,,,,,,,,,,,,
KOMIE,2022-10-23,[object Object],,,,,,,,,,,,,,
KOMIE,2022-10-24,[object Object],,,,,,,,,,,,,,
KOMIE,2022-10-25,[object Object],,,,,,,,,,,,,,
KOMIE,2022-10-26,[object Object],,,,,,,,,,,,,,
KOMIE,2022-10-27,[object Object],,,,,,,,,,,,,,
KOMIE,2022-10-28,[object Object],,,,,,,,,,,,,,
KOMIE,2022-10-29,[object Object],,,,,,,,,,,,,,
KOMIE,2022-10-30,[object Object],,,,,,,,,,,,,,
KOMIE,2022-10-31,[object Object],,,,,,,,,,,,,,
MUSKWA,2022-05-01,ACTUAL,12.4,-3.2,34,107,7,0,,,,,,,,
MUSKWA,2022-05-02,ACTUAL,12.6,-0.1,42,52,6,0,,,,,,,,
MUSKWA,2022-05-03,ACTUAL,13.8,-1.5,35,257,22,0.4,,,,,,,,
MUSKWA,2022-05-04,ACTUAL,11.2,-7.2,27,246,22,0,,,,,,,,
MUSKWA,2022-05-05,ACTUAL,10.7,-9.7,23,87,5,0,,,,,,,,
MUSKWA,2022-05-06,ACTUAL,9.8,-8.9,26,52,18,0,,,,,,,,
MUSKWA,2022-05-07,ACTUAL,4.2,-1.1,68,211,9,2.4,,,,,,,,
MUSKWA,2022-05-08,ACTUAL,0.4,-1.2,89,34,20,5.2,,,,,,,,
MUSKWA,2022-05-09,ACTUAL,0.8,-1.8,83,112,5,3.2,,,,,,,,
MUSKWA,2022-05-10,ACTUAL,8.9,-0.2,53,84,7,2.2,,,,,,,,
MUSKWA,2022-05-11,ACTUAL,9.7,0.3,52,350,12,0,,,,,,,,
MUSKWA,2022-05-12,ACTUAL,11.2,-3.8,35,277,8,5.2,,,,,,,,
MUSKWA,2022-05-13,ACTUAL,8.7,2.5,65,48,0,1.2,,,,,,,,
MUSKWA,2022-05-14,ACTUAL,10.6,-6.8,29,259,19,8,,,,,,,,
MUSKWA,2022-05-15,ACTUAL,14.1,-6.3,24,36,10,0,,,,,,,,
MUSKWA,2022-05-16,ACTUAL,12,2.5,52,116,7,0.6,,,,,,,,
MUSKWA,2022-05-17,ACTUAL,10.8,-9.1,24,230,23,5.4,,,,,,,,
MUSKWA,2022-05-18,ACTUAL,11.9,-11.1,19,66,15,0,,,,,,,,
MUSKWA,2022-05-19,ACTUAL,7.9,-3.7,44,290,14,0.8,,,,,,,,
MUSKWA,2022-05-20,ACTUAL,13,-14,14,53,11,1.4,,85,6,15,3.7,6,3,
MUSKWA,2022-05-21,ACTUAL,17.9,-9.2,15,244,14,0,,92.6,10,21,12.5,10,12,2
MUSKWA,2022-05-22,ACTUAL,17.7,-6.3,19,219,11,0,,93.1,14,26,11.4,14,13,2
MUSKWA,2022-05-23,ACTUAL,14.6,-2,32,33,8,0,,92,17,31,8.7,17,12,2
MUSKWA,2022-05-24,ACTUAL,7.9,4.7,80,46,9,3.2,,57.5,13,32,0.5,13,0,1
MUSKWA,2022-05-25,ACTUAL,12.2,2.4,51,129,5,4.4,,52.5,10,32,0.3,11,0,1
MUSKWA,2022-05-26,ACTUAL,15.3,-1,33,213,5,8.2,,54,8,25,0.3,9,0,1
MUSKWA,2022-05-27,ACTUAL,15.4,3.5,45,60,15,3.8,,64.1,7,26,1.1,8,1,1
MUSKWA,2022-05-28,ACTUAL,12.1,1.4,48,30,11,11.4,,49.8,5,14,0.3,5,0,1
MUSKWA,2022-05-29,ACTUAL,15.5,2.2,41,233,5,4.6,,56.3,5,14,0.4,5,0,1
MUSKWA,2022-05-30,ACTUAL,16.6,2.1,38,221,0,2.2,,60.5,6,20,0.4,7,0,1
MUSKWA,2022-05-31,ACTUAL,19.7,-2.1,23,19,15,0.6,,85.9,11,26,5.1,11,6,2
MUSKWA,2022-06-01,ACTUAL,20.6,-3.2,20,166,4,0,,91.8,15,33,6.8,15,9,2
MUSKWA,2022-06-02,ACTUAL,23,-1.2,20,130,5,0,,93.5,20,40,9.2,20,13,3
MUSKWA,2022-06-03,ACTUAL,23,0.1,22,68,10,0,,93.5,25,48,11.8,25,18,3
MUSKWA,2022-06-04,ACTUAL,16.5,6.6,52,77,7,0,,89.7,27,54,5.9,27,11,3
MUSKWA,2022-06-05,ACTUAL,10.8,9.2,90,236,11,5.2,,42.5,17,53,0.1,19,0,1
MUSKWA,2022-06-06,ACTUAL,13.5,9.4,76,45,10,9.8,,35,10,43,0,12,0,1
MUSKWA,2022-06-07,ACTUAL,13.9,5.8,58,80,9,0.2,,61.9,11,49,0.7,14,1,1
MUSKWA,2022-06-08,ACTUAL,17.3,8.5,56,242,16,0,,78.8,13,56,2.2,17,3,2
MUSKWA,2022-06-09,ACTUAL,16.1,9.8,66,44,12,0.8,,79.8,15,62,2,19,3,2
MUSKWA,2022-06-10,ACTUAL,17,9.7,62,158,0,27,,31.4,8,23,0,8,0,1
MUSKWA,2022-06-11,ACTUAL,18.6,-1.4,26,280,9,0,,73.2,12,29,1.1,12,1,1
MUSKWA,2022-06-12,ACTUAL,15.6,-5.5,23,236,19,0,,87.9,15,36,8.3,15,11,2
MUSKWA,2022-06-13,ACTUAL,17.2,-2.1,27,30,5,0,,90.4,19,42,5.7,19,9,2
MUSKWA,2022-06-14,ACTUAL,19.9,0.2,27,262,9,0,,91.5,23,49,8.4,23,13,3
MUSKWA,2022-06-15,ACTUAL,19.5,2.2,32,53,12,0.2,,91.6,26,56,9.6,26,16,3
MUSKWA,2022-06-16,ACTUAL,10.4,9.3,93,167,2,9.2,,27.5,13,47,0,16,0,1
MUSKWA,2022-06-17,ACTUAL,11.5,9.7,89,235,13,5.8,,24.2,8,45,0,11,0,1
MUSKWA,2022-06-18,ACTUAL,12.4,10.5,88,71,6,3.6,,25.1,5,47,0,8,0,1
MUSKWA,2022-06-19,ACTUAL,20,7.7,45,36,10,3,,60.9,6,51,0.7,10,0,1
MUSKWA,2022-06-20,ACTUAL,21.2,7,40,30,8,1.8,,76.2,9,58,1.2,13,1,1
MUSKWA,2022-06-21,ACTUAL,19.4,6.1,42,146,6,0,,85.2,12,65,2.9,16,4,2
MUSKWA,2022-06-22,ACTUAL,14.7,7.6,62,20,12,1.4,,77.7,13,71,1.7,18,2,2
MUSKWA,2022-06-23,ACTUAL,16.3,6.4,52,1,11,36.6,,50.6,7,14,0.3,7,0,1
MUSKWA,2022-06-24,ACTUAL,22.6,3.1,28,216,0,2.8,,66.3,10,20,0.6,9,0,1
MUSKWA,2022-06-25,ACTUAL,19.4,3,34,360,17,0,,85.4,13,27,5.2,13,7,2
MUSKWA,2022-06-26,ACTUAL,21.2,9.4,47,38,11,1,,84.9,16,34,3.7,16,5,2
MUSKWA,2022-06-27,ACTUAL,20.9,6.7,40,45,4,4.6,,68.9,14,36,0.7,14,1,1
MUSKWA,2022-06-28,ACTUAL,23.8,3.1,26,96,8,0,,88.3,19,43,5,18,8,2
MUSKWA,2022-06-29,ACTUAL,25.8,5.8,28,127,4,0.4,,91.8,24,51,6.7,24,11,3
MUSKWA,2022-06-30,ACTUAL,19.5,9.4,52,345,15,0.2,,89.2,26,58,8.2,26,14,3
MUSKWA,2022-07-01,ACTUAL,13.8,9.5,75,61,0,7.2,,36.8,15,54,0,18,0,1
MUSKWA,2022-07-02,ACTUAL,23,6.6,35,168,5,0,,75.3,19,62,1,21,1,2
MUSKWA,2022-07-03,ACTUAL,23.7,4.5,29,256,7,0,,88.9,23,70,5.3,25,9,3
MUSKWA,2022-07-04,ACTUAL,18.3,10,58,36,10,0,,87.7,25,77,5.1,28,10,3
MUSKWA,2022-07-05,ACTUAL,21.6,11.4,52,77,8,0,,87.7,28,84,4.7,30,9,3
MUSKWA,2022-07-06,ACTUAL,24.3,9,38,88,10,0.6,,89.4,31,92,6.6,34,13,3
MUSKWA,2022-07-07,ACTUAL,17.2,14.3,83,33,0,0,,84.7,32,99,2,35,5,2
MUSKWA,2022-07-08,ACTUAL,19.9,10.4,54,269,13,10.2,,62,18,89,0.9,23,1,2
MUSKWA,2022-07-09,ACTUAL,14.4,6.8,60,252,19,8.2,,54.3,11,82,0.7,16,1,1
MUSKWA,2022-07-10,ACTUAL,20.3,4.2,35,228,23,0,,83.7,14,89,5.7,20,9,2
MUSKWA,2022-07-11,ACTUAL,19.4,1.7,31,231,20,0,,89.7,17,96,11.4,24,17,3
MUSKWA,2022-07-12,ACTUAL,17.6,-2.8,25,259,13,0,,91.4,21,103,10,27,16,3
MUSKWA,2022-07-13,ACTUAL,16.5,-0.8,31,229,30,0,,91.4,23,110,24.4,30,32,4
MUSKWA,2022-07-14,ACTUAL,21,3.6,32,256,11,0,,91.5,27,117,9.1,34,17,3
MUSKWA,2022-07-15,ACTUAL,21.8,4.7,33,233,11,0,,91.5,30,125,9.1,38,18,3
MUSKWA,2022-07-16,ACTUAL,23.6,9.9,42,181,5,0,,91.1,34,133,6.4,41,14,3
MUSKWA,2022-07-17,ACTUAL,23.1,4.9,31,253,16,0,,91.4,38,141,11.8,45,24,4
MUSKWA,2022-07-18,ACTUAL,22.9,6.5,35,228,29,0,,91.5,41,148,22.3,49,38,4
MUSKWA,2022-07-19,ACTUAL,20.6,3.7,33,223,23,0,,91.5,45,156,17.1,52,33,4
MUSKWA,2022-07-20,ACTUAL,23.8,2.5,25,251,9,0,,92.7,49,164,9.8,56,23,4
MUSKWA,2022-07-21,ACTUAL,13.9,9,72,51,8,0,,86.4,50,170,3.9,58,12,3
MUSKWA,2022-07-22,ACTUAL,21.6,6.6,38,47,9,0,,89.2,54,178,6.1,61,17,4
MUSKWA,2022-07-23,ACTUAL,22.6,10.1,45,82,5,0,,89.2,57,185,4.9,64,15,3
MUSKWA,2022-07-24,ACTUAL,20.8,5.1,36,230,14,0,,89.9,60,193,8.4,67,23,4
MUSKWA,2022-07-25,ACTUAL,20.9,10.7,52,336,0,0.4,,89.3,62,200,3.9,70,13,4
MUSKWA,2022-07-26,ACTUAL,28.1,12,37,241,11,0,,90.9,67,209,8.4,74,24,4
MUSKWA,2022-07-27,ACTUAL,27.2,11.6,38,60,10,0,,90.9,71,218,8.1,78,24,4
MUSKWA,2022-07-28,ACTUAL,24.9,14.1,51,81,9,0,,89.8,74,226,6.5,81,21,4
MUSKWA,2022-07-29,ACTUAL,17.6,14.3,81,37,12,3,,63.3,58,229,0.9,71,3,3
MUSKWA,2022-07-30,ACTUAL,15.1,13.1,88,333,2,2.6,,46,48,235,0.1,64,0,2
MUSKWA,2022-07-31,ACTUAL,17.6,13.6,77,48,9,9,,38.8,27,220,0,41,0,2
MUSKWA,2022-08-01,ACTUAL,14.8,13.7,93,228,9,15.6,,16.2,11,188,0,20,0,1
MUSKWA,2022-08-02,ACTUAL,17.7,13.1,74,9,5,8.4,,30.8,7,177,0,12,0,1
MUSKWA,2022-08-03,ACTUAL,11.4,9.3,87,230,13,6.6,,26.4,4,169,0,7,0,1
MUSKWA,2022-08-04,ACTUAL,12.2,9.9,86,330,4,24.6,,15.3,1,121,0,3,0,1
MUSKWA,2022-08-05,ACTUAL,22.4,9.5,44,176,4,3,,55.2,3,124,0.3,6,0,1
MUSKWA,2022-08-06,ACTUAL,22.6,7.9,39,219,31,0,,85,6,131,10,11,10,2
MUSKWA,2022-08-07,ACTUAL,21,6.1,38,223,28,0,,89.1,9,138,15.4,15,17,3
MUSKWA,2022-08-08,ACTUAL,21.1,0.8,26,127,4,0,,91.5,12,145,6.6,20,10,3
MUSKWA,2022-08-09,ACTUAL,22.7,7.6,38,54,6,0,,91.5,15,152,7.1,24,12,3
MUSKWA,2022-08-10,ACTUAL,28.4,4.6,22,246,10,0,,94,20,160,12.3,31,20,3
MUSKWA,2022-08-11,ACTUAL,17.7,10.9,64,58,7,0,,88.1,21,166,4.7,32,10,3
MUSKWA,2022-08-12,ACTUAL,23.4,13.9,55,33,9,0,,88.1,24,174,5.1,35,11,3
MUSKWA,2022-08-13,ACTUAL,27.7,13.2,41,63,5,0,,89.9,27,182,5.4,40,12,3
MUSKWA,2022-08-14,ACTUAL,19.1,15,77,227,16,17.6,,48.6,12,149,0.3,20,0,1
MUSKWA,2022-08-15,ACTUAL,22.8,4.2,30,241,21,0,,84.7,15,156,5.8,25,10,3
MUSKWA,2022-08-16,ACTUAL,25.1,8.9,36,195,6,0,,89.7,19,163,5.6,29,11,3
MUSKWA,2022-08-17,ACTUAL,26.6,11.1,38,215,16,0,,90.6,22,171,10.6,34,19,3
MUSKWA,2022-08-18,ACTUAL,27.2,7.5,29,231,21,0,,92.4,27,179,17,39,28,3
MUSKWA,2022-08-19,ACTUAL,25.7,13.2,46,30,0,0,,91.3,30,187,5.2,42,12,3
MUSKWA,2022-08-20,ACTUAL,24.2,8.9,38,68,7,0,,91.4,33,194,7.3,46,17,3
MUSKWA,2022-08-21,ACTUAL,24.6,13.2,49,42,6,0,,90.2,36,201,5.9,49,15,3
MUSKWA,2022-08-22,ACTUAL,27.4,12.6,40,126,4,0,,90.4,39,209,5.6,53,15,3
MUSKWA,2022-08-23,ACTUAL,27.4,13.7,43,37,6,0,,90.4,42,217,6,57,16,3
MUSKWA,2022-08-24,ACTUAL,28.2,14.8,44,71,6,0,,90.5,46,225,6.3,61,18,4
MUSKWA,2022-08-25,ACTUAL,30.1,6.7,23,228,14,0,,94.1,51,234,15.3,66,34,4
MUSKWA,2022-08-26,ACTUAL,17.3,13.1,76,27,9,0.8,,84.3,52,240,3.1,67,11,3
MUSKWA,2022-08-27,ACTUAL,19.1,1.9,32,245,6,8.2,,65.6,31,227,0.7,47,2,3
MUSKWA,2022-08-28,ACTUAL,19.4,3.8,36,244,11,0,,84.1,34,233,3.3,50,9,3
MUSKWA,2022-08-29,ACTUAL,21.6,9.1,45,203,7,0,,87.5,37,240,4.2,53,12,3
MUSKWA,2022-08-30,ACTUAL,23.1,6.3,34,280,25,0,,90.5,40,248,16.5,57,33,4
MUSKWA,2022-08-31,ACTUAL,17.3,9,58,26,8,0,,88,41,254,4.8,59,14,3
MUSKWA,2022-09-01,ACTUAL,19.4,6.1,42,110,0,7.2,,53.4,26,242,0.2,41,0,2
MUSKWA,2022-09-02,ACTUAL,19.9,8.2,47,224,5,0,,76.5,28,247,1.1,43,3,3
MUSKWA,2022-09-03,ACTUAL,22.6,0.4,23,267,16,0,,90.7,31,253,10.3,47,22,4
MUSKWA,2022-09-04,ACTUAL,19.4,1.7,31,231,28,0,,90.8,33,258,20.1,51,36,4
MUSKWA,2022-09-05,ACTUAL,16.7,2.9,40,213,17,0,,90.3,35,263,10.6,53,24,4
MUSKWA,2022-09-06,ACTUAL,17.4,0.8,33,312,3,0,,90.4,38,268,5.1,56,14,3
MUSKWA,2022-09-07,ACTUAL,13.1,4.3,55,29,15,0.2,,87.9,39,272,6.8,57,18,4
MUSKWA,2022-09-08,ACTUAL,18.4,-0.5,28,338,0,0.4,,90.2,41,277,4.5,60,13,3
MUSKWA,2022-09-09,ACTUAL,19.5,1.3,30,228,15,0,,90.9,44,282,10.4,63,26,4
MUSKWA,2022-09-10,ACTUAL,20.8,-4.4,18,283,14,0,,93.5,47,287,14.6,67,33,4
MUSKWA,2022-09-11,ACTUAL,15,0.7,38,48,11,0,,91.3,49,292,9.2,69,25,4
MUSKWA,2022-09-12,ACTUAL,14.3,3.1,47,123,4,0,,89.6,50,296,4.9,71,16,4
MUSKWA,2022-09-13,ACTUAL,20,3.1,33,135,4,0,,90.3,53,301,5.6,73,18,4
MUSKWA,2022-09-14,ACTUAL,22.3,2.8,28,165,2,0,,91.6,56,307,6,77,19,4
MUSKWA,2022-09-15,ACTUAL,21.5,0,24,235,18,0,,92.5,59,313,15.2,80,37,5
MUSKWA,2022-09-16,ACTUAL,13.8,1.7,44,92,4,0,,90.4,60,317,5.5,82,19,4
MUSKWA,2022-09-17,ACTUAL,15.6,3.3,44,221,5,5.4,,62.3,40,308,0.6,60,2,3
MUSKWA,2022-09-18,ACTUAL,10.9,5.1,67,328,3,0.4,,71.4,41,311,0.8,61,2,3
MUSKWA,2022-09-19,ACTUAL,13.6,-0.6,38,289,7,1.8,,74,39,315,1.1,60,4,3
MUSKWA,2022-09-20,ACTUAL,16.4,1.6,37,51,0,0,,82.2,41,320,1.5,63,5,3
MUSKWA,2022-09-21,ACTUAL,23.4,5.2,31,253,12,0,,90.1,44,326,7.9,66,22,4
MUSKWA,2022-09-22,ACTUAL,22.3,2.3,27,282,22,0,,91.9,47,332,17.1,70,38,4
MUSKWA,2022-09-23,ACTUAL,13.5,-2.6,33,217,29,0,,91.2,49,336,22.3,72,45,5
MUSKWA,2022-09-24,ACTUAL,16.5,-3.7,25,232,19,0,,91.6,52,340,14,75,34,5
MUSKWA,2022-09-25,ACTUAL,18.6,2.3,34,254,24,0,,91.6,54,346,17.7,78,41,5
MUSKWA,2022-09-26,ACTUAL,10.6,7,78,66,0,0,,86.5,54,349,2.6,78,10,4
MUSKWA,2022-09-27,ACTUAL,22.9,3.8,29,224,36,0,,91.4,57,355,32.1,82,60,5
MUSKWA,2022-09-28,ACTUAL,16,4.7,47,56,10,0,,89.6,59,360,6.6,84,22,4
MUSKWA,2022-09-29,ACTUAL,16.9,6.1,49,119,4,0,,89,61,364,4.4,86,16,4
MUSKWA,2022-09-30,ACTUAL,21.2,3.3,31,260,14,0,,90.8,63,370,9.6,89,29,4
MUSKWA,2022-10-01,ACTUAL,22.3,4.2,31,262,16,0,,91.3,66,375,11.5,91,33,5
MUSKWA,2022-10-02,ACTUAL,18,-9.1,15,279,13,0,,93.8,68,378,13.8,94,38,5
MUSKWA,2022-10-03,ACTUAL,17.9,-3,24,171,0,0,,93.7,70,382,7.3,96,25,4
MUSKWA,2022-10-04,ACTUAL,13.8,-1.9,34,56,11,0,,91.9,72,386,9.6,98,30,4
MUSKWA,2022-10-05,ACTUAL,12,2.5,52,119,7,0,,89,73,388,5.2,99,20,4
MUSKWA,2022-10-06,ACTUAL,20.3,4.6,36,182,8,0,,89.8,75,393,6.2,102,23,4
MUSKWA,2022-10-07,ACTUAL,21,0.1,25,53,0,0,,91.5,78,397,5.3,104,21,4
MUSKWA,2022-10-08,ACTUAL,22.7,-0.8,21,255,12,0,,93.3,80,402,12.6,107,38,5
MUSKWA,2022-10-09,ACTUAL,20.3,3,32,224,43,0,,92.4,83,406,53.1,110,92,5
MUSKWA,2022-10-10,ACTUAL,12.1,-8,24,220,29,0.4,,92.5,84,409,25.9,111,60,5
MUSKWA,2022-10-11,ACTUAL,13.6,-6.2,25,223,25,0,,92.5,86,412,21.7,113,55,5
MUSKWA,2022-10-12,ACTUAL,13.5,-1,37,228,14,0,,91,87,416,9.9,114,33,5
MUSKWA,2022-10-13,ACTUAL,20.2,0.5,27,226,41,0,,91.7,90,420,44,117,85,5
MUSKWA,2022-10-14,ACTUAL,8.9,0.9,57,73,11,0,,88,90,422,5.7,118,23,4
MUSKWA,2022-10-15,ACTUAL,4.8,-1.8,62,89,7,0,,86,90,424,3.4,118,16,4
MUSKWA,2022-10-16,ACTUAL,22.3,5.6,34,212,14,0,,90,93,429,8.8,120,31,5
MUSKWA,2022-10-17,ACTUAL,21.8,1.9,27,124,4,0,,91.6,95,433,6.5,123,26,5
MUSKWA,2022-10-18,ACTUAL,17.5,1.3,34,248,9,0,,91.5,97,437,8.5,125,31,5
MUSKWA,2022-10-19,ACTUAL,16.2,-3.4,26,223,40,0,,91.5,99,441,39.6,127,82,5
MUSKWA,2022-10-20,ACTUAL,10.5,-7.8,27,226,29,0,,91.6,100,443,23.3,128,60,5
MUSKWA,2022-10-21,ACTUAL,8.5,-6.6,34,253,6,0,,90.7,101,445,6.5,129,26,5
MUSKWA,2022-10-22,ACTUAL,-0.6,-5.9,67,57,5,0,,86.8,101,446,3.4,129,17,4
MUSKWA,2022-10-23,ACTUAL,-2.2,-5.3,79,86,0,0,,84.2,101,446,1.9,129,10,4
MUSKWA,2022-10-24,ACTUAL,-4,-6.6,82,56,11,0,,81.6,101,447,2.3,129,12,4
MUSKWA,2022-10-25,ACTUAL,-5.3,-8.4,79,23,0,0,,80.9,101,447,1.3,129,7,3
MUSKWA,2022-10-26,ACTUAL,-3.7,-8,72,38,0,0,,81,101,447,1.3,129,7,3
MUSKWA,2022-10-27,ACTUAL,7.2,-9.4,30,223,31,3.6,,70.3,71,439,3,101,13,4
MUSKWA,2022-10-28,ACTUAL,7.7,-11.2,25,259,21,0,,83.9,72,441,5.3,102,20,4
MUSKWA,2022-10-29,ACTUAL,5.3,-10.2,32,151,6,0,,86.4,73,443,3.5,103,15,4
MUSKWA,2022-10-30,ACTUAL,6.6,-9.9,30,230,25,0,,88.2,74,444,11.8,104,36,5
MUSKWA,2022-10-31,ACTUAL,-5,-8.6,76,61,0,0,,85.4,74,445,2.2,104,11,4
NEL-X DL,2022-05-01,[object Object],,,,,,,,,,,,,,
NEL-X DL,2022-05-02,[object Object],,,,,,,,,,,,,,
NEL-X DL,2022-05-03,[object Object],,,,,,,,,,,,,,
NEL-X DL,2022-05-04,[object Object],,,,,,,,,,,,,,
NEL-X DL,2022-05-05,[object Object],,,,,,,,,,,,,,
NEL-X DL,2022-05-06,[object Object],,,,,,,,,,,,,,
NEL-X DL,2022-05-07,[object Object],,,,,,,,,,,,,,
NEL-X DL,2022-05-08,[object Object],,,,,,,,,,,,,,
NEL-X DL,2022-05-09,[object Object],,,,,,,,,,,,,,
NEL-X DL,2022-05-10,[object Object],,,,,,,,,,,,,,
NEL-X DL,2022-05-11,[object Object],,,,,,,,,,,,,,
NEL-X DL,2022-05-12,[object Object],,,,,,,,,,,,,,
NEL-X DL,2022-05-13,[object Object],,,,,,,,,,,,,,
NEL-X DL,2022-05-14,[object Object],,,,,,,,,,,,,,
NEL-X DL,2022-05-15,[object Object],,,,,,,,,,,,,,
NEL-X DL,2022-05-16,[object Object],,,,,,,,,,,,,,
NEL-X DL,2022-05-17,[object Object],,,,,,,,,,,,,,
NEL-X DL,2022-05-18,[object Object],,,,,,,,,,,,,,
NEL-X DL,2022-05-19,[object Object],,,,,,,,,,,,,,
NEL-X DL,2022-05-20,[object Object],,,,,,,,,,,,,,
NEL-X DL,2022-05-21,[object Object],,,,,,,,,,,,,,
NEL-X DL,2022-05-22,[object Object],,,,,,,,,,,,,,
NEL-X DL,2022-05-23,[object Object],,,,,,,,,,,,,,
NEL-X DL,2022-05-24,[object Object],,,,,,,,,,,,,,
NEL-X DL,2022-05-25,[object Object],,,,,,,,,,,,,,
NEL-X DL,2022-05-26,[object Object],,,,,,,,,,,,,,
NEL-X DL,2022-05-27,[object Object],,,,,,,,,,,,,,
NEL-X DL,2022-05-28,[object Object],,,,,,,,,,,,,,
NEL-X DL,2022-05-29,[object Object],,,,,,,,,,,,,,
NEL-X DL,2022-05-30,[object Object],,,,,,,,,,,,,,
NEL-X DL,2022-05-31,[object Object],,,,,,,,,,,,,,
NEL-X DL,2022-06-01,[object Object],,,,,,,,,,,,,,
NEL-X DL,2022-06-02,[object Object],,,,,,,,,,,,,,
NEL-X DL,2022-06-03,[object Object],,,,,,,,,,,,,,
NEL-X DL,2022-06-04,[object Object],,,,,,,,,,,,,,
NEL-X DL,2022-06-05,[object Object],,,,,,,,,,,,,,
NEL-X DL,2022-06-06,[object Object],,,,,,,,,,,,,,
NEL-X DL,2022-06-07,[object Object],,,,,,,,,,,,,,
NEL-X DL,2022-06-08,[object Object],,,,,,,,,,,,,,
NEL-X DL,2022-06-09,[object Object],,,,,,,,,,,,,,
NEL-X DL,2022-06-10,[object Object],,,,,,,,,,,,,,
NEL-X DL,2022-06-11,[object Object],,,,,,,,,,,,,,
NEL-X DL,2022-06-12,[object Object],,,,,,,,,,,,,,
NEL-X DL,2022-06-13,[object Object],,,,,,,,,,,,,,
NEL-X DL,2022-06-14,[object Object],,,,,,,,,,,,,,
NEL-X DL,2022-06-15,[object Object],,,,,,,,,,,,,,
NEL-X DL,2022-06-16,[object Object],,,,,,,,,,,,,,
NEL-X DL,2022-06-17,[object Object],,,,,,,,,,,,,,
NEL-X DL,2022-06-18,[object Object],,,,,,,,,,,,,,
NEL-X DL,2022-06-19,[object Object],,,,,,,,,,,,,,
NEL-X DL,2022-06-20,[object Object],,,,,,,,,,,,,,
NEL-X DL,2022-06-21,[object Object],,,,,,,,,,,,,,
NEL-X DL,2022-06-22,[object Object],,,,,,,,,,,,,,
NEL-X DL,2022-06-23,[object Object],,,,,,,,,,,,,,
NEL-X DL,2022-06-24,[object Object],,,,,,,,,,,,,,
NEL-X DL,2022-06-25,[object Object],,,,,,,,,,,,,,
NEL-X DL,2022-06-26,[object Object],,,,,,,,,,,,,,
NEL-X DL,2022-06-27,[object Object],,,,,,,,,,,,,,
NEL-X DL,2022-06-28,[object Object],,,,,,,,,,,,,,
NEL-X DL,2022-06-29,[object Object],,,,,,,,,,,,,,
NEL-X DL,2022-06-30,[object Object],,,,,,,,,,,,,,
NEL-X DL,2022-07-01,[object Object],,,,,,,,,,,,,,
NEL-X DL,2022-07-02,[object Object],,,,,,,,,,,,,,
NEL-X DL,2022-07-03,[object Object],,,,,,,,,,,,,,
NEL-X DL,2022-07-04,[object Object],,,,,,,,,,,,,,
NEL-X DL,2022-07-05,[object Object],,,,,,,,,,,,,,
NEL-X DL,2022-07-06,[object Object],,,,,,,,,,,,,,
NEL-X DL,2022-07-07,[object Object],,,,,,,,,,,,,,
NEL-X DL,2022-07-08,[object Object],,,,,,,,,,,,,,
NEL-X DL,2022-07-09,[object Object],,,,,,,,,,,,,,
NEL-X DL,2022-07-10,[object Object],,,,,,,,,,,,,,
NEL-X DL,2022-07-11,[object Object],,,,,,,,,,,,,,
NEL-X DL,2022-07-12,[object Object],,,,,,,,,,,,,,
NEL-X DL,2022-07-13,[object Object],,,,,,,,,,,,,,
NEL-X DL,2022-07-14,[object Object],,,,,,,,,,,,,,
NEL-X DL,2022-07-15,[object Object],,,,,,,,,,,,,,
NEL-X DL,2022-07-16,[object Object],,,,,,,,,,,,,,
NEL-X DL,2022-07-17,[object Object],,,,,,,,,,,,,,
NEL-X DL,2022-07-18,[object Object],,,,,,,,,,,,,,
NEL-X DL,2022-07-19,[object Object],,,,,,,,,,,,,,
NEL-X DL,2022-07-20,[object Object],,,,,,,,,,,,,,
NEL-X DL,2022-07-21,[object Object],,,,,,,,,,,,,,
NEL-X DL,2022-07-22,[object Object],,,,,,,,,,,,,,
NEL-X DL,2022-07-23,[object Object],,,,,,,,,,,,,,
NEL-X DL,2022-07-24,[object Object],,,,,,,,,,,,,,
NEL-X DL,2022-07-25,[object Object],,,,,,,,,,,,,,
NEL-X DL,2022-07-26,[object Object],,,,,,,,,,,,,,
NEL-X DL,2022-07-27,[object Object],,,,,,,,,,,,,,
NEL-X DL,2022-07-28,[object Object],,,,,,,,,,,,,,
NEL-X DL,2022-07-29,[object Object],,,,,,,,,,,,,,
NEL-X DL,2022-07-30,[object Object],,,,,,,,,,,,,,
NEL-X DL,2022-07-31,[object Object],,,,,,,,,,,,,,
NEL-X DL,2022-08-01,[object Object],,,,,,,,,,,,,,
NEL-X DL,2022-08-02,[object Object],,,,,,,,,,,,,,
NEL-X DL,2022-08-03,[object Object],,,,,,,,,,,,,,
NEL-X DL,2022-08-04,[object Object],,,,,,,,,,,,,,
NEL-X DL,2022-08-05,[object Object],,,,,,,,,,,,,,
NEL-X DL,2022-08-06,[object Object],,,,,,,,,,,,,,
NEL-X DL,2022-08-07,[object Object],,,,,,,,,,,,,,
NEL-X DL,2022-08-08,[object Object],,,,,,,,,,,,,,
NEL-X DL,2022-08-09,[object Object],,,,,,,,,,,,,,
NEL-X DL,2022-08-10,[object Object],,,,,,,,,,,,,,
NEL-X DL,2022-08-11,[object Object],,,,,,,,,,,,,,
NEL-X DL,2022-08-12,[object Object],,,,,,,,,,,,,,
NEL-X DL,2022-08-13,[object Object],,,,,,,,,,,,,,
NEL-X DL,2022-08-14,[object Object],,,,,,,,,,,,,,
NEL-X DL,2022-08-15,[object Object],,,,,,,,,,,,,,
NEL-X DL,2022-08-16,[object Object],,,,,,,,,,,,,,
NEL-X DL,2022-08-17,[object Object],,,,,,,,,,,,,,
NEL-X DL,2022-08-18,[object Object],,,,,,,,,,,,,,
NEL-X DL,2022-08-19,[object Object],,,,,,,,,,,,,,
NEL-X DL,2022-08-20,[object Object],,,,,,,,,,,,,,
NEL-X DL,2022-08-21,[object Object],,,,,,,,,,,,,,
NEL-X DL,2022-08-22,[object Object],,,,,,,,,,,,,,
NEL-X DL,2022-08-23,[object Object],,,,,,,,,,,,,,
NEL-X DL,2022-08-24,[object Object],,,,,,,,,,,,,,
NEL-X DL,2022-08-25,[object Object],,,,,,,,,,,,,,
NEL-X DL,2022-08-26,[object Object],,,,,,,,,,,,,,
NEL-X DL,2022-08-27,[object Object],,,,,,,,,,,,,,
NEL-X DL,2022-08-28,[object Object],,,,,,,,,,,,,,
NEL-X DL,2022-08-29,[object Object],,,,,,,,,,,,,,
NEL-X DL,2022-08-30,[object Object],,,,,,,,,,,,,,
NEL-X DL,2022-08-31,[object Object],,,,,,,,,,,,,,
NEL-X DL,2022-09-01,[object Object],,,,,,,,,,,,,,
NEL-X DL,2022-09-02,[object Object],,,,,,,,,,,,,,
NEL-X DL,2022-09-03,[object Object],,,,,,,,,,,,,,
NEL-X DL,2022-09-04,[object Object],,,,,,,,,,,,,,
NEL-X DL,2022-09-05,[object Object],,,,,,,,,,,,,,
NEL-X DL,2022-09-06,[object Object],,,,,,,,,,,,,,
NEL-X DL,2022-09-07,[object Object],,,,,,,,,,,,,,
NEL-X DL,2022-09-08,[object Object],,,,,,,,,,,,,,
NEL-X DL,2022-09-09,[object Object],,,,,,,,,,,,,,
NEL-X DL,2022-09-10,[object Object],,,,,,,,,,,,,,
NEL-X DL,2022-09-11,[object Object],,,,,,,,,,,,,,
NEL-X DL,2022-09-12,[object Object],,,,,,,,,,,,,,
NEL-X DL,2022-09-13,[object Object],,,,,,,,,,,,,,
NEL-X DL,2022-09-14,[object Object],,,,,,,,,,,,,,
NEL-X DL,2022-09-15,[object Object],,,,,,,,,,,,,,
NEL-X DL,2022-09-16,[object Object],,,,,,,,,,,,,,
NEL-X DL,2022-09-17,[object Object],,,,,,,,,,,,,,
NEL-X DL,2022-09-18,[object Object],,,,,,,,,,,,,,
NEL-X DL,2022-09-19,[object Object],,,,,,,,,,,,,,
NEL-X DL,2022-09-20,[object Object],,,,,,,,,,,,,,
NEL-X DL,2022-09-21,[object Object],,,,,,,,,,,,,,
NEL-X DL,2022-09-22,[object Object],,,,,,,,,,,,,,
NEL-X DL,2022-09-23,[object Object],,,,,,,,,,,,,,
NEL-X DL,2022-09-24,[object Object],,,,,,,,,,,,,,
NEL-X DL,2022-09-25,[object Object],,,,,,,,,,,,,,
NEL-X DL,2022-09-26,[object Object],,,,,,,,,,,,,,
NEL-X DL,2022-09-27,[object Object],,,,,,,,,,,,,,
NEL-X DL,2022-09-28,[object Object],,,,,,,,,,,,,,
NEL-X DL,2022-09-29,[object Object],,,,,,,,,,,,,,
NEL-X DL,2022-09-30,[object Object],,,,,,,,,,,,,,
NEL-X DL,2022-10-01,[object Object],,,,,,,,,,,,,,
NEL-X DL,2022-10-02,[object Object],,,,,,,,,,,,,,
NEL-X DL,2022-10-03,[object Object],,,,,,,,,,,,,,
NEL-X DL,2022-10-04,[object Object],,,,,,,,,,,,,,
NEL-X DL,2022-10-05,[object Object],,,,,,,,,,,,,,
NEL-X DL,2022-10-06,[object Object],,,,,,,,,,,,,,
NEL-X DL,2022-10-07,[object Object],,,,,,,,,,,,,,
NEL-X DL,2022-10-08,[object Object],,,,,,,,,,,,,,
NEL-X DL,2022-10-09,[object Object],,,,,,,,,,,,,,
NEL-X DL,2022-10-10,[object Object],,,,,,,,,,,,,,
NEL-X DL,2022-10-11,[object Object],,,,,,,,,,,,,,
NEL-X DL,2022-10-12,[object Object],,,,,,,,,,,,,,
NEL-X DL,2022-10-13,[object Object],,,,,,,,,,,,,,
NEL-X DL,2022-10-14,[object Object],,,,,,,,,,,,,,
NEL-X DL,2022-10-15,[object Object],,,,,,,,,,,,,,
NEL-X DL,2022-10-16,[object Object],,,,,,,,,,,,,,
NEL-X DL,2022-10-17,[object Object],,,,,,,,,,,,,,
NEL-X DL,2022-10-18,[object Object],,,,,,,,,,,,,,
NEL-X DL,2022-10-19,[object Object],,,,,,,,,,,,,,
NEL-X DL,2022-10-20,[object Object],,,,,,,,,,,,,,
NEL-X DL,2022-10-21,[object Object],,,,,,,,,,,,,,
NEL-X DL,2022-10-22,[object Object],,,,,,,,,,,,,,
NEL-X DL,2022-10-23,[object Object],,,,,,,,,,,,,,
NEL-X DL,2022-10-24,[object Object],,,,,,,,,,,,,,
NEL-X DL,2022-10-25,[object Object],,,,,,,,,,,,,,
NEL-X DL,2022-10-26,[object Object],,,,,,,,,,,,,,
NEL-X DL,2022-10-27,[object Object],,,,,,,,,,,,,,
NEL-X DL,2022-10-28,[object Object],,,,,,,,,,,,,,
NEL-X DL,2022-10-29,[object Object],,,,,,,,,,,,,,
NEL-X DL,2022-10-30,[object Object],,,,,,,,,,,,,,
NEL-X DL,2022-10-31,[object Object],,,,,,,,,,,,,,
NELSON FORKS,2022-05-01,[object Object],,,,,,,,,,,,,,
NELSON FORKS,2022-05-02,[object Object],,,,,,,,,,,,,,
NELSON FORKS,2022-05-03,[object Object],,,,,,,,,,,,,,
NELSON FORKS,2022-05-04,[object Object],,,,,,,,,,,,,,
NELSON FORKS,2022-05-05,[object Object],,,,,,,,,,,,,,
NELSON FORKS,2022-05-06,[object Object],,,,,,,,,,,,,,
NELSON FORKS,2022-05-07,ACTUAL,6.8,-2.4,52,21,13,0,,,,,,,,
NELSON FORKS,2022-05-08,ACTUAL,1.3,-0.3,89,45,11,0.6,,,,,,,,
NELSON FORKS,2022-05-09,ACTUAL,3.7,-0.5,74,281,9,10,,,,,,,,
NELSON FORKS,2022-05-10,ACTUAL,12.5,-4.3,31,91,7,11.2,,,,,,,,
NELSON FORKS,2022-05-11,ACTUAL,8.8,-2.2,46,233,7,0,,,,,,,,
NELSON FORKS,2022-05-12,ACTUAL,,,,,,0,,,,,,,,
NELSON FORKS,2022-05-13,[object Object],,,,,,,,,,,,,,
NELSON FORKS,2022-05-14,[object Object],,,,,,,,,,,,,,
NELSON FORKS,2022-05-15,[object Object],,,,,,,,,,,,,,
NELSON FORKS,2022-05-16,[object Object],,,,,,,,,,,,,,
NELSON FORKS,2022-05-17,[object Object],,,,,,,,,,,,,,
NELSON FORKS,2022-05-18,[object Object],,,,,,,,,,,,,,
NELSON FORKS,2022-05-19,[object Object],,,,,,,,,,,,,,
NELSON FORKS,2022-05-20,[object Object],,,,,,,,,,,,,,
NELSON FORKS,2022-05-21,[object Object],,,,,,,,,,,,,,
NELSON FORKS,2022-05-22,[object Object],,,,,,,,,,,,,,
NELSON FORKS,2022-05-23,[object Object],,,,,,,,,,,,,,
NELSON FORKS,2022-05-24,[object Object],,,,,,,,,,,,,,
NELSON FORKS,2022-05-25,[object Object],,,,,,,,,,,,,,
NELSON FORKS,2022-05-26,[object Object],,,,,,,,,,,,,,
NELSON FORKS,2022-05-27,[object Object],,,,,,,,,,,,,,
NELSON FORKS,2022-05-28,[object Object],,,,,,,,,,,,,,
NELSON FORKS,2022-05-29,[object Object],,,,,,,,,,,,,,
NELSON FORKS,2022-05-30,ACTUAL,20,-1.8,23,264,8,0,,,,,,,,
NELSON FORKS,2022-05-31,ACTUAL,22.5,1.4,25,210,5,0,,85,15,40,2.7,15,4,2
NELSON FORKS,2022-06-01,ACTUAL,24.4,-1.5,18,223,9,0,,93.2,21,48,10.7,20,15,3
NELSON FORKS,2022-06-02,ACTUAL,24.5,1.3,22,202,8,0,,93.6,26,56,10.6,26,17,3
NELSON FORKS,2022-06-03,ACTUAL,24.7,3.8,26,119,8,0,,93.6,31,63,10.6,31,18,3
NELSON FORKS,2022-06-04,ACTUAL,14.3,6.5,59,46,17,0,,88.2,32,69,7.8,32,15,3
NELSON FORKS,2022-06-05,ACTUAL,12.5,7,69,24,7,0.8,,82,34,75,2,33,5,2
NELSON FORKS,2022-06-06,ACTUAL,15.4,8.5,63,59,7,0.8,,80.9,35,81,1.8,35,4,2
NELSON FORKS,2022-06-07,ACTUAL,16.1,8.4,60,253,10,1,,79.8,37,88,1.8,37,4,2
NELSON FORKS,2022-06-08,ACTUAL,22.2,11,49,54,13,0,,86.3,40,95,4.7,40,11,3
NELSON FORKS,2022-06-09,ACTUAL,9,7.7,92,40,9,0.4,,80.1,40,100,1.9,40,5,2
NELSON FORKS,2022-06-10,ACTUAL,9.2,9.2,100,53,5,5.6,,27,25,97,0,31,0,2
NELSON FORKS,2022-06-11,ACTUAL,20.9,4.8,35,207,10,0.8,,70.7,29,104,1,34,2,2
NELSON FORKS,2022-06-12,ACTUAL,18.2,-2.2,25,261,11,0.2,,87.1,33,110,4.9,38,11,3
NELSON FORKS,2022-06-13,ACTUAL,19.5,-1.1,25,216,8,0,,91.1,37,117,7.4,41,16,3
NELSON FORKS,2022-06-14,ACTUAL,19.7,2,31,229,10,0,,91.1,41,124,8.3,45,18,4
NELSON FORKS,2022-06-15,ACTUAL,18.1,4.6,41,273,4,0,,90.5,44,131,5.7,48,14,3
NELSON FORKS,2022-06-16,ACTUAL,15.7,6.2,53,55,8,0.4,,88.6,46,137,5.2,50,14,3
NELSON FORKS,2022-06-17,ACTUAL,18.3,7.4,49,146,7,0,,88.6,48,144,5.1,53,14,3
NELSON FORKS,2022-06-18,ACTUAL,20.5,9.4,49,238,5,0,,88.7,51,151,4.5,55,13,3
NELSON FORKS,2022-06-19,ACTUAL,25,3,24,171,6,0,,92.6,56,159,8.5,60,22,4
NELSON FORKS,2022-06-20,ACTUAL,19,6.4,44,237,10,0,,90.6,59,166,7.6,63,21,4
NELSON FORKS,2022-06-21,ACTUAL,19.2,5.9,42,199,2,0,,90.4,62,173,5.1,66,16,3
NELSON FORKS,2022-06-22,ACTUAL,13.2,12.1,93,38,17,21.6,,25.9,26,131,0,35,0,2
NELSON FORKS,2022-06-23,ACTUAL,18.4,10.8,61,288,8,14.4,,41.7,13,109,0.1,20,0,2
NELSON FORKS,2022-06-24,MANUAL,26.9,6.2,27,215,9,0,,84,19,118,2.9,27,6,2
NELSON FORKS,2022-06-25,ACTUAL,23.5,10.9,45,89,6,0,,87.8,22,125,4.3,31,9,3
NELSON FORKS,2022-06-26,ACTUAL,16.7,9.9,64,99,4,4.4,,58.7,16,125,0.5,25,0,2
NELSON FORKS,2022-06-27,ACTUAL,22.3,12.6,54,190,6,0,,78.5,19,133,1.4,28,3,2
NELSON FORKS,2022-06-28,ACTUAL,24.6,8.5,36,198,6,0,,88.4,23,141,4.6,33,10,3
NELSON FORKS,2022-06-29,ACTUAL,26.3,4.1,24,260,7,0,,92.8,29,149,8.8,39,18,3
NELSON FORKS,2022-06-30,ACTUAL,19.4,13,66,48,13,0,,87.3,31,156,5.7,41,13,3
NELSON FORKS,2022-07-01,ACTUAL,19.6,12.2,62,194,6,1.4,,78.9,33,163,1.4,43,4,3
NELSON FORKS,2022-07-02,ACTUAL,24.2,9.7,40,186,6,0,,87.7,36,171,4.2,47,11,3
NELSON FORKS,2022-07-03,ACTUAL,26.1,10.6,38,52,8,0,,90.1,40,179,6.4,51,16,3
NELSON FORKS,2022-07-04,ACTUAL,23.7,11.7,47,87,10,0,,90.1,43,187,7,55,18,4
NELSON FORKS,2022-07-05,ACTUAL,25.1,11.3,42,123,7,0,,90.1,47,195,6.4,59,17,4
NELSON FORKS,2022-07-06,ACTUAL,24.7,12.3,46,166,6,0,,90.2,50,204,6,62,17,4
NELSON FORKS,2022-07-07,ACTUAL,25.5,10.5,39,108,8,0,,90.3,54,212,6.6,66,19,4
NELSON FORKS,2022-07-08,ACTUAL,15.6,12.9,84,278,7,0,,83.6,55,218,2.5,67,9,3
NELSON FORKS,2022-07-09,ACTUAL,15.7,14.6,93,233,10,8.6,,31.7,30,206,0,44,0,2
NELSON FORKS,2022-07-10,ACTUAL,17.8,8.7,55,261,13,6,,53,20,200,0.4,32,1,2
NELSON FORKS,2022-07-11,ACTUAL,22,6.1,36,242,10,0.2,,81.8,23,208,2.3,36,6,2
NELSON FORKS,2022-07-12,ACTUAL,19.3,2.5,33,240,11,0,,88.6,26,215,6.1,40,14,3
NELSON FORKS,2022-07-13,ACTUAL,14.6,4.6,51,229,12,0,,88.1,28,222,5.8,43,14,3
NELSON FORKS,2022-07-14,ACTUAL,23,6.6,35,239,9,0,,90.2,32,229,7.1,47,17,3
NELSON FORKS,2022-07-15,ACTUAL,23.9,7.8,36,249,6,0,,90.5,36,237,6.2,52,16,3
NELSON FORKS,2022-07-16,ACTUAL,23.5,14.6,57,235,7,1.8,,79.9,36,245,1.6,52,5,3
NELSON FORKS,2022-07-17,ACTUAL,22.2,6.7,37,248,13,0.2,,88.3,39,253,6.3,56,17,3
NELSON FORKS,2022-07-18,ACTUAL,21.8,8.6,43,256,18,0,,88.8,42,261,8.8,60,22,4
NELSON FORKS,2022-07-19,ACTUAL,20.4,6.3,40,244,17,0,,89.2,45,268,8.8,63,23,4
NELSON FORKS,2022-07-20,ACTUAL,24.2,6.4,32,249,8,0,,91.1,49,276,7.5,68,21,4
NELSON FORKS,2022-07-21,ACTUAL,15.1,5.9,54,289,16,1,,83.8,51,283,4,70,14,4
NELSON FORKS,2022-07-22,ACTUAL,23.2,8,38,202,7,0,,88.9,54,290,5.2,74,17,4
NELSON FORKS,2022-07-23,ACTUAL,22,6.6,37,261,15,0.2,,89.9,58,298,9,78,26,4
NELSON FORKS,2022-07-24,ACTUAL,22,4.4,32,219,8,0,,90.9,62,306,7.4,82,23,4
NELSON FORKS,2022-07-25,ACTUAL,24.6,9.3,38,257,8,0,,90.9,65,314,7.5,86,24,4
NELSON FORKS,2022-07-26,ACTUAL,24.8,11,42,258,16,0,,91,69,322,11,90,32,5
NELSON FORKS,2022-07-27,ACTUAL,23.9,12.2,48,63,9,0,,90.2,72,330,6.7,93,23,4
NELSON FORKS,2022-07-28,ACTUAL,20.7,12.2,58,48,10,0,,88.2,74,337,5.5,96,20,4
NELSON FORKS,2022-07-29,ACTUAL,11.6,11.6,100,20,8,12.8,,17.2,36,303,0,56,0,2
NELSON FORKS,2022-07-30,ACTUAL,17.1,11.7,70,99,5,0.4,,45.1,37,309,0.1,57,0,2
NELSON FORKS,2022-07-31,ACTUAL,18.6,12.2,66,81,9,0.2,,68.3,39,316,0.9,60,3,3
NELSON FORKS,2022-08-01,ACTUAL,19.4,15.7,79,50,9,2.2,,62.6,35,323,0.7,55,2,3
NELSON FORKS,2022-08-02,ACTUAL,19.7,12.6,63,96,7,0,,77,37,329,1.2,57,4,3
NELSON FORKS,2022-08-03,ACTUAL,10.8,10.8,100,31,15,32.4,,9.4,12,233,0,22,0,2
NELSON FORKS,2022-08-04,ACTUAL,18.8,8.2,50,15,8,8.8,,47.1,8,219,0.2,15,0,1
NELSON FORKS,2022-08-05,ACTUAL,24.6,11.2,43,200,7,0,,79.1,11,226,1.5,20,2,2
NELSON FORKS,2022-08-06,ACTUAL,21.6,5.8,36,260,30,1.2,,86.8,14,233,12.2,25,18,3
NELSON FORKS,2022-08-07,ACTUAL,18.9,6.7,45,276,20,0,,87.8,16,240,8.5,28,15,3
NELSON FORKS,2022-08-08,ACTUAL,20.2,5.3,38,266,13,0,,89.3,19,246,7.4,32,14,3
NELSON FORKS,2022-08-09,ACTUAL,22.9,7.8,38,189,6,0,,89.9,22,254,5.8,36,13,3
NELSON FORKS,2022-08-10,ACTUAL,26.3,6.3,28,259,15,0,,92.3,26,261,12.9,42,24,3
NELSON FORKS,2022-08-11,ACTUAL,14.7,10.2,74,125,5,8.8,,44.9,14,245,0.1,25,0,2
NELSON FORKS,2022-08-12,ACTUAL,24.1,11.1,44,261,6,0,,77.1,17,252,1.2,29,2,2
NELSON FORKS,2022-08-13,ACTUAL,26.4,16.7,55,113,4,0,,85,20,260,2.6,33,6,2
NELSON FORKS,2022-08-14,ACTUAL,22.6,12.6,53,250,12,4.8,,71.1,15,257,1.2,26,2,2
NELSON FORKS,2022-08-15,ACTUAL,23.3,8.1,38,241,16,0,,87,18,264,6.3,31,12,3
NELSON FORKS,2022-08-16,ACTUAL,24.3,7.3,34,257,12,0,,90.5,21,271,8.4,36,16,3
NELSON FORKS,2022-08-17,ACTUAL,25.7,10.7,39,161,6,0,,90.5,25,279,6.1,41,14,3
NELSON FORKS,2022-08-18,ACTUAL,25,1.8,22,267,18,0,,93.4,29,287,16.7,46,31,4
NELSON FORKS,2022-08-19,ACTUAL,25.5,11.6,42,242,5,0,,91.8,32,294,7,51,17,4
NELSON FORKS,2022-08-20,ACTUAL,23.2,9.5,42,146,5,0,,91.1,35,301,6.5,54,17,3
NELSON FORKS,2022-08-21,ACTUAL,21.1,11.5,54,198,5,0,,89.2,37,308,4.8,57,14,3
NELSON FORKS,2022-08-22,ACTUAL,24.9,13.8,50,22,6,0,,89.2,40,316,5.3,61,15,3
NELSON FORKS,2022-08-23,ACTUAL,24.5,14.7,54,217,5,0,,89.1,42,323,4.7,64,15,3
NELSON FORKS,2022-08-24,ACTUAL,29.2,12.5,36,188,7,0,,91.2,46,331,7.1,69,20,4
NELSON FORKS,2022-08-25,ACTUAL,29.2,14.2,40,251,9,0,,91.2,50,340,7.9,73,23,4
NELSON FORKS,2022-08-26,ACTUAL,16.7,10.2,65,182,5,0,,87.4,51,346,3.7,75,13,4
NELSON FORKS,2022-08-27,ACTUAL,17.1,4.7,44,243,13,0,,87.8,53,352,6.1,77,20,4
NELSON FORKS,2022-08-28,ACTUAL,19.5,6.2,42,208,6,0,,88.5,56,358,4.7,80,17,4
NELSON FORKS,2022-08-29,ACTUAL,10.4,9.1,92,33,5,0.8,,78.8,56,363,1.3,81,6,3
NELSON FORKS,2022-08-30,ACTUAL,16.1,10.9,71,244,8,0.2,,81.4,57,369,2,82,8,4
NELSON FORKS,2022-08-31,ACTUAL,12.4,9.8,84,194,7,0.6,,79.3,58,374,1.5,83,7,3
NELSON FORKS,2022-09-01,ACTUAL,19.6,5.6,40,216,10,2,,79.2,54,379,1.8,80,7,3
NELSON FORKS,2022-09-02,ACTUAL,18.5,7.9,50,121,6,0,,84.7,56,384,2.7,82,11,4
NELSON FORKS,2022-09-03,ACTUAL,23.4,8.2,38,213,5,0,,89,58,390,4.8,85,17,4
NELSON FORKS,2022-09-04,ACTUAL,14.3,5.1,54,240,27,1,,83.6,60,395,6.6,87,22,4
NELSON FORKS,2022-09-05,ACTUAL,18.5,3.8,38,266,15,0,,88.1,62,400,6.9,89,23,4
NELSON FORKS,2022-09-06,ACTUAL,18.8,2.9,35,253,11,0,,89.6,64,405,7,92,24,4
NELSON FORKS,2022-09-07,ACTUAL,12.5,7.6,72,307,6,0.6,,84.9,65,409,2.8,93,12,4
NELSON FORKS,2022-09-08,ACTUAL,17,3.2,40,260,15,0.8,,86.2,67,413,5.4,95,20,4
NELSON FORKS,2022-09-09,ACTUAL,16.6,3.9,43,244,11,0,,87.6,69,418,5.1,97,20,4
NELSON FORKS,2022-09-10,ACTUAL,17.4,-0.9,29,243,20,0,,90.3,71,423,12,100,35,5
NELSON FORKS,2022-09-11,ACTUAL,15.6,0.5,36,283,11,0,,90.4,73,427,7.7,102,27,4
NELSON FORKS,2022-09-12,ACTUAL,14,1.5,43,62,6,0,,89.6,74,432,5.5,104,21,4
NELSON FORKS,2022-09-13,ACTUAL,18.6,1,31,218,7,0,,90.5,77,437,6.7,107,25,4
NELSON FORKS,2022-09-14,ACTUAL,21.9,2.5,28,180,5,0,,91.6,80,442,6.9,110,26,4
NELSON FORKS,2022-09-15,ACTUAL,21.2,4.6,34,263,12,0,,91.6,82,448,9.9,113,33,5
NELSON FORKS,2022-09-16,ACTUAL,17.1,-1.2,29,260,12,0,,91.7,85,453,10.1,115,34,5
NELSON FORKS,2022-09-17,ACTUAL,16.3,-0.1,33,258,8,0,,91.5,87,457,8,118,29,4
NELSON FORKS,2022-09-18,ACTUAL,14.7,2.8,45,258,12,0,,89.7,88,462,7.4,119,28,5
NELSON FORKS,2022-09-19,ACTUAL,13.8,2.6,47,230,7,2.2,,74.6,76,466,1.1,108,6,3
NELSON FORKS,2022-09-20,ACTUAL,16.1,1.7,38,181,6,0,,84.5,78,470,2.7,110,13,4
NELSON FORKS,2022-09-21,ACTUAL,22.9,6.1,34,220,11,0,,89.8,81,476,7.3,114,27,4
NELSON FORKS,2022-09-22,ACTUAL,16.2,6.6,53,221,9,0,,88.4,82,481,5.2,115,21,4
NELSON FORKS,2022-09-23,ACTUAL,14.8,-2.3,31,228,15,0,,89.7,84,485,8.8,118,31,4
NELSON FORKS,2022-09-24,ACTUAL,16.8,-2.9,26,252,19,0,,91.1,87,490,12.9,120,40,5
NELSON FORKS,2022-09-25,ACTUAL,16.1,3.5,43,194,6,0,,90.1,88,495,6,122,24,5
NELSON FORKS,2022-09-26,ACTUAL,12.5,6.6,67,97,4,0,,86.7,89,499,3.2,123,15,4
NELSON FORKS,2022-09-27,ACTUAL,21.3,5.5,36,195,7,0,,89.4,92,504,5.5,126,23,5
NELSON FORKS,2022-09-28,ACTUAL,11.7,3.8,58,42,13,0,,87.2,93,508,5.5,127,23,5
NELSON FORKS,2022-09-29,ACTUAL,10.3,5.7,73,218,7,1.2,,76.2,93,511,1.2,128,7,3
NELSON FORKS,2022-09-30,ACTUAL,20.6,6.5,40,180,7,0,,86.1,96,517,3.5,131,17,4
NELSON FORKS,2022-10-01,ACTUAL,15.3,4.3,48,171,9,0,,86.7,97,520,4.2,132,19,5
NELSON FORKS,2022-10-02,ACTUAL,15.5,-4,26,228,10,0.2,,90.1,99,524,7.2,134,29,5
NELSON FORKS,2022-10-03,ACTUAL,16.3,-3.9,25,198,7,0,,91.2,101,527,7.1,136,28,5
NELSON FORKS,2022-10-04,ACTUAL,8.6,1.5,61,41,7,0,,87.5,101,530,4.3,137,20,5
NELSON FORKS,2022-10-05,ACTUAL,2.8,2.5,98,177,2,0,,79.5,101,531,1.2,137,7,3
NELSON FORKS,2022-10-06,ACTUAL,18.7,4.7,40,226,9,0,,86.6,103,535,4.2,139,20,5
NELSON FORKS,2022-10-07,ACTUAL,18.9,2.2,33,270,7,0,,89.4,105,539,5.5,141,24,5
NELSON FORKS,2022-10-08,ACTUAL,22.4,0.2,23,226,10,0,,92.5,108,544,9.8,144,36,5
NELSON FORKS,2022-10-09,ACTUAL,23.8,4.1,28,190,8,0,,92.5,111,549,9.1,147,34,5
NELSON FORKS,2022-10-10,ACTUAL,12.6,-5.1,29,247,22,0,,91.9,112,552,16.6,149,51,5
NELSON FORKS,2022-10-11,ACTUAL,12.7,-3.7,32,270,18,0,,91.3,113,555,12.7,150,43,5
NELSON FORKS,2022-10-12,ACTUAL,8.9,-3.4,42,198,9,0,,89.7,114,557,6.4,151,27,5
NELSON FORKS,2022-10-13,ACTUAL,23,2.4,26,174,8,0,,92,117,562,8.6,154,33,5
NELSON FORKS,2022-10-14,ACTUAL,2.8,-7.8,46,40,9,0,,89.3,117,563,6,154,26,5
NELSON FORKS,2022-10-15,ACTUAL,-3.4,-4.3,94,34,12,0,,81.1,117,563,2.4,154,13,4
NELSON FORKS,2022-10-16,ACTUAL,-2,-2.6,96,230,0,0,,78,117,564,0.9,154,6,3
NELSON FORKS,2022-10-17,ACTUAL,17.7,4.2,41,212,9,4,,69.4,77,551,1,114,5,3
NELSON FORKS,2022-10-18,ACTUAL,13.5,4.1,53,131,2,0,,78.1,78,555,1,115,6,3
NELSON FORKS,2022-10-19,ACTUAL,17,1.7,36,212,10,0.2,,86.6,80,558,4.4,117,19,4
NELSON FORKS,2022-10-20,ACTUAL,10.8,-4.6,34,245,23,0,,88.2,81,561,10.7,119,35,5
NELSON FORKS,2022-10-21,ACTUAL,6.5,-1.4,57,235,6,0,,86.7,81,563,3.7,120,17,4
NELSON FORKS,2022-10-22,ACTUAL,-3.9,-7.3,77,51,9,0,,83.5,81,563,2.7,120,13,4
NELSON FORKS,2022-10-23,ACTUAL,-4.1,-5.8,88,54,8,0,,80.3,81,563,1.8,120,9,4
NELSON FORKS,2022-10-24,ACTUAL,-6.3,-7.6,91,37,12,0,,78,81,563,1.8,120,9,4
NELSON FORKS,2022-10-25,ACTUAL,-6,-7.3,91,243,2,0,,77.1,81,564,1,120,5,3
NELSON FORKS,2022-10-26,ACTUAL,-7.1,-8.5,90,240,3,0,,76.7,81,564,1,120,5,3
NELSON FORKS,2022-10-27,ACTUAL,1,-0.2,92,200,2,0,,76.6,81,565,0.9,120,5,3
NELSON FORKS,2022-10-28,ACTUAL,-6.3,-8,88,292,4,6.6,,28.6,48,532,0,78,0,2
NELSON FORKS,2022-10-29,ACTUAL,0.2,-6.4,61,175,6,0.2,,45.6,48,533,0.1,79,0,2
NELSON FORKS,2022-10-30,ACTUAL,-7.2,-8.6,90,30,8,0.2,,49.6,48,533,0.2,79,1,2
NELSON FORKS,2022-10-31,ACTUAL,-7.3,-9.1,87,31,8,0,,54,48,533,0.4,79,1,2
SIERRA,2022-05-01,ACTUAL,9.9,-2.2,43,104,13,0,,,,,,,,
SIERRA,2022-05-02,[object Object],,,,,,,,,,,,,,
SIERRA,2022-05-03,[object Object],,,,,,,,,,,,,,
SIERRA,2022-05-04,ACTUAL,13.7,-5.6,26,192,11,0,,,,,,,,
SIERRA,2022-05-05,ACTUAL,12.9,-7.3,24,275,5,0,,,,,,,,
SIERRA,2022-05-06,ACTUAL,8.3,-1.5,50,355,15,0,,,,,,,,
SIERRA,2022-05-07,ACTUAL,1.6,1.6,100,306,15,4.6,,,,,,,,
SIERRA,2022-05-08,ACTUAL,0.9,-1.7,83,342,19,6.6,,,,,,,,
SIERRA,2022-05-09,ACTUAL,-2.7,-4.7,86,316,10,5.2,,,,,,,,
SIERRA,2022-05-10,ACTUAL,8.8,0,54,133,6,8.8,,,,,,,,
SIERRA,2022-05-11,ACTUAL,,,,,,,,,,,,,,
SIERRA,2022-05-12,ACTUAL,13.7,1.9,45,100,12,0,,,,,,,,
SIERRA,2022-05-13,ACTUAL,17.4,1.3,34,100,12,0,,,,,,,,
SIERRA,2022-05-14,ACTUAL,11,5.4,68,237,5,4.6,,,,,,,,
SIERRA,2022-05-15,ACTUAL,14.7,0.4,38,120,13,8.8,,,,,,,,
SIERRA,2022-05-16,[object Object],,,,,,,,,,,,,,
SIERRA,2022-05-17,ACTUAL,11.4,-4.4,33,267,13,5.8,,,,,,,,
SIERRA,2022-05-18,ACTUAL,14.5,-5.4,25,114,11,0,,,,,,,,
SIERRA,2022-05-19,ACTUAL,14,-10,18,354,14,0,,,,,,,,
SIERRA,2022-05-20,ACTUAL,13.5,-10.4,18,138,8,0,,,,,,,,
SIERRA,2022-05-21,[object Object],,,,,,,,,,,,,,
SIERRA,2022-05-22,[object Object],,,,,,,,,,,,,,
SIERRA,2022-05-23,ACTUAL,13.1,1.7,46,81,8,0,,,,,,,,
SIERRA,2022-05-24,ACTUAL,13.9,1.1,42,114,12,0,,,,,,,,
SIERRA,2022-05-25,[object Object],,,,,,,,,,,,,,
SIERRA,2022-05-26,[object Object],,,,,,,,,,,,,,
SIERRA,2022-05-27,[object Object],,,,,,,,,,,,,,
SIERRA,2022-05-28,ACTUAL,19,0.9,30,348,13,0,,,,,,,,
SIERRA,2022-05-29,ACTUAL,16.3,1.8,38,316,7,0,,,,,,,,
SIERRA,2022-05-30,ACTUAL,17.5,-0.4,30,122,6,0,,86,20,80,3.3,25,6,
SIERRA,2022-05-31,ACTUAL,19.5,0.9,29,326,8,0,,90.1,24,86,6.7,28,12,3
SIERRA,2022-06-01,ACTUAL,14.7,11.1,79,17,7,0,,84.7,25,92,2.8,30,6,2
SIERRA,2022-06-02,ACTUAL,20.6,2.8,31,302,7,0.8,80,88,29,99,4.5,33,10,3
SIERRA,2022-06-03,ACTUAL,25.8,1.1,20,124,11,0,80,93.6,34,107,12.2,38,22,3
SIERRA,2022-06-04,ACTUAL,23.7,3,26,112,19,0,80,93.6,39,115,18.2,42,31,4
SIERRA,2022-06-05,ACTUAL,21.8,8.6,43,61,8,2,80,81.8,39,122,2,43,6,3
SIERRA,2022-06-06,ACTUAL,20.7,9.3,48,181,8,0.4,80,86.3,42,129,3.8,46,10,3
SIERRA,2022-06-07,ACTUAL,22.7,9.4,43,172,9,0,80,88.5,45,137,5.6,50,14,3
SIERRA,2022-06-08,ACTUAL,22.4,5.7,34,117,14,0,80,90.4,49,144,9.2,53,22,4
SIERRA,2022-06-09,ACTUAL,13.2,12.1,93,274,11,8.8,0,32.2,27,133,0,36,0,2
SIERRA,2022-06-10,ACTUAL,12.4,11.6,95,209,6,11,,11.9,13,118,0,20,0,2
SIERRA,2022-06-11,ACTUAL,20.1,7.1,43,213,6,0.6,,56.8,16,125,0.4,24,0,2
SIERRA,2022-06-12,ACTUAL,19.6,1.4,30,212,11,0,,82.9,20,132,2.7,29,6,2
SIERRA,2022-06-13,ACTUAL,20.6,2.8,31,314,6,0,,89.2,24,139,5,33,11,3
SIERRA,2022-06-14,ACTUAL,23.3,2.6,26,206,4,0,,91.9,28,147,6.8,38,15,3
SIERRA,2022-06-15,ACTUAL,20.6,2.8,31,296,7,0,,91.9,32,154,7.8,42,17,3
SIERRA,2022-06-16,ACTUAL,11.7,11.5,99,7,3,15.4,,17.4,13,127,0,21,0,2
SIERRA,2022-06-17,ACTUAL,13.9,12.6,92,134,7,6.6,,15.8,8,122,0,13,0,1
SIERRA,2022-06-18,ACTUAL,17.6,11.5,67,127,11,1,,49.3,9,128,0.3,16,0,1
SIERRA,2022-06-19,ACTUAL,23.3,5.1,31,328,5,4.6,,68.3,10,129,0.7,16,1,1
SIERRA,2022-06-20,ACTUAL,25.1,7.6,33,289,7,0,,87.1,14,137,4.1,23,7,2
SIERRA,2022-06-21,ACTUAL,21.4,11.5,53,320,4,1.8,,77.9,16,144,1.1,25,2,2
SIERRA,2022-06-22,ACTUAL,17.1,12.7,75,91,5,5.2,,50.5,11,142,0.2,18,0,1
SIERRA,2022-06-23,ACTUAL,21.3,8.5,44,6,11,5.4,,65.6,9,141,1,16,1,1
SIERRA,2022-06-24,ACTUAL,24.2,5.9,31,259,8,5.2,,73.8,10,140,1.1,17,1,1
SIERRA,2022-06-25,ACTUAL,27.1,8.9,32,275,7,0,,89.1,15,148,5.4,24,9,3
SIERRA,2022-06-26,ACTUAL,19.7,12.1,61,337,8,4.2,,65.9,12,149,0.8,19,1,1
SIERRA,2022-06-27,ACTUAL,20.3,8.9,48,145,9,2.4,,72.5,12,156,1.1,20,1,2
SIERRA,2022-06-28,ACTUAL,24.6,8,35,115,8,0,,87.5,16,164,4.4,26,8,3
SIERRA,2022-06-29,ACTUAL,26.9,8.3,31,181,5,0,,91.4,21,172,6.6,33,13,3
SIERRA,2022-06-30,ACTUAL,26.2,12.6,43,311,8,0,,91.2,26,180,7.5,38,16,3
SIERRA,2022-07-01,ACTUAL,21.4,3.9,32,121,7,0,,91.3,29,188,7.3,42,16,3
SIERRA,2022-07-02,ACTUAL,24.4,7,33,115,9,0,,91.3,33,196,8.1,47,18,4
SIERRA,2022-07-03,ACTUAL,25.3,9.9,38,82,7,0,,91.4,37,204,7.5,51,18,4
SIERRA,2022-07-04,ACTUAL,24.3,12.3,47,143,12,0.2,,90.4,40,212,8.1,55,20,4
SIERRA,2022-07-05,ACTUAL,25,10,39,119,12,0,,90.5,44,220,8.3,59,21,4
SIERRA,2022-07-06,ACTUAL,24.2,10.8,43,133,20,0,,90.5,47,228,12.6,62,29,4
SIERRA,2022-07-07,ACTUAL,22.7,10.8,47,126,10,0,,90,50,236,7.2,66,20,4
SIERRA,2022-07-08,ACTUAL,20.2,14.4,69,107,10,0,,86.5,52,244,4.3,68,14,3
SIERRA,2022-07-09,ACTUAL,14,13.5,97,189,6,17.4,,18.6,23,205,0,35,0,2
SIERRA,2022-07-10,ACTUAL,19.1,11.2,60,280,11,2,,53.7,22,212,0.4,35,1,2
SIERRA,2022-07-11,ACTUAL,22,8.1,41,202,10,0,,80.8,25,220,2.1,39,5,2
SIERRA,2022-07-12,ACTUAL,21.1,5.3,36,215,7,0,,88.1,28,227,4.7,43,12,3
SIERRA,2022-07-13,ACTUAL,19.3,3.3,35,269,7,0,,89.6,31,234,5.6,47,14,3
SIERRA,2022-07-14,ACTUAL,21.7,7.1,39,202,12,0.4,,89.6,35,242,7.3,51,18,4
SIERRA,2022-07-15,ACTUAL,24.8,8.2,35,191,6,0,,90.7,39,250,6.3,56,17,3
SIERRA,2022-07-16,ACTUAL,18.8,11.7,63,279,9,0,,87.5,40,257,4.7,58,14,3
SIERRA,2022-07-17,ACTUAL,23.8,9.7,41,271,8,0,,89.2,44,265,5.8,62,17,3
SIERRA,2022-07-18,ACTUAL,24.9,9.1,37,274,9,0,,90.4,48,273,7.1,66,20,4
SIERRA,2022-07-19,MANUAL,20.3,8,45,295,12,0,,90,51,281,7.9,70,22,4
SIERRA,2022-07-20,MANUAL,24.7,7.3,33,277,10,0,,91.1,55,289,8.3,74,24,4
SIERRA,2022-07-21,MANUAL,16,6.5,53,302,11,6.8,,61.4,34,278,0.8,52,2,3
SIERRA,2022-07-22,MANUAL,19.8,8.5,48,157,12,0,,80.9,37,285,2.3,55,7,3
SIERRA,2022-07-23,MANUAL,18.5,8.8,53,309,8,0,,84.9,39,292,3.1,58,10,3
SIERRA,2022-07-24,MANUAL,22.9,3.8,29,256,10,0,,90.7,43,300,7.8,63,21,4
SIERRA,2022-07-25,ACTUAL,23,9.4,42,259,8,0,,90.7,46,308,7.3,67,21,4
SIERRA,2022-07-26,ACTUAL,27.1,13.4,43,236,10,0,,90.8,50,317,7.9,71,23,4
SIERRA,2022-07-27,ACTUAL,27.2,14.2,45,347,9,0,,90.8,53,325,7.5,76,22,4
SIERRA,2022-07-28,ACTUAL,24.6,11.9,45,341,11,0,,90.6,57,333,8.3,80,25,4
SIERRA,2022-07-29,ACTUAL,14.7,14.2,97,28,4,5.4,,34.3,36,325,0,57,0,2
SIERRA,2022-07-30,ACTUAL,19.4,12.3,63,354,7,2.4,,55.2,33,333,0.4,52,1,2
SIERRA,2022-07-31,ACTUAL,16.4,13.7,84,107,10,6.8,,37.8,19,320,0,33,0,2
SIERRA,2022-08-01,ACTUAL,14,13.7,98,54,5,30.8,,5.3,7,231,0,14,0,1
SIERRA,2022-08-02,ACTUAL,21.9,12.2,54,147,12,0.8,,55.2,10,238,0.5,17,0,1
SIERRA,2022-08-03,ACTUAL,20.7,13,61,127,9,19.4,,50,6,195,0.3,11,0,1
SIERRA,2022-08-04,ACTUAL,21.2,10.7,51,18,8,0.6,,75.7,8,202,1.2,15,1,1
SIERRA,2022-08-05,ACTUAL,23.1,10.2,44,231,8,0,,86.1,11,209,3.6,19,6,2
SIERRA,2022-08-06,ACTUAL,23.7,7.7,36,295,16,0.6,,89.6,14,216,9,24,14,3
SIERRA,2022-08-07,ACTUAL,24.2,9.3,39,266,9,0,,90,17,224,6.6,29,12,3
SIERRA,2022-08-08,ACTUAL,19.2,7.3,46,315,10,0.2,,89.6,20,230,6.8,32,13,3
SIERRA,2022-08-09,ACTUAL,23,9.7,43,155,9,0,,89.7,22,237,6.4,36,13,3
SIERRA,2022-08-10,ACTUAL,28.7,7.2,26,296,8,0,,93,27,245,9.7,42,20,3
SIERRA,2022-08-11,ACTUAL,15.1,9.5,69,142,6,1,,82,28,251,1.9,44,5,3
SIERRA,2022-08-12,ACTUAL,25,10.8,41,311,5,0.2,,88.2,31,259,4.2,48,11,3
SIERRA,2022-08-13,ACTUAL,29,14.8,42,121,10,0,,90.1,35,267,7.1,52,18,4
SIERRA,2022-08-14,ACTUAL,20.2,14.4,69,269,7,0,,86.6,36,274,3.8,54,11,3
SIERRA,2022-08-15,ACTUAL,24.6,7.6,34,253,13,0,,90.5,40,281,8.7,59,22,4
SIERRA,2022-08-16,ACTUAL,26,8.8,34,313,10,0,,91.2,43,289,8.3,63,22,4
SIERRA,2022-08-17,ACTUAL,27.5,13,41,128,10,0,,91.3,47,297,8.3,67,23,4
SIERRA,2022-08-18,ACTUAL,28,12.3,38,308,7,0,,91.3,51,305,7.2,71,21,4
SIERRA,2022-08-19,ACTUAL,29.2,10.7,32,112,9,0,,92.2,55,313,9.3,76,26,4
SIERRA,2022-08-20,ACTUAL,25.5,5.1,27,31,6,0,,92.6,59,321,8.2,81,25,4
SIERRA,2022-08-21,ACTUAL,25.6,12.1,43,115,14,0,,91.4,62,328,10.7,84,30,4
SIERRA,2022-08-22,ACTUAL,29.3,14.3,40,19,6,0,,91.4,66,336,7,88,23,4
SIERRA,2022-08-23,ACTUAL,27.3,15,47,138,13,0,,90.8,69,344,9.1,92,28,4
SIERRA,2022-08-24,ACTUAL,31.2,13,33,291,7,0,,92.3,73,353,8.2,96,27,4
SIERRA,2022-08-25,ACTUAL,30.4,14,37,122,11,0,,92.3,77,361,10.6,101,33,5
SIERRA,2022-08-26,ACTUAL,23.7,13.9,54,288,7,0.4,,89.6,80,369,5.8,103,22,4
SIERRA,2022-08-27,ACTUAL,16.5,5.1,47,291,10,1.4,,81.8,82,375,2.3,106,11,4
SIERRA,2022-08-28,ACTUAL,21,6.4,39,241,10,0,,88,84,381,5.4,109,21,4
SIERRA,2022-08-29,ACTUAL,20.6,9.5,49,134,9,0,,88,87,388,5.1,111,21,4
SIERRA,2022-08-30,ACTUAL,17.9,12.6,71,166,7,0,,85.7,88,394,3.3,113,15,4
SIERRA,2022-08-31,ACTUAL,17.1,6.9,51,242,3,0,,86.4,90,400,3,115,14,4
SIERRA,2022-09-01,ACTUAL,18.9,6,43,242,7,6.6,,64.8,55,384,0.7,80,3,3
SIERRA,2022-09-02,ACTUAL,18.8,6.9,46,134,12,0,,81.8,56,389,2.5,83,10,4
SIERRA,2022-09-03,ACTUAL,24.5,6.2,31,232,9,0,,90.1,60,395,6.6,87,22,4
SIERRA,2022-09-04,ACTUAL,23.6,9.2,40,220,9,0,,90.1,62,401,6.8,90,23,4
SIERRA,2022-09-05,ACTUAL,14.3,7.2,62,274,9,0.2,,87.2,63,405,4.4,91,17,4
SIERRA,2022-09-06,ACTUAL,18.7,2,33,280,9,0,,89.6,66,410,6.5,94,23,4
SIERRA,2022-09-07,ACTUAL,11.4,8.8,84,337,8,0,,83.4,66,414,2.6,94,11,4
SIERRA,2022-09-08,ACTUAL,16.2,5.8,50,327,11,2.6,,72.9,56,419,1.2,84,5,3
SIERRA,2022-09-09,ACTUAL,18.8,1.6,32,156,10,0,,86.3,58,424,4.1,87,16,4
SIERRA,2022-09-10,ACTUAL,19.8,0.2,27,321,14,0,,90.8,61,429,9.6,90,29,4
SIERRA,2022-09-11,ACTUAL,13.2,1.1,44,271,8,0,,89.6,62,433,6,92,21,4
SIERRA,2022-09-12,ACTUAL,17,-0.8,30,116,12,0,,90.4,64,438,8.3,94,27,4
SIERRA,2022-09-13,ACTUAL,19.9,3,33,248,7,0,,90.5,67,443,6.6,97,23,4
SIERRA,2022-09-14,ACTUAL,22.8,5.1,32,154,9,0,,91.1,70,449,8,101,27,4
SIERRA,2022-09-15,ACTUAL,20.5,7.8,44,166,8,0,,90.3,72,454,6.9,103,25,4
SIERRA,2022-09-16,ACTUAL,16,0.4,35,314,8,0,,90.4,74,459,6.7,105,24,4
SIERRA,2022-09-17,ACTUAL,17.8,6,46,286,6,0,,89.6,76,464,5.5,108,22,4
SIERRA,2022-09-18,ACTUAL,14.7,3.2,46,296,10,0,,89,77,468,6.1,109,23,4
SIERRA,2022-09-19,ACTUAL,15.6,2.3,41,262,6,0,,89.1,79,473,5.1,112,21,4
SIERRA,2022-09-20,ACTUAL,17.4,1.7,35,170,9,0,,89.6,81,477,6.3,114,24,4
SIERRA,2022-09-21,ACTUAL,22.2,4.2,31,189,8,0,,91,84,483,7.4,117,27,4
SIERRA,2022-09-22,ACTUAL,22.2,8.3,41,172,11,0,,90.9,87,489,8.4,120,30,5
SIERRA,2022-09-23,ACTUAL,16.4,-3.3,26,263,13,0.2,,91.3,89,493,9.9,123,34,5
SIERRA,2022-09-24,ACTUAL,18.3,-2.7,24,272,13,0,,92,91,498,11.1,125,37,5
SIERRA,2022-09-25,ACTUAL,19.1,1.5,31,303,6,0,,92.1,94,504,7.9,128,30,5
SIERRA,2022-09-26,ACTUAL,16.5,6.6,52,118,11,0,,89.1,95,508,6.6,130,27,5
SIERRA,2022-09-27,ACTUAL,26.5,5.9,27,263,10,0,,92.4,99,515,9.7,134,35,5
SIERRA,2022-09-28,ACTUAL,20,3.1,33,354,7,0,,92.1,102,520,8.2,136,31,5
SIERRA,2022-09-29,ACTUAL,13.7,3.5,50,107,8,0,,89.3,103,524,5.9,138,25,5
SIERRA,2022-09-30,ACTUAL,19.7,8.7,49,285,5,0,,89.1,105,529,5,140,22,5
SIERRA,2022-10-01,ACTUAL,16.7,7.4,54,144,11,0,,88.1,106,533,5.6,142,24,5
SIERRA,2022-10-02,ACTUAL,16.3,-3.3,26,277,15,0,,90.7,108,537,10,144,36,5
SIERRA,2022-10-03,ACTUAL,16.3,-1.9,29,198,5,0,,90.7,110,540,6,146,26,5
SIERRA,2022-10-04,ACTUAL,14.5,1,40,15,7,0,,90.2,111,544,6.1,147,26,5
SIERRA,2022-10-05,ACTUAL,7.6,1.9,67,104,10,0,,86.2,112,546,4.1,148,20,5
SIERRA,2022-10-06,ACTUAL,18.7,4.7,40,276,13,0,,88.4,113,550,6.5,150,27,5
SIERRA,2022-10-07,ACTUAL,20.5,4.4,35,235,8,0,,89.8,116,554,6.2,152,27,5
SIERRA,2022-10-08,ACTUAL,21.8,-0.9,22,277,11,0,,92.7,118,559,11.1,155,40,5
SIERRA,2022-10-09,ACTUAL,20.9,3.5,32,197,7,0,,92.5,121,563,8.6,157,34,5
SIERRA,2022-10-10,ACTUAL,13.1,-4.2,30,280,26,0.4,,91.8,122,566,20.6,159,59,5
SIERRA,2022-10-11,ACTUAL,13.4,-4.4,29,280,21,0,,91.7,124,570,15.8,160,50,5
SIERRA,2022-10-12,ACTUAL,7.8,-8.4,31,167,7,0,,91.1,125,572,7,161,29,5
SIERRA,2022-10-13,ACTUAL,20.4,3.9,34,173,11,0,,91.1,127,576,8.9,164,35,5
SIERRA,2022-10-14,ACTUAL,5.1,-5.1,48,9,7,0,,88.8,127,578,5.2,164,24,5
SIERRA,2022-10-15,ACTUAL,3,-6.7,49,49,7,0,,87.6,128,579,4.3,164,21,5
SIERRA,2022-10-16,ACTUAL,10.5,-2,42,129,7,0,,87.6,129,582,4.3,166,21,5
SIERRA,2022-10-17,ACTUAL,19.1,2.8,34,134,7,0,,89.6,131,586,5.7,168,26,5
SIERRA,2022-10-18,ACTUAL,16.8,4.4,44,71,5,0,,89.5,132,589,5.1,169,24,5
SIERRA,2022-10-19,ACTUAL,17.8,4.3,41,230,8,0,,89.6,134,593,6,171,27,5
SIERRA,2022-10-20,ACTUAL,13,-3.9,31,280,16,0,,89.7,135,596,9.4,173,37,5
SIERRA,2022-10-21,ACTUAL,7.5,-2,51,284,14,0,,87.8,136,598,6.3,173,28,5
SIERRA,2022-10-22,ACTUAL,-1.5,-5,77,345,8,1,,77.1,136,599,1.3,173,8,4
SIERRA,2022-10-23,ACTUAL,-1,-5,74,93,13,1,,72,136,599,1.3,173,8,4
SIERRA,2022-10-24,ACTUAL,-1.6,-3.2,89,347,6,0.2,,72.8,136,600,0.9,174,6,3
SIERRA,2022-10-25,ACTUAL,-3.6,-5.6,86,245,7,0,,73.7,136,600,1,174,7,3
SIERRA,2022-10-26,ACTUAL,-5.1,-6.1,93,114,15,0,,73.7,136,600,1.5,174,9,4
SIERRA,2022-10-27,ACTUAL,3,-1.7,71,238,6,1.4,,66.1,136,601,0.7,174,5,3
SIERRA,2022-10-28,ACTUAL,-0.8,-4.1,78,105,2,4.8,,35,78,579,0,116,0,2
SIERRA,2022-10-29,ACTUAL,4.3,-7.9,41,212,5,0.6,,56.4,78,580,0.4,117,2,3
SIERRA,2022-10-30,ACTUAL,-1.1,-3.8,82,278,11,0.6,,61.5,78,581,0.8,117,4,3
SIERRA,2022-10-31,ACTUAL,0.3,-5.7,64,323,4,0.4,,68.7,78,581,0.7,117,4,3
TOAD RIVER,2022-05-01,ACTUAL,12.7,-3.3,33,236,5,0,,,,,,,,
TOAD RIVER,2022-05-02,ACTUAL,11.1,0.2,47,150,5,0,,,,,,,,
TOAD RIVER,2022-05-03,ACTUAL,10.4,-1.7,43,325,7,0.4,,,,,,,,
TOAD RIVER,2022-05-04,ACTUAL,8.4,-5.6,37,247,9,0.2,,,,,,,,
TOAD RIVER,2022-05-05,ACTUAL,10.2,-10.1,23,244,10,0,,,,,,,,
TOAD RIVER,2022-05-06,ACTUAL,10.3,-6.7,30,195,7,0,,,,,,,,
TOAD RIVER,2022-05-07,ACTUAL,7.9,-0.3,56,118,7,0,,,,,,,,
TOAD RIVER,2022-05-08,ACTUAL,5.7,-2.4,56,43,6,1,,,,,,,,
TOAD RIVER,2022-05-09,ACTUAL,5.7,0.1,67,115,6,3.2,,,,,,,,
TOAD RIVER,2022-05-10,ACTUAL,13,-4.3,30,268,13,0,,,,,,,,
TOAD RIVER,2022-05-11,ACTUAL,8.5,0.2,56,140,8,0,,,,,,,,
TOAD RIVER,2022-05-12,ACTUAL,9.9,3.2,63,342,5,0.6,,,,,,,,
TOAD RIVER,2022-05-13,ACTUAL,11,2.1,54,250,5,0,,,,,,,,
TOAD RIVER,2022-05-14,ACTUAL,7.9,-1.9,50,249,13,1.8,,,,,,,,
TOAD RIVER,2022-05-15,ACTUAL,14.3,-8.4,20,88,5,0,,,,,,,,
TOAD RIVER,2022-05-16,ACTUAL,9.4,2.5,62,173,7,0,,,,,,,,
TOAD RIVER,2022-05-17,ACTUAL,12.3,-8.3,23,218,10,4.2,,,,,,,,
TOAD RIVER,2022-05-18,ACTUAL,14.5,-10.3,17,218,7,0,,,,,,,,
TOAD RIVER,2022-05-19,ACTUAL,12.6,-1.5,38,231,9,0,,,,,,,,
TOAD RIVER,2022-05-20,ACTUAL,16.3,-8.1,18,136,7,0,,,,,,,,
TOAD RIVER,2022-05-21,ACTUAL,18.2,-7.3,17,259,13,0,,,,,,,,
TOAD RIVER,2022-05-22,ACTUAL,19.4,-4.9,19,258,14,0,,,,,,,,
TOAD RIVER,2022-05-23,ACTUAL,15.2,0.1,36,208,9,0,,,,,,,,
TOAD RIVER,2022-05-24,ACTUAL,13.3,-1.2,37,308,8,1.2,,,,,,,,
TOAD RIVER,2022-05-25,ACTUAL,14.2,1,41,324,7,4,,,,,,,,
TOAD RIVER,2022-05-26,ACTUAL,17,-3.8,24,320,9,0.2,,,,,,,,
TOAD RIVER,2022-05-27,ACTUAL,17.1,0.6,33,140,7,0,,85,6,15,3,6,2,
TOAD RIVER,2022-05-28,ACTUAL,14.2,5.1,54,137,9,5.6,,59.7,5,13,0.6,5,0,1
TOAD RIVER,2022-05-29,ACTUAL,14.2,3.6,49,188,4,0,,75.4,7,18,1,7,0,1
TOAD RIVER,2022-05-30,ACTUAL,20.9,-2.3,21,228,5,1.8,,82.8,10,24,2.1,10,2,2
TOAD RIVER,2022-05-31,ACTUAL,19.1,-2.6,23,159,5,0,,90.2,14,30,5.6,14,7,2
TOAD RIVER,2022-06-01,ACTUAL,21.8,-2.9,19,270,10,0,,93.3,19,37,11.2,19,15,2
TOAD RIVER,2022-06-02,ACTUAL,25.4,-0.7,18,231,8,0,,94.5,25,45,11.9,25,18,3
TOAD RIVER,2022-06-03,ACTUAL,22,-0.7,22,302,6,0,,94.6,30,53,11.3,30,19,3
TOAD RIVER,2022-06-04,ACTUAL,15,7.4,60,171,8,0,,88.8,31,59,5.2,31,11,3
TOAD RIVER,2022-06-05,ACTUAL,16.5,6.9,53,335,4,3.8,,64.9,25,61,0.6,25,1,2
TOAD RIVER,2022-06-06,ACTUAL,16.1,9.8,66,138,7,0,,75.8,26,67,1.1,27,2,2
TOAD RIVER,2022-06-07,ACTUAL,17.6,6.5,48,174,4,0,,83.5,29,74,2.1,29,4,2
TOAD RIVER,2022-06-08,ACTUAL,18.4,8.4,52,75,5,0,,85.7,31,81,3.1,32,7,2
TOAD RIVER,2022-06-09,ACTUAL,14.3,9.2,71,337,3,6,,47.8,20,78,0.1,24,0,2
TOAD RIVER,2022-06-10,ACTUAL,11.5,11.3,99,139,2,6.4,,15.6,11,74,0,16,0,1
TOAD RIVER,2022-06-11,ACTUAL,18.9,-1.6,25,273,14,0,,68.6,15,80,1.2,21,1,2
TOAD RIVER,2022-06-12,ACTUAL,15.9,-3.7,26,287,16,0,,86,18,87,5.4,24,9,3
TOAD RIVER,2022-06-13,ACTUAL,16.1,-4,25,276,15,0,,90.4,22,93,9.9,28,16,3
TOAD RIVER,2022-06-14,ACTUAL,18,0.9,32,270,11,0,,90.4,25,100,8,31,15,3
TOAD RIVER,2022-06-15,ACTUAL,20.6,1.8,29,318,8,0,,91.3,29,107,7.6,35,15,3
TOAD RIVER,2022-06-16,ACTUAL,15.1,7,58,144,7,0,,88.1,31,113,4.7,37,11,3
TOAD RIVER,2022-06-17,ACTUAL,15.3,9.1,66,315,5,0.8,,82.6,33,119,2,39,5,2
TOAD RIVER,2022-06-18,ACTUAL,19.7,8.4,48,166,6,0.4,,86.3,35,126,3.4,42,9,3
TOAD RIVER,2022-06-19,ACTUAL,24.3,1.8,23,83,5,0.4,,92.1,41,134,7.2,46,17,3
TOAD RIVER,2022-06-20,ACTUAL,16.9,8.9,59,300,8,2,,76,39,140,1.2,46,3,3
TOAD RIVER,2022-06-21,ACTUAL,20.6,3.7,33,257,9,0,,87.4,42,147,4.5,49,12,3
TOAD RIVER,2022-06-22,ACTUAL,5.4,4.9,97,339,5,33.2,,13.9,15,83,0,21,0,2
TOAD RIVER,2022-06-23,ACTUAL,16.6,8.9,60,206,3,55.2,,31.9,8,6,0,7,0,1
TOAD RIVER,2022-06-24,ACTUAL,24,2.7,25,353,4,0,,76.1,12,14,1,12,1,1
TOAD RIVER,2022-06-25,ACTUAL,26,4.9,26,267,15,0,,91,18,22,10.6,17,14,2
TOAD RIVER,2022-06-26,ACTUAL,12.2,12.2,100,119,0,5,,32.7,11,22,0,11,0,1
TOAD RIVER,2022-06-27,ACTUAL,23.7,4.5,29,86,6,2.8,,70.3,13,27,0.9,12,1,1
TOAD RIVER,2022-06-28,ACTUAL,26.1,6.6,29,188,8,0,,88.9,18,35,5.5,18,8,2
TOAD RIVER,2022-06-29,ACTUAL,25.7,5.2,27,256,4,0,,92.1,23,43,7,23,11,3
TOAD RIVER,2022-06-30,ACTUAL,27.2,10.3,35,158,6,0.2,,92.1,28,52,7.9,27,14,3
TOAD RIVER,2022-07-01,ACTUAL,21.5,8.4,43,139,8,15.4,,63.2,15,34,0.7,15,1,1
TOAD RIVER,2022-07-02,ACTUAL,24.3,6.9,33,157,7,0,,85.6,19,42,3.3,19,5,2
TOAD RIVER,2022-07-03,ACTUAL,25.8,7.3,31,322,9,0,,91,23,51,7.8,23,12,3
TOAD RIVER,2022-07-04,ACTUAL,25.6,11,40,163,9,0,,91.1,27,59,7.9,27,14,3
TOAD RIVER,2022-07-05,ACTUAL,24.9,7.4,33,174,7,1.6,,86.6,30,67,3.7,30,8,2
TOAD RIVER,2022-07-06,ACTUAL,27,9.7,34,167,8,0,,90.8,34,76,7,34,14,3
TOAD RIVER,2022-07-07,ACTUAL,25.8,9.5,36,156,7,0,,90.9,38,84,7,38,15,3
TOAD RIVER,2022-07-08,ACTUAL,15.9,13.4,85,10,7,11.6,,37.1,18,71,0,22,0,2
TOAD RIVER,2022-07-09,ACTUAL,14.4,9.1,70,336,8,3.4,,45.6,14,74,0.1,19,0,1
TOAD RIVER,2022-07-10,ACTUAL,20,5.2,38,291,14,0,,78.8,17,81,2.1,23,4,2
TOAD RIVER,2022-07-11,ACTUAL,19.9,2.2,31,291,11,0,,88.4,21,88,6,26,11,3
TOAD RIVER,2022-07-12,ACTUAL,18.3,0.8,31,279,16,0,,90.2,24,95,10,29,17,3
TOAD RIVER,2022-07-13,ACTUAL,12.5,3.5,54,320,15,0,,88,25,101,6.9,31,13,3
TOAD RIVER,2022-07-14,ACTUAL,19.1,3.6,36,280,18,0,,89.5,28,108,10,34,18,3
TOAD RIVER,2022-07-15,ACTUAL,21.7,9.6,46,286,5,0,,89.5,31,116,5.1,37,11,3
TOAD RIVER,2022-07-16,ACTUAL,24,8.3,37,237,10,0,,90.3,35,124,7.3,41,16,3
TOAD RIVER,2022-07-17,ACTUAL,23,7,36,284,17,0,,90.4,39,132,10.7,45,22,4
TOAD RIVER,2022-07-18,ACTUAL,19.4,9.6,53,283,6,0,,88.9,41,139,4.9,47,13,3
TOAD RIVER,2022-07-19,ACTUAL,15.7,5,49,270,15,0,,88.5,43,145,7.4,49,18,4
TOAD RIVER,2022-07-20,ACTUAL,20.5,5.2,37,287,12,0,,89.6,46,153,7.4,53,18,4
TOAD RIVER,2022-07-21,ACTUAL,18.5,6,44,250,11,0.8,,86.7,49,160,4.6,55,13,3
TOAD RIVER,2022-07-22,ACTUAL,23.4,5.7,32,299,12,0,,90.6,53,168,8.3,59,21,4
TOAD RIVER,2022-07-23,ACTUAL,20.6,7.5,43,276,11,0.4,,90.3,56,175,7.8,62,21,4
TOAD RIVER,2022-07-24,ACTUAL,18.5,6.3,45,294,16,0,,89.7,58,182,9,65,24,4
TOAD RIVER,2022-07-25,ACTUAL,20.9,11.6,55,264,13,0,,88.5,60,190,6.6,67,19,4
TOAD RIVER,2022-07-26,ACTUAL,28.3,13,39,278,19,0,,90.6,65,199,11.9,71,30,4
TOAD RIVER,2022-07-27,ACTUAL,28,12.3,38,121,8,0,,90.9,69,207,7.4,75,22,4
TOAD RIVER,2022-07-28,ACTUAL,23,11.7,49,145,3,0,,90,72,215,5,78,17,4
TOAD RIVER,2022-07-29,ACTUAL,15.4,14.7,96,11,2,7.4,,28.6,41,206,0,55,0,2
TOAD RIVER,2022-07-30,ACTUAL,22,15,64,150,5,2,,54.8,39,213,0.4,54,1,2
TOAD RIVER,2022-07-31,ACTUAL,20.2,15.9,76,145,5,11.8,,38.1,19,193,0,31,0,2
TOAD RIVER,2022-08-01,ACTUAL,21.4,12.9,58,71,6,6.8,,51.2,13,186,0.3,22,0,2
TOAD RIVER,2022-08-02,ACTUAL,15.1,13.3,89,329,7,8,,27.5,7,175,0,13,0,1
TOAD RIVER,2022-08-03,ACTUAL,14.6,11.6,82,216,3,5.4,,26.1,4,171,0,8,0,1
TOAD RIVER,2022-08-04,ACTUAL,16.8,14.3,85,184,4,34.8,,17.5,2,102,0,4,0,1
TOAD RIVER,2022-08-05,ACTUAL,23.1,7.5,37,247,9,0,,68.8,5,109,1,9,1,1
TOAD RIVER,2022-08-06,ACTUAL,22.7,5.5,33,258,13,0.8,,85.9,8,116,4.5,14,6,2
TOAD RIVER,2022-08-07,ACTUAL,18.8,9.3,54,302,4,0.4,,86.3,10,122,3.1,17,5,2
TOAD RIVER,2022-08-08,ACTUAL,19.8,4.2,36,245,10,1.4,,84.4,13,129,3.2,21,5,2
TOAD RIVER,2022-08-09,ACTUAL,24,4.3,28,284,13,0,,91.1,17,136,9.5,26,15,3
TOAD RIVER,2022-08-10,ACTUAL,26.1,5,26,320,8,0,,92.8,21,144,9.5,31,17,3
TOAD RIVER,2022-08-11,ACTUAL,14,10.4,79,201,2,5.6,,45.7,13,140,0.1,21,0,2
TOAD RIVER,2022-08-12,ACTUAL,26,14.2,48,128,4,0,,76.7,16,148,1,25,1,2
TOAD RIVER,2022-08-13,ACTUAL,28.6,13.6,40,124,6,0,,88.3,20,156,4.5,30,9,3
TOAD RIVER,2022-08-14,ACTUAL,19.9,12.5,62,298,8,1.2,,81.1,21,162,2,32,4,2
TOAD RIVER,2022-08-15,ACTUAL,23.3,6.9,35,277,14,0,,89.2,25,169,7.9,36,16,3
TOAD RIVER,2022-08-16,ACTUAL,24.3,6,31,280,11,0,,91.3,28,177,8.8,40,18,3
TOAD RIVER,2022-08-17,ACTUAL,26.2,9.9,36,275,9,0,,91.4,32,185,8.1,45,18,4
TOAD RIVER,2022-08-18,ACTUAL,27,8.8,32,254,11,0,,91.9,36,192,9.8,49,22,4
TOAD RIVER,2022-08-19,ACTUAL,27.5,10.6,35,266,3,0,,91.9,40,200,6.5,53,17,3
TOAD RIVER,2022-08-20,ACTUAL,25.4,8.7,35,129,6,0,,92,43,208,7.6,57,20,4
TOAD RIVER,2022-08-21,ACTUAL,26.3,12,41,219,3,0,,91.7,47,216,6.4,61,18,4
TOAD RIVER,2022-08-22,ACTUAL,26.8,13.5,44,180,4,0,,91.3,50,224,6.4,64,18,4
TOAD RIVER,2022-08-23,ACTUAL,25.7,14.9,51,299,4,0,,90.1,53,231,5.2,67,16,3
TOAD RIVER,2022-08-24,ACTUAL,28.3,13,39,284,4,0,,90.7,56,239,5.6,71,18,4
TOAD RIVER,2022-08-25,ACTUAL,28.1,7.8,28,272,14,0,,92.7,61,247,12.8,75,32,5
TOAD RIVER,2022-08-26,ACTUAL,15.3,14.6,96,337,2,2.6,,54.1,50,253,0.3,67,1,2
TOAD RIVER,2022-08-27,ACTUAL,15.6,7.4,58,234,8,3.2,,58.3,40,254,0.5,58,1,3
TOAD RIVER,2022-08-28,ACTUAL,19.9,4.7,37,237,9,0,,81.7,43,260,2.2,61,7,3
TOAD RIVER,2022-08-29,ACTUAL,15.1,9.5,69,180,3,0,,82.5,44,266,1.7,62,6,3
TOAD RIVER,2022-08-30,ACTUAL,15.8,14,89,17,5,2.2,,59.1,39,272,0.5,57,1,2
TOAD RIVER,2022-08-31,ACTUAL,10.8,10.8,100,176,0,4.2,,25,27,268,0,43,0,2
TOAD RIVER,2022-09-01,ACTUAL,17.2,4.1,42,303,8,8.6,,50.6,16,251,0.3,27,0,2
TOAD RIVER,2022-09-02,ACTUAL,16.4,8.4,59,218,5,0,,70,17,256,0.8,29,1,2
TOAD RIVER,2022-09-03,ACTUAL,22.7,5.9,34,292,12,0,,87,20,262,5.2,33,11,3
TOAD RIVER,2022-09-04,ACTUAL,17.7,2.3,36,253,16,1,,86.5,22,267,5.9,37,13,3
TOAD RIVER,2022-09-05,ACTUAL,15.3,3.4,45,266,16,0,,87.3,24,271,6.5,39,14,3
TOAD RIVER,2022-09-06,ACTUAL,15.4,-0.1,35,279,11,0,,88.8,26,275,6.3,42,14,3
TOAD RIVER,2022-09-07,ACTUAL,11.1,9.7,91,197,6,2.4,,57.9,22,279,0.5,36,1,2
TOAD RIVER,2022-09-08,ACTUAL,13.7,3.2,49,275,14,0.2,,76.8,23,283,1.8,38,4,2
TOAD RIVER,2022-09-09,ACTUAL,18.4,3.3,37,270,18,0,,86.9,25,288,6.7,41,15,3
TOAD RIVER,2022-09-10,ACTUAL,18.2,-1.7,26,261,15,0,,90.8,28,293,10.4,45,22,4
TOAD RIVER,2022-09-11,ACTUAL,13.3,2.5,48,83,4,0,,89.2,29,297,4.7,47,12,3
TOAD RIVER,2022-09-12,ACTUAL,13.9,1.8,44,8,3,0,,89.1,30,302,4.3,49,12,3
TOAD RIVER,2022-09-13,ACTUAL,17.9,0.4,31,28,5,0,,90.2,33,307,5.6,52,15,3
TOAD RIVER,2022-09-14,ACTUAL,18.9,3.8,37,226,3,0,,90.3,35,312,5.1,55,14,3
TOAD RIVER,2022-09-15,ACTUAL,19,0.9,30,245,8,0,,90.8,38,317,7.1,58,19,4
TOAD RIVER,2022-09-16,ACTUAL,14.5,1,40,293,6,0,,90.2,39,321,6,60,17,3
TOAD RIVER,2022-09-17,ACTUAL,13.4,0.3,41,240,6,0,,89.7,41,325,5.4,62,16,3
TOAD RIVER,2022-09-18,ACTUAL,11.3,3.9,60,293,9,0,,87.1,42,329,4.4,63,14,3
TOAD RIVER,2022-09-19,ACTUAL,14,-1.7,34,248,8,0,,88.7,43,333,5.4,66,16,3
TOAD RIVER,2022-09-20,ACTUAL,14.3,2.1,44,119,3,0,,88.8,45,337,4.2,67,14,3
TOAD RIVER,2022-09-21,ACTUAL,22.4,5.2,33,293,13,0,,90.6,48,343,8.8,71,24,4
TOAD RIVER,2022-09-22,ACTUAL,19.6,4,36,296,17,0,,90.6,50,348,10.8,74,29,4
TOAD RIVER,2022-09-23,ACTUAL,12.8,1.4,46,265,7,3.4,,67.8,39,345,0.8,61,3,3
TOAD RIVER,2022-09-24,ACTUAL,15.3,-3.2,28,261,13,0,,84.8,41,350,4,64,13,3
TOAD RIVER,2022-09-25,ACTUAL,16.4,5.7,49,278,13,0,,86.4,43,354,4.9,66,15,3
TOAD RIVER,2022-09-26,ACTUAL,16.3,11.1,71,228,2,0,,85.2,44,359,2.4,67,9,3
TOAD RIVER,2022-09-27,ACTUAL,22.4,4.3,31,281,20,0,,90.5,47,365,12.9,71,32,5
TOAD RIVER,2022-09-28,ACTUAL,13.8,5.5,57,299,0,0,,88.6,48,369,3.5,72,12,4
TOAD RIVER,2022-09-29,ACTUAL,11.3,8.2,81,19,2,2,,64.9,44,373,0.6,67,2,3
TOAD RIVER,2022-09-30,ACTUAL,18.9,4.9,40,284,13,0,,83.2,46,378,3.2,70,11,4
TOAD RIVER,2022-10-01,ACTUAL,20.1,6.4,41,305,12,0,,87.8,48,382,5.9,73,18,4
TOAD RIVER,2022-10-02,ACTUAL,14.2,-4.7,27,290,8,1.4,,83.7,49,385,2.7,75,10,4
TOAD RIVER,2022-10-03,ACTUAL,14.6,0.3,38,92,3,0,,86.9,51,389,3.2,77,12,4
TOAD RIVER,2022-10-04,ACTUAL,8.9,-1,50,264,0,0,,87,52,391,2.8,78,11,4
TOAD RIVER,2022-10-05,ACTUAL,7.2,2.1,70,269,7,0,,84.8,52,393,2.9,78,11,4
TOAD RIVER,2022-10-06,ACTUAL,18.9,4.9,40,261,12,0,,88.1,54,397,5.9,80,19,4
TOAD RIVER,2022-10-07,ACTUAL,15.1,3.5,46,136,3,0,,88.1,55,400,3.8,82,14,4
TOAD RIVER,2022-10-08,ACTUAL,20.8,0,25,265,8,0,,91.5,58,405,7.8,85,25,4
TOAD RIVER,2022-10-09,ACTUAL,20.3,4.6,36,302,16,0,,91.5,60,409,12,87,33,5
TOAD RIVER,2022-10-10,ACTUAL,10.1,-5.6,33,283,26,1.2,,85,61,412,7.7,89,25,4
TOAD RIVER,2022-10-11,ACTUAL,6.7,3,77,329,7,0,,83.1,61,414,2.3,89,10,4
TOAD RIVER,2022-10-12,ACTUAL,12.5,-0.2,42,328,4,0.4,,85.9,62,417,2.9,91,12,4
TOAD RIVER,2022-10-13,ACTUAL,20,2.2,31,275,13,0,,90,64,421,8.1,93,26,4
TOAD RIVER,2022-10-14,ACTUAL,8.9,-1,50,146,3,0,,88.5,65,423,3.9,94,16,4
TOAD RIVER,2022-10-15,ACTUAL,1.1,0.2,94,193,3,3.2,,46.4,50,416,0.1,77,0,2
TOAD RIVER,2022-10-16,ACTUAL,10.5,5.9,73,173,2,0.2,,58.5,50,419,0.4,77,1,2
TOAD RIVER,2022-10-17,ACTUAL,13.3,9.4,77,274,4,0,,67.7,51,422,0.7,78,3,3
TOAD RIVER,2022-10-18,ACTUAL,9.2,4.7,73,355,4,0,,73.4,51,424,0.9,79,4,3
TOAD RIVER,2022-10-19,ACTUAL,15.1,-1.2,33,295,17,0.8,,84.2,53,428,4.5,81,16,4
TOAD RIVER,2022-10-20,ACTUAL,9.4,-5.4,35,266,9,0,,86.9,54,430,4.4,82,16,4
TOAD RIVER,2022-10-21,ACTUAL,7,-2.5,51,282,5,0,,86.8,55,432,3.5,83,13,4
TOAD RIVER,2022-10-22,ACTUAL,-0.3,-5.7,67,166,5,0.2,,84.8,55,433,2.6,83,10,4
TOAD RIVER,2022-10-23,ACTUAL,-1.9,-5.1,79,114,4,1.4,,69.1,55,433,0.8,83,3,3
TOAD RIVER,2022-10-24,ACTUAL,-3.3,-8,70,196,5,0,,72.7,55,433,0.9,83,4,3
TOAD RIVER,2022-10-25,ACTUAL,-4.7,-8.6,74,336,3,0,,74.5,55,434,0.9,83,4,3
TOAD RIVER,2022-10-26,ACTUAL,-6.8,-8.3,89,267,2,0.6,,72.8,55,434,0.8,83,3,3
TOAD RIVER,2022-10-27,ACTUAL,5.4,-6,44,316,13,0.6,,79.6,55,436,2.1,84,9,4
TOAD RIVER,2022-10-28,ACTUAL,5.6,-3.5,52,2,3,5.4,,48.3,36,419,0.2,59,0,2
TOAD RIVER,2022-10-29,ACTUAL,3.3,-7.3,46,329,4,0,,63.6,36,420,0.6,59,2,3
TOAD RIVER,2022-10-30,ACTUAL,-2.7,-5,84,21,2,0,,66.1,36,420,0.6,59,2,3
TOAD RIVER,2022-10-31,ACTUAL,-7.2,-8.6,90,328,0,0,,66.7,36,421,0.6,59,1,3
