STATION,DATE,TYPE,TEMP,DEW PNT,RH,W.DIR,W.SPEED,PRECIP,GC,FFMC,DMC,DC,ISI,BUI,FWI,DGR
AFTON,2020-05-01,ACTUAL,16.6,1,35,58,20,0,,89.5,67,471,11.1,99,34,4
AFTON,2020-05-02,ACTUAL,18.3,-1.1,27,51,31,0,,91.2,70,477,23.8,103,56,5
AFTON,2020-05-03,ACTUAL,11.3,-6.2,29,262,9,0.6,,89.5,73,481,6.4,106,24,3
AFTON,2020-05-04,ACTUAL,14.3,-2.7,31,47,20,0,,89.9,76,486,11.7,109,36,4
AFTON,2020-05-05,ACTUAL,17.9,-2.5,25,63,20,0,,91.5,79,492,14.6,113,43,4
AFTON,2020-05-06,ACTUAL,11.2,3.3,58,259,20,0,,87.6,81,496,8.5,115,30,4
AFTON,2020-05-07,ACTUAL,16.1,-0.7,32,304,15,1.8,,82.5,77,501,3.2,111,15,3
AFTON,2020-05-08,ACTUAL,17.5,1.7,35,18,11,0,,88,80,507,5.6,115,23,3
AFTON,2020-05-09,ACTUAL,20.9,2.6,30,45,13,0,,90.7,84,513,9.4,119,33,4
AFTON,2020-05-10,ACTUAL,20.8,0.5,26,24,10,0,,91.9,88,519,9.3,124,33,4
AFTON,2020-05-11,ACTUAL,18.8,0.7,30,13,16,0,,91.9,92,525,12.6,128,41,4
AFTON,2020-05-12,ACTUAL,18.7,-2.4,24,6,12,0,,92.2,96,531,10.7,132,37,4
AFTON,2020-05-13,ACTUAL,19.4,2.6,33,359,10,0,,92,100,537,9.6,136,35,4
AFTON,2020-05-14,ACTUAL,18.3,2,34,359,17,0,,91.7,103,542,12.7,140,42,4
AFTON,2020-05-15,ACTUAL,14.7,6.3,57,195,14,3.6,,68.4,73,534,1.2,109,6,3
AFTON,2020-05-16,ACTUAL,17,2.5,38,140,27,0.4,,85,76,540,8.3,112,29,4
AFTON,2020-05-17,ACTUAL,12.8,9.5,80,33,10,10.8,,40.1,40,490,0.1,66,0,2
AFTON,2020-05-18,ACTUAL,14.7,8.5,66,321,7,17.8,,35.7,18,414,0,32,0,1
AFTON,2020-05-19,ACTUAL,19.4,7.1,45,11,11,0,,71.5,21,419,1.1,37,2,1
AFTON,2020-05-20,ACTUAL,20.3,8.6,47,17,8,0,,83.5,24,426,2.5,41,7,2
AFTON,2020-05-21,ACTUAL,15.5,2.6,42,253,23,2.8,,76.4,21,431,2.7,38,7,2
AFTON,2020-05-22,ACTUAL,10.6,6,73,202,9,0.4,,79.2,22,435,1.7,39,4,1
AFTON,2020-05-23,ACTUAL,16.4,5.7,49,31,9,2.2,,73.9,21,440,1.2,38,3,1
AFTON,2020-05-24,ACTUAL,18,6.5,47,33,14,0,,84.2,24,446,3.8,42,10,2
AFTON,2020-05-25,ACTUAL,14,14,100,20,11,8.4,,21.4,12,418,0,23,0,1
AFTON,2020-05-26,ACTUAL,14.7,4.4,50,256,16,0.8,,59.5,14,423,0.9,27,1,1
AFTON,2020-05-27,ACTUAL,18,-0.4,29,2,14,0,,83.6,18,429,3.5,33,8,2
AFTON,2020-05-28,ACTUAL,16.2,3.5,43,97,5,0,,86.6,21,434,3.5,37,8,2
AFTON,2020-05-29,ACTUAL,20,7.3,44,49,12,0,,88.1,24,440,5.8,42,13,2
AFTON,2020-05-30,ACTUAL,15.3,12.4,83,63,8,0.8,,80.8,24,445,1.8,43,5,2
AFTON,2020-05-31,ACTUAL,13.4,12.4,94,233,9,14.2,,23.5,11,392,0,20,0,1
AFTON,2020-06-01,ACTUAL,15,2.5,43,340,9,0.8,,59.7,13,398,0.6,25,1,1
AFTON,2020-06-02,ACTUAL,13.6,0.8,42,176,16,0,,79.1,16,404,2.3,28,5,2
AFTON,2020-06-03,ACTUAL,16.3,1.1,36,13,15,0,,86.9,19,410,5.9,33,12,2
AFTON,2020-06-04,ACTUAL,16,1.2,37,174,13,0,,88.6,21,416,6.7,38,14,2
AFTON,2020-06-05,ACTUAL,17.7,7.7,52,37,18,3.2,,73.8,18,415,1.8,33,4,1
AFTON,2020-06-06,ACTUAL,15.7,6.5,54,38,13,4.4,,63.7,14,408,1,26,1,1
AFTON,2020-06-07,ACTUAL,15,3.4,46,313,15,0.4,,80.3,16,414,2.5,29,5,2
AFTON,2020-06-08,ACTUAL,10.3,5.5,72,94,5,5,,47.9,11,404,0.2,20,0,1
AFTON,2020-06-09,ACTUAL,9.5,6.8,83,106,15,2.4,,47.2,9,409,0.2,17,0,1
AFTON,2020-06-10,ACTUAL,17.8,10,60,64,22,0,,74.2,11,416,2.3,20,4,1
AFTON,2020-06-11,ACTUAL,18.7,12.5,67,67,12,0,,80.9,12,422,2.3,23,4,1
AFTON,2020-06-12,ACTUAL,19.8,11.6,59,56,30,1,,82.8,15,429,7,27,12,2
AFTON,2020-06-13,ACTUAL,10.4,8.5,88,24,4,2.4,,56.2,12,435,0.4,23,0,1
AFTON,2020-06-14,ACTUAL,9.9,9.9,100,7,10,15.2,,9.1,5,379,0,10,0,1
AFTON,2020-06-15,ACTUAL,14.3,5.1,54,9,14,0.8,,48.9,7,385,0.3,14,0,1
AFTON,2020-06-16,ACTUAL,18.4,8.1,51,254,10,0,,74.4,10,391,1.2,18,1,1
AFTON,2020-06-17,ACTUAL,22.2,5.9,35,257,18,0,,88,14,399,8,25,13,2
AFTON,2020-06-18,ACTUAL,23.3,9.3,41,13,9,0,,89.3,18,406,6.2,32,12,2
AFTON,2020-06-19,ACTUAL,24.2,9.7,40,35,15,0,,89.8,22,414,8.8,38,18,2
AFTON,2020-06-20,ACTUAL,22.1,13,56,33,19,0.4,,88.5,24,421,9.1,42,19,2
AFTON,2020-06-21,ACTUAL,23,9.7,43,43,11,0,,89,28,429,6.5,48,16,2
AFTON,2020-06-22,ACTUAL,20.8,8.1,44,359,15,0,,89.1,31,436,7.9,53,19,3
AFTON,2020-06-23,ACTUAL,19.5,14.2,71,358,8,0,,86,33,443,3.6,55,11,2
AFTON,2020-06-24,ACTUAL,19.4,14.9,75,183,13,12.2,,50.4,16,400,0.3,29,0,1
AFTON,2020-06-25,ACTUAL,22.4,14.6,61,30,16,1,,74.5,18,408,1.6,33,4,1
AFTON,2020-06-26,ACTUAL,21.2,12.2,56,43,13,0,,83.6,21,415,3.3,37,8,2
AFTON,2020-06-27,ACTUAL,16.8,8.6,58,72,15,0.2,,85,23,421,4.4,40,11,2
AFTON,2020-06-28,ACTUAL,19.2,8.8,51,289,19,10.8,,64.7,14,387,1.4,25,2,1
AFTON,2020-06-29,ACTUAL,24,8.7,38,190,6,5.4,,69.3,12,379,0.8,22,1,1
AFTON,2020-06-30,ACTUAL,15,8.8,66,260,18,3.4,,63,10,377,1.2,18,1,1
AFTON,2020-07-01,ACTUAL,11.6,10.6,94,291,12,3.8,,36.6,6,373,0,12,0,1
AFTON,2020-07-02,ACTUAL,19.6,6.6,43,216,18,10.8,,61.1,5,344,1.1,10,1,1
AFTON,2020-07-03,ACTUAL,13.8,6.5,61,236,15,0,,76,7,350,1.8,13,2,1
AFTON,2020-07-04,ACTUAL,17.9,7.6,51,31,9,0,,83.6,9,357,2.7,17,4,1
AFTON,2020-07-05,ACTUAL,21.1,9.7,48,28,9,0.8,,85.2,12,364,3.4,22,6,2
AFTON,2020-07-06,ACTUAL,17.8,13.4,75,6,5,1.2,,76.5,13,371,1.1,23,1,1
AFTON,2020-07-07,ACTUAL,14.4,11.7,84,245,16,0.8,,75,13,378,1.7,24,3,1
AFTON,2020-07-08,ACTUAL,19,9.5,54,219,11,1.8,,75.8,14,385,1.4,26,2,1
AFTON,2020-07-09,ACTUAL,17,11.6,70,2,12,1.8,,71,14,391,1.2,26,2,1
AFTON,2020-07-10,ACTUAL,21.5,7.3,40,178,8,0,,85.2,17,399,3.3,31,7,2
AFTON,2020-07-11,ACTUAL,18.7,9.5,55,355,6,0,,86,19,406,3.2,34,7,2
AFTON,2020-07-12,ACTUAL,11.6,9.7,88,235,6,0.4,,81.5,20,412,1.8,35,4,1
AFTON,2020-07-13,ACTUAL,19.5,4.3,37,356,13,1.8,,81.8,21,419,2.7,37,7,2
AFTON,2020-07-14,ACTUAL,23.1,7.1,36,5,9,0,,88.9,25,427,5.8,43,14,2
AFTON,2020-07-15,ACTUAL,25,10.8,41,334,16,0,,89.7,28,435,9.1,48,20,2
AFTON,2020-07-16,ACTUAL,23.4,13,52,16,12,0,,89.3,31,443,6.9,53,17,3
AFTON,2020-07-17,ACTUAL,23.4,9.3,41,315,15,0.2,,89.5,34,451,8.4,58,21,3
AFTON,2020-07-18,ACTUAL,26.5,6.4,28,272,11,0,,92.3,39,459,10.5,64,26,3
AFTON,2020-07-19,ACTUAL,25.9,12.7,44,260,15,2.8,,82.5,35,468,3.3,59,10,2
AFTON,2020-07-20,ACTUAL,25.9,10,37,41,12,0,,89.6,39,476,7.2,65,20,3
AFTON,2020-07-21,ACTUAL,28,13.5,41,25,11,0,,90.3,43,485,7.6,70,22,3
AFTON,2020-07-22,ACTUAL,26.1,9.8,36,205,7,0,,90.9,47,493,6.8,76,21,3
AFTON,2020-07-23,ACTUAL,23.9,9.8,41,60,7,0,,90.9,51,501,7,81,22,3
AFTON,2020-07-24,ACTUAL,13.6,7.4,66,204,7,9.4,,48.6,28,465,0.2,48,0,1
AFTON,2020-07-25,ACTUAL,20.9,7.5,42,14,14,1,,77.5,31,472,1.8,53,6,2
AFTON,2020-07-26,ACTUAL,23.9,10.5,43,39,9,0,,87,34,480,4.5,58,13,2
AFTON,2020-07-27,ACTUAL,27.6,11.9,38,3,13,0,,90.4,38,489,8.5,64,22,3
AFTON,2020-07-28,ACTUAL,30.3,9.2,27,14,14,0,,93.3,44,498,13.6,72,33,3
AFTON,2020-07-29,ACTUAL,27.1,6.9,28,19,12,0,,93.3,48,507,12.4,78,32,3
AFTON,2020-07-30,ACTUAL,28.1,7.3,27,0,11,0,,93.4,53,515,12.1,85,33,3
AFTON,2020-07-31,ACTUAL,29.6,12.5,35,18,11,0,,93.3,58,524,11.7,91,33,4
AFTON,2020-08-01,ACTUAL,28.1,11.6,36,23,9,0.2,,92.9,62,533,10.4,96,32,4
AFTON,2020-08-02,ACTUAL,28.2,6.8,26,341,14,0,,93.3,66,541,13.7,102,39,4
AFTON,2020-08-03,ACTUAL,23.8,7.7,36,22,10,0,,92.4,70,548,9.8,106,32,4
AFTON,2020-08-04,ACTUAL,26,7,30,18,16,0,,92.4,74,556,13.6,111,40,4
AFTON,2020-08-05,ACTUAL,29.2,10.7,32,10,13,0,,92.5,78,564,11.6,116,37,4
AFTON,2020-08-06,ACTUAL,13.9,10.5,80,289,35,0.2,,84,78,569,10.6,117,35,4
AFTON,2020-08-07,ACTUAL,19,8.4,50,33,8,8.8,,60.1,45,529,0.6,74,2,2
AFTON,2020-08-08,ACTUAL,19.5,6.5,43,267,14,0,,81.6,47,536,2.7,77,11,2
AFTON,2020-08-09,ACTUAL,21.7,5,34,331,12,0,,89,50,543,6.6,82,21,3
AFTON,2020-08-10,ACTUAL,22.8,6.9,36,282,15,0,,90.2,53,550,9.5,86,28,3
AFTON,2020-08-11,ACTUAL,18.8,9.1,53,314,3,0.2,,88.9,55,556,4.3,89,16,2
AFTON,2020-08-12,ACTUAL,19,5.7,42,20,13,0,,88.9,58,563,7.1,92,24,3
AFTON,2020-08-13,ACTUAL,20.1,4.5,36,299,10,0,,89.7,61,569,6.8,96,24,3
AFTON,2020-08-14,ACTUAL,22.5,7,37,12,14,0,,90.1,64,576,8.9,100,29,4
AFTON,2020-08-15,ACTUAL,26.6,11.1,38,23,18,0,,90.6,67,584,11.3,104,35,4
AFTON,2020-08-16,ACTUAL,28,11.5,36,20,14,0,,91.2,71,592,10.4,109,34,4
AFTON,2020-08-17,ACTUAL,33.6,9.6,23,195,36,0,,94.8,77,601,53,116,94,5
AFTON,2020-08-18,ACTUAL,31.4,5.7,20,214,23,0,,95.2,82,610,29,123,67,5
AFTON,2020-08-19,ACTUAL,26.5,5.4,26,3,11,0,,94.7,86,618,14.7,128,45,4
AFTON,2020-08-20,ACTUAL,20.1,13.4,65,6,13,1.6,,80.1,83,624,2.2,125,12,3
AFTON,2020-08-21,ACTUAL,25.8,6.3,29,181,22,0,,91.1,87,632,14.8,130,45,4
AFTON,2020-08-22,ACTUAL,22.7,4.6,31,10,14,0,,91.4,91,639,10.7,134,37,4
AFTON,2020-08-23,ACTUAL,18.5,5.3,42,24,7,0,,90.5,93,645,6.6,137,27,3
AFTON,2020-08-24,ACTUAL,17.2,8.9,58,13,11,1.2,,81.9,95,651,2.4,139,13,3
AFTON,2020-08-25,ACTUAL,19.7,8.7,49,32,6,0,,85.9,97,658,3.3,141,17,4
AFTON,2020-08-26,ACTUAL,22,6.9,38,4,12,0,,89.2,100,665,6.9,145,28,4
AFTON,2020-08-27,ACTUAL,23.4,7,35,14,13,0,,90.5,103,672,8.7,149,33,4
AFTON,2020-08-28,ACTUAL,23.6,6.3,33,14,10,0,,91,106,679,8.1,153,32,4
AFTON,2020-08-29,ACTUAL,18.9,-0.6,27,257,19,0.2,,91.5,109,686,13.6,156,45,4
AFTON,2020-08-30,ACTUAL,19.4,2.2,32,19,9,0,,91.6,112,692,8.4,160,33,4
AFTON,2020-08-31,ACTUAL,18.2,5.4,43,282,9,0,,90.4,115,699,7.1,163,30,4
AFTON,2020-09-01,ACTUAL,21.9,10.1,47,35,14,0,,89.9,117,704,8.4,165,34,4
AFTON,2020-09-02,ACTUAL,22.9,4.8,31,254,13,0.2,,91.2,120,710,9.7,168,37,4
AFTON,2020-09-03,ACTUAL,22.9,8.1,39,12,11,0,,91.2,122,716,8.7,171,35,4
AFTON,2020-09-04,ACTUAL,24.7,10.1,40,37,16,0,,91.3,125,722,11.3,175,41,4
AFTON,2020-09-05,ACTUAL,28.3,7.4,27,257,17,0,,93,129,729,15.6,179,51,5
AFTON,2020-09-06,ACTUAL,26.6,7.5,30,277,11,0,,93.1,132,735,11.5,183,42,4
AFTON,2020-09-07,ACTUAL,21.1,-2.1,21,358,17,0,,93.3,135,741,16.2,186,52,5
AFTON,2020-09-08,ACTUAL,18.3,0.3,30,37,8,0,,92.7,138,746,9.6,189,37,4
AFTON,2020-09-09,ACTUAL,21.7,3.7,31,49,9,0,,92.7,141,751,10,192,39,4
AFTON,2020-09-10,ACTUAL,23.3,7.7,37,9,7,0,,92.1,143,757,8.3,195,34,4
AFTON,2020-09-11,ACTUAL,24.4,6.5,32,44,8,0,,92.1,147,763,8.7,198,35,4
AFTON,2020-09-12,ACTUAL,25.3,7.3,32,34,7,0,,92.2,150,770,8.2,201,34,4
AFTON,2020-09-13,ACTUAL,18.4,6.9,47,32,14,0,,89.9,152,775,8.4,204,35,4
AFTON,2020-09-14,ACTUAL,20.4,4.3,35,0,8,0,,90.1,154,780,6.4,206,29,4
AFTON,2020-09-15,ACTUAL,20.7,7.3,42,358,6,0,,90.2,156,785,6.1,209,28,4
AFTON,2020-09-16,ACTUAL,20,10.2,53,350,10,0,,88.8,158,791,6,211,28,4
AFTON,2020-09-17,ACTUAL,20.6,11.3,55,23,8,0,,88.3,160,796,5.1,213,25,4
AFTON,2020-09-18,ACTUAL,19.3,10.9,58,352,8,0,,87.7,161,801,4.6,215,23,4
AFTON,2020-09-19,ACTUAL,16.8,10.7,67,301,2,0,,86.2,162,806,2.8,216,16,3
AFTON,2020-09-20,ACTUAL,17.9,11.5,66,9,9,5.4,,59.1,83,766,0.6,130,3,2
AFTON,2020-09-21,ACTUAL,16.3,6.4,52,16,6,0,,76,84,771,1.1,132,6,3
AFTON,2020-09-22,ACTUAL,18.2,8.2,52,49,16,0,,84.1,86,776,4.2,134,19,3
AFTON,2020-09-23,ACTUAL,16.8,8.3,57,96,16,0,,85.3,87,781,4.8,136,22,3
AFTON,2020-09-24,ACTUAL,18.4,2.9,36,199,28,0,,89,89,786,14.8,139,46,4
AFTON,2020-09-25,ACTUAL,15.7,4.1,46,143,26,0,,88.9,91,790,13.4,141,44,4
AFTON,2020-09-26,ACTUAL,14.4,2.6,45,1,9,0,,88.9,92,794,5.8,143,25,4
AFTON,2020-09-27,ACTUAL,12.5,5.7,63,3,9,0.2,,86.6,93,798,4.1,144,20,4
AFTON,2020-09-28,ACTUAL,17.4,6.6,49,29,13,0,,87,95,803,5.3,147,24,4
AFTON,2020-09-29,ACTUAL,17.6,8.5,55,27,8,0,,87.1,96,808,4.2,149,20,4
AFTON,2020-09-30,ACTUAL,17.8,9.5,58,347,7,0,,87.1,98,813,4,150,20,4
AFTON,2020-10-01,ACTUAL,15.6,10.6,72,23,9,0,,85.1,99,816,3.3,151,17,4
AFTON,2020-10-02,ACTUAL,17.3,11,66,39,8,0,,85.1,100,820,3.2,153,17,4
AFTON,2020-10-03,ACTUAL,18.2,9.9,58,28,13,0,,85.6,101,824,4.4,154,21,4
AFTON,2020-10-04,ACTUAL,15.5,10.7,73,11,7,0,,84.5,101,828,2.8,155,15,3
AFTON,2020-10-05,ACTUAL,15.3,9.1,66,3,5,0,,84.6,102,831,2.6,156,14,3
AFTON,2020-10-06,ACTUAL,15,10.9,76,47,7,0,,83.8,103,835,2.6,157,14,3
AFTON,2020-10-07,ACTUAL,16.4,11.4,72,9,6,0,,83.8,104,838,2.4,158,13,3
AFTON,2020-10-08,ACTUAL,18.7,6.8,46,205,26,0,,87.2,105,842,10.5,160,39,4
AFTON,2020-10-09,ACTUAL,14.8,5.1,52,125,21,0.6,,85.8,106,846,6.7,162,29,4
AFTON,2020-10-10,ACTUAL,15.6,0.8,37,206,10,0,,88.2,108,849,5.5,164,25,4
AFTON,2020-10-11,ACTUAL,10.3,3.2,61,33,6,1.8,,72.7,97,852,0.9,151,6,3
AFTON,2020-10-12,ACTUAL,10.6,0,48,257,16,7.8,,55.4,54,776,0.7,93,3,2
AFTON,2020-10-13,ACTUAL,6.5,4.8,89,31,23,3.6,,40.1,40,755,0.1,71,0,2
AFTON,2020-10-14,ACTUAL,9.4,1.6,58,10,7,4.4,,44,28,728,0.1,52,0,2
AFTON,2020-10-15,ACTUAL,6.7,3.3,79,6,6,0.6,,54.7,29,730,0.4,52,1,2
AFTON,2020-10-16,ACTUAL,9.4,5.8,78,16,6,0.6,,63.6,29,732,0.7,53,2,2
AFTON,2020-10-17,ACTUAL,6.7,-1.2,57,338,12,1.8,,64.5,27,734,1,50,3,1
AFTON,2020-10-18,ACTUAL,2.1,2.1,100,36,5,6,,20.9,16,692,0,31,0,1
AFTON,2020-10-19,ACTUAL,3.9,3.1,95,185,5,0.6,,24.7,16,693,0,31,0,1
AFTON,2020-10-20,ACTUAL,4.8,2.6,86,44,8,1.6,,31.3,15,695,0,29,0,1
AFTON,2020-10-21,ACTUAL,3.6,-4.6,55,320,22,7.8,,38.7,8,642,0.1,16,0,1
AFTON,2020-10-22,ACTUAL,2.8,-5.8,53,253,19,0,,60.7,9,643,1.1,17,1,1
AFTON,2020-10-23,ACTUAL,-1.4,-1.4,100,58,17,0,,60.7,9,644,1,17,1,1
AFTON,2020-10-24,ACTUAL,-5.9,-13.7,54,262,24,0,,70.4,9,644,2.1,17,3,1
AFTON,2020-10-25,ACTUAL,-6.4,-11.7,66,20,6,0,,73.6,9,644,1,17,1,1
AFTON,2020-10-26,ACTUAL,-2.5,-4.4,87,32,4,0.2,,74.2,9,644,0.9,17,1,1
AFTON,2020-10-27,ACTUAL,1.6,-1.6,79,6,10,3.6,,47,6,629,0.2,11,0,1
AFTON,2020-10-28,ACTUAL,1.5,1.5,100,68,11,6.6,,14,3,592,0,5,0,1
AFTON,2020-10-29,ACTUAL,3.3,3.3,100,35,7,2,,10.1,2,593,0,3,0,1
AFTON,2020-10-30,ACTUAL,11,3.3,59,352,3,0,,35.7,2,596,0,5,0,1
AFTON,2020-10-31,ACTUAL,2.6,1.3,91,39,7,0.8,,39.6,2,597,0,5,0,1
CAHILTY,2020-05-01,ACTUAL,10.6,-2.2,41,177,7,0,,,,,,,,
CAHILTY,2020-05-02,ACTUAL,9.9,-3.2,40,124,9,0,,,,,,,,
CAHILTY,2020-05-03,ACTUAL,7.9,-1.9,50,225,6,4.2,,,,,,,,
CAHILTY,2020-05-04,ACTUAL,7.5,-2,51,161,7,1.6,,,,,,,,
CAHILTY,2020-05-05,ACTUAL,11.1,-4.7,33,121,8,0,,,,,,,,
CAHILTY,2020-05-06,ACTUAL,4,2,87,265,8,1.4,,,,,,,,
CAHILTY,2020-05-07,ACTUAL,7.2,-0.7,57,311,11,3.2,,,,,,,,
CAHILTY,2020-05-08,ACTUAL,13.2,-1.7,36,85,7,0,,,,,,,,
CAHILTY,2020-05-09,ACTUAL,14.4,-2.6,31,116,7,0,,,,,,,,
CAHILTY,2020-05-10,ACTUAL,12.8,-2.8,34,122,9,0,,,,,,,,
CAHILTY,2020-05-11,ACTUAL,12.4,-3.2,34,114,7,0,,,,,,,,
CAHILTY,2020-05-12,ACTUAL,12.4,-5.7,28,125,7,0,,,,,,,,
CAHILTY,2020-05-13,ACTUAL,12.3,1.6,48,148,10,0,,,,,,,,
CAHILTY,2020-05-14,ACTUAL,9.2,0.4,54,122,6,0,,,,,,,,
CAHILTY,2020-05-15,ACTUAL,5.7,2.5,80,316,8,2.8,,,,,,,,
CAHILTY,2020-05-16,ACTUAL,8.6,1.8,62,143,11,1.4,,,,,,,,
CAHILTY,2020-05-17,ACTUAL,5.5,4.9,96,58,3,6.2,,,,,,,,
CAHILTY,2020-05-18,ACTUAL,9.3,5.1,75,219,6,7,,,,,,,,
CAHILTY,2020-05-19,ACTUAL,9.4,6.1,80,117,3,0,,,,,,,,
CAHILTY,2020-05-20,ACTUAL,11.9,5.8,66,141,5,0,,,,,,,,
CAHILTY,2020-05-21,ACTUAL,8.2,0,56,289,11,1.2,,,,,,,,
CAHILTY,2020-05-22,ACTUAL,2.8,2.2,96,272,6,5,,,,,,,,
CAHILTY,2020-05-23,ACTUAL,7.5,4.8,83,235,6,3.4,,,,,,,,
CAHILTY,2020-05-24,ACTUAL,9.4,3.4,66,151,7,0,,,,,,,,
CAHILTY,2020-05-25,ACTUAL,7.2,6.1,93,274,3,8.2,,,,,,,,
CAHILTY,2020-05-26,DELETED,7.4,-1,55,290,14,0,,85,6,50,,,,
CAHILTY,2020-05-27,ACTUAL,10.5,-2.3,41,123,9,0,,86.6,8,54,4.1,11,5,2
CAHILTY,2020-05-28,ACTUAL,12.7,-1.7,37,71,4,0,,87.9,10,59,3.9,14,5,2
CAHILTY,2020-05-29,ACTUAL,18.2,3.2,37,96,6,0,,89,13,65,5,18,7,2
CAHILTY,2020-05-30,ACTUAL,11.4,10.3,93,273,6,1.4,,70.3,14,69,0.9,18,1,2
CAHILTY,2020-05-31,ACTUAL,6.2,5.4,95,276,13,4.8,,32.6,8,66,0,13,0,1
CAHILTY,2020-06-01,ACTUAL,8.3,3.4,71,276,8,3.4,,38.3,6,68,0,10,0,1
CAHILTY,2020-06-02,ACTUAL,8.5,2.3,65,191,8,0.2,,57.7,7,73,0.5,11,0,1
CAHILTY,2020-06-03,ACTUAL,7.3,2.4,71,127,6,3.6,,45.4,5,73,0.1,8,0,1
CAHILTY,2020-06-04,ACTUAL,10.5,-0.7,46,240,10,0,,68.8,6,79,1,11,1,2
CAHILTY,2020-06-05,ACTUAL,13.6,2.5,47,107,10,0,,80.6,8,84,2,13,2,2
CAHILTY,2020-06-06,ACTUAL,7.6,4.6,81,139,7,5,,43.6,5,82,0.1,9,0,1
CAHILTY,2020-06-07,ACTUAL,8.1,0.8,60,296,13,0,,63.9,6,87,1,10,1,2
CAHILTY,2020-06-08,ACTUAL,8.7,2.5,65,254,11,1.2,,68,7,92,1,12,1,2
CAHILTY,2020-06-09,ACTUAL,4,1.4,83,141,8,0,,71.4,7,96,1,12,1,2
CAHILTY,2020-06-10,ACTUAL,12.4,4.9,60,138,12,0.4,,79.4,9,102,1.9,14,2,2
CAHILTY,2020-06-11,ACTUAL,11.1,7.8,80,103,4,0.6,,78.5,9,107,1.2,15,1,2
CAHILTY,2020-06-12,ACTUAL,10.3,8.9,91,131,7,2.6,,51.6,7,112,0.3,12,0,1
CAHILTY,2020-06-13,ACTUAL,5,4.4,96,273,5,5.2,,22.2,4,109,0,7,0,1
CAHILTY,2020-06-14,ACTUAL,4.4,3.8,96,252,9,13,,7.2,1,89,0,2,0,1
CAHILTY,2020-06-15,ACTUAL,7.5,1.6,66,172,10,1.6,,31.4,2,94,0,3,0,1
CAHILTY,2020-06-16,ACTUAL,11.2,4,61,165,5,0,,54.4,3,99,0.3,5,0,1
CAHILTY,2020-06-17,ACTUAL,14,3.1,48,318,11,1.2,,71,5,105,1.1,9,1,2
CAHILTY,2020-06-18,ACTUAL,17.1,7.5,53,203,5,0,,80.9,7,112,1.6,12,1,2
CAHILTY,2020-06-19,ACTUAL,19.2,6.6,44,148,8,0,,86.4,10,119,3.8,17,6,2
CAHILTY,2020-06-20,ACTUAL,12.4,9.2,81,127,6,0.8,,79.7,11,124,1.5,18,2,2
CAHILTY,2020-06-21,ACTUAL,15.6,6.1,53,156,10,0,,84.1,13,131,3.1,21,5,2
CAHILTY,2020-06-22,ACTUAL,14.6,4.9,52,163,8,0,,85.5,15,137,3.3,23,6,2
CAHILTY,2020-06-23,ACTUAL,14.3,9.8,74,225,7,0.2,,84.3,16,143,2.8,25,5,2
CAHILTY,2020-06-24,ACTUAL,14.5,10.2,75,267,7,4.2,,54.5,11,142,0.4,19,0,1
CAHILTY,2020-06-25,ACTUAL,15.9,11.5,75,142,6,0.8,,65.2,13,149,0.7,21,1,2
CAHILTY,2020-06-26,ACTUAL,14.2,10.3,77,124,4,0,,72.1,13,155,0.8,22,1,2
CAHILTY,2020-06-27,ACTUAL,8.3,4.9,79,296,7,3.6,,48.7,10,155,0.2,17,0,1
CAHILTY,2020-06-28,ACTUAL,14,5.7,57,352,11,3.6,,56.2,8,156,0.5,14,0,1
CAHILTY,2020-06-29,ACTUAL,16.7,3.7,42,358,5,0,,76.6,11,162,1.1,18,1,2
CAHILTY,2020-06-30,ACTUAL,9.5,7.1,85,309,12,3.2,,51.7,8,163,0.4,14,0,1
CAHILTY,2020-07-01,ACTUAL,5.9,5.9,100,274,10,2.2,,33.6,6,168,0,11,0,1
CAHILTY,2020-07-02,ACTUAL,9,6.8,86,195,7,35.2,,15.9,2,97,0,5,0,1
CAHILTY,2020-07-03,ACTUAL,11.8,4.6,61,255,6,0,,44.1,4,103,0.1,7,0,1
CAHILTY,2020-07-04,ACTUAL,10.6,7.5,81,255,6,3,,40.4,2,105,0.1,5,0,1
CAHILTY,2020-07-05,ACTUAL,16.1,6.3,52,182,8,0.4,,68,4,112,0.9,8,0,1
CAHILTY,2020-07-06,ACTUAL,18.9,8,49,157,9,0.2,,81.8,7,119,2.2,12,2,2
CAHILTY,2020-07-07,ACTUAL,9.1,7.5,90,182,5,2.6,,52.9,5,124,0.3,9,0,1
CAHILTY,2020-07-08,ACTUAL,10.8,8,83,155,7,1.4,,54.2,5,130,0.4,10,0,1
CAHILTY,2020-07-09,ACTUAL,8.7,7.3,91,227,6,1,,53.5,6,135,0.3,10,0,1
CAHILTY,2020-07-10,ACTUAL,12.9,6.1,63,169,8,6.4,,46.3,4,130,0.2,7,0,1
CAHILTY,2020-07-11,ACTUAL,15.8,7.6,58,181,9,0,,69.3,5,137,0.9,10,1,2
CAHILTY,2020-07-12,ACTUAL,7.9,5,82,282,3,0.6,,71,6,142,0.7,11,0,1
CAHILTY,2020-07-13,ACTUAL,11.7,3.5,57,261,6,5.4,,52,4,139,0.3,8,0,1
CAHILTY,2020-07-14,ACTUAL,18.3,3.6,38,150,7,0,,77.5,7,146,1.3,12,1,2
CAHILTY,2020-07-15,ACTUAL,16.6,8.9,60,276,5,0.4,,82.2,9,153,1.9,15,2,2
CAHILTY,2020-07-16,ACTUAL,17.5,9,57,252,6,0,,84.6,10,160,2.7,18,4,2
CAHILTY,2020-07-17,ACTUAL,14.5,10.4,76,308,9,5.6,,51,7,156,0.3,12,0,1
CAHILTY,2020-07-18,ACTUAL,17.7,4.9,43,345,10,0,,76.6,9,163,1.4,16,1,2
CAHILTY,2020-07-19,ACTUAL,16.5,10.2,66,288,7,0.8,,78.6,11,170,1.4,18,2,2
CAHILTY,2020-07-20,ACTUAL,18.7,9.5,55,182,6,0,,83.8,13,177,2.4,22,4,2
CAHILTY,2020-07-21,ACTUAL,20.4,12.5,60,330,5,0,,85.1,15,184,2.7,25,5,2
CAHILTY,2020-07-22,ACTUAL,18.5,10.4,59,169,4,0,,85.5,17,191,2.8,27,6,2
CAHILTY,2020-07-23,ACTUAL,18.2,9.3,56,268,8,2.2,,74.2,16,198,1.1,27,2,2
CAHILTY,2020-07-24,ACTUAL,11.3,7.8,79,249,7,15.4,,33,8,168,0,14,0,1
CAHILTY,2020-07-25,ACTUAL,12.9,8.2,73,95,4,2.4,,41.6,6,174,0.1,12,0,1
CAHILTY,2020-07-26,ACTUAL,20.7,8.3,45,153,7,0,,73.4,9,182,1,16,1,2
CAHILTY,2020-07-27,ACTUAL,24.5,7.5,34,173,10,0,,88.1,13,190,5.3,23,9,3
CAHILTY,2020-07-28,ACTUAL,22.9,5.7,33,169,11,0,,90.5,17,198,8,28,14,3
CAHILTY,2020-07-29,ACTUAL,22.5,6.2,35,156,9,0,,90.6,21,205,7.3,33,14,3
CAHILTY,2020-07-30,ACTUAL,26.3,9.1,34,153,8,0,,91.3,25,214,7.7,39,16,3
CAHILTY,2020-07-31,ACTUAL,25.3,7.8,33,41,5,0,,91.4,29,222,6.8,44,16,3
CAHILTY,2020-08-01,ACTUAL,23.9,9.4,40,177,9,2.4,,81.8,28,229,2.1,42,6,2
CAHILTY,2020-08-02,ACTUAL,22.6,8.3,40,187,10,0,,88.1,30,236,5.4,46,13,3
CAHILTY,2020-08-03,ACTUAL,18.1,10.3,60,198,7,0,,87.2,32,243,4.1,48,11,3
CAHILTY,2020-08-04,ACTUAL,19.7,8.4,48,163,9,0,,87.6,34,249,4.8,51,13,3
CAHILTY,2020-08-05,ACTUAL,23,9,41,156,11,0,,89.2,37,256,6.7,55,17,4
CAHILTY,2020-08-06,ACTUAL,11.3,10.5,95,257,5,0.4,,80.1,37,261,1.5,55,5,3
CAHILTY,2020-08-07,ACTUAL,12.1,4.9,61,282,7,4.2,,57.1,27,258,0.5,43,1,3
CAHILTY,2020-08-08,ACTUAL,8.3,5.8,84,318,12,1,,60.3,27,263,0.7,43,2,3
CAHILTY,2020-08-09,ACTUAL,14.6,7,60,265,6,0,,74.2,29,269,1,45,3,3
CAHILTY,2020-08-10,ACTUAL,16.1,8.2,59,223,5,0,,80.9,30,274,1.6,47,5,3
CAHILTY,2020-08-11,ACTUAL,14.1,7.2,63,231,7,1.2,,76.6,31,280,1.2,49,3,3
CAHILTY,2020-08-12,ACTUAL,11.2,1.1,50,211,7,0.2,,82.2,32,285,2,51,6,3
CAHILTY,2020-08-13,ACTUAL,13.5,6.2,61,173,8,0,,83.6,34,290,2.7,52,8,3
CAHILTY,2020-08-14,ACTUAL,14.9,6,55,171,8,0,,85,35,296,3.1,54,9,3
CAHILTY,2020-08-15,ACTUAL,21.1,9.3,47,197,8,0,,87.4,38,303,4.3,57,13,3
CAHILTY,2020-08-16,ACTUAL,25.5,6.6,30,174,11,0,,91.4,41,310,9,62,23,4
CAHILTY,2020-08-17,ACTUAL,25.2,9,36,196,12,0.6,,90.5,45,318,8.3,66,23,4
CAHILTY,2020-08-18,ACTUAL,23.4,3.8,28,248,12,0,,91.9,49,325,10.4,71,27,4
CAHILTY,2020-08-19,ACTUAL,21.2,1.4,27,189,10,0,,92,52,332,9.5,75,26,4
CAHILTY,2020-08-20,ACTUAL,14.8,9.7,71,246,5,1.4,,77.1,53,338,1.2,76,5,3
CAHILTY,2020-08-21,ACTUAL,16.6,10.1,65,136,11,0,,81.8,54,344,2.4,78,9,4
CAHILTY,2020-08-22,ACTUAL,15,4.7,50,240,8,3,,68.5,44,344,0.9,67,3,3
CAHILTY,2020-08-23,ACTUAL,14.2,1.7,43,178,4,0,,80.3,46,349,1.4,69,5,3
CAHILTY,2020-08-24,ACTUAL,11.2,7.7,79,248,5,3.2,,54,36,348,0.3,58,1,3
CAHILTY,2020-08-25,ACTUAL,14.7,8,64,159,6,0,,70.1,37,354,0.9,59,3,3
CAHILTY,2020-08-26,ACTUAL,13.5,7.6,67,65,3,0,,76.7,38,359,1,61,3,3
CAHILTY,2020-08-27,ACTUAL,15.3,7.9,61,184,5,0,,81.5,40,365,1.7,62,6,3
CAHILTY,2020-08-28,ACTUAL,18.6,4.3,39,166,9,0,,87.3,42,371,4.7,66,15,3
CAHILTY,2020-08-29,ACTUAL,13.1,-0.7,39,289,10,0,,88,44,376,5.3,68,16,3
CAHILTY,2020-08-30,ACTUAL,13.4,0,40,115,5,0,,88.1,46,382,4.2,70,14,4
CAHILTY,2020-08-31,ACTUAL,9.3,5.9,79,271,5,2,,65.8,42,387,0.7,66,2,3
CAHILTY,2020-09-01,ACTUAL,14.2,9.3,72,275,8,0,,74.7,43,391,1.1,67,4,3
CAHILTY,2020-09-02,ACTUAL,14.3,5.4,55,290,10,2,,71.5,40,395,1.1,63,4,3
CAHILTY,2020-09-03,ACTUAL,18,9.7,58,162,8,0,,80.9,41,400,1.9,65,7,3
CAHILTY,2020-09-04,ACTUAL,21.2,10.1,49,142,6,0,,85.9,43,406,3.2,68,11,3
CAHILTY,2020-09-05,ACTUAL,21.8,7.5,40,293,13,0,,88.8,45,411,6.9,71,20,4
CAHILTY,2020-09-06,ACTUAL,20.1,7.1,43,294,8,0,,88.9,48,416,5.4,74,17,4
CAHILTY,2020-09-07,ACTUAL,14.5,-2.6,31,10,11,0,,89.7,50,421,7,77,22,4
CAHILTY,2020-09-08,ACTUAL,15.9,-2.7,28,19,8,0,,90.6,52,425,7,79,22,4
CAHILTY,2020-09-09,ACTUAL,18.9,6.3,44,170,7,0,,90.1,54,430,6,82,20,4
CAHILTY,2020-09-10,ACTUAL,21.1,7.6,42,149,7,0,,90.1,56,436,6.2,85,21,4
CAHILTY,2020-09-11,ACTUAL,23,8.2,39,167,7,0,,90.2,59,442,6.4,88,22,4
CAHILTY,2020-09-12,ACTUAL,20.7,6.9,41,162,7,0,,90.2,61,447,6.2,91,22,4
CAHILTY,2020-09-13,ACTUAL,17.9,4.4,41,154,6,0,,90.2,63,452,6,93,21,4
CAHILTY,2020-09-14,ACTUAL,17,2.1,37,199,8,0,,90.2,65,457,6.7,96,23,4
CAHILTY,2020-09-15,ACTUAL,16.4,8.7,60,153,6,0.2,,87.7,66,462,4.1,97,17,4
CAHILTY,2020-09-16,ACTUAL,19.1,9.9,55,176,6,0,,87.7,68,467,4.3,99,17,4
CAHILTY,2020-09-17,ACTUAL,21.4,7.9,42,121,6,0,,88.8,70,472,4.8,102,19,4
CAHILTY,2020-09-18,ACTUAL,21.8,4.7,33,158,6,0,,90.4,73,478,6.1,105,23,4
CAHILTY,2020-09-19,ACTUAL,9.6,8.8,95,248,3,0.4,,80.8,73,481,1.5,106,7,3
CAHILTY,2020-09-20,ACTUAL,12.1,9.5,84,141,8,6.2,,41.3,45,461,0.1,72,0,2
CAHILTY,2020-09-21,ACTUAL,11.6,3.4,57,192,7,0,,63.5,45,464,0.7,73,3,3
CAHILTY,2020-09-22,ACTUAL,14.5,7.4,62,172,9,0,,76,47,469,1.3,75,5,3
CAHILTY,2020-09-23,ACTUAL,8,7.5,97,97,5,4.8,,31.6,31,455,0,53,0,2
CAHILTY,2020-09-24,ACTUAL,7.3,4.9,85,198,7,7,,22.4,18,431,0,32,0,2
CAHILTY,2020-09-25,ACTUAL,5.3,4.4,94,139,7,1.8,,22.6,16,434,0,29,0,2
CAHILTY,2020-09-26,ACTUAL,9.1,2,61,231,7,9.8,,31.8,9,399,0,16,0,1
CAHILTY,2020-09-27,ACTUAL,8.3,3.8,73,152,9,2.6,,40.5,7,402,0.1,13,0,1
CAHILTY,2020-09-28,ACTUAL,14.9,8.5,65,182,6,0,,62,8,407,0.6,15,0,1
CAHILTY,2020-09-29,ACTUAL,18.9,8,49,155,5,0,,78.9,9,412,1.3,18,2,2
CAHILTY,2020-09-30,ACTUAL,19.3,6.4,43,151,6,0,,85.9,12,417,3.3,22,6,2
CAHILTY,2020-10-01,ACTUAL,16.5,7.5,55,264,5,0,,86,13,420,3.1,24,6,2
CAHILTY,2020-10-02,ACTUAL,20.2,7.9,45,239,6,0,,87.7,14,425,4.2,27,8,3
CAHILTY,2020-10-03,ACTUAL,19.8,6.8,43,153,7,0,,88.4,16,429,4.7,30,9,3
CAHILTY,2020-10-04,ACTUAL,14.7,6.8,59,215,6,0.4,,87.1,17,432,3.8,31,8,3
CAHILTY,2020-10-05,ACTUAL,12.3,7.3,71,274,5,0.6,,84.3,18,435,2.4,32,5,2
CAHILTY,2020-10-06,ACTUAL,12.9,8,72,278,4,0,,84.1,18,438,2.3,33,5,2
CAHILTY,2020-10-07,ACTUAL,13.5,10.3,81,166,4,6.2,,42.1,11,419,0.1,21,0,2
CAHILTY,2020-10-08,ACTUAL,9.9,5.7,75,243,9,0,,58.2,11,422,0.6,21,1,2
CAHILTY,2020-10-09,ACTUAL,7.7,4.7,81,73,3,1.2,,57.2,12,424,0.4,22,0,2
CAHILTY,2020-10-10,ACTUAL,5.8,2.6,80,208,11,7.4,,33.5,6,399,0,12,0,1
CAHILTY,2020-10-11,ACTUAL,4.3,0.8,78,239,6,9.6,,22.7,3,366,0,6,0,1
CAHILTY,2020-10-12,ACTUAL,2.8,-1,76,281,10,6.6,,24.3,1,347,0,2,0,1
CAHILTY,2020-10-13,ACTUAL,-0.1,-0.4,98,189,4,7.4,,7.5,0,326,0,0,0,1
CAHILTY,2020-10-14,ACTUAL,2,0,87,312,5,2.4,,14.1,0,327,0,0,0,1
CAHILTY,2020-10-15,ACTUAL,3.3,-0.9,74,276,5,7,,20.3,0,308,0,0,0,1
CAHILTY,2020-10-16,ACTUAL,4.3,3.2,93,275,7,9.6,,10.5,0,282,0,0,0,1
CAHILTY,2020-10-17,ACTUAL,1.7,-5.2,60,298,10,7,,26.3,0,266,0,0,0,1
CAHILTY,2020-10-18,ACTUAL,-1.1,-2.3,92,209,3,0,,30.8,0,266,0,0,0,1
CAHILTY,2020-10-19,ACTUAL,4.1,2.9,92,285,7,1.8,,29.5,0,267,0,0,0,1
CAHILTY,2020-10-20,ACTUAL,0,-1.6,89,65,4,5.4,,17.5,0,256,0,0,0,1
CAHILTY,2020-10-21,ACTUAL,-1.5,-6,71,312,14,0.8,,34.4,0,257,0,0,0,1
CAHILTY,2020-10-22,ACTUAL,-2.2,-8.7,61,320,5,1,,45.3,0,257,0.1,0,0,1
CAHILTY,2020-10-23,ACTUAL,-6.1,-7.1,93,101,6,0.2,,48.2,0,257,0.2,0,0,1
CAHILTY,2020-10-24,ACTUAL,-6.2,-11.3,67,287,6,0,,57.1,0,257,0.5,0,0,1
CAHILTY,2020-10-25,ACTUAL,-7.3,-10.5,78,184,4,0,,61.4,0,258,0.5,0,0,1
CAHILTY,2020-10-26,ACTUAL,-4.5,-6.1,89,197,3,0,,63.5,0,258,0.6,0,0,1
CAHILTY,2020-10-27,ACTUAL,2.2,0.1,86,212,6,0.6,,65.7,0,259,0.7,0,0,1
CAHILTY,2020-10-28,ACTUAL,2.4,2.3,99,153,4,13,,13.2,0,226,0,0,0,1
CAHILTY,2020-10-29,ACTUAL,3.2,2.8,97,157,4,13.4,,4,0,194,0,0,0,1
CAHILTY,2020-10-30,ACTUAL,3.8,1.7,86,270,11,0.2,,17.3,0,196,0,0,0,1
CAHILTY,2020-10-31,ACTUAL,1.5,-1.6,80,98,4,1.2,,27,0,197,0,0,0,1
CLEARWATER HUB,2020-05-01,ACTUAL,18.9,-0.1,28,161,5,0.2,,,,,,,,
CLEARWATER HUB,2020-05-02,ACTUAL,20.2,-1.1,24,135,9,0,,,,,,,,
CLEARWATER HUB,2020-05-03,ACTUAL,11.2,5.1,66,175,6,7.4,,,,,,,,
CLEARWATER HUB,2020-05-04,DELETED,17,-3.3,25,206,5,0.4,,85,6,15,,,,
CLEARWATER HUB,2020-05-05,ACTUAL,20.7,-0.7,24,106,8,0,,91.1,10,21,7.4,10,8,2
CLEARWATER HUB,2020-05-06,ACTUAL,15.2,5.4,52,342,7,0,,88.9,12,26,5.1,12,6,2
CLEARWATER HUB,2020-05-07,ACTUAL,15.4,2.8,43,129,5,4.2,,66.1,10,27,0.7,10,0,1
CLEARWATER HUB,2020-05-08,ACTUAL,21.8,2.9,29,99,6,0,,85.7,15,33,3.1,15,4,2
CLEARWATER HUB,2020-05-09,ACTUAL,24.9,-1.1,18,77,7,0,,93.3,20,40,9.6,20,14,3
CLEARWATER HUB,2020-05-10,ACTUAL,23.2,-0.4,21,76,6,0,,93.6,25,47,9.4,25,15,3
CLEARWATER HUB,2020-05-11,ACTUAL,21,-4.3,18,293,5,0,,94,30,53,9.6,30,17,3
CLEARWATER HUB,2020-05-12,ACTUAL,22.3,-4,17,58,5,0,,94.4,35,59,10.3,35,19,3
CLEARWATER HUB,2020-05-13,ACTUAL,20.8,0,25,266,6,0,,94,39,65,10.2,39,20,3
CLEARWATER HUB,2020-05-14,ACTUAL,19.8,5.4,39,96,5,0,,91.9,43,71,7.3,43,16,3
CLEARWATER HUB,2020-05-15,ACTUAL,20.2,5.3,38,280,7,1.2,,85.9,46,77,3.4,46,9,3
CLEARWATER HUB,2020-05-16,ACTUAL,20.4,6.3,40,358,4,0.2,,88.4,50,83,4.1,49,11,3
CLEARWATER HUB,2020-05-17,ACTUAL,14.6,10.7,77,359,2,4.6,,49.3,35,82,0.2,35,0,2
CLEARWATER HUB,2020-05-18,ACTUAL,15.3,10.1,71,162,7,5.2,,44.8,23,80,0.1,27,0,2
CLEARWATER HUB,2020-05-19,ACTUAL,23.7,6.4,33,131,7,0,,80,28,87,1.6,31,3,2
CLEARWATER HUB,2020-05-20,ACTUAL,25.1,5.2,28,267,5,0,,90.1,33,94,5.6,35,12,3
CLEARWATER HUB,2020-05-21,ACTUAL,15.1,5,51,179,7,4,,65.5,25,94,0.8,30,1,2
CLEARWATER HUB,2020-05-22,ACTUAL,15.8,6.3,53,202,9,0.6,,78.3,27,99,1.5,32,3,2
CLEARWATER HUB,2020-05-23,ACTUAL,17.5,9.2,58,164,10,0,,83.3,29,105,2.7,34,6,2
CLEARWATER HUB,2020-05-24,ACTUAL,20.9,4.8,35,162,7,0,,88.7,33,111,5,38,11,3
CLEARWATER HUB,2020-05-25,ACTUAL,15.5,13.7,89,150,4,4.2,,46.2,23,110,0.1,30,0,2
CLEARWATER HUB,2020-05-26,ACTUAL,17.6,-0.3,30,291,5,10.6,,54.9,15,97,0.4,21,0,2
CLEARWATER HUB,2020-05-27,ACTUAL,21,-1.6,22,184,4,0,,83,19,103,2,26,4,2
CLEARWATER HUB,2020-05-28,ACTUAL,18.9,5.3,41,339,8,0,,87.3,22,109,4.3,29,9,3
CLEARWATER HUB,2020-05-29,ACTUAL,22.4,7.3,38,100,5,0,,89.4,26,115,5.2,33,11,3
CLEARWATER HUB,2020-05-30,ACTUAL,19.6,11.5,59,158,4,0,,87.9,28,121,4,36,9,3
CLEARWATER HUB,2020-05-31,ACTUAL,14.4,12.4,88,163,7,13.4,,31.7,13,101,0,20,0,2
CLEARWATER HUB,2020-06-01,ACTUAL,18,8,52,86,5,2.8,,54.4,12,107,0.3,19,0,1
CLEARWATER HUB,2020-06-02,ACTUAL,11.2,10.2,94,78,2,3.4,,31.8,8,109,0,14,0,1
CLEARWATER HUB,2020-06-03,ACTUAL,15.4,4.7,49,205,4,11.6,,41,6,94,0.1,10,0,1
CLEARWATER HUB,2020-06-04,ACTUAL,19.6,4.4,37,1,9,0,,75.2,9,101,1.2,15,1,2
CLEARWATER HUB,2020-06-05,ACTUAL,19.6,8.6,49,188,5,0,,83.7,12,108,2.3,19,3,2
CLEARWATER HUB,2020-06-06,ACTUAL,17.2,7.9,54,153,4,7.6,,55.1,8,102,0.3,14,0,1
CLEARWATER HUB,2020-06-07,ACTUAL,17.6,7.1,50,121,6,0.4,,75.3,11,108,1,17,1,2
CLEARWATER HUB,2020-06-08,ACTUAL,17.3,1.2,34,153,8,0,,86,14,115,3.6,22,6,2
CLEARWATER HUB,2020-06-09,ACTUAL,15.4,3.8,46,95,4,0.6,,86,16,121,3,25,6,2
CLEARWATER HUB,2020-06-10,ACTUAL,18.1,8.7,54,143,4,0.8,,83.7,19,127,2.2,27,4,2
CLEARWATER HUB,2020-06-11,ACTUAL,20.9,9.5,48,169,4,0.2,,86.7,22,135,3.3,31,7,2
CLEARWATER HUB,2020-06-12,ACTUAL,20.6,14.6,68,113,5,3.2,,65.7,18,138,0.7,27,1,2
CLEARWATER HUB,2020-06-13,ACTUAL,12.5,11.7,95,163,5,8.4,,22.5,10,128,0,16,0,1
CLEARWATER HUB,2020-06-14,ACTUAL,11.8,11.2,96,93,3,16.2,,6.3,4,102,0,8,0,1
CLEARWATER HUB,2020-06-15,ACTUAL,17.6,7.1,50,127,4,4.2,,41.7,4,103,0.1,8,0,1
CLEARWATER HUB,2020-06-16,ACTUAL,19.1,9.6,54,328,8,0,,70.3,7,110,0.9,12,1,2
CLEARWATER HUB,2020-06-17,ACTUAL,19.1,12.5,65,175,5,4.2,,57.6,6,111,0.4,10,0,1
CLEARWATER HUB,2020-06-18,ACTUAL,26.2,8.1,32,182,6,0,,85.2,11,119,2.9,17,4,2
CLEARWATER HUB,2020-06-19,ACTUAL,25.6,11.7,42,159,5,0,,88.8,15,127,4.7,23,8,3
CLEARWATER HUB,2020-06-20,ACTUAL,21.8,13.8,60,191,4,0.4,,87.9,17,134,3.9,26,7,2
CLEARWATER HUB,2020-06-21,ACTUAL,22.1,10.3,47,108,8,1.6,,82.2,19,142,2.2,29,4,2
CLEARWATER HUB,2020-06-22,ACTUAL,22.3,8.4,41,216,5,0.2,,87.6,23,149,3.8,33,8,3
CLEARWATER HUB,2020-06-23,ACTUAL,25.2,14.1,50,132,4,0,,88.1,27,157,3.9,37,9,3
CLEARWATER HUB,2020-06-24,ACTUAL,22.2,14.4,61,125,7,2.6,,73.6,24,164,1,35,2,2
CLEARWATER HUB,2020-06-25,ACTUAL,24.4,14.3,53,146,6,0.6,,83.6,27,172,2.4,39,6,2
CLEARWATER HUB,2020-06-26,ACTUAL,23.7,13,51,131,5,1.4,,81.4,30,180,1.7,43,5,3
CLEARWATER HUB,2020-06-27,ACTUAL,16.2,13.7,85,139,6,20.8,,30.3,12,140,0,20,0,2
CLEARWATER HUB,2020-06-28,ACTUAL,20.5,12,58,337,3,6,,45.4,9,137,0.1,16,0,1
CLEARWATER HUB,2020-06-29,ACTUAL,25.5,7,31,212,5,0,,81.2,14,145,1.7,22,3,2
CLEARWATER HUB,2020-06-30,ACTUAL,16.4,13.5,83,244,3,24.6,,28.6,6,100,0,11,0,1
CLEARWATER HUB,2020-07-01,ACTUAL,13.8,12.7,93,103,3,6,,16.2,3,97,0,6,0,1
CLEARWATER HUB,2020-07-02,ACTUAL,17.1,13.8,81,1,4,22.6,,21,2,62,0,3,0,1
CLEARWATER HUB,2020-07-03,ACTUAL,19.7,6.4,42,169,6,0.2,,62.5,5,69,0.6,8,0,1
CLEARWATER HUB,2020-07-04,ACTUAL,20.9,9.5,48,54,5,1.6,,74.2,7,77,1,11,1,2
CLEARWATER HUB,2020-07-05,ACTUAL,17.5,15,85,5,6,1.2,,68.7,7,84,0.8,12,1,2
CLEARWATER HUB,2020-07-06,ACTUAL,21.2,11.6,54,151,4,2,,71.6,8,91,0.8,14,1,2
CLEARWATER HUB,2020-07-07,ACTUAL,16.5,14.2,86,245,4,2.6,,52.8,7,98,0.3,11,0,1
CLEARWATER HUB,2020-07-08,ACTUAL,19.3,14.8,75,157,7,2.6,,55.5,6,105,0.4,10,0,1
CLEARWATER HUB,2020-07-09,ACTUAL,16.4,13,80,321,3,2.8,,47.7,4,112,0.1,8,0,1
CLEARWATER HUB,2020-07-10,ACTUAL,21.6,11.7,53,159,6,12,,52.1,4,97,0.3,7,0,1
CLEARWATER HUB,2020-07-11,ACTUAL,19.3,11.2,59,269,5,0,,72.4,6,105,0.9,11,1,2
CLEARWATER HUB,2020-07-12,ACTUAL,16.6,7.3,54,154,9,0,,81.6,8,111,2.1,14,2,2
CLEARWATER HUB,2020-07-13,ACTUAL,20.7,6.5,40,142,7,0,,87.5,11,119,4.2,18,6,2
CLEARWATER HUB,2020-07-14,ACTUAL,25.3,8.2,34,172,8,0,,90.6,15,127,7,23,11,3
CLEARWATER HUB,2020-07-15,ACTUAL,26.4,12.4,42,145,11,0,,90.7,19,135,8.1,28,14,3
CLEARWATER HUB,2020-07-16,ACTUAL,19,17.8,93,77,3,2.4,,58.2,16,143,0.4,25,0,2
CLEARWATER HUB,2020-07-17,ACTUAL,24.4,12.4,47,85,6,5.8,,65.7,12,141,0.7,20,1,2
CLEARWATER HUB,2020-07-18,ACTUAL,26.1,9.4,35,156,7,0,,86.5,16,149,3.7,26,7,2
CLEARWATER HUB,2020-07-19,ACTUAL,23.1,15.8,63,317,4,1.2,,80.6,19,157,1.5,29,3,2
CLEARWATER HUB,2020-07-20,ACTUAL,27.6,12.4,39,77,5,0,,88.9,23,166,4.6,34,10,3
CLEARWATER HUB,2020-07-21,ACTUAL,28.4,14.6,43,135,5,0,,89.9,27,175,5.4,39,12,3
CLEARWATER HUB,2020-07-22,ACTUAL,25.4,15.2,53,75,3,2.8,,75.1,24,183,0.9,36,2,2
CLEARWATER HUB,2020-07-23,ACTUAL,19.9,16.4,80,353,5,11.2,,39.2,12,166,0,21,0,2
CLEARWATER HUB,2020-07-24,ACTUAL,14.9,11.1,78,190,7,8,,33.5,7,157,0,13,0,1
CLEARWATER HUB,2020-07-25,ACTUAL,20.5,11.2,55,137,5,1.8,,60.2,8,164,0.5,15,0,1
CLEARWATER HUB,2020-07-26,ACTUAL,25.8,11.5,41,231,5,0,,83.2,12,172,2.1,20,3,2
CLEARWATER HUB,2020-07-27,ACTUAL,29.1,13.7,39,175,5,0,,89.7,16,181,5.4,27,10,3
CLEARWATER HUB,2020-07-28,ACTUAL,29.7,12.1,34,234,5,0,,91.7,21,190,7,33,14,3
CLEARWATER HUB,2020-07-29,ACTUAL,29.6,10.1,30,176,5,0,,92.6,26,199,8.1,39,17,3
CLEARWATER HUB,2020-07-30,ACTUAL,30.1,11.5,32,146,5,0,,92.7,31,208,8.2,45,18,4
CLEARWATER HUB,2020-07-31,ACTUAL,31.9,13.1,32,178,5,0,,92.7,36,218,8.2,51,20,4
CLEARWATER HUB,2020-08-01,ACTUAL,30.7,15.1,39,175,9,0.2,,92.7,40,226,9.9,56,23,4
CLEARWATER HUB,2020-08-02,ACTUAL,30.4,11.3,31,160,7,0,,92.8,45,235,9,61,23,4
CLEARWATER HUB,2020-08-03,ACTUAL,27.6,11.1,36,156,7,0.4,,92.8,49,243,8.8,65,23,4
CLEARWATER HUB,2020-08-04,ACTUAL,27.9,7.6,28,126,7,0,,92.9,53,251,9,69,24,4
CLEARWATER HUB,2020-08-05,ACTUAL,29.3,12.2,35,145,5,0,,92.9,57,259,8.2,74,24,4
CLEARWATER HUB,2020-08-06,ACTUAL,21.2,11.3,53,177,9,0,,89.6,59,266,6.4,76,20,4
CLEARWATER HUB,2020-08-07,ACTUAL,21.4,7.9,42,192,8,0.4,,89.6,62,273,6,79,20,4
CLEARWATER HUB,2020-08-08,ACTUAL,19.9,4.7,37,233,8,0,,89.7,65,279,6.2,82,20,4
CLEARWATER HUB,2020-08-09,ACTUAL,22.4,5.7,34,133,7,0,,90.5,68,287,6.5,85,22,4
CLEARWATER HUB,2020-08-10,ACTUAL,24.8,6,30,132,6,0.2,,91.7,72,294,7.3,89,24,4
CLEARWATER HUB,2020-08-11,ACTUAL,21.2,9.1,46,130,6,0.4,,90.4,74,301,6,92,21,4
CLEARWATER HUB,2020-08-12,ACTUAL,17.6,7.4,51,169,5,6.8,,59.7,45,289,0.5,65,1,3
CLEARWATER HUB,2020-08-13,ACTUAL,21.8,6.8,38,171,8,0,,82.6,48,296,2.3,69,8,3
CLEARWATER HUB,2020-08-14,ACTUAL,22.2,8.6,42,215,4,0,,87.5,51,303,3.6,72,12,4
CLEARWATER HUB,2020-08-15,ACTUAL,26.1,13.2,45,120,6,0,,89,54,311,5,76,17,4
CLEARWATER HUB,2020-08-16,ACTUAL,29.4,12.3,35,172,4,0,,91.3,58,319,6.2,80,20,4
CLEARWATER HUB,2020-08-17,ACTUAL,30.9,14,36,159,5,0.2,,91.7,63,328,7.2,85,23,4
CLEARWATER HUB,2020-08-18,ACTUAL,29.6,10.6,31,136,3,0,,92.4,67,336,7,89,23,4
CLEARWATER HUB,2020-08-19,ACTUAL,28,8.2,29,193,5,0,,92.7,71,344,7.9,94,26,4
CLEARWATER HUB,2020-08-20,ACTUAL,21.4,12.1,55,169,5,0,,89.4,73,351,5.2,96,19,4
CLEARWATER HUB,2020-08-21,ACTUAL,23,14.9,60,142,4,0,,88.1,75,358,4,99,16,4
CLEARWATER HUB,2020-08-22,ACTUAL,23.3,8.1,38,157,7,0.6,,89.2,78,365,5.3,102,21,4
CLEARWATER HUB,2020-08-23,ACTUAL,20.5,7.4,43,106,4,0,,89.3,81,372,4.7,105,19,4
CLEARWATER HUB,2020-08-24,ACTUAL,17.3,12.3,72,103,5,2.8,,64.8,65,378,0.7,91,3,3
CLEARWATER HUB,2020-08-25,ACTUAL,19.6,9.8,53,264,5,1.8,,71.4,62,385,0.8,88,4,3
CLEARWATER HUB,2020-08-26,ACTUAL,24.3,9.4,39,24,5,0.6,,85.4,65,392,2.8,92,12,4
CLEARWATER HUB,2020-08-27,ACTUAL,24.9,5.1,28,117,7,0,,91.2,69,399,7.3,96,25,4
CLEARWATER HUB,2020-08-28,ACTUAL,21.5,8,42,160,4,0,,90.8,72,406,5.9,99,22,4
CLEARWATER HUB,2020-08-29,ACTUAL,21.7,-2.3,20,257,12,0,,93.2,75,413,12.2,104,37,5
CLEARWATER HUB,2020-08-30,ACTUAL,20.6,3.7,33,205,4,0,,92.5,78,420,7.6,107,27,4
CLEARWATER HUB,2020-08-31,ACTUAL,15.9,9.6,66,162,8,2.2,,72.4,68,426,1,98,5,3
CLEARWATER HUB,2020-09-01,ACTUAL,19.7,12.3,62,56,5,0,,80.5,70,431,1.5,99,7,3
CLEARWATER HUB,2020-09-02,ACTUAL,24.1,7.6,35,269,9,10.4,,70.8,39,397,1,62,4,3
CLEARWATER HUB,2020-09-03,ACTUAL,20.1,10.3,53,325,4,0,,81.6,40,402,1.7,65,6,3
CLEARWATER HUB,2020-09-04,ACTUAL,23.6,11.6,47,82,3,0,,86.7,43,408,3.2,68,11,3
CLEARWATER HUB,2020-09-05,ACTUAL,26.1,13.9,47,193,5,0,,88.5,45,414,4.4,71,15,4
CLEARWATER HUB,2020-09-06,ACTUAL,25.6,8.5,34,264,9,0,,90.9,49,421,7.6,75,23,4
CLEARWATER HUB,2020-09-07,ACTUAL,22.4,-2.4,19,134,9,0,,93.5,52,426,11,80,30,4
CLEARWATER HUB,2020-09-08,ACTUAL,17.8,3.9,40,118,6,0,,91.4,54,431,7,82,22,4
CLEARWATER HUB,2020-09-09,ACTUAL,22.4,6.5,36,147,6,0,,91.5,57,437,7.2,85,23,4
CLEARWATER HUB,2020-09-10,ACTUAL,24.9,9.5,38,220,5,0,,91.5,59,443,6.9,89,23,4
CLEARWATER HUB,2020-09-11,ACTUAL,24.9,11.4,43,134,5,0,,91.1,62,449,6.5,92,23,4
CLEARWATER HUB,2020-09-12,ACTUAL,23.9,7.8,36,163,4,0,,91.2,65,455,6.1,96,22,4
CLEARWATER HUB,2020-09-13,ACTUAL,17.9,7.9,52,279,3,0,,89.2,67,460,4.5,98,18,4
CLEARWATER HUB,2020-09-14,ACTUAL,18.4,8.4,52,131,6,0,,88.6,68,465,4.6,100,18,4
CLEARWATER HUB,2020-09-15,ACTUAL,20.9,10.7,52,137,4,0,,88.7,70,471,4.3,102,18,4
CLEARWATER HUB,2020-09-16,ACTUAL,22.2,9.3,44,153,4,0,,88.8,72,476,4.5,105,18,4
CLEARWATER HUB,2020-09-17,ACTUAL,21.5,12.7,57,204,4,0,,88.2,74,482,4.1,107,17,4
CLEARWATER HUB,2020-09-18,ACTUAL,21.2,11.9,55,105,5,0,,88.3,76,488,4.4,109,18,4
CLEARWATER HUB,2020-09-19,ACTUAL,15.3,13.5,89,157,3,0.2,,82.1,76,492,1.7,110,9,4
CLEARWATER HUB,2020-09-20,ACTUAL,19.9,10.9,56,122,4,1,,81.1,78,497,1.6,112,8,4
CLEARWATER HUB,2020-09-21,ACTUAL,20.8,7.4,42,169,6,0,,87,80,503,3.8,115,17,4
CLEARWATER HUB,2020-09-22,ACTUAL,19.5,7.6,46,142,8,0,,87.8,82,508,4.6,117,20,4
CLEARWATER HUB,2020-09-23,ACTUAL,13.1,12.5,96,193,2,2.6,,51.9,66,512,0.2,100,1,3
CLEARWATER HUB,2020-09-24,ACTUAL,16.2,12.4,78,300,4,2.8,,48.1,54,517,0.2,85,0,2
CLEARWATER HUB,2020-09-25,ACTUAL,13.5,7.8,68,11,4,0,,63.6,55,521,0.6,86,2,3
CLEARWATER HUB,2020-09-26,ACTUAL,13.6,8.1,69,82,4,7.6,,41.1,32,490,0.1,55,0,2
CLEARWATER HUB,2020-09-27,ACTUAL,13.7,4.9,55,178,5,0.4,,64.1,33,494,0.7,56,2,3
CLEARWATER HUB,2020-09-28,ACTUAL,16.1,7.9,58,144,5,0,,76.5,34,499,1.1,58,3,3
CLEARWATER HUB,2020-09-29,ACTUAL,16.9,10.6,66,250,5,0,,80.9,35,504,1.6,60,5,3
CLEARWATER HUB,2020-09-30,ACTUAL,20,10.7,55,349,5,0,,84.7,37,509,2.6,62,9,3
CLEARWATER HUB,2020-10-01,ACTUAL,16.1,11.7,75,107,4,0,,84.1,38,512,2.3,63,8,3
CLEARWATER HUB,2020-10-02,ACTUAL,17.6,11.3,66,230,5,0,,84.2,39,516,2.4,65,8,3
CLEARWATER HUB,2020-10-03,ACTUAL,17.3,11,66,117,5,0,,84.3,39,520,2.4,66,9,3
CLEARWATER HUB,2020-10-04,ACTUAL,13.3,11.8,91,50,2,2.4,,55.3,34,523,0.3,58,1,3
CLEARWATER HUB,2020-10-05,ACTUAL,12.6,12,96,68,3,0.6,,56,34,526,0.3,58,1,3
CLEARWATER HUB,2020-10-06,ACTUAL,15.7,14.4,92,81,3,4,,32.7,24,515,0,43,0,2
CLEARWATER HUB,2020-10-07,ACTUAL,17.5,11.2,66,356,5,2.2,,50.2,22,519,0.2,39,0,2
CLEARWATER HUB,2020-10-08,ACTUAL,15.5,11.7,78,99,3,0,,62.4,22,522,0.6,40,1,2
CLEARWATER HUB,2020-10-09,ACTUAL,13,12.2,95,354,4,2.2,,44.3,19,525,0.1,35,0,2
CLEARWATER HUB,2020-10-10,ACTUAL,13.2,13,99,344,3,9,,11.2,10,485,0,18,0,1
CLEARWATER HUB,2020-10-11,ACTUAL,11.1,5.3,67,150,5,3.2,,31.2,7,479,0,14,0,1
CLEARWATER HUB,2020-10-12,ACTUAL,12.1,-0.5,42,170,6,5.4,,46.5,5,462,0.1,9,0,1
CLEARWATER HUB,2020-10-13,ACTUAL,3.6,3.3,98,129,3,3.4,,24.6,3,453,0,5,0,1
CLEARWATER HUB,2020-10-14,ACTUAL,6.2,4.7,90,114,3,8.2,,13.3,1,423,0,2,0,1
CLEARWATER HUB,2020-10-15,ACTUAL,7.6,4,78,98,3,1,,27.3,1,425,0,2,0,1
CLEARWATER HUB,2020-10-16,ACTUAL,2.3,1.7,96,314,3,33.8,,3.7,0,297,0,0,0,1
CLEARWATER HUB,2020-10-17,ACTUAL,7,-1.2,56,257,3,12.8,,23.2,1,262,0,1,0,1
CLEARWATER HUB,2020-10-18,ACTUAL,3,1.8,92,351,4,2,,22.2,0,263,0,0,0,1
CLEARWATER HUB,2020-10-19,ACTUAL,2.5,2.1,97,132,3,5,,10.5,0,253,0,0,0,1
CLEARWATER HUB,2020-10-20,ACTUAL,3.7,2,89,261,2,5.2,,11.3,0,244,0,0,0,1
CLEARWATER HUB,2020-10-21,ACTUAL,4.3,2.5,88,152,3,0.8,,19,0,245,0,0,0,1
CLEARWATER HUB,2020-10-22,ACTUAL,3.6,-1.3,70,310,3,0.4,,34.5,0,246,0,1,0,1
CLEARWATER HUB,2020-10-23,ACTUAL,-0.2,-1.1,94,337,8,0,,38.8,0,247,0,1,0,1
CLEARWATER HUB,2020-10-24,ACTUAL,-1.1,-9.5,53,120,4,1.8,,44.9,0,248,0.1,0,0,1
CLEARWATER HUB,2020-10-25,ACTUAL,-3.2,-11,55,90,3,0,,56.3,6,248,0.4,11,0,1
CLEARWATER HUB,2020-10-26,ACTUAL,-1.7,-4.9,79,293,3,0,,61.6,6,248,0.5,11,0,1
CLEARWATER HUB,2020-10-27,ACTUAL,0.5,-1,90,235,2,0,,63.7,6,249,0.6,11,0,1
CLEARWATER HUB,2020-10-28,ACTUAL,3,1,87,234,0,3.6,,34,4,244,0,7,0,1
CLEARWATER HUB,2020-10-29,ACTUAL,4,2.6,91,109,2,26.6,,7.9,1,176,0,2,0,1
CLEARWATER HUB,2020-10-30,ACTUAL,3.3,3.2,99,199,8,10,,2.3,0,157,0,0,0,1
CLEARWATER HUB,2020-10-31,ACTUAL,2.2,1.8,97,37,2,0.6,,3.7,0,158,0,0,0,1
COLDSCAUR LAKE,2020-05-01,ACTUAL,12.7,-1,39,119,9,0,,,,,,,,
COLDSCAUR LAKE,2020-05-02,ACTUAL,15.8,-3.3,27,144,14,0,,,,,,,,
COLDSCAUR LAKE,2020-05-03,ACTUAL,9.3,-2.1,45,226,6,9.6,,,,,,,,
COLDSCAUR LAKE,2020-05-04,ACTUAL,8.3,-2.7,46,162,6,0.4,,,,,,,,
COLDSCAUR LAKE,2020-05-05,ACTUAL,13.3,-2.8,33,165,9,0,,,,,,,,
COLDSCAUR LAKE,2020-05-06,ACTUAL,8.8,4.1,72,117,5,0.6,,,,,,,,
COLDSCAUR LAKE,2020-05-07,ACTUAL,9,1.7,60,301,10,9.4,,,,,,,,
COLDSCAUR LAKE,2020-05-08,ACTUAL,16.2,-2,29,89,9,0,,,,,,,,
COLDSCAUR LAKE,2020-05-09,ACTUAL,18.4,-2.6,24,117,8,0,,,,,,,,
COLDSCAUR LAKE,2020-05-10,ACTUAL,15.6,-5,24,359,6,0,,,,,,,,
COLDSCAUR LAKE,2020-05-11,DELETED,15.6,-7.3,20,93,7,0,,85,6,15,,,,
COLDSCAUR LAKE,2020-05-12,ACTUAL,16.1,-9,17,44,9,0,,91.5,10,20,8.5,10,9,2
COLDSCAUR LAKE,2020-05-13,ACTUAL,15.5,-3.1,28,163,6,0,,91.6,13,25,7.1,13,9,2
COLDSCAUR LAKE,2020-05-14,ACTUAL,15.3,2.4,42,288,7,0,,90.3,15,31,6.3,15,8,2
COLDSCAUR LAKE,2020-05-15,ACTUAL,13.3,6.9,65,132,7,7,,51.5,10,26,0.3,10,0,1
COLDSCAUR LAKE,2020-05-16,ACTUAL,14,3.4,49,167,10,1.6,,67.3,11,31,1,12,1,1
COLDSCAUR LAKE,2020-05-17,ACTUAL,9.3,7.1,86,145,6,4.4,,39.6,7,30,0,9,0,1
COLDSCAUR LAKE,2020-05-18,ACTUAL,9.4,7.3,87,167,5,5.8,,25.1,4,27,0,6,0,1
COLDSCAUR LAKE,2020-05-19,ACTUAL,18.2,5,42,255,7,1.2,,61.5,7,32,0.6,9,0,1
COLDSCAUR LAKE,2020-05-20,ACTUAL,18.3,4.4,40,220,7,0,,80.7,10,38,1.7,12,2,1
COLDSCAUR LAKE,2020-05-21,ACTUAL,8.3,4.3,76,313,9,5.4,,46.5,6,35,0.2,8,0,1
COLDSCAUR LAKE,2020-05-22,ACTUAL,7.3,6.4,94,341,7,25.8,,11.2,2,4,0,2,0,1
COLDSCAUR LAKE,2020-05-23,ACTUAL,13.9,6.1,59,321,11,0.8,,46.1,4,9,0.2,4,0,1
COLDSCAUR LAKE,2020-05-24,ACTUAL,16.1,2.8,41,128,9,1,,71.4,7,14,1,7,1,1
COLDSCAUR LAKE,2020-05-25,ACTUAL,10.3,9,92,183,4,6.4,,29.8,3,10,0,4,0,1
COLDSCAUR LAKE,2020-05-26,ACTUAL,12.6,-0.8,40,283,12,11.8,,46.9,3,5,0.2,3,0,1
COLDSCAUR LAKE,2020-05-27,ACTUAL,15.2,-3.8,27,334,9,0,,76.7,6,10,1.4,6,1,1
COLDSCAUR LAKE,2020-05-28,ACTUAL,16.4,0.4,34,163,6,0,,85.9,9,15,3.2,9,3,1
COLDSCAUR LAKE,2020-05-29,ACTUAL,20.5,3.6,33,156,8,0,,89.6,13,21,6.2,13,8,2
COLDSCAUR LAKE,2020-05-30,ACTUAL,20.3,8,45,146,8,0,,89.7,16,27,6.1,16,8,2
COLDSCAUR LAKE,2020-05-31,ACTUAL,9.5,8.6,94,328,13,14.4,,24.9,8,10,0,7,0,1
COLDSCAUR LAKE,2020-06-01,ACTUAL,12.5,-0.8,40,278,8,1.8,,54.3,9,15,0.4,8,0,1
COLDSCAUR LAKE,2020-06-02,ACTUAL,6.8,5.4,91,144,8,1.6,,47.9,8,20,0.2,8,0,1
COLDSCAUR LAKE,2020-06-03,ACTUAL,11.4,0.1,46,290,7,13.2,,42.8,5,6,0.1,5,0,1
COLDSCAUR LAKE,2020-06-04,ACTUAL,9.1,4.6,73,179,4,0.4,,56.4,6,11,0.4,6,0,1
COLDSCAUR LAKE,2020-06-05,ACTUAL,16.3,0.7,35,158,11,0.4,,79.8,9,17,1.9,9,1,1
COLDSCAUR LAKE,2020-06-06,ACTUAL,10.1,5.1,71,199,6,11.2,,39.2,5,6,0,5,0,1
COLDSCAUR LAKE,2020-06-07,ACTUAL,13,4.2,55,297,12,0.2,,65.8,7,12,1,6,0,1
COLDSCAUR LAKE,2020-06-08,ACTUAL,12.2,0.2,44,323,11,3,,65.3,6,15,0.9,6,0,1
COLDSCAUR LAKE,2020-06-09,ACTUAL,9.2,0.9,56,175,14,0,,76.7,7,20,1.7,8,1,1
COLDSCAUR LAKE,2020-06-10,ACTUAL,13.8,6.5,61,138,13,0.2,,81.8,9,26,2.7,10,3,1
COLDSCAUR LAKE,2020-06-11,ACTUAL,16.8,1.9,37,180,8,0,,87.2,12,32,4.4,12,5,2
COLDSCAUR LAKE,2020-06-12,ACTUAL,15.7,9,64,159,13,1.2,,79.7,13,39,2.1,14,3,1
COLDSCAUR LAKE,2020-06-13,ACTUAL,9.1,8,93,320,7,6,,33.1,8,36,0,10,0,1
COLDSCAUR LAKE,2020-06-14,ACTUAL,8.9,7,88,298,6,9,,19,4,28,0,6,0,1
COLDSCAUR LAKE,2020-06-15,ACTUAL,11.9,3.2,55,131,12,1,,51.1,5,33,0.3,8,0,1
COLDSCAUR LAKE,2020-06-16,ACTUAL,12.2,8.3,77,181,5,0.8,,60.2,6,39,0.5,9,0,1
COLDSCAUR LAKE,2020-06-17,ACTUAL,18,4.8,42,296,10,2.6,,70.7,7,45,1.1,10,1,1
COLDSCAUR LAKE,2020-06-18,ACTUAL,23.3,3.7,28,285,9,0,,88.2,12,53,5.2,15,7,2
COLDSCAUR LAKE,2020-06-19,ACTUAL,20.6,9.5,49,183,10,0,,88.3,15,60,5.5,18,8,2
COLDSCAUR LAKE,2020-06-20,ACTUAL,17.5,12,70,139,13,1.4,,77.9,16,67,1.8,20,3,1
COLDSCAUR LAKE,2020-06-21,ACTUAL,15.8,12,78,159,6,1.8,,66.5,16,73,0.7,20,1,1
COLDSCAUR LAKE,2020-06-22,ACTUAL,16.9,7.6,54,121,9,2.2,,69.6,15,79,1,20,1,1
COLDSCAUR LAKE,2020-06-23,ACTUAL,19,11.1,60,163,9,0,,80.4,17,86,1.9,23,3,1
COLDSCAUR LAKE,2020-06-24,ACTUAL,20,9,49,247,10,3,,73.2,16,90,1.2,22,1,1
COLDSCAUR LAKE,2020-06-25,ACTUAL,22.1,8.9,43,149,6,0,,85.1,19,98,3,26,6,2
COLDSCAUR LAKE,2020-06-26,ACTUAL,19.2,9.4,53,188,6,2.4,,73.6,18,104,1,25,1,1
COLDSCAUR LAKE,2020-06-27,ACTUAL,8,6.4,90,288,5,12.2,,23.9,9,87,0,14,0,1
COLDSCAUR LAKE,2020-06-28,ACTUAL,18.3,7.7,50,311,12,0.6,,63.6,11,94,0.9,17,1,1
COLDSCAUR LAKE,2020-06-29,ACTUAL,20.2,3.7,34,291,7,0,,83.4,15,101,2.4,22,4,1
COLDSCAUR LAKE,2020-06-30,ACTUAL,13.1,10.5,84,298,8,19.2,,31.9,7,71,0,11,0,1
COLDSCAUR LAKE,2020-07-01,ACTUAL,9,8.1,94,147,4,13.2,,10.5,3,54,0,5,0,1
COLDSCAUR LAKE,2020-07-02,ACTUAL,12,10.2,89,155,8,40.8,,14,1,6,0,2,0,1
COLDSCAUR LAKE,2020-07-03,ACTUAL,11.9,5.8,66,190,9,0.4,,42.2,2,12,0.1,3,0,1
COLDSCAUR LAKE,2020-07-04,ACTUAL,12.6,9.3,80,204,5,3.2,,39.3,1,15,0,2,0,1
COLDSCAUR LAKE,2020-07-05,ACTUAL,15.3,9.5,68,185,8,2.8,,50.3,2,21,0.3,3,0,1
COLDSCAUR LAKE,2020-07-06,ACTUAL,18.5,8.5,52,134,10,2.6,,65.3,3,28,0.9,4,0,1
COLDSCAUR LAKE,2020-07-07,ACTUAL,15,9.2,68,303,8,6.6,,48.3,2,26,0.2,3,0,1
COLDSCAUR LAKE,2020-07-08,ACTUAL,18,7.1,49,299,9,5,,58.4,3,27,0.6,4,0,1
COLDSCAUR LAKE,2020-07-09,ACTUAL,12.2,9.2,82,150,9,6.8,,36.7,1,24,0,3,0,1
COLDSCAUR LAKE,2020-07-10,ACTUAL,15.9,9.2,64,140,11,2.8,,54,2,30,0.4,3,0,1
COLDSCAUR LAKE,2020-07-11,ACTUAL,16.7,7.1,53,122,11,0,,75.4,4,37,1.4,6,1,1
COLDSCAUR LAKE,2020-07-12,ACTUAL,9.1,7,87,290,9,3.6,,46.3,2,39,0.2,4,0,1
COLDSCAUR LAKE,2020-07-13,ACTUAL,15.9,2.6,41,334,10,0.2,,74.1,4,45,1.2,7,1,1
COLDSCAUR LAKE,2020-07-14,ACTUAL,19.9,6.9,43,307,9,0,,85,7,52,3.3,11,4,1
COLDSCAUR LAKE,2020-07-15,ACTUAL,20.2,11.2,56,1,9,2.6,,73.7,7,60,1.1,11,1,1
COLDSCAUR LAKE,2020-07-16,ACTUAL,19,11.1,60,334,6,1.4,,75,9,67,1,14,1,1
COLDSCAUR LAKE,2020-07-17,ACTUAL,17.1,8.3,56,274,13,7.6,,59.1,6,62,0.8,10,0,1
COLDSCAUR LAKE,2020-07-18,ACTUAL,21,6.8,40,286,10,0,,82.1,10,70,2.4,14,3,1
COLDSCAUR LAKE,2020-07-19,ACTUAL,18.1,10.5,61,290,10,1.8,,75.3,10,77,1.3,15,1,1
COLDSCAUR LAKE,2020-07-20,ACTUAL,23.3,8.9,40,272,7,0,,86.6,13,85,3.7,19,6,2
COLDSCAUR LAKE,2020-07-21,ACTUAL,24.9,12.1,45,85,5,0,,88.6,17,93,4.6,23,8,2
COLDSCAUR LAKE,2020-07-22,ACTUAL,23.1,7.1,36,281,8,0,,90.1,20,101,6.6,27,12,2
COLDSCAUR LAKE,2020-07-23,ACTUAL,17.4,10.8,65,277,5,7.2,,53.4,13,96,0.3,19,0,1
COLDSCAUR LAKE,2020-07-24,ACTUAL,13.1,9.2,77,218,5,7.6,,35.1,7,89,0,12,0,1
COLDSCAUR LAKE,2020-07-25,ACTUAL,18.2,8.8,54,315,8,1.2,,63.6,9,96,0.8,15,1,1
COLDSCAUR LAKE,2020-07-26,ACTUAL,23.7,8.5,38,192,10,0,,84.9,13,104,3.3,20,5,2
COLDSCAUR LAKE,2020-07-27,ACTUAL,27.2,9,32,129,12,0,,91.1,18,113,9.1,25,15,2
COLDSCAUR LAKE,2020-07-28,ACTUAL,25.4,9.6,37,163,8,0,,91.2,22,121,7.6,30,14,2
COLDSCAUR LAKE,2020-07-29,ACTUAL,25.9,8.7,34,108,8,0,,91.3,26,130,7.6,34,15,2
COLDSCAUR LAKE,2020-07-30,ACTUAL,28.6,7.2,26,104,10,0,,93.2,31,138,11.3,40,22,2
COLDSCAUR LAKE,2020-07-31,ACTUAL,31.9,7.5,22,148,8,0,,94.7,37,148,12.6,45,25,2
COLDSCAUR LAKE,2020-08-01,ACTUAL,27.1,14.2,45,126,11,1,,88.3,40,156,5.7,49,15,2
COLDSCAUR LAKE,2020-08-02,ACTUAL,26.5,8.8,33,146,11,0,,91.2,44,163,8.7,53,21,3
COLDSCAUR LAKE,2020-08-03,ACTUAL,20.4,7.4,43,348,5,2.2,,78.7,41,170,1.3,51,4,2
COLDSCAUR LAKE,2020-08-04,ACTUAL,23.7,8.1,37,106,6,0.2,,88,44,177,4.4,54,12,2
COLDSCAUR LAKE,2020-08-05,ACTUAL,26.3,9.1,34,135,13,0,,91,48,185,9.2,58,23,3
COLDSCAUR LAKE,2020-08-06,ACTUAL,11.9,9.1,83,316,11,0,,83.8,48,190,3.1,59,10,2
COLDSCAUR LAKE,2020-08-07,ACTUAL,15.4,6.4,55,348,6,4.8,,59.8,34,188,0.5,47,1,1
COLDSCAUR LAKE,2020-08-08,ACTUAL,14.9,5.4,53,275,12,0.2,,76.9,35,193,1.6,49,5,2
COLDSCAUR LAKE,2020-08-09,ACTUAL,17.3,4.2,42,321,9,0,,85.2,38,199,3.3,51,10,2
COLDSCAUR LAKE,2020-08-10,ACTUAL,18.1,4.9,42,324,13,0.4,,87.7,40,206,5.9,54,16,2
COLDSCAUR LAKE,2020-08-11,ACTUAL,16.3,7.6,56,218,5,0,,87.5,42,212,3.8,56,11,2
COLDSCAUR LAKE,2020-08-12,ACTUAL,11.6,6.4,70,156,8,7,,48.7,25,202,0.2,38,0,1
COLDSCAUR LAKE,2020-08-13,ACTUAL,16.5,2.8,40,311,8,0,,75.2,27,208,1.2,41,3,1
COLDSCAUR LAKE,2020-08-14,ACTUAL,17.6,7.9,53,188,7,0,,82.8,29,214,2.2,43,6,2
COLDSCAUR LAKE,2020-08-15,ACTUAL,23.2,8.4,39,127,11,0.4,,88.6,32,221,6,47,15,2
COLDSCAUR LAKE,2020-08-16,ACTUAL,27.5,9.3,32,143,11,0,,91.6,36,229,9.3,51,21,3
COLDSCAUR LAKE,2020-08-17,ACTUAL,26.9,10.1,35,140,8,1,,89.5,40,237,5.9,56,16,2
COLDSCAUR LAKE,2020-08-18,ACTUAL,25.3,7.3,32,147,10,0,,91.3,43,244,8.3,60,21,3
COLDSCAUR LAKE,2020-08-19,ACTUAL,23.2,8.8,40,139,9,0,,91.3,46,252,8.2,63,22,3
COLDSCAUR LAKE,2020-08-20,ACTUAL,17.8,11.5,66,151,10,1,,82.4,48,258,2.5,65,9,2
COLDSCAUR LAKE,2020-08-21,ACTUAL,21.5,10.7,50,137,16,0,,86.6,50,265,6,68,18,3
COLDSCAUR LAKE,2020-08-22,ACTUAL,16.6,6.4,51,164,5,1,,82.6,52,271,2,70,8,2
COLDSCAUR LAKE,2020-08-23,ACTUAL,18.9,7.3,47,225,5,0,,86.2,54,277,3.2,73,12,2
COLDSCAUR LAKE,2020-08-24,ACTUAL,11.9,8.9,82,345,4,3.8,,50.3,40,275,0.2,58,0,2
COLDSCAUR LAKE,2020-08-25,ACTUAL,17.5,9.5,59,289,6,0,,70.8,41,281,0.8,60,3,2
COLDSCAUR LAKE,2020-08-26,ACTUAL,17.2,5.4,46,289,9,2,,74,39,287,1.1,58,4,2
COLDSCAUR LAKE,2020-08-27,ACTUAL,19.1,3.2,35,246,9,0.2,,86.1,42,294,3.9,62,12,2
COLDSCAUR LAKE,2020-08-28,ACTUAL,18.7,6.8,46,134,11,0,,87.5,44,300,5.3,64,16,2
COLDSCAUR LAKE,2020-08-29,ACTUAL,14,-1,36,306,12,0,,88.6,46,306,6.3,67,19,3
COLDSCAUR LAKE,2020-08-30,ACTUAL,14.9,1.3,40,316,8,0,,88.6,48,311,5.2,69,16,2
COLDSCAUR LAKE,2020-08-31,ACTUAL,12.3,6.4,67,327,6,9.2,,46.3,26,290,0.1,43,0,1
COLDSCAUR LAKE,2020-09-01,ACTUAL,18.9,8.9,52,281,9,0.2,,73,28,295,1.1,45,3,1
COLDSCAUR LAKE,2020-09-02,ACTUAL,16.1,6.5,53,326,10,15.4,,52.1,13,255,0.4,23,0,1
COLDSCAUR LAKE,2020-09-03,ACTUAL,18.5,11.2,62,342,6,0,,71.7,15,260,0.9,25,1,1
COLDSCAUR LAKE,2020-09-04,ACTUAL,22.4,10.5,47,166,4,0,,83.7,17,266,2.2,29,5,2
COLDSCAUR LAKE,2020-09-05,ACTUAL,23.4,10.4,44,281,11,0,,88,19,272,5.5,33,11,2
COLDSCAUR LAKE,2020-09-06,ACTUAL,18.6,8.6,52,312,10,0,,88.1,21,277,5.3,35,11,2
COLDSCAUR LAKE,2020-09-07,ACTUAL,17.1,-2.7,26,333,7,0,,90.7,23,281,6.9,39,15,2
COLDSCAUR LAKE,2020-09-08,ACTUAL,18,2.2,35,294,9,0,,90.7,25,286,7.3,42,16,2
COLDSCAUR LAKE,2020-09-09,ACTUAL,23.3,9.3,41,310,6,0,,90.8,28,292,6.6,45,16,2
COLDSCAUR LAKE,2020-09-10,ACTUAL,24.4,8.3,36,172,7,0,,90.8,31,298,6.9,49,17,3
COLDSCAUR LAKE,2020-09-11,ACTUAL,25.7,2.3,22,332,9,0,,93.5,35,305,11.2,54,25,3
COLDSCAUR LAKE,2020-09-12,ACTUAL,22.3,5.1,33,267,8,0,,92.7,37,310,9.3,58,23,3
COLDSCAUR LAKE,2020-09-13,ACTUAL,17.1,7.2,52,152,8,0,,89.4,39,315,5.8,60,16,2
COLDSCAUR LAKE,2020-09-14,ACTUAL,17.4,6,47,301,7,0,,89.2,41,320,5.3,62,16,2
COLDSCAUR LAKE,2020-09-15,ACTUAL,17.9,8.8,55,186,2,0.8,,84.4,42,325,2.1,64,8,2
COLDSCAUR LAKE,2020-09-16,ACTUAL,21.4,9.3,46,151,7,0,,87.4,44,331,4.2,67,14,2
COLDSCAUR LAKE,2020-09-17,ACTUAL,21.6,13.1,58,167,8,0,,87.4,46,336,4.4,69,14,2
COLDSCAUR LAKE,2020-09-18,ACTUAL,22.7,9.4,43,236,2,0,,88.7,49,342,4,72,14,2
COLDSCAUR LAKE,2020-09-19,ACTUAL,12,11.4,96,320,7,4.2,,40.4,34,336,0.1,54,0,2
COLDSCAUR LAKE,2020-09-20,ACTUAL,15,10.7,75,147,4,1.4,,51.4,35,340,0.2,56,0,2
COLDSCAUR LAKE,2020-09-21,ACTUAL,15.8,6,52,132,9,0,,73.5,36,345,1.1,58,4,2
COLDSCAUR LAKE,2020-09-22,ACTUAL,16.7,6.5,51,134,10,1.4,,76.8,38,349,1.4,60,5,2
COLDSCAUR LAKE,2020-09-23,ACTUAL,10.9,8.5,85,127,11,3,,53.1,30,347,0.4,50,1,2
COLDSCAUR LAKE,2020-09-24,ACTUAL,10.8,5.4,69,139,10,3.8,,49,22,342,0.2,38,0,1
COLDSCAUR LAKE,2020-09-25,ACTUAL,8.2,5,80,165,12,0,,61.2,22,345,0.8,39,2,1
COLDSCAUR LAKE,2020-09-26,ACTUAL,10.7,3.1,59,180,3,7.6,,40.6,13,326,0,24,0,1
COLDSCAUR LAKE,2020-09-27,ACTUAL,9.9,4.3,68,118,10,0.2,,59.9,14,330,0.7,25,1,1
COLDSCAUR LAKE,2020-09-28,ACTUAL,13.1,7.6,69,138,10,0,,72.5,14,334,1.1,26,2,1
COLDSCAUR LAKE,2020-09-29,ACTUAL,20.9,8.2,44,316,10,0,,84.8,17,339,3.4,30,7,2
COLDSCAUR LAKE,2020-09-30,ACTUAL,19.5,9.7,53,132,10,0,,86.3,18,344,4.2,32,9,2
COLDSCAUR LAKE,2020-10-01,ACTUAL,18,10.7,62,163,6,0,,86.3,19,348,3.5,34,8,2
COLDSCAUR LAKE,2020-10-02,ACTUAL,22.1,10.6,48,305,4,0,,87.6,21,353,3.8,37,9,2
COLDSCAUR LAKE,2020-10-03,ACTUAL,20.9,8.8,46,141,9,0,,88.1,23,357,5.2,40,12,2
COLDSCAUR LAKE,2020-10-04,ACTUAL,14.1,11.6,85,316,7,1.8,,67.9,22,361,0.8,37,2,1
COLDSCAUR LAKE,2020-10-05,ACTUAL,11.1,9.7,91,161,7,0.6,,68.8,22,363,0.8,38,2,1
COLDSCAUR LAKE,2020-10-06,ACTUAL,15,11.8,81,182,3,7.6,,36,12,343,0,22,0,1
COLDSCAUR LAKE,2020-10-07,ACTUAL,12.5,11.4,93,161,7,1.8,,34.5,11,346,0,20,0,1
COLDSCAUR LAKE,2020-10-08,ACTUAL,10.1,8,87,306,11,0.2,,47.3,11,348,0.2,21,0,1
COLDSCAUR LAKE,2020-10-09,ACTUAL,9.7,7.3,85,121,11,3.4,,39.2,8,344,0.1,15,0,1
COLDSCAUR LAKE,2020-10-10,ACTUAL,8.4,5.7,83,133,11,7.8,,28,4,322,0,8,0,1
COLDSCAUR LAKE,2020-10-11,ACTUAL,8,3.1,71,150,7,6.8,,30,2,306,0,4,0,1
COLDSCAUR LAKE,2020-10-12,ACTUAL,3,0.7,85,303,6,8.6,,17.9,0,283,0,1,0,1
COLDSCAUR LAKE,2020-10-13,ACTUAL,0.6,0.3,98,124,5,0.6,,19.2,0,284,0,1,0,1
COLDSCAUR LAKE,2020-10-14,ACTUAL,3.5,2,90,297,5,9.4,,11.9,0,260,0,0,0,1
COLDSCAUR LAKE,2020-10-15,ACTUAL,4.5,0.3,74,161,3,9,,17.5,0,239,0,0,0,1
COLDSCAUR LAKE,2020-10-16,ACTUAL,4.8,4,95,332,9,15.6,,7.2,0,200,0,0,0,1
COLDSCAUR LAKE,2020-10-17,ACTUAL,3.5,-3.1,62,285,9,11.2,,24,0,176,0,1,0,1
COLDSCAUR LAKE,2020-10-18,ACTUAL,0.3,-2.3,83,158,7,1.4,,31,0,177,0,1,0,1
COLDSCAUR LAKE,2020-10-19,ACTUAL,3.9,1.9,87,243,2,6,,17.9,0,167,0,0,0,1
COLDSCAUR LAKE,2020-10-20,ACTUAL,4,0.9,80,234,4,5.6,,19,0,159,0,0,0,1
COLDSCAUR LAKE,2020-10-21,ACTUAL,1.4,-3.4,70,294,7,1,,34.4,0,160,0,1,0,1
COLDSCAUR LAKE,2020-10-22,ACTUAL,-0.9,-7,63,321,7,0.2,,49.6,0,160,0.2,1,0,1
COLDSCAUR LAKE,2020-10-23,ACTUAL,-3,-4.7,88,186,4,0,,53.8,0,161,0.3,1,0,1
COLDSCAUR LAKE,2020-10-24,ACTUAL,-6.2,-11.9,64,312,12,0,,62.9,0,161,0.9,1,0,1
COLDSCAUR LAKE,2020-10-25,ACTUAL,-7.4,-11.7,71,156,10,1.2,,60.1,0,161,0.7,1,0,1
COLDSCAUR LAKE,2020-10-26,ACTUAL,-4.9,-7,85,137,9,0,,63.8,0,161,0.8,1,0,1
COLDSCAUR LAKE,2020-10-27,ACTUAL,-0.1,-1,94,161,8,0,,65.2,0,162,0.8,1,0,1
COLDSCAUR LAKE,2020-10-28,ACTUAL,1.2,0.5,95,135,7,0.2,,66.2,0,163,0.8,1,0,1
COLDSCAUR LAKE,2020-10-29,ACTUAL,4.6,3.4,92,162,5,17,,17.5,0,128,0,0,0,1
COLDSCAUR LAKE,2020-10-30,ACTUAL,3.9,2.2,89,306,13,20.2,,13,0,89,0,0,0,1
COLDSCAUR LAKE,2020-10-31,ACTUAL,2.1,0,86,113,8,1.2,,22.5,0,91,0,0,0,1
EAST BARRIERE,2020-05-01,ACTUAL,16,0.4,35,72,5,0,,,,,,,,
EAST BARRIERE,2020-05-02,ACTUAL,18.4,-1.5,26,13,9,0,,,,,,,,
EAST BARRIERE,2020-05-03,ACTUAL,8.1,3.2,71,59,7,11.6,,,,,,,,
EAST BARRIERE,2020-05-04,DELETED,15.7,-5.5,23,252,7,0.2,,85,6,50,,,,
EAST BARRIERE,2020-05-05,ACTUAL,17.7,-3.8,23,172,5,0,,90.4,10,56,5.9,14,7,2
EAST BARRIERE,2020-05-06,ACTUAL,12.1,10,87,292,3,1,,78.3,10,60,1.1,14,1,2
EAST BARRIERE,2020-05-07,ACTUAL,14.1,1.6,43,253,14,6.4,,62.4,8,56,0.9,11,1,2
EAST BARRIERE,2020-05-08,ACTUAL,20.6,1.3,28,199,7,0,,84.6,12,62,2.8,16,4,2
EAST BARRIERE,2020-05-09,ACTUAL,23.3,-2.4,18,55,7,0,,92.8,17,69,9.1,21,13,3
EAST BARRIERE,2020-05-10,ACTUAL,22.3,-4,17,116,6,0,,94.2,22,75,10.6,26,17,3
EAST BARRIERE,2020-05-11,ACTUAL,20.9,-2.9,20,59,7,0,,94.2,27,81,11,29,18,3
EAST BARRIERE,2020-05-12,ACTUAL,20.5,-2,22,21,6,0,,94.3,31,87,10.4,33,19,3
EAST BARRIERE,2020-05-13,ACTUAL,21,0.7,26,202,6,0,,93.9,36,94,9.8,36,19,3
EAST BARRIERE,2020-05-14,ACTUAL,20.5,3.6,33,120,5,0,,92.7,39,100,8.1,40,17,3
EAST BARRIERE,2020-05-15,ACTUAL,14.7,9.8,72,122,5,0.2,,86.7,41,105,3.4,41,9,3
EAST BARRIERE,2020-05-16,ACTUAL,19.7,4.1,36,77,7,1.6,,82.9,42,111,2.3,43,6,3
EAST BARRIERE,2020-05-17,ACTUAL,13.4,11.4,88,339,2,6.4,,35.3,26,105,0,32,0,2
EAST BARRIERE,2020-05-18,ACTUAL,14.9,8.2,64,277,6,15.2,,36.2,13,82,0,18,0,1
EAST BARRIERE,2020-05-19,ACTUAL,22.8,7.7,38,214,6,0,,74.4,16,89,1,22,1,2
EAST BARRIERE,2020-05-20,ACTUAL,24.1,6.7,33,273,8,0,,88.1,21,95,4.9,27,9,3
EAST BARRIERE,2020-05-21,ACTUAL,14.1,4.7,53,269,11,1,,82.7,23,100,2.7,29,6,2
EAST BARRIERE,2020-05-22,ACTUAL,13.2,5.4,59,292,9,0.6,,83.1,24,105,2.6,31,6,2
EAST BARRIERE,2020-05-23,ACTUAL,15.1,9.7,70,282,7,0.8,,80.2,26,110,1.7,32,4,2
EAST BARRIERE,2020-05-24,ACTUAL,19.8,4.2,36,314,8,0.2,,87.6,29,116,4.4,36,10,3
EAST BARRIERE,2020-05-25,ACTUAL,15.6,11.4,76,195,4,7,,45.4,17,110,0.1,25,0,2
EAST BARRIERE,2020-05-26,ACTUAL,17.2,2.7,38,277,10,0.6,,74.8,20,115,1.2,28,2,2
EAST BARRIERE,2020-05-27,ACTUAL,21.1,0.2,25,258,7,0,,88.7,25,121,5.2,33,11,3
EAST BARRIERE,2020-05-28,ACTUAL,18,6.2,46,268,5,0,,88.8,27,127,4.6,36,10,3
EAST BARRIERE,2020-05-29,ACTUAL,22.9,8.5,40,305,4,0,,89.5,31,134,5,39,12,3
EAST BARRIERE,2020-05-30,ACTUAL,17.2,12.8,75,270,8,0,,85.3,32,139,3.3,41,8,3
EAST BARRIERE,2020-05-31,ACTUAL,13,10.4,84,305,7,12.6,,34.3,15,119,0,23,0,2
EAST BARRIERE,2020-06-01,ACTUAL,13.9,9.2,73,60,7,1,,52.6,16,125,0.3,24,0,2
EAST BARRIERE,2020-06-02,ACTUAL,12.1,9.1,82,79,3,1.8,,49.4,15,130,0.2,23,0,2
EAST BARRIERE,2020-06-03,ACTUAL,17.7,4.2,41,275,6,7.8,,54.8,11,123,0.4,18,0,1
EAST BARRIERE,2020-06-04,ACTUAL,17.7,3.8,40,73,9,1,,75.9,14,130,1.2,22,2,2
EAST BARRIERE,2020-06-05,ACTUAL,18.4,8.1,51,250,5,0,,83.3,16,136,2.2,25,4,2
EAST BARRIERE,2020-06-06,ACTUAL,14.2,7.3,63,266,6,8.8,,48.4,10,126,0.2,16,0,1
EAST BARRIERE,2020-06-07,ACTUAL,16.6,4.2,44,268,13,0,,75.6,12,132,1.5,20,2,2
EAST BARRIERE,2020-06-08,ACTUAL,16.5,4.2,44,280,14,0.2,,84.7,15,139,4,24,7,2
EAST BARRIERE,2020-06-09,ACTUAL,14.6,2.1,43,17,4,0.8,,84.1,17,145,2.3,27,5,2
EAST BARRIERE,2020-06-10,ACTUAL,21.1,8.3,44,117,6,1.6,,81,20,152,1.7,30,3,2
EAST BARRIERE,2020-06-11,ACTUAL,18.1,10.8,62,137,7,0.2,,83.6,22,159,2.5,32,5,2
EAST BARRIERE,2020-06-12,ACTUAL,22,10.2,47,82,8,10.4,,63.5,14,145,0.7,22,1,2
EAST BARRIERE,2020-06-13,ACTUAL,11.2,10.4,95,159,3,9.6,,19.8,7,132,0,12,0,1
EAST BARRIERE,2020-06-14,ACTUAL,11.1,9.8,92,252,5,20.4,,10.3,3,97,0,6,0,1
EAST BARRIERE,2020-06-15,ACTUAL,15.5,4.2,47,37,4,1,,45.1,5,103,0.1,9,0,1
EAST BARRIERE,2020-06-16,ACTUAL,21.1,5.3,36,273,8,1.4,,74.6,9,110,1.1,15,1,2
EAST BARRIERE,2020-06-17,ACTUAL,21.8,6.8,38,276,12,0.2,,86.9,13,117,5.1,20,8,3
EAST BARRIERE,2020-06-18,ACTUAL,25.8,7.8,32,257,7,0,,91,18,125,6.8,26,12,3
EAST BARRIERE,2020-06-19,ACTUAL,25.5,10.1,38,95,5,0,,91,22,133,6.4,31,12,3
EAST BARRIERE,2020-06-20,ACTUAL,21.5,13,58,197,4,2.2,,75.1,21,141,0.9,31,1,2
EAST BARRIERE,2020-06-21,ACTUAL,22.3,10.4,47,278,7,0,,85.1,25,148,3.1,35,7,2
EAST BARRIERE,2020-06-22,ACTUAL,22.9,7.8,38,50,6,0,,89,28,156,4.9,39,11,3
EAST BARRIERE,2020-06-23,ACTUAL,22.6,15.1,62,128,3,1.8,,76.6,29,163,1,40,2,2
EAST BARRIERE,2020-06-24,ACTUAL,24.2,13.8,52,303,7,7.6,,64.7,19,156,0.7,29,1,2
EAST BARRIERE,2020-06-25,ACTUAL,24.9,14.7,53,280,8,0.6,,81.9,22,164,2.2,33,5,2
EAST BARRIERE,2020-06-26,ACTUAL,20.9,13.7,63,108,5,0.6,,83.3,24,171,2.1,36,5,2
EAST BARRIERE,2020-06-27,ACTUAL,14.7,12.2,85,281,5,25.2,,27.9,10,122,0,16,0,1
EAST BARRIERE,2020-06-28,ACTUAL,21.2,7.7,42,230,4,0.8,,65.1,13,129,0.6,21,1,2
EAST BARRIERE,2020-06-29,ACTUAL,25.5,6.6,30,268,9,0,,87.5,18,137,4.6,27,9,3
EAST BARRIERE,2020-06-30,ACTUAL,15.9,14.1,89,351,4,12.2,,29.7,9,120,0,15,0,1
EAST BARRIERE,2020-07-01,ACTUAL,13.3,11.2,87,278,6,3,,30.8,6,122,0,11,0,1
EAST BARRIERE,2020-07-02,ACTUAL,14.8,13,89,47,4,25.8,,14.5,3,78,0,5,0,1
EAST BARRIERE,2020-07-03,ACTUAL,19.4,5,39,328,4,0.6,,57.3,6,85,0.4,10,0,1
EAST BARRIERE,2020-07-04,ACTUAL,18.9,7,46,274,5,0.8,,75.7,8,93,1,14,1,2
EAST BARRIERE,2020-07-05,ACTUAL,23.8,9.7,41,359,7,0,,86.7,12,101,3.8,18,6,2
EAST BARRIERE,2020-07-06,ACTUAL,22.8,11.6,49,81,4,0,,87.7,15,108,3.7,22,6,2
EAST BARRIERE,2020-07-07,ACTUAL,19.2,13.2,68,279,6,3.2,,65.8,12,112,0.7,19,1,2
EAST BARRIERE,2020-07-08,ACTUAL,22.4,9.9,45,288,11,0.8,,82.3,15,120,2.5,23,4,2
EAST BARRIERE,2020-07-09,ACTUAL,16,13.1,83,212,2,0.8,,77.3,16,126,1,24,1,2
EAST BARRIERE,2020-07-10,ACTUAL,20.9,10.7,52,79,6,4.6,,65.6,12,127,0.7,20,1,2
EAST BARRIERE,2020-07-11,ACTUAL,19.3,9.8,54,201,3,0,,78.7,15,134,1.2,23,2,2
EAST BARRIERE,2020-07-12,ACTUAL,17.7,7.7,52,299,9,2.8,,70.6,13,141,1,21,1,2
EAST BARRIERE,2020-07-13,ACTUAL,18.6,7.4,48,282,11,0.2,,83,15,148,2.8,25,5,2
EAST BARRIERE,2020-07-14,ACTUAL,25.1,7.6,33,262,9,0,,90.1,20,156,6.8,30,13,3
EAST BARRIERE,2020-07-15,ACTUAL,23.4,11.1,46,133,4,0.4,,90.1,23,164,5.3,34,11,3
EAST BARRIERE,2020-07-16,ACTUAL,22.9,13.2,54,168,4,0,,89.1,25,172,4.5,37,10,3
EAST BARRIERE,2020-07-17,ACTUAL,23.5,11.5,47,280,9,11,,66.4,15,157,0.9,24,1,2
EAST BARRIERE,2020-07-18,ACTUAL,25.3,9.9,38,300,9,0,,86.1,19,165,3.9,29,8,3
EAST BARRIERE,2020-07-19,ACTUAL,20.6,16.1,75,44,6,2,,70.9,18,173,0.9,28,1,2
EAST BARRIERE,2020-07-20,ACTUAL,27.1,9.4,33,259,5,0,,88.1,22,181,4.3,34,9,3
EAST BARRIERE,2020-07-21,ACTUAL,30.3,12.2,33,287,6,0,,91.8,27,190,7.4,40,16,3
EAST BARRIERE,2020-07-22,ACTUAL,25.3,13.2,47,290,7,0,,90.7,31,199,6.5,44,15,3
EAST BARRIERE,2020-07-23,ACTUAL,23.9,10.2,42,151,6,1.2,,86,34,207,3.2,48,9,3
EAST BARRIERE,2020-07-24,ACTUAL,15.8,8.8,63,253,5,2.8,,66.4,29,213,0.7,43,1,3
EAST BARRIERE,2020-07-25,ACTUAL,21.9,8,41,281,7,0.2,,83.6,32,221,2.4,47,7,3
EAST BARRIERE,2020-07-26,ACTUAL,26.7,11.9,40,230,5,0,,89.1,36,229,4.8,51,13,3
EAST BARRIERE,2020-07-27,ACTUAL,30.5,13.2,35,210,6,0,,91.6,41,238,7.1,57,19,4
EAST BARRIERE,2020-07-28,ACTUAL,30.1,12.9,35,264,6,0,,91.8,45,248,7.6,62,20,4
EAST BARRIERE,2020-07-29,ACTUAL,30.1,9.5,28,225,4,0,,93.1,51,257,8.3,68,23,4
EAST BARRIERE,2020-07-30,ACTUAL,31.3,11.1,29,208,5,0,,93.2,56,266,8.5,73,24,4
EAST BARRIERE,2020-07-31,ACTUAL,32.2,14.3,34,245,4,0,,93.3,61,276,8.5,79,25,4
EAST BARRIERE,2020-08-01,ACTUAL,30.4,17.5,46,241,6,1,,88.4,65,284,4.5,82,16,4
EAST BARRIERE,2020-08-02,ACTUAL,29.9,11.8,33,256,8,0,,91.8,69,292,8.2,87,26,4
EAST BARRIERE,2020-08-03,ACTUAL,27.2,10.3,35,286,10,0.4,,91.8,73,300,9,91,28,4
EAST BARRIERE,2020-08-04,ACTUAL,27.8,10,33,258,6,0,,91.9,77,308,7.5,95,25,4
EAST BARRIERE,2020-08-05,ACTUAL,30.1,11,31,262,9,0,,92.6,81,317,9.7,99,31,5
EAST BARRIERE,2020-08-06,ACTUAL,18.1,15.2,83,287,11,0,,84.1,82,323,3.2,100,14,4
EAST BARRIERE,2020-08-07,ACTUAL,19.1,9,52,319,3,7.2,,56.6,49,309,0.4,70,1,3
EAST BARRIERE,2020-08-08,ACTUAL,20,6.6,42,291,8,0,,79.8,52,316,1.7,73,7,3
EAST BARRIERE,2020-08-09,ACTUAL,21.6,5.8,36,294,9,0,,88.1,55,323,5,77,17,4
EAST BARRIERE,2020-08-10,ACTUAL,24.5,8.8,37,263,9,0,,90.1,58,330,7,81,22,4
EAST BARRIERE,2020-08-11,ACTUAL,21.3,8.5,44,283,5,0,,90.2,61,337,5.7,84,20,4
EAST BARRIERE,2020-08-12,ACTUAL,18.2,7,48,169,4,1.8,,78.3,58,343,1.2,82,5,3
EAST BARRIERE,2020-08-13,ACTUAL,21.9,7.2,39,295,8,0.4,,87.2,61,350,4.3,85,16,4
EAST BARRIERE,2020-08-14,ACTUAL,25.2,8.1,34,287,8,0,,90.6,65,358,6.8,89,23,4
EAST BARRIERE,2020-08-15,ACTUAL,28,11.9,37,184,5,0,,91,68,366,6.3,93,22,4
EAST BARRIERE,2020-08-16,ACTUAL,31.9,11.6,29,190,4,0,,93.1,73,374,8.1,98,27,4
EAST BARRIERE,2020-08-17,ACTUAL,34.1,13,28,10,6,0,,93.9,79,384,9.9,104,32,5
EAST BARRIERE,2020-08-18,ACTUAL,31.1,9.3,26,245,5,0,,93.9,83,392,9.4,109,31,5
EAST BARRIERE,2020-08-19,ACTUAL,28.1,8.8,30,252,7,0,,94,88,400,10.9,113,35,5
EAST BARRIERE,2020-08-20,ACTUAL,17.9,14.2,79,249,4,1.2,,79,88,407,1.3,115,7,3
EAST BARRIERE,2020-08-21,ACTUAL,25.5,12.3,44,115,5,0,,87.2,92,414,3.8,118,17,4
EAST BARRIERE,2020-08-22,ACTUAL,22.9,6.9,36,266,6,0.2,,89.8,95,421,5.7,121,23,5
EAST BARRIERE,2020-08-23,ACTUAL,20.6,7.9,44,258,5,0,,89.8,97,428,5.4,124,23,5
EAST BARRIERE,2020-08-24,ACTUAL,18.5,11.7,64,303,5,1.6,,76.9,93,434,1.1,121,6,3
EAST BARRIERE,2020-08-25,ACTUAL,20.8,10.3,51,247,5,0,,84.3,95,441,2.5,124,13,4
EAST BARRIERE,2020-08-26,ACTUAL,24.5,8.4,36,241,6,0,,89.5,99,448,5.3,127,22,5
EAST BARRIERE,2020-08-27,ACTUAL,25.4,3.3,24,245,8,0,,92.8,103,456,9.4,132,34,5
EAST BARRIERE,2020-08-28,ACTUAL,24.4,9.1,38,239,5,0,,92.1,106,463,7.5,135,29,5
EAST BARRIERE,2020-08-29,ACTUAL,20.7,-0.1,25,274,10,0,,92.3,110,470,9.9,138,36,5
EAST BARRIERE,2020-08-30,ACTUAL,20.3,3,32,281,9,0,,92.3,113,477,9.3,142,35,5
EAST BARRIERE,2020-08-31,ACTUAL,16.2,7.5,56,283,8,2.2,,75,93,483,1.2,126,7,3
EAST BARRIERE,2020-09-01,ACTUAL,18.7,12.3,66,105,4,0,,80.5,94,488,1.5,127,8,4
EAST BARRIERE,2020-09-02,ACTUAL,22.5,4.9,32,275,10,1.4,,85.4,97,494,3.6,130,17,5
EAST BARRIERE,2020-09-03,ACTUAL,22,10.8,49,119,5,0,,87.2,99,499,3.7,133,18,5
EAST BARRIERE,2020-09-04,ACTUAL,25.2,13.4,48,264,4,0,,88.3,102,505,4.1,135,19,5
EAST BARRIERE,2020-09-05,ACTUAL,28.4,12.7,38,281,7,0,,90.6,105,512,6.6,139,27,5
EAST BARRIERE,2020-09-06,ACTUAL,26.7,8.6,32,279,9,0,,91.7,108,519,8.5,142,32,5
EAST BARRIERE,2020-09-07,ACTUAL,21.4,-3.2,19,152,8,0,,93.5,112,524,10.3,146,37,5
EAST BARRIERE,2020-09-08,ACTUAL,18.3,3.6,38,278,4,0,,91.8,114,529,6.7,148,28,5
EAST BARRIERE,2020-09-09,ACTUAL,24.2,6.4,32,230,4,0,,91.9,117,535,7,151,29,5
EAST BARRIERE,2020-09-10,ACTUAL,25.9,10.8,39,228,6,0,,91.9,120,542,7.4,154,30,5
EAST BARRIERE,2020-09-11,ACTUAL,26.5,10.6,37,249,5,0,,91.9,123,548,7.2,157,30,5
EAST BARRIERE,2020-09-12,ACTUAL,26.4,10.5,37,216,4,0,,92,126,555,7,161,29,5
EAST BARRIERE,2020-09-13,ACTUAL,19.7,10.5,55,271,4,0,,89.2,128,560,4.6,163,22,5
EAST BARRIERE,2020-09-14,ACTUAL,20.7,6.5,40,235,4,0,,89.3,130,565,4.7,165,22,5
EAST BARRIERE,2020-09-15,ACTUAL,21.6,9.5,46,116,4,0.6,,87.9,132,571,3.9,167,20,5
EAST BARRIERE,2020-09-16,ACTUAL,22.8,11.9,50,268,4,0,,88,134,577,3.9,170,20,5
EAST BARRIERE,2020-09-17,ACTUAL,21.3,11.7,54,250,5,0,,88,136,582,4.2,172,21,5
EAST BARRIERE,2020-09-18,ACTUAL,20.3,12.4,60,234,4,0,,87.5,138,588,3.7,174,19,5
EAST BARRIERE,2020-09-19,ACTUAL,14.6,14.1,97,115,3,1,,75.5,138,592,0.9,174,6,3
EAST BARRIERE,2020-09-20,ACTUAL,19.3,11.9,62,172,5,2.6,,66.9,99,597,0.7,140,4,3
EAST BARRIERE,2020-09-21,ACTUAL,20,8.3,47,217,5,0,,81.4,101,602,1.7,143,10,4
EAST BARRIERE,2020-09-22,ACTUAL,20.8,7.7,43,70,6,0,,86.9,103,608,3.6,145,18,5
EAST BARRIERE,2020-09-23,ACTUAL,13.7,13.4,98,53,2,1.8,,60.9,93,612,0.5,134,3,3
EAST BARRIERE,2020-09-24,ACTUAL,12.9,11.6,92,124,3,4.2,,32.9,62,596,0,99,0,2
EAST BARRIERE,2020-09-25,ACTUAL,11,10.2,95,102,4,3.6,,20.9,46,585,0,77,0,2
EAST BARRIERE,2020-09-26,ACTUAL,16.3,5.9,50,263,8,8.6,,45.1,26,543,0.1,47,0,2
EAST BARRIERE,2020-09-27,ACTUAL,12.6,6.7,67,175,3,0.4,,61.3,27,547,0.5,48,1,3
EAST BARRIERE,2020-09-28,ACTUAL,19.2,6.9,45,141,4,0,,79,29,552,1.3,51,4,3
EAST BARRIERE,2020-09-29,ACTUAL,21,10.8,52,258,4,0,,84.8,31,558,2.5,54,8,3
EAST BARRIERE,2020-09-30,ACTUAL,19.5,10.6,56,225,5,0,,85.8,33,563,3,57,9,3
EAST BARRIERE,2020-10-01,ACTUAL,15.2,11.2,77,55,3,0,,84.1,33,566,2.1,58,7,3
EAST BARRIERE,2020-10-02,ACTUAL,18.5,10.4,59,255,6,0,,85.1,34,570,2.9,60,9,3
EAST BARRIERE,2020-10-03,ACTUAL,21.2,10.7,51,143,3,0,,86.7,36,575,3.1,62,10,3
EAST BARRIERE,2020-10-04,ACTUAL,15.1,11.9,81,106,3,1.2,,74.8,36,578,0.9,63,3,3
EAST BARRIERE,2020-10-05,ACTUAL,14.9,11.9,82,305,2,0.2,,76.9,37,582,0.9,64,3,3
EAST BARRIERE,2020-10-06,ACTUAL,16.5,13.1,80,251,3,0.8,,75,37,585,0.9,65,3,3
EAST BARRIERE,2020-10-07,ACTUAL,18.2,13.4,73,246,5,0.6,,78.4,38,589,1.3,66,5,3
EAST BARRIERE,2020-10-08,ACTUAL,15.1,12.4,84,79,4,0,,79,39,593,1.2,66,5,3
EAST BARRIERE,2020-10-09,ACTUAL,14.5,12.2,86,68,3,1.2,,69.5,39,596,0.7,67,2,3
EAST BARRIERE,2020-10-10,ACTUAL,12.9,12.1,95,9,2,3,,40.5,31,589,0,54,0,2
EAST BARRIERE,2020-10-11,ACTUAL,10.5,6.7,77,61,3,7.6,,27.4,17,550,0,32,0,2
EAST BARRIERE,2020-10-12,ACTUAL,10.5,0.5,50,279,14,6.8,,44.4,10,520,0.1,20,0,2
EAST BARRIERE,2020-10-13,ACTUAL,4,3.8,99,57,3,9.6,,10.4,5,476,0,10,0,1
EAST BARRIERE,2020-10-14,ACTUAL,7.1,3.7,79,319,3,4.2,,18.8,3,464,0,5,0,1
EAST BARRIERE,2020-10-15,ACTUAL,8.7,2.3,64,293,4,0.6,,40.4,3,466,0,6,0,1
EAST BARRIERE,2020-10-16,ACTUAL,3.1,3.1,100,46,2,29.4,,3.1,1,343,0,2,0,1
EAST BARRIERE,2020-10-17,ACTUAL,7.5,-3.1,47,268,7,5.4,,30.9,1,330,0,1,0,1
EAST BARRIERE,2020-10-18,ACTUAL,1.8,1.1,95,229,4,3,,20.7,0,326,0,0,0,1
EAST BARRIERE,2020-10-19,ACTUAL,4.3,3.4,94,274,5,4.4,,13.9,0,317,0,0,0,1
EAST BARRIERE,2020-10-20,ACTUAL,7.6,4,78,128,4,0.4,,29.4,0,319,0,1,0,1
EAST BARRIERE,2020-10-21,ACTUAL,5.1,-1.8,61,200,4,0.8,,46.5,1,321,0.1,1,0,1
EAST BARRIERE,2020-10-22,ACTUAL,3.7,-6.6,47,133,4,0,,62.8,1,322,0.6,2,0,1
EAST BARRIERE,2020-10-23,ACTUAL,0.1,-0.9,93,287,3,0,,64.2,1,323,0.6,2,0,1
EAST BARRIERE,2020-10-24,ACTUAL,-0.9,-7.7,60,281,6,1.2,,63.8,1,323,0.7,2,0,1
EAST BARRIERE,2020-10-25,ACTUAL,-3.3,-9.5,62,262,2,0.4,,69.1,1,323,0.7,2,0,1
EAST BARRIERE,2020-10-26,ACTUAL,-0.9,-4.1,79,129,2,0.4,,71.5,1,324,0.7,2,0,1
EAST BARRIERE,2020-10-27,ACTUAL,2.2,1.2,93,334,2,1.6,,55.4,1,325,0.3,1,0,1
EAST BARRIERE,2020-10-28,ACTUAL,2.8,2.5,98,353,2,10,,13.5,0,296,0,0,0,1
EAST BARRIERE,2020-10-29,ACTUAL,4.5,4.2,98,68,2,18.8,,2.2,0,242,0,0,0,1
EAST BARRIERE,2020-10-30,ACTUAL,5.6,5.6,100,85,4,1.4,,0.6,0,244,0,0,0,1
EAST BARRIERE,2020-10-31,ACTUAL,4.8,2.3,84,106,3,0.6,,10.6,0,246,0,0,0,1
HARBOUR LAKE,2020-05-01,ACTUAL,7,-0.7,58,355,6,0,,,,,,,,
HARBOUR LAKE,2020-05-02,ACTUAL,9.9,-5,35,155,12,0,,,,,,,,
HARBOUR LAKE,2020-05-03,ACTUAL,1.2,-1.2,84,84,3,0,,,,,,,,
HARBOUR LAKE,2020-05-04,ACTUAL,8.7,-3.6,42,22,4,0,,,,,,,,
HARBOUR LAKE,2020-05-05,ACTUAL,11.4,-5.3,31,132,9,0,,,,,,,,
HARBOUR LAKE,2020-05-06,ACTUAL,4.1,2,86,328,6,0,,,,,,,,
HARBOUR LAKE,2020-05-07,ACTUAL,5.6,1.7,76,336,6,0,,,,,,,,
HARBOUR LAKE,2020-05-08,ACTUAL,12.7,-3.7,32,79,7,0,,,,,,,,
HARBOUR LAKE,2020-05-09,ACTUAL,13.3,-5.4,27,104,11,0,,,,,,,,
HARBOUR LAKE,2020-05-10,ACTUAL,11.9,-3.2,35,110,12,0,,,,,,,,
HARBOUR LAKE,2020-05-11,ACTUAL,11,-6.5,29,99,10,0,,,,,,,,
HARBOUR LAKE,2020-05-12,ACTUAL,12.1,-10.2,20,356,8,0,,,,,,,,
HARBOUR LAKE,2020-05-13,ACTUAL,14.1,-8,21,274,6,0.2,,,,,,,,
HARBOUR LAKE,2020-05-14,ACTUAL,10.8,2.7,57,338,6,0,,,,,,,,
HARBOUR LAKE,2020-05-15,ACTUAL,11.4,2.4,54,135,9,0,,,,,,,,
HARBOUR LAKE,2020-05-16,ACTUAL,12.6,-0.4,41,144,12,0,,,,,,,,
HARBOUR LAKE,2020-05-17,ACTUAL,7.4,3.7,77,159,8,0,,,,,,,,
HARBOUR LAKE,2020-05-18,ACTUAL,5.9,3.7,86,182,4,0,,,,,,,,
HARBOUR LAKE,2020-05-19,ACTUAL,10.3,4.7,68,140,6,0,,,,,,,,
HARBOUR LAKE,2020-05-20,ACTUAL,15.9,-1.3,31,97,5,0,,,,,,,,
HARBOUR LAKE,2020-05-21,ACTUAL,3.5,2,90,335,9,0,,,,,,,,
HARBOUR LAKE,2020-05-22,ACTUAL,4.8,3.1,89,326,7,0,,,,,,,,
HARBOUR LAKE,2020-05-23,ACTUAL,7.6,4,78,148,5,0,,,,,,,,
HARBOUR LAKE,2020-05-24,ACTUAL,12.1,1.1,47,156,10,0,,,,,,,,
HARBOUR LAKE,2020-05-25,ACTUAL,7.7,5.7,87,152,5,0,,,,,,,,
HARBOUR LAKE,2020-05-26,ACTUAL,9.7,0.3,52,352,8,0,,,,,,,,
HARBOUR LAKE,2020-05-27,ACTUAL,12.8,-7.4,24,281,8,0,,,,,,,,
HARBOUR LAKE,2020-05-28,ACTUAL,13.8,-3.2,31,125,9,0,,,,,,,,
HARBOUR LAKE,2020-05-29,ACTUAL,18.1,-0.3,29,113,7,0,,,,,,,,
HARBOUR LAKE,2020-05-30,ACTUAL,15.8,2.8,42,139,6,0,,,,,,,,
HARBOUR LAKE,2020-05-31,ACTUAL,5.9,5.6,98,85,3,0,,,,,,,,
HARBOUR LAKE,2020-06-01,DELETED,4.7,3.3,91,340,7,0,,85,6,15,,,,
HARBOUR LAKE,2020-06-02,ACTUAL,5.1,3.6,90,154,8,0,,80.4,6,19,1.8,7,1,2
HARBOUR LAKE,2020-06-03,ACTUAL,7.4,-2.9,48,292,6,0,,83.4,7,24,2.3,8,2,2
HARBOUR LAKE,2020-06-04,ACTUAL,7.3,0.8,63,244,5,0,,83.4,8,29,2.2,10,2,2
HARBOUR LAKE,2020-06-05,ACTUAL,13.6,-2.1,34,111,13,0,,87.7,11,35,5.8,12,7,2
HARBOUR LAKE,2020-06-06,ACTUAL,6.6,3.1,78,156,7,0,,83.9,11,39,2.6,13,3,2
HARBOUR LAKE,2020-06-07,ACTUAL,7.4,1.7,67,357,10,0,,84,12,44,3,14,4,2
HARBOUR LAKE,2020-06-08,ACTUAL,7.6,-1.9,51,242,6,0,,84.7,13,49,2.8,16,4,2
HARBOUR LAKE,2020-06-09,ACTUAL,6.9,0.6,64,154,10,0,,84.6,14,53,3.2,17,5,2
HARBOUR LAKE,2020-06-10,ACTUAL,10.4,4.6,67,141,9,0,,84.5,15,59,3,18,5,2
HARBOUR LAKE,2020-06-11,ACTUAL,13.6,5,56,157,8,0,,85.1,16,65,3.2,20,5,2
HARBOUR LAKE,2020-06-12,ACTUAL,9.6,7,84,144,10,0,,82,17,70,2.3,21,4,2
HARBOUR LAKE,2020-06-13,ACTUAL,6.5,6.2,98,344,4,0,,76.8,17,74,1,22,1,2
HARBOUR LAKE,2020-06-14,ACTUAL,4.8,3,88,163,9,0,,76.9,17,78,1.4,22,2,2
HARBOUR LAKE,2020-06-15,ACTUAL,8.1,0.4,58,141,9,0,,80.9,18,83,2,24,4,2
HARBOUR LAKE,2020-06-16,ACTUAL,12.3,1.6,48,353,7,0,,84.5,20,89,2.8,26,5,2
HARBOUR LAKE,2020-06-17,ACTUAL,12.6,3,52,325,7,0,,85.3,22,95,3.1,28,6,2
HARBOUR LAKE,2020-06-18,ACTUAL,17.9,1.7,34,339,9,0,,88.9,25,101,5.7,31,11,3
HARBOUR LAKE,2020-06-19,ACTUAL,18.4,5.2,42,142,10,0,,88.9,28,108,6,34,12,3
HARBOUR LAKE,2020-06-20,ACTUAL,11.7,8.7,82,113,5,0,,83.8,29,113,2.3,35,5,2
HARBOUR LAKE,2020-06-21,ACTUAL,14.1,8.4,68,130,9,0,,83.9,30,119,2.8,37,7,2
HARBOUR LAKE,2020-06-22,ACTUAL,16.3,4.3,45,158,10,0,,86.6,32,126,4.3,39,10,3
HARBOUR LAKE,2020-06-23,ACTUAL,15.2,9.4,68,153,7,0,,85.5,34,132,3.2,41,8,3
HARBOUR LAKE,2020-06-24,ACTUAL,11.4,10.1,92,77,2,0,,80.4,34,137,1.3,42,3,2
HARBOUR LAKE,2020-06-25,ACTUAL,18.4,5.9,44,287,7,0,,86,37,144,3.4,45,9,3
HARBOUR LAKE,2020-06-26,ACTUAL,12.5,9,79,137,5,0,,83.5,38,150,2.2,46,6,3
HARBOUR LAKE,2020-06-27,ACTUAL,7.9,4.3,78,99,5,0,,82.5,38,155,2,47,6,3
HARBOUR LAKE,2020-06-28,ACTUAL,12.6,6,64,355,11,0,,83.3,39,160,2.9,49,8,3
HARBOUR LAKE,2020-06-29,ACTUAL,18,1.8,34,261,7,0,,88.3,43,167,4.7,52,13,3
HARBOUR LAKE,2020-06-30,ACTUAL,9.3,6,80,348,8,0,,83.8,43,172,2.7,53,8,3
HARBOUR LAKE,2020-07-01,ACTUAL,7.1,5.9,92,353,5,0,,79.6,44,177,1.4,54,4,3
HARBOUR LAKE,2020-07-02,ACTUAL,7,6.1,94,151,5,0,,77.5,44,182,1.2,55,4,3
HARBOUR LAKE,2020-07-03,ACTUAL,11.1,4.6,64,343,8,0,,80.9,45,188,1.9,56,6,3
HARBOUR LAKE,2020-07-04,ACTUAL,8.7,4.7,76,346,5,0,,80.9,45,193,1.6,57,5,3
HARBOUR LAKE,2020-07-05,ACTUAL,13.5,5.2,57,49,3,0,,83.3,47,199,2,59,7,3
HARBOUR LAKE,2020-07-06,ACTUAL,17.5,5.1,44,143,7,0,,86.7,49,206,3.9,62,12,3
HARBOUR LAKE,2020-07-07,ACTUAL,13.1,5.6,60,186,6,0,,86.3,50,212,3.4,63,11,3
HARBOUR LAKE,2020-07-08,ACTUAL,12.4,7.7,73,144,7,0,,84.5,51,218,2.8,65,10,3
HARBOUR LAKE,2020-07-09,ACTUAL,9.4,7,85,141,6,7.6,,36.5,29,207,0,43,0,2
HARBOUR LAKE,2020-07-10,ACTUAL,11.4,6.2,70,148,9,14.6,,32,13,178,0,22,0,2
HARBOUR LAKE,2020-07-11,ACTUAL,18.1,6.3,46,168,10,0,,67.9,16,185,0.9,26,1,2
HARBOUR LAKE,2020-07-12,ACTUAL,7.8,4.8,81,10,7,5.2,,39.5,10,181,0,17,0,1
HARBOUR LAKE,2020-07-13,ACTUAL,11.6,3.2,56,313,8,4.4,,47.1,7,179,0.2,13,0,1
HARBOUR LAKE,2020-07-14,ACTUAL,16,1.6,38,357,10,0,,75,10,186,1.2,17,1,2
HARBOUR LAKE,2020-07-15,ACTUAL,16.9,9.2,60,326,11,3,,66.8,8,189,1,15,1,2
HARBOUR LAKE,2020-07-16,ACTUAL,15.9,9.6,66,163,6,2.2,,63.9,8,195,0.7,14,1,2
HARBOUR LAKE,2020-07-17,ACTUAL,15,9.6,70,318,8,8.6,,44.7,5,183,0.1,9,0,1
HARBOUR LAKE,2020-07-18,ACTUAL,18.1,3.8,39,247,7,0,,74.2,8,190,1,14,1,2
HARBOUR LAKE,2020-07-19,ACTUAL,15.8,7.9,59,328,7,2.2,,68.6,7,197,0.8,13,1,2
HARBOUR LAKE,2020-07-20,ACTUAL,19.5,4.3,37,357,7,0,,84.1,10,204,2.7,18,4,2
HARBOUR LAKE,2020-07-21,ACTUAL,19.3,8.6,50,323,4,0,,86.3,13,211,3.1,22,5,2
HARBOUR LAKE,2020-07-22,ACTUAL,16.9,11.7,71,333,5,0,,85.2,14,218,2.8,24,5,2
HARBOUR LAKE,2020-07-23,ACTUAL,10.5,9.1,91,22,3,15.8,,23,6,185,0,12,0,1
HARBOUR LAKE,2020-07-24,ACTUAL,7.5,5.5,87,338,8,13.8,,16.1,3,160,0,6,0,1
HARBOUR LAKE,2020-07-25,ACTUAL,13.3,3.7,52,349,6,0.4,,48.8,5,166,0.2,8,0,1
HARBOUR LAKE,2020-07-26,ACTUAL,19.8,4.2,36,281,5,0.2,,77.2,8,173,1.2,14,1,2
HARBOUR LAKE,2020-07-27,ACTUAL,25.5,4,25,180,11,0,,90.9,12,181,8.4,21,13,3
HARBOUR LAKE,2020-07-28,ACTUAL,24.4,5.1,29,174,11,0,,91.9,17,189,9.7,27,16,3
HARBOUR LAKE,2020-07-29,ACTUAL,23.5,-1.5,19,156,9,0,,93.9,21,197,11.6,34,20,3
HARBOUR LAKE,2020-07-30,ACTUAL,26.9,4,23,152,9,0,,93.9,26,206,11.7,40,22,3
HARBOUR LAKE,2020-07-31,ACTUAL,28.3,3.9,21,156,8,0,,94.4,32,215,12.2,46,25,4
HARBOUR LAKE,2020-08-01,ACTUAL,25.9,11.6,41,156,10,3.6,,80.1,26,217,1.9,41,5,2
HARBOUR LAKE,2020-08-02,ACTUAL,24.5,10,40,169,11,0,,88.3,30,224,5.8,45,14,3
HARBOUR LAKE,2020-08-03,ACTUAL,17.5,7.9,53,173,6,1.8,,77.2,29,230,1.2,44,3,3
HARBOUR LAKE,2020-08-04,ACTUAL,20.2,7.5,44,42,7,0,,85.5,32,237,3.1,47,9,3
HARBOUR LAKE,2020-08-05,ACTUAL,24.9,6.5,31,149,11,0,,90.9,35,244,8.5,52,20,4
HARBOUR LAKE,2020-08-06,ACTUAL,16.5,4.5,45,155,11,0,,89.7,37,250,7.1,54,18,4
HARBOUR LAKE,2020-08-07,ACTUAL,10.1,6.3,77,70,3,6.2,,42.5,23,241,0.1,37,0,2
HARBOUR LAKE,2020-08-08,ACTUAL,11.2,5.1,66,327,7,3,,47.6,18,242,0.2,31,0,2
HARBOUR LAKE,2020-08-09,ACTUAL,14.8,1.6,41,349,7,0,,72.9,20,247,1,34,2,2
HARBOUR LAKE,2020-08-10,ACTUAL,16.2,3.5,43,341,9,1,,80.3,22,253,1.9,37,5,2
HARBOUR LAKE,2020-08-11,ACTUAL,14.5,4.2,50,184,5,0,,84.2,24,259,2.4,39,6,2
HARBOUR LAKE,2020-08-12,ACTUAL,10.5,0.8,51,186,4,5.2,,54.3,16,252,0.3,28,0,2
HARBOUR LAKE,2020-08-13,ACTUAL,12.2,4.5,59,1,5,0.2,,69.8,17,258,0.8,29,1,2
HARBOUR LAKE,2020-08-14,ACTUAL,14.8,6.9,59,134,8,0,,79.1,19,263,1.5,31,3,2
HARBOUR LAKE,2020-08-15,ACTUAL,20.7,7.6,43,343,9,0,,86.5,21,270,4,35,9,3
HARBOUR LAKE,2020-08-16,ACTUAL,25.7,4.7,26,173,11,0,,92.1,25,278,10.3,41,21,3
HARBOUR LAKE,2020-08-17,ACTUAL,25.8,7.3,31,153,10,2.8,,84.4,24,285,3.2,39,8,3
HARBOUR LAKE,2020-08-18,ACTUAL,23.8,2,24,163,10,0,,91.7,28,293,9,45,19,4
HARBOUR LAKE,2020-08-19,ACTUAL,21.6,2.7,29,147,9,0,,91.8,31,300,8.8,49,20,4
HARBOUR LAKE,2020-08-20,ACTUAL,14.5,7.6,63,132,9,0.8,,84.2,32,305,3,51,9,3
HARBOUR LAKE,2020-08-21,ACTUAL,17.5,8.1,54,147,15,0,,85.8,34,311,4.9,53,14,3
HARBOUR LAKE,2020-08-22,ACTUAL,14.3,5.1,54,191,8,6.6,,57.4,21,299,0.5,35,1,2
HARBOUR LAKE,2020-08-23,ACTUAL,17,3.2,40,169,7,0,,78.4,23,305,1.4,39,3,2
HARBOUR LAKE,2020-08-24,ACTUAL,7.8,6.6,92,57,2,8,,26.5,12,288,0,22,0,2
HARBOUR LAKE,2020-08-25,ACTUAL,15.1,4.1,48,320,7,0.6,,59.6,14,293,0.6,25,1,2
HARBOUR LAKE,2020-08-26,ACTUAL,14.9,5.1,52,20,7,0,,75.8,16,299,1.1,28,2,2
HARBOUR LAKE,2020-08-27,ACTUAL,15.6,3.3,44,359,7,0,,83.8,18,305,2.5,31,5,2
HARBOUR LAKE,2020-08-28,ACTUAL,18.4,4.1,39,143,11,0,,87.9,20,311,5.4,35,12,3
HARBOUR LAKE,2020-08-29,ACTUAL,12.1,-0.5,42,315,7,1,,83.4,22,316,2.4,37,6,2
HARBOUR LAKE,2020-08-30,ACTUAL,11.3,0,46,332,8,0,,85.5,23,321,3.4,39,8,3
HARBOUR LAKE,2020-08-31,ACTUAL,9.3,6,80,316,9,8.8,,39.5,12,300,0.1,22,0,2
HARBOUR LAKE,2020-09-01,ACTUAL,12,8.1,77,47,4,3.4,,38.2,9,298,0,16,0,1
HARBOUR LAKE,2020-09-02,ACTUAL,13.8,3.5,50,345,8,24.2,,40.9,5,231,0.1,9,0,1
HARBOUR LAKE,2020-09-03,ACTUAL,14.2,7.3,63,33,5,0,,61.7,6,235,0.6,11,0,1
HARBOUR LAKE,2020-09-04,ACTUAL,20.4,9.7,50,355,6,0,,79.4,8,240,1.4,14,1,2
HARBOUR LAKE,2020-09-05,ACTUAL,19.3,10.9,58,332,8,0,,83.9,9,246,2.7,17,4,2
HARBOUR LAKE,2020-09-06,ACTUAL,17.3,5.5,46,336,7,0,,86.6,11,250,3.8,20,6,2
HARBOUR LAKE,2020-09-07,ACTUAL,13.3,-6.4,25,62,8,0,,89.8,13,255,6.3,23,10,3
HARBOUR LAKE,2020-09-08,ACTUAL,13.3,-0.8,38,319,7,0,,89.9,15,259,6.1,26,11,3
HARBOUR LAKE,2020-09-09,ACTUAL,17.7,5.9,46,341,6,0,,89.5,16,264,5.3,28,10,3
HARBOUR LAKE,2020-09-10,ACTUAL,19.8,7.2,44,356,9,0,,89.5,19,269,6.3,32,12,3
HARBOUR LAKE,2020-09-11,ACTUAL,21.2,5.8,37,330,7,0,,89.9,21,274,6.1,35,13,3
HARBOUR LAKE,2020-09-12,ACTUAL,18.7,4.7,40,290,6,0,,89.9,23,279,5.7,38,13,3
HARBOUR LAKE,2020-09-13,ACTUAL,17.6,3,38,140,9,0,,90,25,284,6.8,41,15,3
HARBOUR LAKE,2020-09-14,ACTUAL,16.2,0.2,34,152,8,0,,90,27,289,6.5,44,15,3
HARBOUR LAKE,2020-09-15,ACTUAL,13.8,5.5,57,128,5,1.2,,80.3,28,293,1.5,46,4,3
HARBOUR LAKE,2020-09-16,ACTUAL,17.4,9.4,59,357,5,0,,83.5,30,298,2.2,48,6,3
HARBOUR LAKE,2020-09-17,ACTUAL,20.7,8.3,45,349,6,0.2,,87.1,32,303,3.7,50,11,3
HARBOUR LAKE,2020-09-18,ACTUAL,20.6,5.7,38,318,2,0,,89,34,309,4.2,54,12,3
HARBOUR LAKE,2020-09-19,ACTUAL,9.7,8.3,91,143,6,0.4,,81.5,34,312,1.8,54,6,3
HARBOUR LAKE,2020-09-20,ACTUAL,11.9,7.1,72,156,6,7.6,,44,19,295,0.1,33,0,2
HARBOUR LAKE,2020-09-21,ACTUAL,13.2,2.4,48,148,11,0.8,,68.3,21,299,1,35,2,2
HARBOUR LAKE,2020-09-22,ACTUAL,15.3,3.7,46,160,7,0,,80.7,22,303,1.7,37,4,2
HARBOUR LAKE,2020-09-23,ACTUAL,8.1,6.2,88,156,9,7.8,,34,12,285,0,22,0,2
HARBOUR LAKE,2020-09-24,ACTUAL,6.3,4.8,90,135,6,22.2,,12,5,225,0,10,0,1
HARBOUR LAKE,2020-09-25,ACTUAL,3.4,2,91,152,11,5.2,,14.1,3,217,0,5,0,1
HARBOUR LAKE,2020-09-26,ACTUAL,5.4,3.2,86,349,4,9.6,,13.5,1,197,0,2,0,1
HARBOUR LAKE,2020-09-27,ACTUAL,8,1.4,63,129,9,0.6,,39.5,1,200,0,3,0,1
HARBOUR LAKE,2020-09-28,ACTUAL,12.5,4,56,141,9,0,,63.9,2,204,0.8,5,0,1
HARBOUR LAKE,2020-09-29,ACTUAL,16.7,7.4,54,4,5,0,,77.7,4,209,1.2,8,1,2
HARBOUR LAKE,2020-09-30,ACTUAL,18,6.5,47,357,6,0.2,,84.6,6,214,2.7,11,3,2
HARBOUR LAKE,2020-10-01,ACTUAL,16,9.7,66,46,3,0,,84.6,7,218,2.3,12,3,2
HARBOUR LAKE,2020-10-02,ACTUAL,17.8,7.2,50,331,5,0.2,,86.3,8,221,3.2,15,4,2
HARBOUR LAKE,2020-10-03,ACTUAL,18.7,7.5,48,324,6,0.2,,87.2,10,225,3.8,17,6,2
HARBOUR LAKE,2020-10-04,ACTUAL,9.6,8.3,92,51,2,4.6,,38.8,6,219,0,11,0,1
HARBOUR LAKE,2020-10-05,ACTUAL,9.5,8.2,92,97,3,1,,40.6,6,222,0,11,0,1
HARBOUR LAKE,2020-10-06,ACTUAL,10.4,8.6,89,14,3,11.2,,17.3,3,198,0,5,0,1
HARBOUR LAKE,2020-10-07,ACTUAL,11.9,9.8,87,43,3,1.4,,25.9,3,200,0,6,0,1
HARBOUR LAKE,2020-10-08,ACTUAL,10.4,7.1,80,174,6,0,,42.1,3,203,0.1,6,0,1
HARBOUR LAKE,2020-10-09,ACTUAL,7,5.4,90,141,8,7.6,,21.6,1,189,0,2,0,1
HARBOUR LAKE,2020-10-10,ACTUAL,6.1,4.2,88,153,4,19.8,,10.9,0,145,0,0,0,1
HARBOUR LAKE,2020-10-11,ACTUAL,0.5,-1.3,88,13,3,5.2,,11.4,0,138,0,0,0,1
HARBOUR LAKE,2020-10-12,ACTUAL,0.7,-1.7,84,355,5,2.4,,17.9,0,139,0,0,0,1
HARBOUR LAKE,2020-10-13,ACTUAL,0.7,-0.8,90,146,10,2.6,,20.1,0,139,0,0,0,1
HARBOUR LAKE,2020-10-14,ACTUAL,-0.8,-2.3,90,358,3,1.8,,21.1,0,140,0,0,0,1
HARBOUR LAKE,2020-10-15,ACTUAL,1.8,-3.4,68,263,4,1.4,,33.2,0,141,0,0,0,1
HARBOUR LAKE,2020-10-16,ACTUAL,2,0.8,92,174,2,3.6,,20.6,0,137,0,0,0,1
HARBOUR LAKE,2020-10-17,ACTUAL,-0.8,-4.5,76,328,7,4,,23.6,0,132,0,0,0,1
HARBOUR LAKE,2020-10-18,ACTUAL,-0.8,-4.3,77,345,4,1.4,,31,0,133,0,0,0,1
HARBOUR LAKE,2020-10-19,ACTUAL,0.8,-0.5,91,16,5,1.6,,30.1,0,134,0,0,0,1
HARBOUR LAKE,2020-10-20,ACTUAL,1.8,-4.3,64,256,3,2.8,,33.8,0,135,0,0,0,1
HARBOUR LAKE,2020-10-21,ACTUAL,-2.7,-5.7,80,335,6,2.4,,32.2,0,135,0,0,0,1
HARBOUR LAKE,2020-10-22,ACTUAL,-3.6,-8.8,67,337,5,0,,44.6,6,135,0.1,11,0,1
HARBOUR LAKE,2020-10-23,ACTUAL,-4.8,-8.9,73,107,7,0,,53.7,6,135,0.4,11,0,1
HARBOUR LAKE,2020-10-24,ACTUAL,-6.2,-13.3,57,350,9,0,,63.3,6,136,0.8,11,0,1
HARBOUR LAKE,2020-10-25,ACTUAL,-7.7,-13.1,65,18,4,0,,68.1,6,136,0.7,11,0,1
HARBOUR LAKE,2020-10-26,ACTUAL,-5.4,-8.1,81,340,6,0,,70.5,6,136,0.9,11,1,2
HARBOUR LAKE,2020-10-27,ACTUAL,-0.7,-2.9,85,169,4,0,,72,6,137,0.8,11,1,2
HARBOUR LAKE,2020-10-28,ACTUAL,2.9,0.8,86,178,4,1.6,,58.6,5,138,0.5,10,0,1
HARBOUR LAKE,2020-10-29,ACTUAL,4.3,1.8,84,172,5,15.2,,21.5,2,109,0,4,0,1
HARBOUR LAKE,2020-10-30,ACTUAL,2.1,0.5,89,191,5,17.8,,10.1,0,77,0,1,0,1
HARBOUR LAKE,2020-10-31,ACTUAL,1.1,-3.2,73,132,7,0.6,,26.4,1,78,0,1,0,1
LEIGHTON LAKE,2020-05-01,ACTUAL,12.6,-3.4,33,161,13,0,,,,,,,,
LEIGHTON LAKE,2020-05-02,ACTUAL,14.5,-0.9,35,185,17,0,,,,,,,,
LEIGHTON LAKE,2020-05-03,ACTUAL,9.5,-6.9,31,258,13,0.2,,,,,,,,
LEIGHTON LAKE,2020-05-04,DELETED,9.3,-3.4,41,53,17,0,,85,6,325,,,,
LEIGHTON LAKE,2020-05-05,ACTUAL,13.9,-5.9,25,198,11,0,,89.6,9,330,7.1,17,10,2
LEIGHTON LAKE,2020-05-06,ACTUAL,7.3,1.2,65,228,11,0,,86.2,10,334,4.4,18,7,2
LEIGHTON LAKE,2020-05-07,ACTUAL,10.9,-3,38,345,13,0.6,,86.7,12,338,5.3,22,9,2
LEIGHTON LAKE,2020-05-08,ACTUAL,14.6,0.3,38,54,14,0,,88.2,14,343,6.5,26,11,2
LEIGHTON LAKE,2020-05-09,ACTUAL,17.9,1.3,33,59,14,0,,89.8,18,349,8.2,31,15,2
LEIGHTON LAKE,2020-05-10,ACTUAL,16.8,-0.1,32,84,13,0,,90.1,21,354,8.3,36,16,2
LEIGHTON LAKE,2020-05-11,ACTUAL,15.1,-1.2,33,43,16,0,,90.2,24,359,9.6,41,19,2
LEIGHTON LAKE,2020-05-12,ACTUAL,15.5,-4,26,355,12,0,,91,27,364,9,45,20,2
LEIGHTON LAKE,2020-05-13,ACTUAL,13.9,2.1,45,280,13,0,,89.5,29,369,7.7,49,18,2
LEIGHTON LAKE,2020-05-14,ACTUAL,13.6,2.2,46,91,9,0,,88.9,31,374,5.6,52,15,2
LEIGHTON LAKE,2020-05-15,ACTUAL,13,5.7,61,262,8,1.4,,77.8,33,379,1.4,54,4,2
LEIGHTON LAKE,2020-05-16,ACTUAL,13.1,0.7,43,183,19,0.4,,84.9,35,384,5.5,57,15,2
LEIGHTON LAKE,2020-05-17,ACTUAL,9.4,7.5,88,67,8,11.2,,30.5,16,349,0,29,0,1
LEIGHTON LAKE,2020-05-18,ACTUAL,11.3,7.6,78,4,7,9.8,,26.9,9,322,0,16,0,1
LEIGHTON LAKE,2020-05-19,ACTUAL,16.2,3.2,42,337,13,0.2,,66.1,11,327,1.1,21,1,1
LEIGHTON LAKE,2020-05-20,ACTUAL,19,3.5,36,256,9,0,,83.8,15,333,2.9,27,6,2
LEIGHTON LAKE,2020-05-21,ACTUAL,11.2,2,53,319,19,0.4,,84.9,16,337,5.4,29,10,2
LEIGHTON LAKE,2020-05-22,ACTUAL,7.8,2.5,69,308,11,5.8,,49.9,10,325,0.3,19,0,1
LEIGHTON LAKE,2020-05-23,ACTUAL,11.3,6.7,73,174,10,6.6,,40,6,312,0.1,12,0,1
LEIGHTON LAKE,2020-05-24,ACTUAL,14,4.6,53,63,9,0.2,,66.3,8,316,0.9,15,1,1
LEIGHTON LAKE,2020-05-25,ACTUAL,11.4,8.4,82,174,22,4.6,,48.5,5,310,0.4,10,0,1
LEIGHTON LAKE,2020-05-26,ACTUAL,10.2,0.5,51,17,11,1,,66.4,7,314,1,13,1,1
LEIGHTON LAKE,2020-05-27,ACTUAL,15.6,-0.3,34,91,5,0.4,,81.9,9,319,1.8,18,3,1
LEIGHTON LAKE,2020-05-28,ACTUAL,16.1,4.4,46,64,9,0,,85.8,12,325,3.6,22,6,2
LEIGHTON LAKE,2020-05-29,ACTUAL,20.6,7.5,43,59,13,0,,88.2,15,331,6.3,27,11,2
LEIGHTON LAKE,2020-05-30,ACTUAL,12.5,11.5,94,192,11,1.6,,66.9,15,336,1,26,1,1
LEIGHTON LAKE,2020-05-31,ACTUAL,9,7.7,92,189,12,21.2,,20.3,6,271,0,12,0,1
LEIGHTON LAKE,2020-06-01,ACTUAL,12.5,-0.5,41,283,8,0.4,,55.5,8,277,0.4,16,0,1
LEIGHTON LAKE,2020-06-02,ACTUAL,10,0.9,53,180,20,0,,74.1,10,282,1.9,18,3,1
LEIGHTON LAKE,2020-06-03,ACTUAL,12.2,-0.1,43,16,9,0,,82.7,12,288,2.5,21,4,1
LEIGHTON LAKE,2020-06-04,ACTUAL,9.4,1.3,57,343,14,2,,71.6,11,293,1.3,20,2,1
LEIGHTON LAKE,2020-06-05,ACTUAL,14.6,6.2,57,53,15,0.4,,80.9,13,299,2.7,23,5,2
LEIGHTON LAKE,2020-06-06,ACTUAL,11,4.7,65,39,15,6.2,,53.8,8,289,0.5,15,0,1
LEIGHTON LAKE,2020-06-07,ACTUAL,7.6,4.4,80,118,6,2,,49.8,7,293,0.2,14,0,1
LEIGHTON LAKE,2020-06-08,ACTUAL,8.1,4.2,76,67,7,8.6,,31.4,4,275,0,7,0,1
LEIGHTON LAKE,2020-06-09,ACTUAL,7.9,4.3,78,173,13,1.8,,42.8,3,280,0.1,7,0,1
LEIGHTON LAKE,2020-06-10,ACTUAL,17,4.3,43,187,20,0,,75.8,6,286,2.3,12,2,1
LEIGHTON LAKE,2020-06-11,ACTUAL,16.2,5.2,48,113,12,0,,83.9,9,292,3.3,16,5,2
LEIGHTON LAKE,2020-06-12,ACTUAL,16.8,7.8,55,150,17,0,,85.5,11,299,5.4,20,8,2
LEIGHTON LAKE,2020-06-13,ACTUAL,10.5,3.1,60,16,8,0,,85.5,12,304,3.4,22,6,2
LEIGHTON LAKE,2020-06-14,ACTUAL,7.9,6.2,89,173,18,17.6,,28.8,5,256,0,10,0,1
LEIGHTON LAKE,2020-06-15,ACTUAL,11.3,2.1,53,169,13,0,,59.2,7,262,0.7,13,1,1
LEIGHTON LAKE,2020-06-16,ACTUAL,12.9,6.1,63,356,12,1,,70.2,8,268,1.1,15,1,1
LEIGHTON LAKE,2020-06-17,ACTUAL,16.9,4.2,43,346,16,0,,83.6,11,274,3.8,20,6,2
LEIGHTON LAKE,2020-06-18,ACTUAL,20.9,3.9,33,327,11,0,,89.3,15,281,6.7,26,12,2
LEIGHTON LAKE,2020-06-19,ACTUAL,23.1,5.4,32,171,13,0,,91,19,289,9.2,33,17,2
LEIGHTON LAKE,2020-06-20,ACTUAL,16.6,10.3,66,174,21,2,,76.2,18,295,2.3,32,5,2
LEIGHTON LAKE,2020-06-21,ACTUAL,19.5,6.2,42,182,16,0,,86.1,22,302,5.5,37,12,2
LEIGHTON LAKE,2020-06-22,ACTUAL,18.9,7.6,48,189,13,0,,87.2,24,309,5.4,41,13,2
LEIGHTON LAKE,2020-06-23,ACTUAL,19.6,9.8,53,170,11,0,,87.3,27,316,4.9,44,12,2
LEIGHTON LAKE,2020-06-24,ACTUAL,14.7,13.1,90,55,3,9.2,,31,14,295,0,25,0,1
LEIGHTON LAKE,2020-06-25,ACTUAL,22.5,7.8,39,174,11,3.4,,67.7,13,296,1,24,1,1
LEIGHTON LAKE,2020-06-26,ACTUAL,20.1,11.1,56,122,5,0,,80.1,16,303,1.5,28,3,1
LEIGHTON LAKE,2020-06-27,ACTUAL,8.6,7,90,359,16,0.8,,74.7,16,308,1.7,29,3,1
LEIGHTON LAKE,2020-06-28,ACTUAL,13.5,7.1,65,326,19,0.6,,80,18,314,3,31,6,2
LEIGHTON LAKE,2020-06-29,ACTUAL,19.5,6.2,42,305,7,1.8,,79,19,321,1.5,33,3,1
LEIGHTON LAKE,2020-06-30,ACTUAL,11.3,6.9,74,345,12,0,,80.5,20,326,2.2,35,5,2
LEIGHTON LAKE,2020-07-01,ACTUAL,9,7.4,90,233,8,6.8,,34.2,11,313,0,21,0,1
LEIGHTON LAKE,2020-07-02,ACTUAL,15.9,3.6,44,194,18,16.8,,53.4,7,268,0.6,13,0,1
LEIGHTON LAKE,2020-07-03,ACTUAL,9.9,4.5,69,178,14,0,,68.4,8,274,1.2,15,1,1
LEIGHTON LAKE,2020-07-04,ACTUAL,15.2,5.1,51,327,9,0.4,,80.2,10,280,1.8,18,2,1
LEIGHTON LAKE,2020-07-05,ACTUAL,16.7,7.9,56,48,12,0,,84.2,12,287,3.5,21,6,2
LEIGHTON LAKE,2020-07-06,ACTUAL,20.1,5.6,39,158,16,0,,88.4,15,294,7.5,26,13,2
LEIGHTON LAKE,2020-07-07,ACTUAL,13.1,9.2,77,201,7,4.6,,52.3,10,290,0.3,18,0,1
LEIGHTON LAKE,2020-07-08,ACTUAL,15.2,8.5,64,171,12,9.8,,47.1,6,269,0.2,11,0,1
LEIGHTON LAKE,2020-07-09,ACTUAL,14,7.6,65,175,16,0.2,,68.9,7,276,1.3,14,1,1
LEIGHTON LAKE,2020-07-10,ACTUAL,17.2,6.4,49,189,17,0,,82.4,9,282,3.5,18,5,2
LEIGHTON LAKE,2020-07-11,ACTUAL,17,4.3,43,169,20,0,,86.9,12,289,7.4,22,12,2
LEIGHTON LAKE,2020-07-12,ACTUAL,6.1,5.6,97,169,4,8.2,,25,6,272,0,11,0,1
LEIGHTON LAKE,2020-07-13,ACTUAL,15,3.4,46,328,7,0.8,,58.3,8,279,0.5,15,0,1
LEIGHTON LAKE,2020-07-14,ACTUAL,20.4,7,42,326,9,0,,80.9,11,286,2,20,3,1
LEIGHTON LAKE,2020-07-15,ACTUAL,19.8,9.1,50,254,5,0,,85.4,13,293,2.9,24,5,2
LEIGHTON LAKE,2020-07-16,ACTUAL,20.6,7.5,43,259,7,0,,87.9,16,301,4.4,29,9,2
LEIGHTON LAKE,2020-07-17,ACTUAL,18.8,8.5,51,76,7,0,,88,19,308,4.5,32,10,2
LEIGHTON LAKE,2020-07-18,ACTUAL,21.1,4.9,35,344,7,0,,89.8,22,315,5.9,38,13,2
LEIGHTON LAKE,2020-07-19,ACTUAL,20.5,10.9,54,352,15,0,,88.6,24,323,7.4,41,16,2
LEIGHTON LAKE,2020-07-20,ACTUAL,22.4,8.1,40,33,12,0,,89.4,28,330,7.1,46,17,2
LEIGHTON LAKE,2020-07-21,ACTUAL,26.6,8,31,221,7,0,,91.7,32,339,7.9,52,19,3
LEIGHTON LAKE,2020-07-22,ACTUAL,21.3,9.9,48,84,6,0,,90.1,35,346,5.8,56,16,2
LEIGHTON LAKE,2020-07-23,ACTUAL,21.4,4.4,33,207,10,1.2,,87.2,38,354,4.6,61,14,2
LEIGHTON LAKE,2020-07-24,ACTUAL,12.1,6,66,242,5,7.8,,47.3,22,336,0.2,38,0,1
LEIGHTON LAKE,2020-07-25,ACTUAL,18.8,10.2,57,60,14,2.2,,66.4,21,343,1.1,36,2,1
LEIGHTON LAKE,2020-07-26,ACTUAL,23.6,5.8,32,86,9,0,,86.7,25,351,4.3,42,11,2
LEIGHTON LAKE,2020-07-27,ACTUAL,28.5,8.7,29,173,17,0,,92.3,30,360,13.8,49,28,3
LEIGHTON LAKE,2020-07-28,ACTUAL,26.7,4.4,24,176,22,0,,93.5,35,368,20.8,56,39,3
LEIGHTON LAKE,2020-07-29,ACTUAL,26.1,-0.1,18,102,7,0,,94.7,40,376,11.9,63,28,3
LEIGHTON LAKE,2020-07-30,ACTUAL,28,5.5,24,60,10,0,,94.7,45,385,13.7,70,33,3
LEIGHTON LAKE,2020-07-31,ACTUAL,28.6,10.7,33,62,12,0,,93.7,50,394,13.3,76,33,3
LEIGHTON LAKE,2020-08-01,ACTUAL,27.4,5,24,243,9,0,,93.8,54,402,11.5,81,31,3
LEIGHTON LAKE,2020-08-02,ACTUAL,25.1,3.6,25,189,16,0,,93.8,58,410,16.6,86,41,3
LEIGHTON LAKE,2020-08-03,ACTUAL,20.3,5.4,38,194,11,0,,91.9,61,416,9.5,89,29,3
LEIGHTON LAKE,2020-08-04,ACTUAL,23.2,8.8,40,36,10,0,,91.4,64,423,8.7,93,28,4
LEIGHTON LAKE,2020-08-05,ACTUAL,25.5,4,25,188,17,0,,93,68,431,15,98,41,4
LEIGHTON LAKE,2020-08-06,ACTUAL,12.7,11.2,91,26,10,1.4,,73.2,68,436,1.2,98,6,3
LEIGHTON LAKE,2020-08-07,ACTUAL,16.9,6.1,49,241,12,6,,62.5,44,421,0.9,69,3,2
LEIGHTON LAKE,2020-08-08,ACTUAL,13.7,4.9,55,343,11,0,,77,45,427,1.5,71,6,2
LEIGHTON LAKE,2020-08-09,ACTUAL,18.2,3.9,39,328,8,0,,85.8,48,433,3.5,75,12,2
LEIGHTON LAKE,2020-08-10,ACTUAL,18.2,8.5,53,26,10,0,,86.4,49,439,4.1,77,15,2
LEIGHTON LAKE,2020-08-11,ACTUAL,16.8,4.1,43,181,16,0,,87.7,52,445,7,80,22,3
LEIGHTON LAKE,2020-08-12,ACTUAL,16.9,0.8,34,207,11,0.2,,89.3,54,451,6.7,83,22,3
LEIGHTON LAKE,2020-08-13,ACTUAL,16.5,3.8,43,315,8,0,,89.4,56,457,5.8,86,20,3
LEIGHTON LAKE,2020-08-14,ACTUAL,20,5.9,40,173,8,0,,89.4,59,464,5.8,89,20,3
LEIGHTON LAKE,2020-08-15,ACTUAL,25.1,7.6,33,155,12,0,,91.1,62,471,9.3,94,29,4
LEIGHTON LAKE,2020-08-16,ACTUAL,30.1,4.7,20,175,16,0,,94.8,67,480,18.3,100,47,5
LEIGHTON LAKE,2020-08-17,ACTUAL,27.6,8.9,31,222,19,0,,93.9,72,488,19.2,105,49,5
LEIGHTON LAKE,2020-08-18,ACTUAL,26.1,5.6,27,213,14,0,,93.9,76,495,14.9,109,43,4
LEIGHTON LAKE,2020-08-19,ACTUAL,24.3,-0.8,19,206,13,0,,94.3,80,503,15.2,114,44,4
LEIGHTON LAKE,2020-08-20,ACTUAL,18.5,10.9,61,174,15,4.6,,67.9,55,492,1.3,86,6,2
LEIGHTON LAKE,2020-08-21,ACTUAL,18.5,6.3,45,195,19,0.2,,83.6,57,498,4.5,89,17,3
LEIGHTON LAKE,2020-08-22,ACTUAL,18.5,3.8,38,183,14,0,,88.1,59,505,6.4,92,22,3
LEIGHTON LAKE,2020-08-23,ACTUAL,17.2,5.4,46,299,7,0,,88.1,61,511,4.7,94,18,3
LEIGHTON LAKE,2020-08-24,ACTUAL,13,6.9,66,323,5,1.6,,74.2,60,516,1,93,5,3
LEIGHTON LAKE,2020-08-25,ACTUAL,18.3,5.8,44,25,10,0,,84.5,62,522,3.3,96,14,3
LEIGHTON LAKE,2020-08-26,ACTUAL,18.9,6,43,253,5,0,,87.4,65,529,3.9,99,16,3
LEIGHTON LAKE,2020-08-27,ACTUAL,18.9,3,35,338,10,0,,89.4,67,535,6.6,102,24,3
LEIGHTON LAKE,2020-08-28,ACTUAL,23.6,1.2,23,216,7,0,,92.6,71,542,9,107,30,4
LEIGHTON LAKE,2020-08-29,ACTUAL,14.3,0.4,39,325,13,1,,86.1,73,548,4.6,110,19,3
LEIGHTON LAKE,2020-08-30,ACTUAL,16.7,1.4,36,186,14,0,,88.7,75,554,7.3,113,27,3
LEIGHTON LAKE,2020-08-31,ACTUAL,14.2,6.1,58,307,6,2,,73.3,68,560,1,105,5,3
LEIGHTON LAKE,2020-09-01,ACTUAL,21.9,9.4,45,178,5,0,,84.5,71,565,2.5,108,12,3
LEIGHTON LAKE,2020-09-02,ACTUAL,17.5,6.7,49,349,10,0.8,,84.4,72,570,3.2,110,15,3
LEIGHTON LAKE,2020-09-03,ACTUAL,21.5,8,42,60,14,0,,88.2,75,576,6.6,113,25,3
LEIGHTON LAKE,2020-09-04,ACTUAL,23.8,10.4,43,51,12,0,,89.1,77,582,6.7,116,26,3
LEIGHTON LAKE,2020-09-05,ACTUAL,23.9,5.2,30,350,11,0,,91.4,80,588,8.9,120,31,4
LEIGHTON LAKE,2020-09-06,ACTUAL,22.2,7.9,40,57,9,0,,91.2,83,593,8.1,123,30,4
LEIGHTON LAKE,2020-09-07,ACTUAL,15.3,0.6,37,346,18,0,,90.7,85,598,11.8,125,39,4
LEIGHTON LAKE,2020-09-08,ACTUAL,18.8,-2.8,23,0,10,0,,92.1,87,603,9.5,128,34,4
LEIGHTON LAKE,2020-09-09,ACTUAL,22.7,6.4,35,329,10,0,,92.1,90,609,9.8,131,35,4
LEIGHTON LAKE,2020-09-10,ACTUAL,24.9,7,32,61,11,0,,92.1,93,615,10,135,36,4
LEIGHTON LAKE,2020-09-11,ACTUAL,26.4,2.3,21,75,10,0,,93.9,97,621,12.1,140,41,4
LEIGHTON LAKE,2020-09-12,ACTUAL,24.9,3.5,25,353,5,0,,94,100,627,9.7,144,36,4
LEIGHTON LAKE,2020-09-13,ACTUAL,20.1,-1.7,23,174,24,0,,94,103,633,25.3,147,65,5
LEIGHTON LAKE,2020-09-14,ACTUAL,19.7,3.3,34,276,9,0,,92.5,106,638,9.4,150,35,4
LEIGHTON LAKE,2020-09-15,ACTUAL,19.4,8.4,49,57,12,0.4,,89.8,108,643,7.7,152,31,4
LEIGHTON LAKE,2020-09-16,ACTUAL,20.8,10,50,53,11,0,,89.2,110,649,6.6,154,28,4
LEIGHTON LAKE,2020-09-17,ACTUAL,21.5,10.7,50,45,9,0,,89.2,112,654,5.9,157,26,4
LEIGHTON LAKE,2020-09-18,ACTUAL,20.6,9.8,50,58,9,0,,89.1,114,660,5.9,159,26,4
LEIGHTON LAKE,2020-09-19,ACTUAL,15,10.1,72,332,5,0,,85.7,114,664,3,160,16,3
LEIGHTON LAKE,2020-09-20,ACTUAL,16.7,5.3,47,166,7,11.8,,56.2,57,589,0.4,92,2,2
LEIGHTON LAKE,2020-09-21,ACTUAL,13.9,3.9,51,180,14,0,,75.8,58,593,1.6,94,7,3
LEIGHTON LAKE,2020-09-22,ACTUAL,17.1,6,48,184,18,0,,84.5,60,598,4.9,96,19,3
LEIGHTON LAKE,2020-09-23,ACTUAL,13.3,6.2,62,184,13,0,,84.6,61,602,3.8,98,16,3
LEIGHTON LAKE,2020-09-24,ACTUAL,13.9,3.6,50,187,21,2.6,,74,52,606,2.1,85,9,2
LEIGHTON LAKE,2020-09-25,ACTUAL,10.5,3.6,62,181,29,0,,80.7,52,610,5.3,86,19,3
LEIGHTON LAKE,2020-09-26,ACTUAL,11,-0.9,44,201,12,0,,84.9,54,614,3.7,88,15,2
LEIGHTON LAKE,2020-09-27,ACTUAL,13,2.2,48,180,15,0,,86.1,55,618,5.2,90,19,3
LEIGHTON LAKE,2020-09-28,ACTUAL,18.9,7.6,48,63,14,0,,87.2,57,623,5.8,93,21,3
LEIGHTON LAKE,2020-09-29,ACTUAL,20,8,46,60,12,0,,87.9,59,628,5.9,95,21,3
LEIGHTON LAKE,2020-09-30,ACTUAL,20.2,8.8,48,47,11,0,,88,61,633,5.6,98,21,3
LEIGHTON LAKE,2020-10-01,ACTUAL,16.4,8.2,58,46,6,0,,87.3,62,637,3.9,100,16,3
LEIGHTON LAKE,2020-10-02,ACTUAL,20.2,9.2,49,57,9,0,,87.5,64,641,4.7,102,19,3
LEIGHTON LAKE,2020-10-03,ACTUAL,20.4,8.4,46,59,14,0,,88,65,646,6.6,104,24,3
LEIGHTON LAKE,2020-10-04,ACTUAL,15.2,9.6,69,275,5,1.2,,78.1,66,649,1.3,105,6,3
LEIGHTON LAKE,2020-10-05,ACTUAL,14.4,8.6,68,57,9,0.2,,81.3,67,652,2.1,106,10,3
LEIGHTON LAKE,2020-10-06,ACTUAL,15.4,8,61,58,10,0,,83.6,68,656,2.9,108,13,3
LEIGHTON LAKE,2020-10-07,ACTUAL,16.9,10.4,65,52,11,0,,84.1,69,660,3.2,109,15,3
LEIGHTON LAKE,2020-10-08,ACTUAL,14.7,6.6,58,182,21,0,,84.9,70,663,6,111,23,3
LEIGHTON LAKE,2020-10-09,ACTUAL,10.4,3.7,63,182,18,0,,84.9,70,666,5.2,111,21,3
LEIGHTON LAKE,2020-10-10,ACTUAL,13.2,0.1,41,235,19,0,,87.1,72,669,7.2,113,27,3
LEIGHTON LAKE,2020-10-11,ACTUAL,7.5,-3.7,45,210,13,1.2,,80.3,72,671,2.2,114,11,3
LEIGHTON LAKE,2020-10-12,ACTUAL,6.7,-1.4,56,321,13,8,,48.9,41,620,0.3,70,1,2
LEIGHTON LAKE,2020-10-13,ACTUAL,5.7,2.7,81,163,22,2.4,,48.5,35,622,0.4,61,1,2
LEIGHTON LAKE,2020-10-14,ACTUAL,9,-2.7,44,252,8,2.8,,56.2,29,624,0.5,52,1,2
LEIGHTON LAKE,2020-10-15,ACTUAL,5.9,-1.5,59,278,5,0.6,,67.1,29,626,0.7,53,2,2
LEIGHTON LAKE,2020-10-16,ACTUAL,14.9,4.9,51,227,12,0.8,,78.3,31,629,1.8,55,6,2
LEIGHTON LAKE,2020-10-17,ACTUAL,2.1,-2.6,71,31,9,1,,73.3,31,630,1.1,55,4,2
LEIGHTON LAKE,2020-10-18,ACTUAL,1.1,-0.5,89,48,7,3.6,,41.2,22,615,0.1,41,0,1
LEIGHTON LAKE,2020-10-19,ACTUAL,5.9,5.4,97,232,2,4.2,,19.8,15,597,0,28,0,1
LEIGHTON LAKE,2020-10-20,ACTUAL,2.3,1,91,299,6,3.2,,18,11,586,0,21,0,1
LEIGHTON LAKE,2020-10-21,ACTUAL,0.2,-1.7,87,355,12,3.6,,20.2,7,572,0,14,0,1
LEIGHTON LAKE,2020-10-22,ACTUAL,-3.1,-6.4,78,359,8,1,,30.6,7,573,0,14,0,1
LEIGHTON LAKE,2020-10-23,ACTUAL,-1.7,-3.9,85,59,9,0,,39.8,7,573,0.1,14,0,1
LEIGHTON LAKE,2020-10-24,ACTUAL,-10.4,-14.8,70,353,12,0,,49.8,7,573,0.3,14,0,1
LEIGHTON LAKE,2020-10-25,ACTUAL,-7.3,-12.4,67,203,9,0,,58.6,7,574,0.6,14,0,1
LEIGHTON LAKE,2020-10-26,ACTUAL,-0.4,-4.1,76,274,5,0,,64.8,7,574,0.7,14,0,1
LEIGHTON LAKE,2020-10-27,ACTUAL,0.1,-2,86,44,11,4.4,,36.7,4,556,0,8,0,1
LEIGHTON LAKE,2020-10-28,ACTUAL,3.2,1.7,90,45,10,7.4,,19.4,2,520,0,3,0,1
LEIGHTON LAKE,2020-10-29,ACTUAL,5.8,4.6,92,41,6,0.4,,26.9,2,522,0,3,0,1
LEIGHTON LAKE,2020-10-30,ACTUAL,7.8,-0.7,55,238,10,0.2,,53,2,524,0.4,5,0,1
LEIGHTON LAKE,2020-10-31,ACTUAL,1.4,-0.1,90,60,10,0.8,,54.4,2,525,0.4,5,0,1
MAYSON,2020-05-01,ACTUAL,13.1,-1.8,36,176,13,0,,,,,,,,
MAYSON,2020-05-02,ACTUAL,12.6,-2.6,35,125,17,0,,,,,,,,
MAYSON,2020-05-03,ACTUAL,6.5,-5.3,43,235,10,8,,,,,,,,
MAYSON,2020-05-04,ACTUAL,10.2,-4.7,35,113,12,0,,,,,,,,
MAYSON,2020-05-05,ACTUAL,13.2,-3.7,31,146,12,0,,,,,,,,
MAYSON,2020-05-06,ACTUAL,7.9,1.6,64,287,10,0.6,,,,,,,,
MAYSON,2020-05-07,ACTUAL,9,-0.1,53,335,12,10.2,,,,,,,,
MAYSON,2020-05-08,ACTUAL,14.9,-1,34,88,11,0,,,,,,,,
MAYSON,2020-05-09,ACTUAL,16.5,-1.7,29,162,7,0,,,,,,,,
MAYSON,2020-05-10,ACTUAL,15.9,-3.7,26,79,9,0,,,,,,,,
MAYSON,2020-05-11,ACTUAL,13.5,-5.3,27,77,10,0,,,,,,,,
MAYSON,2020-05-12,ACTUAL,14.6,-4.8,26,40,9,0,,,,,,,,
MAYSON,2020-05-13,ACTUAL,13.9,-3.1,31,225,7,0,,,,,,,,
MAYSON,2020-05-14,ACTUAL,14.7,1.1,40,85,10,0,,,,,,,,
MAYSON,2020-05-15,ACTUAL,11.7,4.5,61,190,12,2,,,,,,,,
MAYSON,2020-05-16,ACTUAL,13,0.6,43,165,17,0.2,,,,,,,,
MAYSON,2020-05-17,ACTUAL,7.3,6.2,93,124,6,4.8,,,,,,,,
MAYSON,2020-05-18,ACTUAL,8.8,5.7,81,332,6,22.8,,,,,,,,
MAYSON,2020-05-19,DELETED,12.9,4.4,56,51,10,0.6,,85,6,100,,,,
MAYSON,2020-05-20,ACTUAL,13.5,10.5,82,160,8,0.8,,79,7,105,1.5,12,1,1
MAYSON,2020-05-21,ACTUAL,10.6,0.6,50,315,15,2.8,,68.2,6,109,1.2,10,1,1
MAYSON,2020-05-22,ACTUAL,5.5,4.3,92,282,17,20.6,,20.5,2,74,0,4,0,1
MAYSON,2020-05-23,ACTUAL,9.6,4.8,72,327,8,4.4,,32.3,2,72,0,3,0,1
MAYSON,2020-05-24,ACTUAL,13.9,3.3,49,166,13,0,,64.6,4,77,1,6,0,1
MAYSON,2020-05-25,ACTUAL,11.8,6.6,70,253,6,6.8,,42.7,2,71,0.1,4,0,1
MAYSON,2020-05-26,ACTUAL,8.3,-0.7,53,295,11,2.8,,52.8,2,75,0.4,4,0,1
MAYSON,2020-05-27,ACTUAL,14,-5.8,25,31,10,0,,79,5,80,1.7,9,1,1
MAYSON,2020-05-28,ACTUAL,14.2,-0.4,37,87,10,0,,85.9,8,85,3.9,13,5,2
MAYSON,2020-05-29,ACTUAL,19,2.7,34,108,10,0,,89.2,11,91,6.3,17,9,2
MAYSON,2020-05-30,ACTUAL,12.9,10.8,87,190,16,2.6,,61.2,9,96,1,14,1,1
MAYSON,2020-05-31,ACTUAL,7.7,5.8,88,302,13,16.6,,24,4,69,0,7,0,1
MAYSON,2020-06-01,ACTUAL,11.1,-0.8,44,295,10,4.4,,46.6,4,69,0.2,6,0,1
MAYSON,2020-06-02,ACTUAL,6.5,4.6,88,149,4,2.4,,37.5,2,74,0,4,0,1
MAYSON,2020-06-03,ACTUAL,10.3,1.7,55,68,9,4.6,,45.8,2,73,0.1,4,0,1
MAYSON,2020-06-04,ACTUAL,11.3,2.6,55,67,9,7.8,,44.3,2,66,0.1,4,0,1
MAYSON,2020-06-05,ACTUAL,14.5,1.7,42,111,13,1.4,,68.9,4,72,1.2,8,1,1
MAYSON,2020-06-06,ACTUAL,9.8,6,77,140,9,9.4,,37.3,2,62,0,4,0,1
MAYSON,2020-06-07,ACTUAL,9.5,3.7,67,299,17,1.4,,55.5,3,67,0.7,6,0,1
MAYSON,2020-06-08,ACTUAL,9,-0.6,51,320,9,1.2,,67.1,5,72,0.9,8,0,1
MAYSON,2020-06-09,ACTUAL,5.2,3.5,89,157,12,0.2,,69.8,5,77,1.1,8,1,1
MAYSON,2020-06-10,ACTUAL,14.5,6.9,60,136,12,2.6,,66.1,5,83,1,8,1,1
MAYSON,2020-06-11,ACTUAL,14.6,2.7,45,170,10,0.2,,80.4,7,89,2,11,2,1
MAYSON,2020-06-12,ACTUAL,13.5,9.4,76,96,15,1.2,,74.7,8,95,1.6,13,1,1
MAYSON,2020-06-13,ACTUAL,7,5.6,91,282,9,7.8,,29.3,4,87,0,7,0,1
MAYSON,2020-06-14,ACTUAL,8.2,5.5,83,278,8,15,,20.2,2,65,0,3,0,1
MAYSON,2020-06-15,ACTUAL,10,1.1,54,130,15,2.2,,48,2,70,0.3,4,0,1
MAYSON,2020-06-16,ACTUAL,11.8,7.2,73,262,5,0.4,,62.1,3,76,0.6,5,0,1
MAYSON,2020-06-17,ACTUAL,15.7,3.1,43,319,14,0.2,,80.5,6,82,2.5,9,2,1
MAYSON,2020-06-18,ACTUAL,21.1,2.7,30,311,10,0,,89.2,10,89,6.4,15,8,2
MAYSON,2020-06-19,ACTUAL,16.7,13.3,80,72,5,0,,84.4,11,96,2.5,17,4,1
MAYSON,2020-06-20,ACTUAL,17.2,10.6,65,145,15,2.8,,70.1,9,102,1.3,15,1,1
MAYSON,2020-06-21,ACTUAL,13.3,11.7,90,316,3,1.8,,55.7,8,108,0.4,14,0,1
MAYSON,2020-06-22,ACTUAL,18.5,8.8,53,142,10,4.8,,60.3,7,108,0.7,12,0,1
MAYSON,2020-06-23,ACTUAL,17.4,9.4,59,262,8,0.6,,75.6,9,114,1.2,15,1,1
MAYSON,2020-06-24,ACTUAL,16.1,11.1,72,69,8,10.6,,45.2,5,101,0.1,10,0,1
MAYSON,2020-06-25,ACTUAL,19.5,10.8,57,81,12,1.2,,69.7,8,108,1.1,13,1,1
MAYSON,2020-06-26,ACTUAL,16.7,9.5,62,200,8,0.8,,76.9,10,115,1.3,16,1,1
MAYSON,2020-06-27,ACTUAL,11.3,6.3,71,310,10,16.4,,39.7,5,89,0.1,9,0,1
MAYSON,2020-06-28,ACTUAL,14.8,6.7,58,314,12,0.6,,66,7,95,1,12,1,1
MAYSON,2020-06-29,ACTUAL,18.6,5,41,7,9,1.6,,76.9,9,102,1.4,15,1,1
MAYSON,2020-06-30,ACTUAL,10.3,7.7,84,289,12,19,,30.7,4,72,0,8,0,1
MAYSON,2020-07-01,ACTUAL,8.8,7.4,91,290,7,5.2,,20.6,2,70,0,4,0,1
MAYSON,2020-07-02,ACTUAL,13.7,6.4,61,196,7,31.4,,32.8,2,22,0,3,0,1
MAYSON,2020-07-03,ACTUAL,10.7,2.6,57,209,17,0,,61.5,3,28,1,5,0,1
MAYSON,2020-07-04,ACTUAL,13.1,6.7,65,135,8,0,,73.7,4,34,1.1,6,1,1
MAYSON,2020-07-05,ACTUAL,15.8,7.1,56,12,6,6.2,,54.6,3,32,0.4,5,0,1
MAYSON,2020-07-06,ACTUAL,19,10.1,56,112,10,1,,73.4,5,39,1.2,8,1,1
MAYSON,2020-07-07,ACTUAL,11.4,9,85,279,8,4.8,,42.4,3,39,0.1,5,0,1
MAYSON,2020-07-08,ACTUAL,15.1,8.6,65,315,10,4.6,,48.7,3,40,0.2,4,0,1
MAYSON,2020-07-09,ACTUAL,12.5,7.8,73,106,6,1.8,,54,3,46,0.3,5,0,1
MAYSON,2020-07-10,ACTUAL,16.5,6.6,52,159,15,4.4,,61.7,3,47,1,5,0,1
MAYSON,2020-07-11,ACTUAL,14.5,5.1,53,153,9,0,,77,5,54,1.4,8,1,1
MAYSON,2020-07-12,ACTUAL,8.1,6.1,87,294,13,3.8,,46.9,3,55,0.2,5,0,1
MAYSON,2020-07-13,ACTUAL,13.6,2.2,46,285,12,1.6,,66.6,4,61,1,7,1,1
MAYSON,2020-07-14,ACTUAL,19,3.9,37,320,9,0,,83.7,7,68,2.8,11,3,1
MAYSON,2020-07-15,ACTUAL,19.5,9.7,53,319,11,1,,82.9,9,75,2.7,14,4,1
MAYSON,2020-07-16,ACTUAL,18.1,9.2,56,242,9,0,,85.1,11,82,3.4,17,5,2
MAYSON,2020-07-17,ACTUAL,16.3,7.3,55,322,12,13.8,,55.1,7,65,0.5,11,0,1
MAYSON,2020-07-18,ACTUAL,19.6,6.3,42,334,10,0,,79.7,10,72,1.8,14,2,1
MAYSON,2020-07-19,ACTUAL,18.2,8.5,53,288,12,0.8,,82.9,12,79,3,17,4,1
MAYSON,2020-07-20,ACTUAL,21.4,7.5,41,349,10,0,,87.9,15,87,5.3,21,9,2
MAYSON,2020-07-21,ACTUAL,24.2,6.8,33,277,7,0,,90.7,19,95,6.6,25,11,2
MAYSON,2020-07-22,ACTUAL,20,9.3,50,317,6,0,,89.4,21,102,5.4,28,10,2
MAYSON,2020-07-23,ACTUAL,16.2,11.2,72,34,7,10.2,,46.9,12,91,0.2,18,0,1
MAYSON,2020-07-24,ACTUAL,12,5.5,64,299,9,8.4,,41.3,7,83,0.1,11,0,1
MAYSON,2020-07-25,ACTUAL,15.9,7.4,57,336,7,3,,54.9,6,86,0.4,10,0,1
MAYSON,2020-07-26,ACTUAL,22.3,8,40,43,9,0,,81.2,9,94,2,15,2,1
MAYSON,2020-07-27,ACTUAL,26.5,8.4,32,167,13,0,,90.5,14,102,8.6,21,13,2
MAYSON,2020-07-28,ACTUAL,25.2,7.7,33,147,11,0,,91.3,18,111,9.2,26,15,2
MAYSON,2020-07-29,ACTUAL,23.6,8,37,62,14,0,,91.3,22,119,10.2,30,17,2
MAYSON,2020-07-30,ACTUAL,27.4,6.7,27,80,12,0,,92.8,27,127,11.8,35,21,2
MAYSON,2020-07-31,ACTUAL,28.3,10.4,33,92,8,0,,92.9,31,136,9.8,40,19,2
MAYSON,2020-08-01,ACTUAL,26.8,12.8,42,180,7,0,,91.8,34,144,7.8,43,17,2
MAYSON,2020-08-02,ACTUAL,24.8,4.5,27,149,14,0,,92.5,38,151,12.1,47,25,2
MAYSON,2020-08-03,ACTUAL,19.2,7.3,46,287,7,1.6,,81.9,39,158,2,48,6,2
MAYSON,2020-08-04,ACTUAL,21.5,9.4,46,87,7,0,,86.8,42,165,3.9,51,11,2
MAYSON,2020-08-05,ACTUAL,25.6,6.6,30,174,16,0,,91.5,46,172,11.9,55,26,3
MAYSON,2020-08-06,ACTUAL,9,7.7,92,280,11,1.2,,75,46,177,1.3,56,4,2
MAYSON,2020-08-07,ACTUAL,15.5,5.4,51,203,10,9.4,,55.5,25,163,0.5,37,1,1
MAYSON,2020-08-08,ACTUAL,11.2,4.7,64,285,9,0.4,,70.2,26,168,1,38,2,1
MAYSON,2020-08-09,ACTUAL,15.2,3,44,316,8,0,,81.9,28,174,2.1,40,5,2
MAYSON,2020-08-10,ACTUAL,16.9,5.8,48,348,9,0,,85.7,30,180,3.6,43,9,2
MAYSON,2020-08-11,ACTUAL,16.3,5.9,50,169,10,0,,86.5,32,186,4.3,45,11,2
MAYSON,2020-08-12,ACTUAL,12.7,3.4,53,58,8,0.2,,86.5,33,191,3.8,46,10,2
MAYSON,2020-08-13,ACTUAL,14.7,3.2,46,321,9,0,,87,35,197,4.4,49,12,2
MAYSON,2020-08-14,ACTUAL,18.4,7.5,49,32,8,0,,87.2,37,203,4.2,51,12,2
MAYSON,2020-08-15,ACTUAL,22.7,8.7,41,133,12,0,,89.1,40,210,6.8,54,17,3
MAYSON,2020-08-16,ACTUAL,27.7,8.5,30,126,10,0,,92.1,44,218,9.7,59,24,3
MAYSON,2020-08-17,ACTUAL,28.6,7.7,27,205,13,0,,93.1,49,226,12.8,63,30,3
MAYSON,2020-08-18,ACTUAL,25.6,3.5,24,206,11,0,,93.3,53,234,11.8,68,29,3
MAYSON,2020-08-19,ACTUAL,21.3,6.7,39,81,10,0,,91.7,56,241,8.9,71,24,3
MAYSON,2020-08-20,ACTUAL,16.5,11.1,70,115,8,2.4,,70.2,48,247,1,65,3,2
MAYSON,2020-08-21,ACTUAL,18.2,9.9,58,166,15,0,,81.3,50,253,2.7,67,10,2
MAYSON,2020-08-22,ACTUAL,14.5,5.6,55,58,7,0,,84.1,52,259,2.7,69,10,2
MAYSON,2020-08-23,ACTUAL,16.2,8,58,353,6,0,,85,53,265,2.8,71,10,2
MAYSON,2020-08-24,ACTUAL,11.2,7.2,76,270,4,2.8,,59,43,270,0.5,62,1,2
MAYSON,2020-08-25,ACTUAL,15.7,7.3,57,46,7,0,,74.9,45,276,1.1,64,4,2
MAYSON,2020-08-26,ACTUAL,18.7,7.1,47,321,9,0,,84.2,47,282,3,66,10,2
MAYSON,2020-08-27,ACTUAL,17.9,2.5,36,331,9,0,,88.3,50,288,5.2,69,17,3
MAYSON,2020-08-28,ACTUAL,21.2,5,35,147,14,0,,90,53,295,8.4,73,24,3
MAYSON,2020-08-29,ACTUAL,12.1,-1.9,38,309,17,0,,89.8,54,300,9.8,75,27,3
MAYSON,2020-08-30,ACTUAL,14.4,1.2,41,254,6,0,,89.7,56,306,5.5,77,18,3
MAYSON,2020-08-31,ACTUAL,10.5,7,79,306,7,3.4,,56.1,43,304,0.4,63,1,2
MAYSON,2020-09-01,ACTUAL,15.6,9.6,67,292,7,0,,71.3,44,309,0.9,65,3,2
MAYSON,2020-09-02,ACTUAL,15.3,4.6,49,297,8,3.2,,65.9,35,307,0.8,55,2,2
MAYSON,2020-09-03,ACTUAL,19.3,7.7,47,86,8,0,,81.5,37,312,2,58,7,2
MAYSON,2020-09-04,ACTUAL,22,9.5,45,73,10,0,,87.1,40,318,4.6,60,14,2
MAYSON,2020-09-05,ACTUAL,21.7,6.7,38,294,12,0,,89.3,42,324,7,64,20,3
MAYSON,2020-09-06,ACTUAL,19.2,7.3,46,326,9,0,,89.4,44,329,6.2,66,18,3
MAYSON,2020-09-07,ACTUAL,15.8,-5.4,23,41,11,0,,91.4,46,333,9.1,69,25,3
MAYSON,2020-09-08,ACTUAL,17.8,0.3,31,311,9,0,,91.4,49,338,8.1,72,23,3
MAYSON,2020-09-09,ACTUAL,22.6,8.6,41,321,6,0,,91.1,51,344,6.8,75,21,3
MAYSON,2020-09-10,ACTUAL,23.1,8.3,39,103,9,0,,91.2,54,350,8,78,24,3
MAYSON,2020-09-11,ACTUAL,24.8,1.6,22,319,9,0,,93.3,57,356,10.8,82,30,3
MAYSON,2020-09-12,ACTUAL,22.2,3.2,29,356,9,0,,93.2,60,362,10.7,85,30,3
MAYSON,2020-09-13,ACTUAL,17.5,3.3,39,146,14,0,,91.2,62,367,10.5,88,30,3
MAYSON,2020-09-14,ACTUAL,17.5,1.7,35,30,5,0,,91.2,65,372,6.7,90,23,3
MAYSON,2020-09-15,ACTUAL,17.8,8.4,54,129,7,0.6,,88.1,66,376,4.6,92,17,3
MAYSON,2020-09-16,ACTUAL,20.9,10.4,51,79,9,0.2,,88.1,68,382,5.1,94,19,3
MAYSON,2020-09-17,ACTUAL,21.7,9.6,46,91,9,0,,88.3,70,388,5.3,97,20,3
MAYSON,2020-09-18,ACTUAL,22.6,7.1,37,70,7,0,,89.8,73,393,6,100,22,3
MAYSON,2020-09-19,ACTUAL,10.6,9.5,93,300,8,0.6,,80.1,73,397,1.7,100,8,3
MAYSON,2020-09-20,ACTUAL,13.7,7.5,66,51,4,0.2,,82,74,401,1.7,101,8,3
MAYSON,2020-09-21,ACTUAL,14.6,4.3,50,153,12,0,,85.1,75,405,3.8,103,16,3
MAYSON,2020-09-22,ACTUAL,15.9,5.8,51,151,13,0,,86.2,77,410,4.8,105,19,3
MAYSON,2020-09-23,ACTUAL,9.8,9,95,121,7,1,,74.7,77,413,1.1,105,6,3
MAYSON,2020-09-24,ACTUAL,10.8,4.3,64,180,9,3.6,,57.7,57,408,0.6,84,2,2
MAYSON,2020-09-25,ACTUAL,10,4.8,70,169,18,0,,71.2,57,411,1.6,85,7,2
MAYSON,2020-09-26,ACTUAL,8.6,1.3,60,253,7,8.2,,44,32,385,0.1,53,0,2
MAYSON,2020-09-27,ACTUAL,10.4,3,60,144,14,1.4,,60.8,33,389,0.9,54,3,2
MAYSON,2020-09-28,ACTUAL,15.8,8.6,62,29,8,0,,75.1,34,393,1.2,56,4,2
MAYSON,2020-09-29,ACTUAL,20.7,5.8,38,327,9,0,,86.4,36,399,4,59,12,2
MAYSON,2020-09-30,ACTUAL,19.3,9.5,53,74,12,0,,86.7,38,404,4.8,62,14,2
MAYSON,2020-10-01,ACTUAL,15.6,10,69,305,3,0,,85.5,39,407,2.7,63,9,2
MAYSON,2020-10-02,ACTUAL,21.4,8.3,43,83,8,0,,88.1,41,412,4.8,66,15,2
MAYSON,2020-10-03,ACTUAL,21.2,7.4,41,115,9,0,,89,43,416,5.7,68,17,3
MAYSON,2020-10-04,ACTUAL,14.2,10.5,78,310,7,1.8,,70.5,40,420,0.9,65,3,2
MAYSON,2020-10-05,ACTUAL,11.8,8.8,82,82,8,0.2,,74.4,41,422,1.1,66,4,2
MAYSON,2020-10-06,ACTUAL,13.8,10.1,78,273,7,1.2,,70.4,41,426,0.9,66,3,2
MAYSON,2020-10-07,ACTUAL,13.4,10.8,84,104,6,2.2,,56.6,36,429,0.4,60,1,2
MAYSON,2020-10-08,ACTUAL,13.7,6.4,61,270,10,0,,72.9,37,432,1.1,61,4,2
MAYSON,2020-10-09,ACTUAL,7.7,6.5,92,199,14,1.2,,64.2,37,434,1,62,4,2
MAYSON,2020-10-10,ACTUAL,10.4,1.5,54,215,10,0.8,,74.1,38,437,1.2,63,4,2
MAYSON,2020-10-11,ACTUAL,6,-0.7,62,209,8,6.2,,45.6,23,416,0.1,41,0,1
MAYSON,2020-10-12,ACTUAL,4.3,0.5,76,292,13,7.2,,32.5,13,392,0,24,0,1
MAYSON,2020-10-13,ACTUAL,1.6,0.9,95,141,9,6.8,,13.9,7,371,0,13,0,1
MAYSON,2020-10-14,ACTUAL,3.9,0.6,79,283,10,7.2,,20.9,3,350,0,7,0,1
MAYSON,2020-10-15,ACTUAL,4.5,-2.3,61,241,8,0.4,,42.9,4,351,0.1,7,0,1
MAYSON,2020-10-16,ACTUAL,6.7,5.5,92,289,7,15.2,,14.5,1,303,0,3,0,1
MAYSON,2020-10-17,ACTUAL,1.8,-5.3,59,357,6,1,,33.8,2,304,0,3,0,1
MAYSON,2020-10-18,ACTUAL,-0.1,-1.7,89,84,5,0,,40,2,304,0,3,0,1
MAYSON,2020-10-19,ACTUAL,3.5,2.1,91,302,8,2.8,,30.6,0,306,0,1,0,1
MAYSON,2020-10-20,ACTUAL,5.9,-3.8,50,261,3,5.2,,34.8,1,295,0,1,0,1
MAYSON,2020-10-21,ACTUAL,-2.3,-5.4,79,300,10,0,,45.9,1,295,0.2,1,0,1
MAYSON,2020-10-22,ACTUAL,-0.4,-7.6,58,292,9,0,,60.1,1,296,0.7,1,0,1
MAYSON,2020-10-23,ACTUAL,-4.4,-5.7,91,85,9,2.2,,43.6,0,296,0.1,0,0,1
MAYSON,2020-10-24,ACTUAL,-9.1,-13.4,71,290,13,0,,53.3,6,296,0.5,11,0,1
MAYSON,2020-10-25,ACTUAL,-7.6,-11.2,75,71,9,0,,59.9,6,297,0.6,11,0,1
MAYSON,2020-10-26,ACTUAL,-3.8,-5.5,88,60,6,0,,62.8,6,297,0.7,11,0,1
MAYSON,2020-10-27,ACTUAL,0.6,-1,89,69,5,0,,65.3,6,298,0.7,11,0,1
MAYSON,2020-10-28,ACTUAL,1.4,0.8,96,39,4,3.8,,32.2,3,291,0,7,0,1
MAYSON,2020-10-29,ACTUAL,4,3.4,96,74,6,17.2,,7.2,1,242,0,2,0,1
MAYSON,2020-10-30,ACTUAL,4.7,2.4,85,277,11,9.2,,16,0,222,0,0,0,1
MAYSON,2020-10-31,ACTUAL,1.5,-0.4,87,87,8,2.8,,20,0,223,0,0,0,1
MCLEAN LAKE,2020-05-01,ACTUAL,13.2,-0.9,38,81,11,0,,88.4,42,257,5.8,60,16,2
MCLEAN LAKE,2020-05-02,ACTUAL,14.3,-1.5,34,88,10,0,,89.1,45,262,6.2,63,18,3
MCLEAN LAKE,2020-05-03,ACTUAL,9.9,-8.8,26,269,15,0.2,,90,47,267,9.3,65,24,3
MCLEAN LAKE,2020-05-04,DELETED,12.2,-3.7,33,83,11,0,,85,6,300,,,,
MCLEAN LAKE,2020-05-05,ACTUAL,14.8,-5.1,25,147,8,0,,89.6,9,305,6,17,9,2
MCLEAN LAKE,2020-05-06,ACTUAL,8.9,-2.5,45,277,10,0,,88.6,11,309,5.8,20,9,2
MCLEAN LAKE,2020-05-07,ACTUAL,13,-3.4,32,315,9,0.4,,89.3,13,314,6,24,10,2
MCLEAN LAKE,2020-05-08,ACTUAL,16.3,0.3,34,93,8,0,,89.6,16,319,6.1,29,11,2
MCLEAN LAKE,2020-05-09,ACTUAL,18.6,0.1,29,90,9,0,,90.8,20,325,7.5,34,15,2
MCLEAN LAKE,2020-05-10,ACTUAL,17.7,-2.1,26,248,12,0,,91.5,23,330,9.7,40,19,2
MCLEAN LAKE,2020-05-11,ACTUAL,16.8,-1.9,28,114,8,0,,91.5,27,336,7.8,45,17,2
MCLEAN LAKE,2020-05-12,ACTUAL,16.6,-3.6,25,106,10,0,,91.6,30,341,8.9,50,20,2
MCLEAN LAKE,2020-05-13,ACTUAL,17.6,2.2,36,186,13,0,,91.2,34,347,10,54,23,3
MCLEAN LAKE,2020-05-14,ACTUAL,15.8,1.8,39,90,7,0,,90.6,36,352,6.7,58,18,3
MCLEAN LAKE,2020-05-15,ACTUAL,13.3,2.8,49,213,13,4.2,,66.8,27,347,1.1,45,3,1
MCLEAN LAKE,2020-05-16,ACTUAL,12.2,2.4,51,186,16,0,,79.5,29,351,2.5,48,7,2
MCLEAN LAKE,2020-05-17,ACTUAL,11.5,8.5,82,127,7,16.6,,31.6,12,300,0,22,0,1
MCLEAN LAKE,2020-05-18,ACTUAL,12.1,3.6,56,123,7,9,,38.7,8,280,0,14,0,1
MCLEAN LAKE,2020-05-19,ACTUAL,17.5,7.9,53,65,8,0.2,,67.7,10,285,0.9,18,1,1
MCLEAN LAKE,2020-05-20,ACTUAL,18.3,6.8,47,178,10,0,,82.1,13,291,2.4,23,4,1
MCLEAN LAKE,2020-05-21,ACTUAL,10.7,1,51,240,8,1.2,,78.1,14,295,1.4,25,2,1
MCLEAN LAKE,2020-05-22,ACTUAL,8.9,2.9,66,263,16,3,,61.9,11,295,1,20,1,1
MCLEAN LAKE,2020-05-23,ACTUAL,16.4,3.7,43,107,8,2.8,,67.5,11,300,0.9,20,1,1
MCLEAN LAKE,2020-05-24,ACTUAL,15.7,5,49,88,11,0,,80.7,13,305,2.1,24,4,1
MCLEAN LAKE,2020-05-25,ACTUAL,11.5,10.4,93,89,7,3.6,,44.1,9,302,0.1,17,0,1
MCLEAN LAKE,2020-05-26,ACTUAL,12.2,2.9,53,136,5,1.2,,61.1,11,307,0.6,20,1,1
MCLEAN LAKE,2020-05-27,ACTUAL,16.1,0.9,36,79,11,0,,81.2,13,312,2.3,24,4,1
MCLEAN LAKE,2020-05-28,ACTUAL,13,-0.4,40,96,7,0,,85.7,16,317,3.3,28,7,2
MCLEAN LAKE,2020-05-29,ACTUAL,18.1,4.6,41,83,10,0,,88,19,323,5.3,33,11,2
MCLEAN LAKE,2020-05-30,ACTUAL,12.1,10.3,89,176,18,1.8,,67.3,17,327,1.4,31,3,1
MCLEAN LAKE,2020-05-31,ACTUAL,8.7,8.7,100,66,3,20.8,,9.6,7,266,0,14,0,1
MCLEAN LAKE,2020-06-01,ACTUAL,13.5,1.4,44,143,10,0,,49.4,9,271,0.2,17,0,1
MCLEAN LAKE,2020-06-02,ACTUAL,9.4,2.5,62,180,14,0,,67.7,10,277,1.2,19,1,1
MCLEAN LAKE,2020-06-03,ACTUAL,12.1,1.1,47,119,7,0,,79.1,12,282,1.4,22,2,1
MCLEAN LAKE,2020-06-04,ACTUAL,14,0.5,40,111,9,0,,85.4,15,288,3.4,26,7,2
MCLEAN LAKE,2020-06-05,ACTUAL,14.4,4.7,52,90,8,0.2,,85.9,17,294,3.6,29,7,2
MCLEAN LAKE,2020-06-06,ACTUAL,13.4,5.4,58,74,10,6.2,,56.9,11,284,0.5,20,0,1
MCLEAN LAKE,2020-06-07,ACTUAL,14,1.2,42,302,8,0,,76.5,13,290,1.2,24,2,1
MCLEAN LAKE,2020-06-08,ACTUAL,9.7,4.1,68,123,8,4.2,,52.8,9,286,0.3,17,0,1
MCLEAN LAKE,2020-06-09,ACTUAL,7.2,5.6,90,96,8,1.4,,49.5,10,291,0.2,18,0,1
MCLEAN LAKE,2020-06-10,ACTUAL,18.1,3.8,39,139,11,0.2,,77.6,13,298,1.6,23,3,1
MCLEAN LAKE,2020-06-11,ACTUAL,15.7,6.5,54,46,7,0,,83.1,15,304,2.3,26,4,1
MCLEAN LAKE,2020-06-12,ACTUAL,12.9,9.6,80,81,7,0,,82.5,15,310,2.2,27,4,1
MCLEAN LAKE,2020-06-13,ACTUAL,12.6,4.6,58,74,6,0,,83.9,17,315,2.4,30,5,2
MCLEAN LAKE,2020-06-14,ACTUAL,7.7,6.1,90,233,10,8.8,,31.5,9,295,0,17,0,1
MCLEAN LAKE,2020-06-15,ACTUAL,12.8,4.8,58,107,9,0,,58.8,10,301,0.6,19,1,1
MCLEAN LAKE,2020-06-16,ACTUAL,14.3,8.8,69,44,8,6,,46.8,7,291,0.2,13,0,1
MCLEAN LAKE,2020-06-17,ACTUAL,19.3,7,45,134,7,0,,74.4,10,298,1,18,1,1
MCLEAN LAKE,2020-06-18,ACTUAL,22.4,6.9,37,97,8,0,,86.9,14,306,4.2,25,8,2
MCLEAN LAKE,2020-06-19,ACTUAL,23.7,10.7,44,101,9,0,,88.7,17,313,5.6,31,11,2
MCLEAN LAKE,2020-06-20,ACTUAL,17.4,11.3,67,144,8,1.2,,79.6,19,320,1.6,33,4,1
MCLEAN LAKE,2020-06-21,ACTUAL,20.6,7.2,42,164,11,0,,86.9,22,327,4.8,38,11,2
MCLEAN LAKE,2020-06-22,ACTUAL,13.4,6.3,62,132,6,0,,86.2,24,333,3.4,40,9,2
MCLEAN LAKE,2020-06-23,ACTUAL,19.8,10.6,55,87,7,0,,86.4,26,340,3.7,44,10,2
MCLEAN LAKE,2020-06-24,ACTUAL,18.8,11,60,148,11,5,,64.3,19,334,0.9,33,1,1
MCLEAN LAKE,2020-06-25,ACTUAL,20.9,11.9,56,79,10,0.2,,80.2,21,341,1.9,37,5,2
MCLEAN LAKE,2020-06-26,ACTUAL,19.8,10.6,55,80,8,0,,84.7,24,348,3.1,41,8,2
MCLEAN LAKE,2020-06-27,ACTUAL,9.3,5.3,76,257,19,0.8,,79.6,24,353,2.8,42,7,2
MCLEAN LAKE,2020-06-28,ACTUAL,15.4,7,57,246,16,4.2,,65.4,18,348,1.2,33,2,1
MCLEAN LAKE,2020-06-29,ACTUAL,20.5,8.1,45,98,8,0,,82.1,22,356,2.1,37,5,2
MCLEAN LAKE,2020-06-30,ACTUAL,12.6,6.9,68,244,12,0.8,,80,23,361,2.1,39,5,2
MCLEAN LAKE,2020-07-01,ACTUAL,8.5,7.2,92,265,7,13.4,,23.7,10,321,0,19,0,1
MCLEAN LAKE,2020-07-02,ACTUAL,15,1.1,39,222,12,19.8,,47.9,7,266,0.2,13,0,1
MCLEAN LAKE,2020-07-03,ACTUAL,10.2,4,65,116,9,0,,65.2,8,272,0.8,14,1,1
MCLEAN LAKE,2020-07-04,ACTUAL,17.3,5.9,47,124,10,0.2,,80.8,10,278,2,18,3,1
MCLEAN LAKE,2020-07-05,ACTUAL,17,7.9,55,81,9,0,,84.4,12,285,3,21,5,2
MCLEAN LAKE,2020-07-06,ACTUAL,18.2,8.5,53,77,8,0,,86,14,292,3.6,25,7,2
MCLEAN LAKE,2020-07-07,ACTUAL,12.8,11.2,90,96,4,3.2,,50.1,10,293,0.2,19,0,1
MCLEAN LAKE,2020-07-08,ACTUAL,16.3,8.3,59,175,8,1.2,,66.8,12,299,0.8,22,1,1
MCLEAN LAKE,2020-07-09,ACTUAL,17.3,8.5,56,95,8,0.2,,79.4,14,306,1.6,25,3,1
MCLEAN LAKE,2020-07-10,ACTUAL,19.1,6.9,45,93,9,0,,85.9,16,313,3.8,29,8,2
MCLEAN LAKE,2020-07-11,ACTUAL,14.4,6,57,88,7,0,,85.9,18,319,3.5,31,7,2
MCLEAN LAKE,2020-07-12,ACTUAL,8.2,4.8,79,244,16,0,,83,18,325,3.5,32,8,2
MCLEAN LAKE,2020-07-13,ACTUAL,17.1,4.4,43,138,8,0.4,,86.7,21,331,4.1,36,9,2
MCLEAN LAKE,2020-07-14,ACTUAL,21,6.1,38,103,8,0,,89.1,24,339,5.6,41,13,2
MCLEAN LAKE,2020-07-15,ACTUAL,22,10.8,49,97,8,0,,89.1,27,347,5.7,45,14,2
MCLEAN LAKE,2020-07-16,ACTUAL,20.2,9.2,49,190,10,0.4,,89.1,29,354,6.2,49,15,2
MCLEAN LAKE,2020-07-17,ACTUAL,20,7.7,45,270,9,0,,89.2,32,361,6,53,16,2
MCLEAN LAKE,2020-07-18,ACTUAL,22.8,8.4,40,107,9,0,,89.6,35,369,6.3,57,17,3
MCLEAN LAKE,2020-07-19,ACTUAL,21.4,10.6,50,332,10,0.2,,89.3,38,377,6.4,61,18,3
MCLEAN LAKE,2020-07-20,ACTUAL,24,8.3,37,106,7,0,,90.2,42,385,6.4,66,19,3
MCLEAN LAKE,2020-07-21,ACTUAL,27.2,11.6,38,91,8,0,,90.7,46,393,7.1,71,21,3
MCLEAN LAKE,2020-07-22,ACTUAL,21.9,8,41,335,5,0,,90.7,49,401,6,75,19,3
MCLEAN LAKE,2020-07-23,ACTUAL,21.6,10.8,50,100,7,6,,67.2,33,389,0.8,54,2,2
MCLEAN LAKE,2020-07-24,ACTUAL,13.6,8.7,72,135,6,9.8,,40,17,361,0,30,0,1
MCLEAN LAKE,2020-07-25,ACTUAL,18.8,6.2,44,88,10,0,,72.7,20,368,1.1,34,2,1
MCLEAN LAKE,2020-07-26,ACTUAL,22.6,9.7,44,92,7,0,,85.1,23,376,3.1,39,8,2
MCLEAN LAKE,2020-07-27,ACTUAL,25.4,10.8,40,81,10,0,,89.3,26,384,6.5,45,15,2
MCLEAN LAKE,2020-07-28,ACTUAL,29,6.9,25,83,10,0,,93.3,32,393,11.4,53,25,3
MCLEAN LAKE,2020-07-29,ACTUAL,25.2,5.8,29,83,11,0,,93.3,36,401,11.9,59,27,3
MCLEAN LAKE,2020-07-30,ACTUAL,27.7,4.6,23,87,7,0,,93.9,41,410,10.8,66,27,3
MCLEAN LAKE,2020-07-31,ACTUAL,27,10.2,35,98,8,0,,93.1,46,418,10.1,72,27,3
MCLEAN LAKE,2020-08-01,ACTUAL,26.9,8.3,31,95,8,2.4,,85.7,43,426,3.4,68,12,2
MCLEAN LAKE,2020-08-02,ACTUAL,25.6,7.1,31,104,8,0,,91,47,434,7.5,73,22,3
MCLEAN LAKE,2020-08-03,ACTUAL,22.1,6.2,36,194,12,0,,91,50,441,8.8,77,25,3
MCLEAN LAKE,2020-08-04,ACTUAL,23.7,9.2,40,90,9,0,,91.1,53,448,7.8,81,24,3
MCLEAN LAKE,2020-08-05,ACTUAL,26.8,4.5,24,141,11,0,,93.3,57,456,11.8,87,33,3
MCLEAN LAKE,2020-08-06,ACTUAL,11.9,10.6,92,250,7,7.2,,35,33,433,0,56,0,2
MCLEAN LAKE,2020-08-07,ACTUAL,13.7,6.9,63,218,6,4.2,,44.3,24,426,0.1,42,0,1
MCLEAN LAKE,2020-08-08,ACTUAL,16.9,5.8,48,43,6,0.4,,70.6,26,432,0.9,45,2,1
MCLEAN LAKE,2020-08-09,ACTUAL,18.5,6.6,46,88,10,0,,83.1,28,438,2.7,48,8,2
MCLEAN LAKE,2020-08-10,ACTUAL,18.7,7.8,49,303,4,0,,86,30,445,3,51,9,2
MCLEAN LAKE,2020-08-11,ACTUAL,18,7.7,51,92,9,0,,86.7,32,451,4.2,54,12,2
MCLEAN LAKE,2020-08-12,ACTUAL,17.7,4.2,41,91,10,0,,88.1,34,457,5.4,58,15,2
MCLEAN LAKE,2020-08-13,ACTUAL,16.6,2.5,39,69,9,0,,88.6,36,463,5.6,61,16,2
MCLEAN LAKE,2020-08-14,ACTUAL,19.3,5.6,41,172,8,0,,88.8,39,470,5.4,64,16,2
MCLEAN LAKE,2020-08-15,ACTUAL,24,8.7,38,94,9,0,,90,42,477,6.6,69,19,3
MCLEAN LAKE,2020-08-16,ACTUAL,26.8,7.2,29,99,8,0,,92.2,46,485,8.6,75,25,3
MCLEAN LAKE,2020-08-17,ACTUAL,29.3,7.8,26,168,13,0,,93.4,51,493,13.2,81,34,3
MCLEAN LAKE,2020-08-18,ACTUAL,27.9,6,25,102,9,0,,93.5,55,501,11.2,87,32,3
MCLEAN LAKE,2020-08-19,ACTUAL,23.6,4.9,30,126,9,0,,93.3,59,508,10.5,91,31,4
MCLEAN LAKE,2020-08-20,ACTUAL,19.4,11.3,59,88,8,1.8,,78.6,56,515,1.5,89,7,2
MCLEAN LAKE,2020-08-21,ACTUAL,20.3,6.9,42,169,18,0,,87,59,522,6.7,92,23,3
MCLEAN LAKE,2020-08-22,ACTUAL,18.8,4.1,38,140,9,0,,88.8,61,528,5.5,95,20,3
MCLEAN LAKE,2020-08-23,ACTUAL,17.4,4.6,43,100,8,0,,88.8,64,534,5.4,98,20,3
MCLEAN LAKE,2020-08-24,ACTUAL,14,6.7,61,79,7,0.4,,86.9,65,540,4,100,16,3
MCLEAN LAKE,2020-08-25,ACTUAL,19,6.1,43,95,8,0,,88.1,67,546,4.9,103,19,3
MCLEAN LAKE,2020-08-26,ACTUAL,20.1,4.1,35,45,9,0,,89.7,70,553,6.3,106,24,3
MCLEAN LAKE,2020-08-27,ACTUAL,20.5,2.7,31,63,7,0,,90.8,73,559,6.9,110,26,3
MCLEAN LAKE,2020-08-28,ACTUAL,20.5,6.4,40,73,8,0,,90.8,76,566,7.2,114,27,3
MCLEAN LAKE,2020-08-29,ACTUAL,16.2,-1.5,30,210,7,0.6,,89.9,78,572,6.1,117,24,3
MCLEAN LAKE,2020-08-30,ACTUAL,16.4,2.7,40,89,9,0,,89.9,80,578,6.8,119,26,3
MCLEAN LAKE,2020-08-31,ACTUAL,13.7,8.8,72,106,6,7.6,,47.5,46,543,0.2,77,0,2
MCLEAN LAKE,2020-09-01,ACTUAL,21.6,9.8,47,82,10,0,,77,49,549,1.4,80,6,2
MCLEAN LAKE,2020-09-02,ACTUAL,19.2,8.5,50,131,6,1.8,,76,47,554,1.1,78,5,2
MCLEAN LAKE,2020-09-03,ACTUAL,20.8,8.4,45,76,10,0,,85.5,49,560,3.7,81,14,2
MCLEAN LAKE,2020-09-04,ACTUAL,22.5,10,45,89,8,0,,88,51,565,4.8,84,17,3
MCLEAN LAKE,2020-09-05,ACTUAL,26.3,7.3,30,24,6,0,,91.5,55,572,7,89,23,3
MCLEAN LAKE,2020-09-06,ACTUAL,23.3,7.7,37,66,9,0,,91.6,58,578,8.6,92,27,3
MCLEAN LAKE,2020-09-07,ACTUAL,16.9,1.6,36,32,10,0,,91.1,60,582,8.2,95,27,3
MCLEAN LAKE,2020-09-08,ACTUAL,19,-2.1,24,87,6,0,,92,62,588,7.9,99,27,3
MCLEAN LAKE,2020-09-09,ACTUAL,21.7,4.6,33,74,6,0,,92.1,65,593,7.9,102,27,3
MCLEAN LAKE,2020-09-10,ACTUAL,22.6,6.3,35,87,7,0,,92.1,68,599,8.2,106,28,4
MCLEAN LAKE,2020-09-11,ACTUAL,24.2,5.9,31,84,7,0,,92.1,71,605,8.1,110,28,4
MCLEAN LAKE,2020-09-12,ACTUAL,23,6.6,35,89,7,0,,92.1,74,611,8.1,113,29,4
MCLEAN LAKE,2020-09-13,ACTUAL,15.8,4.8,48,89,8,0,,89.7,75,615,6.1,115,24,3
MCLEAN LAKE,2020-09-14,ACTUAL,17.6,2.6,37,90,7,0,,89.8,77,620,5.7,118,23,3
MCLEAN LAKE,2020-09-15,ACTUAL,17,8.7,58,129,5,0.8,,84.3,79,625,2.4,120,12,3
MCLEAN LAKE,2020-09-16,ACTUAL,18.5,9.3,55,86,8,0,,85.7,80,630,3.4,122,16,3
MCLEAN LAKE,2020-09-17,ACTUAL,19.7,9.6,52,91,7,0,,86.7,82,635,3.7,124,17,3
MCLEAN LAKE,2020-09-18,ACTUAL,19,9.8,55,63,5,0,,86.7,84,640,3.4,126,16,3
MCLEAN LAKE,2020-09-19,ACTUAL,13.2,10.7,85,266,3,2,,63.7,74,644,0.6,115,3,2
MCLEAN LAKE,2020-09-20,ACTUAL,15,8.8,66,76,9,1.4,,68.7,75,649,0.9,116,5,3
MCLEAN LAKE,2020-09-21,ACTUAL,14.3,5.1,54,92,7,0,,79.2,76,653,1.5,118,8,3
MCLEAN LAKE,2020-09-22,ACTUAL,16.5,6.6,52,98,9,0,,84.2,78,658,3,120,14,3
MCLEAN LAKE,2020-09-23,ACTUAL,10.7,7.6,81,163,16,0.6,,81.7,78,661,3.1,121,15,3
MCLEAN LAKE,2020-09-24,ACTUAL,13.7,4,52,162,12,3,,68.8,62,653,1.1,100,6,3
MCLEAN LAKE,2020-09-25,ACTUAL,14,4,51,120,13,0.4,,80.5,63,657,2.2,102,11,3
MCLEAN LAKE,2020-09-26,ACTUAL,11.2,0.6,48,182,13,2.6,,70,53,661,1.2,88,6,2
MCLEAN LAKE,2020-09-27,ACTUAL,10.6,3.4,61,84,10,0,,77.9,54,665,1.5,89,7,2
MCLEAN LAKE,2020-09-28,ACTUAL,12.4,6.3,66,76,8,0,,81.1,55,669,1.9,91,9,3
MCLEAN LAKE,2020-09-29,ACTUAL,18.3,8,51,86,6,0,,85.1,56,674,2.8,93,12,3
MCLEAN LAKE,2020-09-30,ACTUAL,15.9,7.7,58,79,9,0,,85.3,57,678,3.5,95,14,3
MCLEAN LAKE,2020-10-01,ACTUAL,14.9,8,63,143,6,0,,85.3,58,682,2.9,96,13,3
MCLEAN LAKE,2020-10-02,ACTUAL,18.5,7.9,50,91,5,0,,86.6,60,686,3.4,98,14,3
MCLEAN LAKE,2020-10-03,ACTUAL,16.4,7.4,55,77,10,0,,86.6,61,689,4.3,100,17,3
MCLEAN LAKE,2020-10-04,ACTUAL,14.3,10,75,67,4,0.8,,80.7,62,693,1.5,101,7,3
MCLEAN LAKE,2020-10-05,ACTUAL,12.2,7.6,73,110,6,0.2,,81.4,62,696,1.8,102,9,3
MCLEAN LAKE,2020-10-06,ACTUAL,17.1,9.3,60,81,9,0,,84,63,699,2.9,103,13,3
MCLEAN LAKE,2020-10-07,ACTUAL,15.5,10.3,71,77,6,0,,84,64,703,2.5,104,12,3
MCLEAN LAKE,2020-10-08,ACTUAL,14.9,7.3,60,147,4,0,,84.5,65,706,2.5,106,12,3
MCLEAN LAKE,2020-10-09,ACTUAL,11,5.2,67,76,9,0,,84.6,66,709,3.1,107,14,3
MCLEAN LAKE,2020-10-10,ACTUAL,6.3,-0.2,63,253,37,0.2,,84.5,66,711,12.7,107,38,4
MCLEAN LAKE,2020-10-11,ACTUAL,6.1,-1.8,57,189,13,0,,84.6,66,713,3.9,108,17,3
MCLEAN LAKE,2020-10-12,ACTUAL,6.6,2,72,140,5,9.4,,37.9,35,645,0,62,0,2
MCLEAN LAKE,2020-10-13,ACTUAL,3.4,3,97,103,9,3.2,,22.9,27,632,0,49,0,1
MCLEAN LAKE,2020-10-14,ACTUAL,8.4,2.7,67,68,6,3,,35.6,21,623,0,39,0,1
MCLEAN LAKE,2020-10-15,ACTUAL,5,-0.2,69,115,7,0,,51.9,22,625,0.3,40,0,1
MCLEAN LAKE,2020-10-16,ACTUAL,12.5,4.8,59,58,8,3,,55.4,17,616,0.4,32,1,1
MCLEAN LAKE,2020-10-17,ACTUAL,2.8,-1,76,114,6,1.4,,54.7,17,618,0.4,33,0,1
MCLEAN LAKE,2020-10-18,ACTUAL,0.1,-0.3,97,75,7,0,,55.9,17,618,0.4,33,1,1
MCLEAN LAKE,2020-10-19,ACTUAL,5.6,2.3,79,235,8,7.6,,32,10,576,0,18,0,1
MCLEAN LAKE,2020-10-20,ACTUAL,1.9,1.6,98,74,5,5.8,,12,5,549,0,10,0,1
MCLEAN LAKE,2020-10-21,ACTUAL,0.6,-2.4,80,237,9,3.2,,21.1,3,539,0,6,0,1
MCLEAN LAKE,2020-10-22,ACTUAL,-3,-6.8,75,260,8,0.4,,34.1,3,539,0,6,0,1
MCLEAN LAKE,2020-10-23,ACTUAL,-3.6,-4.2,96,82,5,0,,36.4,3,539,0,6,0,1
MCLEAN LAKE,2020-10-24,ACTUAL,-10.2,-15.5,65,254,18,0,,49.1,3,539,0.4,6,0,1
MCLEAN LAKE,2020-10-25,ACTUAL,-8.3,-14.3,62,78,9,0,,58.5,3,540,0.6,6,0,1
MCLEAN LAKE,2020-10-26,ACTUAL,-3.3,-6.3,80,74,7,0,,63.6,3,540,0.7,6,0,1
MCLEAN LAKE,2020-10-27,ACTUAL,-1.7,-2.9,92,67,8,4.2,,32.4,1,524,0,2,0,1
MCLEAN LAKE,2020-10-28,ACTUAL,0.3,-0.1,97,80,9,3,,20.5,0,516,0,0,0,1
MCLEAN LAKE,2020-10-29,ACTUAL,2.7,2.1,96,74,4,4.8,,11.1,0,498,0,0,0,1
MCLEAN LAKE,2020-10-30,ACTUAL,8.5,-0.8,52,255,20,0.4,,47,1,500,0.3,1,0,1
MCLEAN LAKE,2020-10-31,ACTUAL,2.8,-1.2,75,85,7,0,,57.8,1,502,0.5,2,0,1
MUDPIT,2020-05-01,ACTUAL,14.2,1.4,42,57,6,0,,,,,,,,
MUDPIT,2020-05-02,ACTUAL,14.6,-1.6,33,316,5,0,,,,,,,,
MUDPIT,2020-05-03,ACTUAL,5.7,2.5,80,181,9,9.8,,,,,,,,
MUDPIT,2020-05-04,ACTUAL,12.4,1.1,46,257,8,0.2,,,,,,,,
MUDPIT,2020-05-05,ACTUAL,16.5,-1.7,29,281,8,0,,,,,,,,
MUDPIT,2020-05-06,ACTUAL,7.5,6.9,96,245,4,6.6,,,,,,,,
MUDPIT,2020-05-07,DELETED,11.8,4.1,59,264,6,11.8,,85,6,15,,,,
MUDPIT,2020-05-08,ACTUAL,18.4,3.3,37,305,10,0,,88.5,9,21,5.7,9,6,2
MUDPIT,2020-05-09,ACTUAL,21.4,-0.1,24,344,9,0,,91.9,14,27,9.1,14,11,2
MUDPIT,2020-05-10,ACTUAL,20.2,-0.5,25,280,8,0,,92.2,18,33,8.9,18,12,2
MUDPIT,2020-05-11,ACTUAL,18.5,-2,25,135,7,0,,92.2,22,39,8.6,22,13,3
MUDPIT,2020-05-12,ACTUAL,17.7,-5,21,269,9,0,,92.7,26,44,10,26,16,3
MUDPIT,2020-05-13,ACTUAL,17.6,1.4,34,262,7,0,,91.9,29,50,8.1,29,14,3
MUDPIT,2020-05-14,ACTUAL,15.6,4,46,23,6,0,,89.9,31,55,5.8,31,11,3
MUDPIT,2020-05-15,ACTUAL,15.2,6.8,57,53,14,0.2,,87.7,33,60,6.4,33,13,3
MUDPIT,2020-05-16,ACTUAL,18.5,0.9,31,141,8,0.2,,90,37,66,6.4,37,14,3
MUDPIT,2020-05-17,ACTUAL,12,9.7,86,304,5,4.2,,48.2,26,65,0.2,26,0,2
MUDPIT,2020-05-18,ACTUAL,11.8,8.3,79,259,5,4,,38.8,19,65,0,22,0,2
MUDPIT,2020-05-19,ACTUAL,20.2,4.5,36,273,8,0,,74.9,22,71,1.1,25,2,2
MUDPIT,2020-05-20,ACTUAL,21.5,7.6,41,272,8,0,,85.9,26,78,3.5,28,7,2
MUDPIT,2020-05-21,ACTUAL,11.3,4.8,64,232,8,8.2,,48.6,15,69,0.2,19,0,1
MUDPIT,2020-05-22,ACTUAL,9.7,5.1,73,205,12,9.4,,36.2,8,58,0,12,0,1
MUDPIT,2020-05-23,ACTUAL,13.5,8.8,73,241,7,0.8,,54.5,9,63,0.4,13,0,1
MUDPIT,2020-05-24,ACTUAL,16.9,5.5,47,282,7,0.2,,76,12,68,1.2,16,1,2
MUDPIT,2020-05-25,ACTUAL,12.4,11.4,94,306,4,6,,30.6,7,64,0,11,0,1
MUDPIT,2020-05-26,ACTUAL,15,4.7,50,26,6,3.4,,50.5,6,66,0.2,10,0,1
MUDPIT,2020-05-27,ACTUAL,17.9,-0.5,29,344,4,0.8,,75.7,10,72,1,14,1,2
MUDPIT,2020-05-28,ACTUAL,17.8,4.3,41,300,4,0,,84.4,13,77,2.4,18,3,2
MUDPIT,2020-05-29,ACTUAL,20.7,8.3,45,267,5,0,,87.4,16,83,3.8,21,6,2
MUDPIT,2020-05-30,ACTUAL,19.2,11.1,59,51,2,0,,87.3,18,89,3.3,24,6,2
MUDPIT,2020-05-31,ACTUAL,11.5,10.7,95,271,5,4.2,,40.4,12,88,0,18,0,1
MUDPIT,2020-06-01,ACTUAL,14.2,6.4,59,255,8,3.4,,51.7,10,90,0.3,15,0,1
MUDPIT,2020-06-02,ACTUAL,10.1,8.2,88,161,4,1.2,,51.1,10,96,0.2,16,0,1
MUDPIT,2020-06-03,ACTUAL,15,3.7,47,316,8,11.2,,49.5,7,82,0.2,11,0,1
MUDPIT,2020-06-04,ACTUAL,14,3.1,48,179,6,0,,71.1,9,88,0.9,14,1,2
MUDPIT,2020-06-05,ACTUAL,17.8,3.9,40,343,3,0,,82.9,12,95,1.9,18,3,2
MUDPIT,2020-06-06,ACTUAL,12.3,6.6,68,271,4,5.2,,50,8,93,0.2,13,0,1
MUDPIT,2020-06-07,ACTUAL,14.7,4.7,51,245,9,0.2,,72.3,10,99,1.1,16,1,2
MUDPIT,2020-06-08,ACTUAL,15.3,2.7,43,230,12,0.6,,82.8,13,105,2.9,19,5,2
MUDPIT,2020-06-09,ACTUAL,11.3,2.3,54,248,4,4,,58,10,105,0.4,16,0,1
MUDPIT,2020-06-10,ACTUAL,16.3,10,66,14,6,0.8,,70,11,112,0.8,18,1,2
MUDPIT,2020-06-11,ACTUAL,16,12.6,80,293,4,0,,74.9,12,118,0.9,19,1,2
MUDPIT,2020-06-12,ACTUAL,14.8,10.7,76,64,9,11.6,,41.5,7,102,0.1,11,0,1
MUDPIT,2020-06-13,ACTUAL,9.2,9,99,38,2,13.8,,7.3,3,82,0,5,0,1
MUDPIT,2020-06-14,ACTUAL,8.1,7.2,94,295,5,29.8,,6,1,34,0,2,0,1
MUDPIT,2020-06-15,ACTUAL,14.2,6.1,58,259,6,5.4,,34.9,2,33,0,3,0,1
MUDPIT,2020-06-16,ACTUAL,18.1,8.7,54,279,5,0,,64.5,4,40,0.7,6,0,1
MUDPIT,2020-06-17,ACTUAL,19.7,7.4,45,248,5,0.2,,80.7,7,47,1.5,10,1,2
MUDPIT,2020-06-18,ACTUAL,22.9,7.8,38,247,7,0,,88.1,11,54,4.6,15,6,2
MUDPIT,2020-06-19,ACTUAL,22,11.7,52,241,6,0,,88.2,14,62,4.4,18,7,2
MUDPIT,2020-06-20,ACTUAL,18.8,12.4,66,326,5,0.6,,85.7,16,69,2.9,20,5,2
MUDPIT,2020-06-21,ACTUAL,23.5,8.7,39,304,6,0,,89.1,20,76,5.2,24,9,3
MUDPIT,2020-06-22,ACTUAL,21.1,7.6,42,298,6,0,,89.1,23,83,5,27,9,3
MUDPIT,2020-06-23,ACTUAL,20.8,14.1,65,301,4,2,,74.1,22,91,0.9,28,1,2
MUDPIT,2020-06-24,ACTUAL,18,15.3,84,274,5,4.2,,47.8,16,92,0.2,22,0,2
MUDPIT,2020-06-25,ACTUAL,22.6,14.5,60,231,5,0.2,,72.4,18,99,0.9,25,1,2
MUDPIT,2020-06-26,ACTUAL,17.7,13.5,76,262,4,1.4,,68.6,20,106,0.7,27,1,2
MUDPIT,2020-06-27,ACTUAL,12.8,10,83,303,5,29.2,,25.1,8,57,0,12,0,1
MUDPIT,2020-06-28,ACTUAL,17.7,10.2,61,262,5,0.4,,55.4,10,63,0.4,14,0,1
MUDPIT,2020-06-29,ACTUAL,23.2,8.8,40,294,7,0,,81.5,14,71,2,19,3,2
MUDPIT,2020-06-30,ACTUAL,15.2,8.5,64,278,5,0.4,,83.1,15,77,2.1,21,3,2
MUDPIT,2020-07-01,ACTUAL,11,10,94,290,5,4.8,,37,10,76,0,15,0,1
MUDPIT,2020-07-02,ACTUAL,13.1,9.9,81,38,9,28.8,,24.5,5,32,0,7,0,1
MUDPIT,2020-07-03,ACTUAL,17.3,9,58,284,7,2.4,,51,5,39,0.3,7,0,1
MUDPIT,2020-07-04,ACTUAL,15.7,9.7,67,303,5,2.2,,56.6,5,45,0.4,7,0,1
MUDPIT,2020-07-05,ACTUAL,19.9,10.4,54,202,6,0.2,,76.3,7,52,1.1,10,1,2
MUDPIT,2020-07-06,ACTUAL,20.2,11.8,58,303,5,0,,82.8,9,60,2,13,2,2
MUDPIT,2020-07-07,ACTUAL,15.4,11.4,77,67,6,3.8,,55.3,6,62,0.4,10,0,1
MUDPIT,2020-07-08,ACTUAL,17.8,11.7,67,315,8,0.2,,72.1,8,69,1,12,1,2
MUDPIT,2020-07-09,ACTUAL,14.1,12.5,90,254,6,4.2,,40.7,5,70,0.1,8,0,1
MUDPIT,2020-07-10,ACTUAL,17.1,11.4,69,285,4,12,,36,3,57,0,6,0,1
MUDPIT,2020-07-11,ACTUAL,20.9,9.2,47,341,4,0,,68.8,6,64,0.7,10,0,1
MUDPIT,2020-07-12,ACTUAL,13.5,10,79,331,4,7.2,,37.7,3,60,0,6,0,1
MUDPIT,2020-07-13,ACTUAL,16.1,9.1,63,249,4,5.8,,42.5,3,58,0.1,5,0,1
MUDPIT,2020-07-14,ACTUAL,22,8.1,41,235,9,0,,76.8,6,66,1.3,10,1,2
MUDPIT,2020-07-15,ACTUAL,19.5,13.8,69,71,5,0.8,,78.4,8,73,1.2,12,1,2
MUDPIT,2020-07-16,ACTUAL,19.1,12.9,67,185,9,0.4,,82.3,9,80,2.3,14,3,2
MUDPIT,2020-07-17,ACTUAL,15.6,13.9,90,2,4,13,,27.2,4,64,0,8,0,1
MUDPIT,2020-07-18,ACTUAL,23.6,10.3,43,227,9,6.2,,62.3,5,64,0.7,9,0,1
MUDPIT,2020-07-19,ACTUAL,20,11.8,59,197,9,0.6,,77.7,7,71,1.4,11,1,2
MUDPIT,2020-07-20,ACTUAL,24.2,10.4,42,223,6,0,,87,11,79,3.7,16,5,2
MUDPIT,2020-07-21,ACTUAL,27.7,14,43,275,6,0,,89.4,15,88,5.4,21,9,3
MUDPIT,2020-07-22,ACTUAL,26.8,13.5,44,248,8,0,,89.6,18,96,5.9,25,10,3
MUDPIT,2020-07-23,ACTUAL,20.8,11.5,55,229,8,7.6,,62.6,12,91,0.7,18,1,2
MUDPIT,2020-07-24,ACTUAL,15.7,7.8,59,230,10,6.2,,54.2,8,88,0.4,13,0,1
MUDPIT,2020-07-25,ACTUAL,19.4,10.7,57,298,7,1.4,,69.7,10,95,0.9,16,1,2
MUDPIT,2020-07-26,ACTUAL,23.9,10.9,44,254,6,0,,84.5,14,103,2.6,20,4,2
MUDPIT,2020-07-27,ACTUAL,27.7,12.8,40,223,4,0,,89.4,18,112,4.9,25,9,3
MUDPIT,2020-07-28,ACTUAL,29.6,14.1,39,310,6,0,,90.8,22,121,6.5,30,12,3
MUDPIT,2020-07-29,ACTUAL,27.2,10.3,35,287,5,0,,91.3,26,130,6.6,35,14,3
MUDPIT,2020-07-30,ACTUAL,29.2,14.2,40,302,5,0,,91.3,31,139,6.8,39,15,3
MUDPIT,2020-07-31,ACTUAL,31.3,15.7,39,252,4,0,,91.4,35,148,6.4,44,15,3
MUDPIT,2020-08-01,ACTUAL,27.4,16.8,52,315,4,4.4,,72.8,27,149,0.8,37,2,2
MUDPIT,2020-08-02,ACTUAL,28.2,12.9,39,278,6,0,,87.7,30,157,4.1,41,10,3
MUDPIT,2020-08-03,ACTUAL,21.5,13,58,54,10,0.6,,86,32,164,4.1,43,10,3
MUDPIT,2020-08-04,ACTUAL,25.7,11,40,322,5,0,,89.4,36,172,5,47,13,3
MUDPIT,2020-08-05,ACTUAL,27.8,13.7,42,262,6,0,,90,39,180,5.8,51,15,3
MUDPIT,2020-08-06,ACTUAL,21,9.3,47,206,9,0,,89.7,42,187,6.6,53,17,4
MUDPIT,2020-08-07,ACTUAL,15.8,9.1,64,135,0,11.2,,37.2,21,168,0,32,0,2
MUDPIT,2020-08-08,ACTUAL,15.9,7.4,57,283,5,0.4,,62.7,23,174,0.6,34,1,2
MUDPIT,2020-08-09,ACTUAL,20.7,4.6,35,344,6,1.4,,78.5,26,181,1.3,38,3,2
MUDPIT,2020-08-10,ACTUAL,23,8.6,40,278,7,0,,87.3,29,188,4.3,42,10,3
MUDPIT,2020-08-11,ACTUAL,18.2,10.6,61,227,6,0,,86.9,30,194,3.7,44,10,3
MUDPIT,2020-08-12,ACTUAL,17.7,7.5,51,300,7,1.2,,81.7,32,200,1.9,46,5,3
MUDPIT,2020-08-13,ACTUAL,18.9,9.4,54,291,5,0,,85,34,207,2.8,48,8,3
MUDPIT,2020-08-14,ACTUAL,20.3,9.9,51,257,6,0,,86.7,36,213,3.6,51,10,3
MUDPIT,2020-08-15,ACTUAL,24.4,14,52,268,5,0,,87.5,39,221,3.8,54,11,3
MUDPIT,2020-08-16,ACTUAL,28.8,11.3,34,246,4,0,,91.2,43,229,6.3,58,17,4
MUDPIT,2020-08-17,ACTUAL,28.5,16.5,48,208,4,0.2,,90.8,46,237,5.8,62,17,4
MUDPIT,2020-08-18,ACTUAL,28.3,7.4,27,242,6,0,,92.9,50,245,8.7,67,23,4
MUDPIT,2020-08-19,ACTUAL,26,9.3,35,314,5,0,,92.7,54,253,8.2,70,23,4
MUDPIT,2020-08-20,ACTUAL,19.6,12,61,260,4,0.8,,85.3,56,259,2.7,73,10,4
MUDPIT,2020-08-21,ACTUAL,23.2,12.9,52,178,3,0,,86.9,58,267,3.2,75,12,4
MUDPIT,2020-08-22,ACTUAL,20.5,8.8,47,240,7,1.8,,79.9,56,273,1.6,74,6,3
MUDPIT,2020-08-23,ACTUAL,18.5,11.2,62,275,6,0,,83.2,58,280,2.2,76,9,4
MUDPIT,2020-08-24,ACTUAL,13.3,12,92,316,4,5.2,,37.1,38,273,0,56,0,2
MUDPIT,2020-08-25,ACTUAL,18,10.7,62,258,5,0,,62.4,39,279,0.6,58,1,3
MUDPIT,2020-08-26,ACTUAL,21,9.3,47,287,7,0,,80.8,42,286,1.7,61,6,3
MUDPIT,2020-08-27,ACTUAL,22.6,5.4,33,265,5,0,,88.7,45,293,4.6,65,14,3
MUDPIT,2020-08-28,ACTUAL,22.4,7.7,39,261,6,0,,89.6,48,300,5.4,68,17,4
MUDPIT,2020-08-29,ACTUAL,20,-1.3,24,3,7,0,,91.8,51,307,7.8,72,23,4
MUDPIT,2020-08-30,ACTUAL,17.9,4.4,41,294,6,0,,90.7,53,313,6.5,75,20,4
MUDPIT,2020-08-31,ACTUAL,13.3,9.9,80,253,5,5.4,,47.5,35,305,0.2,54,0,2
MUDPIT,2020-09-01,ACTUAL,16.8,11.2,69,324,7,0,,66.8,36,310,0.8,56,2,3
MUDPIT,2020-09-02,ACTUAL,20,5.9,40,244,5,2,,74.5,34,315,0.9,54,3,3
MUDPIT,2020-09-03,ACTUAL,18.4,10.6,60,273,5,0,,81.4,36,320,1.7,56,6,3
MUDPIT,2020-09-04,ACTUAL,22.2,13.4,57,271,5,0,,85.1,38,326,2.8,58,9,3
MUDPIT,2020-09-05,ACTUAL,24.9,13.5,49,226,6,0,,87.7,40,332,4.2,61,13,3
MUDPIT,2020-09-06,ACTUAL,25.3,8.7,35,254,8,0,,90.5,43,338,6.7,65,19,4
MUDPIT,2020-09-07,ACTUAL,20.1,-0.6,25,301,11,0,,91.9,46,343,9.6,69,25,4
MUDPIT,2020-09-08,ACTUAL,16.6,2.5,39,298,4,0,,91,48,348,6,71,18,4
MUDPIT,2020-09-09,ACTUAL,20.8,8.1,44,263,5,0,,90.4,50,354,5.7,74,18,4
MUDPIT,2020-09-10,ACTUAL,23.5,12.2,49,291,5,0,,89.9,52,359,5.5,77,18,4
MUDPIT,2020-09-11,ACTUAL,23.5,12.2,49,281,4,0,,89.7,54,365,5.2,79,18,4
MUDPIT,2020-09-12,ACTUAL,23.8,11.1,45,292,5,0,,89.8,57,371,5.3,82,18,4
MUDPIT,2020-09-13,ACTUAL,19,10.6,58,213,3,0,,88.2,58,376,3.7,84,14,4
MUDPIT,2020-09-14,ACTUAL,20.3,11.3,56,307,4,0,,88,60,382,3.9,86,15,4
MUDPIT,2020-09-15,ACTUAL,19.4,12.7,65,236,4,0.4,,86.7,61,387,3.3,88,13,4
MUDPIT,2020-09-16,ACTUAL,21.1,11.8,55,304,5,0,,86.8,63,393,3.4,90,14,4
MUDPIT,2020-09-17,ACTUAL,20.8,13.6,63,272,5,0,,86.8,65,398,3.4,92,14,4
MUDPIT,2020-09-18,ACTUAL,19.9,12.3,61,298,3,0,,86.9,66,403,3.2,94,13,4
MUDPIT,2020-09-19,ACTUAL,14,11.7,86,264,5,0.6,,81.7,66,408,1.8,94,8,4
MUDPIT,2020-09-20,ACTUAL,17.5,11.8,69,265,5,3.8,,59,49,402,0.5,75,1,3
MUDPIT,2020-09-21,ACTUAL,17.2,7.6,53,229,3,0,,75.2,50,407,0.9,77,4,3
MUDPIT,2020-09-22,ACTUAL,16.6,9.1,61,257,7,0,,81.3,51,412,1.8,78,8,4
MUDPIT,2020-09-23,ACTUAL,12.2,10.8,91,137,6,1.8,,61.5,48,416,0.6,75,2,3
MUDPIT,2020-09-24,ACTUAL,13.1,7.4,68,6,4,8.2,,40.5,27,390,0,46,0,2
MUDPIT,2020-09-25,ACTUAL,9.2,5.6,78,87,6,2.6,,41.3,23,393,0.1,40,0,2
MUDPIT,2020-09-26,ACTUAL,12.9,7,67,294,5,10.2,,34.8,12,361,0,22,0,2
MUDPIT,2020-09-27,ACTUAL,11.4,7,74,277,5,0.4,,52,12,365,0.3,23,0,2
MUDPIT,2020-09-28,ACTUAL,14.6,8.6,67,292,5,0,,67.5,13,369,0.7,25,1,2
MUDPIT,2020-09-29,ACTUAL,16.6,11.4,71,255,4,0,,75.6,14,374,1,26,1,2
MUDPIT,2020-09-30,ACTUAL,18.2,10.6,61,254,4,0,,81.5,16,379,1.7,28,3,2
MUDPIT,2020-10-01,ACTUAL,15.8,12.8,82,292,3,0,,81.5,16,383,1.6,29,3,2
MUDPIT,2020-10-02,ACTUAL,16.3,11.9,75,243,3,0,,81.9,17,386,1.6,30,3,2
MUDPIT,2020-10-03,ACTUAL,18.4,12.3,67,272,4,0,,83.3,18,390,2,32,4,2
MUDPIT,2020-10-04,ACTUAL,13.7,12.9,95,289,4,3.6,,42.6,12,384,0.1,23,0,2
MUDPIT,2020-10-05,ACTUAL,11.4,11.2,99,83,3,0,,43.4,12,387,0.1,23,0,2
MUDPIT,2020-10-06,ACTUAL,14.1,13,93,1,1,4.2,,24.5,8,379,0,15,0,1
MUDPIT,2020-10-07,ACTUAL,15.5,12.5,82,312,3,0.4,,40.5,8,383,0,16,0,1
MUDPIT,2020-10-08,ACTUAL,14.1,12.1,88,302,3,0,,49.7,9,386,0.2,17,0,1
MUDPIT,2020-10-09,ACTUAL,12.7,10.4,86,222,2,1.6,,47.1,8,389,0.1,16,0,1
MUDPIT,2020-10-10,ACTUAL,12.3,4.1,57,192,11,6.6,,48,5,370,0.2,10,0,1
MUDPIT,2020-10-11,ACTUAL,8.4,4.3,75,275,4,7.8,,30.7,3,348,0,5,0,1
MUDPIT,2020-10-12,ACTUAL,8.6,1.8,62,221,10,7.2,,36.7,1,328,0,2,0,1
MUDPIT,2020-10-13,ACTUAL,2.7,2.4,98,232,4,9.4,,9.3,0,301,0,0,0,1
MUDPIT,2020-10-14,ACTUAL,4.9,2.7,86,261,4,4.6,,14.3,0,292,0,0,0,1
MUDPIT,2020-10-15,ACTUAL,7.6,1.9,67,256,7,0.4,,37.5,1,294,0,1,0,1
MUDPIT,2020-10-16,ACTUAL,3.2,3.1,99,265,3,23.6,,4,0,227,0,0,0,1
MUDPIT,2020-10-17,ACTUAL,4,-1.1,69,244,4,7.4,,17.8,0,212,0,0,0,1
MUDPIT,2020-10-18,ACTUAL,2.1,0.6,90,235,3,3.2,,16.4,0,208,0,0,0,1
MUDPIT,2020-10-19,ACTUAL,1.9,1.9,100,190,3,3.6,,8.2,0,204,0,0,0,1
MUDPIT,2020-10-20,ACTUAL,5.2,2.7,84,251,4,0.4,,20.3,6,205,0,11,0,1
MUDPIT,2020-10-21,ACTUAL,2.2,-2.7,70,225,4,0,,35.8,6,206,0,12,0,1
MUDPIT,2020-10-22,ACTUAL,0.3,-3.1,78,244,1,1.8,,34.1,5,207,0,10,0,1
MUDPIT,2020-10-23,ACTUAL,-1.2,-2.7,90,13,5,0.4,,39.7,5,208,0,10,0,1
MUDPIT,2020-10-24,ACTUAL,-0.4,-12.8,39,351,5,0,,57.6,5,208,0.4,10,0,1
MUDPIT,2020-10-25,ACTUAL,-3.8,-10.6,59,244,3,0.6,,63.9,5,208,0.6,10,0,1
MUDPIT,2020-10-26,ACTUAL,-2.9,-4.8,87,242,5,0.4,,66.3,5,209,0.7,10,0,1
MUDPIT,2020-10-27,ACTUAL,0.6,-0.7,91,265,3,0.6,,66.2,5,209,0.6,10,0,1
MUDPIT,2020-10-28,ACTUAL,1.8,0.8,93,310,3,2,,47.8,4,210,0.1,8,0,1
MUDPIT,2020-10-29,ACTUAL,2.8,2.7,99,272,2,18.4,,7,1,167,0,3,0,1
MUDPIT,2020-10-30,ACTUAL,4.6,4.3,98,203,5,6,,4.1,0,158,0,0,0,1
MUDPIT,2020-10-31,ACTUAL,2.3,0,85,217,3,1.4,,12.2,0,159,0,0,0,1
PASKA LAKE,2020-05-01,ACTUAL,10.7,-6.7,29,198,16,0,,,,,,,,
PASKA LAKE,2020-05-02,ACTUAL,11.4,-1.8,40,171,19,0,,,,,,,,
PASKA LAKE,2020-05-03,ACTUAL,3.2,-6.8,48,276,7,1.4,,,,,,,,
PASKA LAKE,2020-05-04,ACTUAL,7.7,-8.1,32,171,12,2.2,,,,,,,,
PASKA LAKE,2020-05-05,ACTUAL,11.2,-5.4,31,164,13,0,,,,,,,,
PASKA LAKE,2020-05-06,ACTUAL,3,0.2,82,228,17,0.2,,,,,,,,
PASKA LAKE,2020-05-07,ACTUAL,7.2,-2.8,49,345,14,6,,,,,,,,
PASKA LAKE,2020-05-08,ACTUAL,12.4,-2.4,36,24,13,4,,,,,,,,
PASKA LAKE,2020-05-09,ACTUAL,16.1,0.9,36,137,12,0,,,,,,,,
PASKA LAKE,2020-05-10,ACTUAL,14.2,-0.8,36,23,14,0,,,,,,,,
PASKA LAKE,2020-05-11,ACTUAL,12.7,-0.7,40,154,12,0,,,,,,,,
PASKA LAKE,2020-05-12,ACTUAL,12.3,-4.1,32,6,12,0,,,,,,,,
PASKA LAKE,2020-05-13,DELETED,12.1,-0.2,43,214,14,0,,85,6,287,,,,
PASKA LAKE,2020-05-14,ACTUAL,10.1,0.7,52,27,11,0.8,,82.6,7,291,2.6,14,3,1
PASKA LAKE,2020-05-15,ACTUAL,11.7,1.9,51,200,12,1.4,,77.7,9,296,1.7,17,2,1
PASKA LAKE,2020-05-16,ACTUAL,10.1,1,53,161,16,0,,82.6,10,300,3.5,19,6,2
PASKA LAKE,2020-05-17,ACTUAL,9.5,3.5,66,221,11,11.2,,44.4,6,272,0.1,11,0,1
PASKA LAKE,2020-05-18,ACTUAL,8.6,3.3,69,296,7,5.8,,37.7,4,262,0,7,0,1
PASKA LAKE,2020-05-19,ACTUAL,13.1,5.1,58,200,10,0,,63.6,5,267,0.8,10,0,1
PASKA LAKE,2020-05-20,ACTUAL,14,4.9,54,225,15,5.6,,58,4,259,0.8,8,0,1
PASKA LAKE,2020-05-21,ACTUAL,5.8,2.1,77,258,10,0.2,,66.6,5,263,0.9,9,1,1
PASKA LAKE,2020-05-22,ACTUAL,3.5,2.6,94,291,11,9.2,,22.3,2,242,0,4,0,1
PASKA LAKE,2020-05-23,ACTUAL,9.3,2.4,62,242,9,11.2,,32.6,1,218,0,3,0,1
PASKA LAKE,2020-05-24,ACTUAL,11.6,3.2,56,226,7,0,,57.9,3,223,0.5,5,0,1
PASKA LAKE,2020-05-25,ACTUAL,8.3,6.4,88,198,13,8.4,,29.1,1,208,0,2,0,1
PASKA LAKE,2020-05-26,ACTUAL,7.6,1.5,65,290,9,0,,50.8,2,211,0.3,4,0,1
PASKA LAKE,2020-05-27,ACTUAL,11.3,-1.2,42,84,9,0.2,,72.4,4,216,1,7,1,1
PASKA LAKE,2020-05-28,ACTUAL,16,-2.2,29,203,10,0,,85.8,7,221,4,13,5,2
PASKA LAKE,2020-05-29,ACTUAL,20.2,4.9,37,255,9,0,,88.9,11,227,5.8,19,9,2
PASKA LAKE,2020-05-30,ACTUAL,10.9,9.6,92,171,5,5.8,,36.8,6,219,0,11,0,1
PASKA LAKE,2020-05-31,ACTUAL,5.6,5.3,98,241,12,23.2,,5.8,2,166,0,4,0,1
PASKA LAKE,2020-06-01,ACTUAL,8.2,0.5,58,251,8,0.6,,33.6,3,171,0,6,0,1
PASKA LAKE,2020-06-02,ACTUAL,6.2,-1.2,59,201,16,0.2,,57.6,4,175,0.8,8,0,1
PASKA LAKE,2020-06-03,ACTUAL,11.5,-1.7,40,205,10,0,,76.4,6,181,1.4,11,1,1
PASKA LAKE,2020-06-04,ACTUAL,6.6,2.7,76,97,6,0.6,,76.9,7,185,1.2,12,1,1
PASKA LAKE,2020-06-05,ACTUAL,12.6,1.2,46,153,17,1,,80.7,9,191,2.9,15,4,1
PASKA LAKE,2020-06-06,ACTUAL,9.9,-0.3,49,168,10,6.8,,54.5,6,183,0.4,11,0,1
PASKA LAKE,2020-06-07,ACTUAL,4.1,2.3,88,339,28,0.4,,62.3,6,187,1.9,11,2,1
PASKA LAKE,2020-06-08,ACTUAL,6.3,2.2,75,35,9,8.8,,35,3,173,0,6,0,1
PASKA LAKE,2020-06-09,ACTUAL,4.9,3.5,91,167,16,9.6,,18.4,1,157,0,2,0,1
PASKA LAKE,2020-06-10,ACTUAL,13,4.2,55,209,14,0,,54.3,3,163,0.5,5,0,1
PASKA LAKE,2020-06-11,ACTUAL,11.3,5.2,66,145,6,0.2,,68,4,168,0.8,7,0,1
PASKA LAKE,2020-06-12,ACTUAL,14.3,7.2,62,164,17,0.8,,76.9,5,174,2,10,2,1
PASKA LAKE,2020-06-13,ACTUAL,6.4,3,79,316,8,1.2,,69.5,6,179,0.9,11,1,1
PASKA LAKE,2020-06-14,ACTUAL,5.1,3.9,92,210,10,27.2,,17.6,2,122,0,4,0,1
PASKA LAKE,2020-06-15,ACTUAL,7.5,1.6,66,202,10,1,,40.9,3,127,0.1,6,0,1
PASKA LAKE,2020-06-16,ACTUAL,12.2,2.9,53,341,6,0,,64.3,5,133,0.7,9,0,1
PASKA LAKE,2020-06-17,ACTUAL,15.7,3.4,44,326,14,0,,81,7,139,2.6,13,3,1
PASKA LAKE,2020-06-18,ACTUAL,18,-0.4,29,7,9,0,,88.7,11,146,5.6,18,8,2
PASKA LAKE,2020-06-19,ACTUAL,20.4,5.1,37,216,7,0,,89.6,14,153,5.8,23,10,2
PASKA LAKE,2020-06-20,ACTUAL,15,8.1,63,220,17,1.2,,80.8,16,159,2.9,25,6,2
PASKA LAKE,2020-06-21,ACTUAL,16.8,4.1,43,234,12,0.4,,86.2,19,165,4.5,29,9,2
PASKA LAKE,2020-06-22,ACTUAL,17.1,6.6,50,226,15,0,,86.8,21,172,5.8,32,12,2
PASKA LAKE,2020-06-23,ACTUAL,17.2,8.7,57,186,10,0,,86.8,23,178,4.5,35,10,2
PASKA LAKE,2020-06-24,ACTUAL,11.9,9.6,86,18,6,3.6,,50.7,17,179,0.2,27,0,1
PASKA LAKE,2020-06-25,ACTUAL,19.8,7.5,45,216,9,7.6,,59.1,12,170,0.6,21,1,1
PASKA LAKE,2020-06-26,ACTUAL,17.1,8.8,58,202,14,0,,77,14,177,1.8,23,3,1
PASKA LAKE,2020-06-27,ACTUAL,8.2,6.3,88,356,6,0.8,,72.8,14,182,0.9,24,1,1
PASKA LAKE,2020-06-28,ACTUAL,12,5.2,63,346,24,6,,57.3,9,176,1.1,17,1,1
PASKA LAKE,2020-06-29,ACTUAL,18,2.6,36,330,9,6,,62.9,8,171,0.7,15,1,1
PASKA LAKE,2020-06-30,ACTUAL,9.3,4.6,72,341,15,2,,61,7,176,0.9,13,1,1
PASKA LAKE,2020-07-01,ACTUAL,6.1,5.3,95,248,13,12.6,,18.1,3,154,0,6,0,1
PASKA LAKE,2020-07-02,ACTUAL,11.8,4.1,59,219,24,18.8,,42.6,2,120,0.2,4,0,1
PASKA LAKE,2020-07-03,ACTUAL,5.5,2.7,82,219,7,0.2,,53.1,2,125,0.3,5,0,1
PASKA LAKE,2020-07-04,ACTUAL,12,3.8,57,306,5,0.2,,69.5,4,131,0.8,7,0,1
PASKA LAKE,2020-07-05,ACTUAL,14.2,7.1,62,16,7,0,,78.2,5,137,1.4,9,1,1
PASKA LAKE,2020-07-06,ACTUAL,18.1,5.6,44,168,12,0,,85.7,8,144,4.3,14,6,2
PASKA LAKE,2020-07-07,ACTUAL,8.1,6.4,89,166,4,4.4,,41.9,5,143,0.1,8,0,1
PASKA LAKE,2020-07-08,ACTUAL,13.1,7,66,251,11,3.4,,50.4,4,144,0.3,7,0,1
PASKA LAKE,2020-07-09,ACTUAL,11,6.2,72,221,13,1.2,,61.4,4,150,0.9,8,0,1
PASKA LAKE,2020-07-10,ACTUAL,14,2.5,46,202,14,0,,78.9,6,156,2.1,11,2,1
PASKA LAKE,2020-07-11,ACTUAL,15.5,1.1,38,198,18,0,,86.5,9,163,6.3,15,8,2
PASKA LAKE,2020-07-12,ACTUAL,4.6,2.9,89,336,21,0.6,,80,9,167,3.3,16,5,2
PASKA LAKE,2020-07-13,ACTUAL,12.5,1.5,47,269,8,2,,73.1,9,173,1.1,16,1,1
PASKA LAKE,2020-07-14,ACTUAL,17.4,5,44,222,7,0,,83.6,11,180,2.5,20,4,1
PASKA LAKE,2020-07-15,ACTUAL,19.1,8.1,49,343,8,0,,86.4,14,187,3.9,23,7,2
PASKA LAKE,2020-07-16,ACTUAL,17.2,6.7,50,219,11,0,,86.8,16,194,4.6,26,9,2
PASKA LAKE,2020-07-17,ACTUAL,15.8,7.1,56,323,12,0,,86.9,18,201,4.9,29,10,2
PASKA LAKE,2020-07-18,ACTUAL,18.6,5,41,321,9,0,,88.3,20,208,5.3,33,11,2
PASKA LAKE,2020-07-19,ACTUAL,18.2,8.5,53,319,12,0,,88.2,23,215,5.9,36,13,2
PASKA LAKE,2020-07-20,ACTUAL,20.5,6.4,40,342,9,0,,89,26,222,5.9,40,13,2
PASKA LAKE,2020-07-21,ACTUAL,22.6,7.1,37,189,12,0,,90,29,230,7.6,44,17,2
PASKA LAKE,2020-07-22,ACTUAL,19.2,7.6,47,264,10,0,,89.5,32,237,6.7,47,16,2
PASKA LAKE,2020-07-23,ACTUAL,17,5.3,46,236,11,1,,84.8,34,244,3.6,50,10,2
PASKA LAKE,2020-07-24,ACTUAL,8.5,5.4,81,1,8,6.4,,41.6,20,235,0.1,33,0,1
PASKA LAKE,2020-07-25,ACTUAL,15.5,6,53,235,7,3.6,,54.4,16,235,0.4,27,0,1
PASKA LAKE,2020-07-26,ACTUAL,22.1,6.6,37,155,9,0,,81.5,19,243,2.1,32,5,2
PASKA LAKE,2020-07-27,ACTUAL,26,6,28,225,18,0,,91.4,24,251,12.6,39,23,2
PASKA LAKE,2020-07-28,ACTUAL,24.2,4.9,29,211,15,0,,92,28,259,12.2,44,24,2
PASKA LAKE,2020-07-29,ACTUAL,23.3,0.9,23,194,10,0,,93,33,267,10.9,50,24,2
PASKA LAKE,2020-07-30,ACTUAL,27.2,5.4,25,168,14,0,,93.4,38,276,13.9,56,30,3
PASKA LAKE,2020-07-31,ACTUAL,27.2,8.5,31,127,12,0,,93.4,42,284,12.4,62,29,3
PASKA LAKE,2020-08-01,ACTUAL,24.6,2,23,221,8,0,,93.5,46,292,10.5,66,26,3
PASKA LAKE,2020-08-02,ACTUAL,22.8,3.7,29,179,15,0,,93.3,50,299,14.9,70,35,3
PASKA LAKE,2020-08-03,ACTUAL,18.8,5.9,43,208,13,0.2,,90.8,52,305,9.5,73,26,3
PASKA LAKE,2020-08-04,ACTUAL,20.8,7,41,152,7,0,,90.7,55,312,6.7,76,21,3
PASKA LAKE,2020-08-05,ACTUAL,23,4.9,31,191,18,0,,91.3,58,319,12.7,80,33,3
PASKA LAKE,2020-08-06,ACTUAL,11.6,9,84,249,7,0.2,,83.9,59,324,2.6,81,10,2
PASKA LAKE,2020-08-07,ACTUAL,12.7,3.1,52,230,11,6.4,,58.1,37,312,0.6,57,2,2
PASKA LAKE,2020-08-08,ACTUAL,13.3,3.4,51,210,6,0.8,,72.3,38,317,0.9,58,3,2
PASKA LAKE,2020-08-09,ACTUAL,15.7,2.7,42,237,12,0,,83.6,40,323,3.2,61,10,2
PASKA LAKE,2020-08-10,ACTUAL,15.2,7,58,325,7,0,,84.7,41,329,2.8,63,10,2
PASKA LAKE,2020-08-11,ACTUAL,13.9,3,48,209,10,6.8,,59.2,26,315,0.6,43,1,1
PASKA LAKE,2020-08-12,ACTUAL,12.5,0.8,45,198,10,0.6,,76.1,27,321,1.3,45,4,1
PASKA LAKE,2020-08-13,ACTUAL,14.3,2.8,46,246,8,0,,83.4,29,326,2.6,47,7,2
PASKA LAKE,2020-08-14,ACTUAL,17.6,5.2,44,241,8,0,,86.8,31,332,4.1,50,11,2
PASKA LAKE,2020-08-15,ACTUAL,22.8,6.4,35,178,11,0,,90,34,339,7.2,55,18,3
PASKA LAKE,2020-08-16,ACTUAL,27.5,2.5,20,215,14,0,,94.2,39,347,15.6,61,33,3
PASKA LAKE,2020-08-17,ACTUAL,25.4,7.9,33,209,28,0,,93.1,43,355,26.8,66,49,4
PASKA LAKE,2020-08-18,ACTUAL,22.7,5.5,33,221,21,0,,92.6,46,362,17.8,70,39,3
PASKA LAKE,2020-08-19,ACTUAL,20.8,-3,20,207,16,0,,93.4,50,369,15.6,74,37,3
PASKA LAKE,2020-08-20,ACTUAL,16.1,8.7,61,209,15,1.4,,80.8,51,375,2.6,76,10,2
PASKA LAKE,2020-08-21,ACTUAL,16,4.7,47,223,20,0,,85.7,53,381,6.3,79,20,3
PASKA LAKE,2020-08-22,ACTUAL,15.4,1.8,40,207,11,0.2,,87.7,55,386,5.5,81,19,3
PASKA LAKE,2020-08-23,ACTUAL,15.5,1.9,40,141,6,0,,88.2,57,392,4.5,84,16,2
PASKA LAKE,2020-08-24,ACTUAL,11.3,5.5,67,241,7,1.4,,75.8,58,397,1.1,85,5,2
PASKA LAKE,2020-08-25,ACTUAL,17.5,4.4,42,135,8,0,,84.8,60,403,3.1,88,12,2
PASKA LAKE,2020-08-26,ACTUAL,18,3,37,250,10,0,,88.3,63,410,5.5,91,20,3
PASKA LAKE,2020-08-27,ACTUAL,16.1,1.7,38,125,5,0,,88.7,65,416,4.6,93,18,3
PASKA LAKE,2020-08-28,ACTUAL,20.5,1.3,28,238,12,0,,91.1,68,422,9,97,29,4
PASKA LAKE,2020-08-29,ACTUAL,12.2,-1.1,40,297,11,0,,90,70,427,7.5,99,26,3
PASKA LAKE,2020-08-30,ACTUAL,12.7,0,42,223,12,0,,89.4,71,433,7.3,101,26,3
PASKA LAKE,2020-08-31,ACTUAL,11.7,5.6,66,244,7,3.2,,62.6,55,430,0.7,83,3,2
PASKA LAKE,2020-09-01,ACTUAL,19.2,7.9,48,221,11,0,,80.8,57,435,2.2,86,9,2
PASKA LAKE,2020-09-02,ACTUAL,14,5.7,57,346,10,0.8,,81.3,58,439,2.2,87,10,2
PASKA LAKE,2020-09-03,ACTUAL,20.3,6.2,40,260,10,0,,87.5,60,445,5,90,18,3
PASKA LAKE,2020-09-04,ACTUAL,23.3,6.5,34,103,11,0,,90.3,63,451,7.7,94,25,3
PASKA LAKE,2020-09-05,ACTUAL,22.3,2.8,28,335,13,0,,91.7,66,456,10.4,97,32,4
PASKA LAKE,2020-09-06,ACTUAL,20.9,5.6,37,261,7,0,,91.5,69,462,7.4,100,26,3
PASKA LAKE,2020-09-07,ACTUAL,13.3,-4.5,29,9,22,0,,91.6,71,466,16.1,102,44,4
PASKA LAKE,2020-09-08,ACTUAL,16.9,-7.6,18,355,13,0,,93,73,471,13,105,38,4
PASKA LAKE,2020-09-09,ACTUAL,21.2,3.7,32,52,9,0,,92.6,76,476,9.8,109,32,4
PASKA LAKE,2020-09-10,ACTUAL,23.6,2.4,25,42,5,0,,92.8,79,482,8.2,112,29,4
PASKA LAKE,2020-09-11,ACTUAL,25,2.4,23,224,11,0,,93.4,83,488,12,116,38,4
PASKA LAKE,2020-09-12,ACTUAL,23.3,1.5,24,247,7,0,,93.5,86,494,9.7,120,33,4
PASKA LAKE,2020-09-13,ACTUAL,18.8,-5.4,19,209,16,0,,93.5,89,499,15.6,123,46,4
PASKA LAKE,2020-09-14,ACTUAL,17.1,1,34,199,10,0,,92.1,91,504,9.5,125,34,4
PASKA LAKE,2020-09-15,ACTUAL,19.3,5.3,40,217,13,0,,91,93,509,9.3,128,33,4
PASKA LAKE,2020-09-16,ACTUAL,21.2,7,40,160,8,0,,90.9,96,515,7.3,131,28,4
PASKA LAKE,2020-09-17,ACTUAL,22,6.9,38,142,9,0,,91,98,520,7.9,133,30,4
PASKA LAKE,2020-09-18,ACTUAL,20.8,7.7,43,219,8,0,,90.5,100,526,6.8,136,27,3
PASKA LAKE,2020-09-19,ACTUAL,13.1,7.4,68,201,11,0,,86.3,101,530,4.3,137,20,3
PASKA LAKE,2020-09-20,ACTUAL,13.9,4.2,52,191,12,31.2,,49.7,45,384,0.3,69,1,2
PASKA LAKE,2020-09-21,ACTUAL,11.5,1.7,51,210,12,0,,71.1,46,388,1.2,71,5,2
PASKA LAKE,2020-09-22,ACTUAL,13.5,4.1,53,224,20,0,,81.4,47,392,3.6,72,13,2
PASKA LAKE,2020-09-23,ACTUAL,10.5,5.7,72,163,18,0,,81.8,48,395,3.4,73,12,2
PASKA LAKE,2020-09-24,ACTUAL,8.3,2.2,65,210,17,4,,58.5,35,388,0.9,57,3,2
PASKA LAKE,2020-09-25,ACTUAL,6.7,3.2,78,171,19,0,,68.4,35,391,1.5,57,5,2
PASKA LAKE,2020-09-26,ACTUAL,7.7,-1.3,53,253,14,0,,78.1,36,394,1.9,58,6,2
PASKA LAKE,2020-09-27,ACTUAL,10.6,0.6,50,220,10,0,,82.9,37,397,2.7,60,9,2
PASKA LAKE,2020-09-28,ACTUAL,19.4,5,39,228,13,0,,87.9,39,403,6,63,17,3
PASKA LAKE,2020-09-29,ACTUAL,21.5,3.6,31,181,9,0,,90.6,42,408,7.1,66,20,3
PASKA LAKE,2020-09-30,ACTUAL,21.6,4.1,32,205,9,0,,90.9,44,414,7.7,70,22,3
PASKA LAKE,2020-10-01,ACTUAL,16.9,5.5,47,183,7,0,,89.6,46,418,5.7,72,18,3
PASKA LAKE,2020-10-02,ACTUAL,20.9,5.6,37,243,8,0,,89.8,48,422,6.3,75,20,3
PASKA LAKE,2020-10-03,ACTUAL,21.6,4.5,33,171,9,0,,90.6,50,427,7.5,78,23,3
PASKA LAKE,2020-10-04,ACTUAL,14,6.7,61,274,6,0.2,,87.5,51,430,4.1,79,15,2
PASKA LAKE,2020-10-05,ACTUAL,14.6,7.5,62,230,9,3,,66.9,41,426,0.9,67,3,2
PASKA LAKE,2020-10-06,ACTUAL,13.5,7.8,68,120,5,0,,75.2,42,429,1,68,4,2
PASKA LAKE,2020-10-07,ACTUAL,16.7,8.2,57,222,7,0,,82,43,433,2.1,69,8,2
PASKA LAKE,2020-10-08,ACTUAL,11,5.4,68,208,18,0,,82.6,44,436,3.7,70,13,2
PASKA LAKE,2020-10-09,ACTUAL,7.3,2.6,72,167,15,0,,82.6,44,438,3.3,71,12,2
PASKA LAKE,2020-10-10,ACTUAL,9.2,-2.5,44,221,28,0,,85.5,45,440,9.5,72,26,3
PASKA LAKE,2020-10-11,ACTUAL,4.4,-4.1,54,217,17,0,,85.6,45,442,5.3,72,17,3
PASKA LAKE,2020-10-12,ACTUAL,3.5,-1.6,69,328,13,6,,47.1,28,422,0.2,48,0,1
PASKA LAKE,2020-10-13,ACTUAL,2.8,1.6,92,174,17,3.6,,31.3,20,413,0,36,0,1
PASKA LAKE,2020-10-14,ACTUAL,4,-0.2,74,267,9,2.4,,37.7,17,415,0,31,0,1
PASKA LAKE,2020-10-15,ACTUAL,3.1,-3,64,234,10,0.2,,55.2,17,416,0.5,31,1,1
PASKA LAKE,2020-10-16,ACTUAL,10.2,3.3,62,235,16,1.8,,63.4,16,418,1.1,30,2,1
PASKA LAKE,2020-10-17,ACTUAL,0.1,-7.4,57,329,11,0.8,,69.2,16,419,1.1,30,2,1
PASKA LAKE,2020-10-18,ACTUAL,1,-0.8,88,189,4,1.6,,55.9,16,420,0.4,29,0,1
PASKA LAKE,2020-10-19,ACTUAL,4.5,1,78,245,12,6.6,,35.1,9,398,0,17,0,1
PASKA LAKE,2020-10-20,ACTUAL,1.2,-2.2,78,269,3,1,,41.8,9,399,0.1,17,0,1
PASKA LAKE,2020-10-21,ACTUAL,-3,-5.5,83,351,15,0.4,,51.1,9,400,0.4,17,0,1
PASKA LAKE,2020-10-22,ACTUAL,-4.2,-8.3,73,327,9,2,,46.7,7,400,0.2,14,0,1
PASKA LAKE,2020-10-23,ACTUAL,-3,-5,86,140,6,1.6,,42.4,7,400,0.1,13,0,1
PASKA LAKE,2020-10-24,ACTUAL,-11,-14.1,78,358,15,0,,50.5,7,400,0.4,13,0,1
PASKA LAKE,2020-10-25,ACTUAL,-8.6,-11.7,78,191,7,0,,56.4,7,400,0.4,13,0,1
PASKA LAKE,2020-10-26,ACTUAL,-0.7,-2.8,86,302,5,0,,60.7,7,401,0.6,13,0,1
PASKA LAKE,2020-10-27,ACTUAL,4.4,0.2,74,219,10,14,,30.5,3,350,0,6,0,1
PASKA LAKE,2020-10-28,ACTUAL,7.1,2.8,74,215,18,2.6,,42.5,2,352,0.1,4,0,1
PASKA LAKE,2020-10-29,ACTUAL,5.9,2.2,77,217,18,0.4,,58.4,2,354,0.9,4,0,1
PASKA LAKE,2020-10-30,ACTUAL,4.8,-2.1,61,250,18,0,,71.3,2,356,1.6,5,1,1
PASKA LAKE,2020-10-31,ACTUAL,0.8,-2.3,80,206,5,2.2,,53.5,1,357,0.3,3,0,1
SPARKS LAKE,2020-05-01,ACTUAL,15.2,-1.1,33,169,11,0,,,,,,,,
SPARKS LAKE,2020-05-02,ACTUAL,15.9,-1.8,30,152,12,0,,,,,,,,
SPARKS LAKE,2020-05-03,ACTUAL,11.8,-7.7,25,244,10,5.6,,,,,,,,
SPARKS LAKE,2020-05-04,DELETED,12.8,-5.9,27,172,10,0,,85,6,350,,,,
SPARKS LAKE,2020-05-05,ACTUAL,14.9,-3.6,28,173,8,0,,89.2,9,355,5.7,17,8,2
SPARKS LAKE,2020-05-06,ACTUAL,10.4,1.2,53,237,8,0.2,,87.7,10,359,4.6,19,7,2
SPARKS LAKE,2020-05-07,ACTUAL,11.8,-2.5,37,320,7,2.4,,73.8,10,364,1,19,1,1
SPARKS LAKE,2020-05-08,ACTUAL,18.4,1.7,33,256,7,0,,85.9,14,370,3.4,25,6,2
SPARKS LAKE,2020-05-09,ACTUAL,20.4,1.7,29,204,10,0,,90.4,18,376,7.4,32,14,2
SPARKS LAKE,2020-05-10,ACTUAL,20.4,-3.4,20,313,7,0,,92.9,22,382,9.3,39,19,2
SPARKS LAKE,2020-05-11,ACTUAL,18.6,-0.9,27,234,7,0,,92.9,26,388,9,44,19,2
SPARKS LAKE,2020-05-12,ACTUAL,18.5,-4.9,20,294,8,0,,93.1,30,393,9.9,50,22,2
SPARKS LAKE,2020-05-13,ACTUAL,17.2,-1.1,29,299,7,0,,92.6,33,399,9.1,55,22,3
SPARKS LAKE,2020-05-14,ACTUAL,15.2,1.2,39,252,5,0,,91.1,36,404,6.3,59,17,3
SPARKS LAKE,2020-05-15,ACTUAL,10.3,8.5,89,104,6,23.6,,25.1,13,320,0,24,0,1
SPARKS LAKE,2020-05-16,ACTUAL,15.6,1.6,39,161,12,0,,65,16,325,1,29,1,1
SPARKS LAKE,2020-05-17,ACTUAL,10.3,7,80,235,4,10.2,,30.9,8,298,0,16,0,1
SPARKS LAKE,2020-05-18,ACTUAL,13.2,4.4,55,280,6,23.4,,35.3,5,234,0,10,0,1
SPARKS LAKE,2020-05-19,ACTUAL,19,5,40,284,9,0.4,,71.6,8,240,1,15,1,1
SPARKS LAKE,2020-05-20,ACTUAL,20.6,5.7,38,218,8,0,,85.3,12,246,3.2,21,5,2
SPARKS LAKE,2020-05-21,ACTUAL,15.2,-1.1,33,307,12,0.2,,88.6,15,251,6.3,26,11,2
SPARKS LAKE,2020-05-22,ACTUAL,9.1,4.4,72,307,7,3.4,,58,11,250,0.5,20,0,1
SPARKS LAKE,2020-05-23,ACTUAL,14,5.1,55,226,6,2.8,,59.4,10,255,0.5,18,0,1
SPARKS LAKE,2020-05-24,ACTUAL,17.6,3.8,40,154,8,0,,79.8,13,260,1.6,23,3,1
SPARKS LAKE,2020-05-25,ACTUAL,13.7,9.4,75,183,7,6.4,,46.9,8,250,0.2,15,0,1
SPARKS LAKE,2020-05-26,ACTUAL,12.1,0.1,44,296,7,0,,69.9,10,255,0.9,18,1,1
SPARKS LAKE,2020-05-27,ACTUAL,17.1,-2.7,26,217,7,0,,85.5,13,260,3.1,24,6,2
SPARKS LAKE,2020-05-28,ACTUAL,15.3,1.3,39,294,6,0,,87.6,16,265,4.1,28,8,2
SPARKS LAKE,2020-05-29,ACTUAL,21.8,5.6,35,235,6,0,,89.9,20,272,5.8,34,12,2
SPARKS LAKE,2020-05-30,ACTUAL,12.9,11.8,93,350,4,1.6,,67.6,19,276,0.7,33,1,1
SPARKS LAKE,2020-05-31,ACTUAL,11.3,10.2,93,281,5,15.6,,19.2,9,237,0,16,0,1
SPARKS LAKE,2020-06-01,ACTUAL,14.8,-0.6,35,258,6,0.4,,58,11,243,0.5,20,0,1
SPARKS LAKE,2020-06-02,ACTUAL,9.9,6.1,77,190,5,0.4,,66.7,12,249,0.7,21,1,1
SPARKS LAKE,2020-06-03,ACTUAL,13,-0.7,39,150,6,0.4,,80.3,14,254,1.6,25,3,1
SPARKS LAKE,2020-06-04,ACTUAL,12.6,0.3,43,177,9,2.6,,70.8,13,260,1,23,1,1
SPARKS LAKE,2020-06-05,ACTUAL,17.6,3.8,40,160,12,0.6,,83.7,16,267,3.3,28,7,2
SPARKS LAKE,2020-06-06,ACTUAL,13.8,2.3,46,146,10,8.4,,57.8,10,251,0.6,19,1,1
SPARKS LAKE,2020-06-07,ACTUAL,12,4.8,61,307,9,0.2,,72.5,12,257,1.1,21,1,1
SPARKS LAKE,2020-06-08,ACTUAL,7.8,5.6,86,104,5,1.4,,62.6,12,262,0.6,22,1,1
SPARKS LAKE,2020-06-09,ACTUAL,7.2,5.2,87,182,7,3,,43.7,9,262,0.1,16,0,1
SPARKS LAKE,2020-06-10,ACTUAL,19.1,4,37,176,13,0,,77.2,12,269,1.7,22,3,1
SPARKS LAKE,2020-06-11,ACTUAL,17.2,7,51,146,8,0,,83.8,15,275,2.7,26,5,2
SPARKS LAKE,2020-06-12,ACTUAL,17.1,8.6,57,162,15,0,,85.2,17,281,4.7,29,9,2
SPARKS LAKE,2020-06-13,ACTUAL,13.2,4.4,55,275,5,0.2,,85.4,18,287,2.8,32,6,2
SPARKS LAKE,2020-06-14,ACTUAL,9.4,7.8,90,114,4,13.2,,25.4,9,255,0,16,0,1
SPARKS LAKE,2020-06-15,ACTUAL,12.7,2.2,49,183,9,0.2,,57.6,11,261,0.5,19,0,1
SPARKS LAKE,2020-06-16,ACTUAL,12.2,10.4,89,179,4,3.4,,38.1,7,261,0,14,0,1
SPARKS LAKE,2020-06-17,ACTUAL,19.7,2.4,32,324,9,2.2,,70,9,267,1,17,1,1
SPARKS LAKE,2020-06-18,ACTUAL,24.6,4.3,27,269,7,0,,88.4,14,275,4.8,25,9,2
SPARKS LAKE,2020-06-19,ACTUAL,25.2,5.8,29,154,8,0,,91.7,19,283,8.3,33,16,2
SPARKS LAKE,2020-06-20,ACTUAL,20.8,10.3,51,163,10,5,,69.6,15,279,1,26,1,1
SPARKS LAKE,2020-06-21,ACTUAL,22.3,5.6,34,187,9,0,,86.4,19,286,4.1,32,9,2
SPARKS LAKE,2020-06-22,ACTUAL,17.2,7,51,168,7,0,,86.7,21,293,3.7,36,9,2
SPARKS LAKE,2020-06-23,ACTUAL,18.3,10.2,59,94,4,0,,86.7,23,300,3.3,39,8,2
SPARKS LAKE,2020-06-24,ACTUAL,18.8,12.4,66,161,4,9,,49.7,14,281,0.2,24,0,1
SPARKS LAKE,2020-06-25,ACTUAL,24.2,12.5,48,171,6,0.8,,76.6,17,289,1.1,30,2,1
SPARKS LAKE,2020-06-26,ACTUAL,20.8,9.1,47,187,9,0.2,,85.2,20,296,3.4,34,8,2
SPARKS LAKE,2020-06-27,ACTUAL,12.9,5.1,59,288,10,1,,80.6,22,302,2,37,5,2
SPARKS LAKE,2020-06-28,ACTUAL,16.1,6,51,311,10,2.6,,71.7,20,308,1.1,34,2,1
SPARKS LAKE,2020-06-29,ACTUAL,21.7,4.6,33,309,8,0.2,,86.7,24,316,4,40,10,2
SPARKS LAKE,2020-06-30,ACTUAL,12.7,7,68,316,6,8.6,,46.6,13,297,0.1,24,0,1
SPARKS LAKE,2020-07-01,ACTUAL,9.2,8.1,93,318,4,10.4,,16.3,7,273,0,12,0,1
SPARKS LAKE,2020-07-02,ACTUAL,16.8,6.3,50,197,6,24.2,,41,5,212,0.1,9,0,1
SPARKS LAKE,2020-07-03,ACTUAL,10.8,6.6,75,163,7,0,,57.3,5,218,0.5,10,0,1
SPARKS LAKE,2020-07-04,ACTUAL,17.9,7,49,238,8,0.2,,77.4,8,225,1.4,14,1,1
SPARKS LAKE,2020-07-05,ACTUAL,21.8,7.5,40,193,9,0.8,,85.4,11,232,3.5,19,6,2
SPARKS LAKE,2020-07-06,ACTUAL,21.2,7.7,42,234,7,0.4,,88.2,14,240,4.6,24,8,2
SPARKS LAKE,2020-07-07,ACTUAL,14.5,11.5,82,318,6,1.2,,75.6,15,246,1,25,1,1
SPARKS LAKE,2020-07-08,ACTUAL,17.1,8.6,57,213,4,6,,54.5,10,240,0.3,18,0,1
SPARKS LAKE,2020-07-09,ACTUAL,16.5,8.3,58,185,8,0.6,,72.7,12,246,1,21,1,1
SPARKS LAKE,2020-07-10,ACTUAL,20.6,6.1,39,156,9,0,,85.5,15,254,3.5,26,7,2
SPARKS LAKE,2020-07-11,ACTUAL,17.3,3.5,40,135,8,0,,87.9,18,261,4.8,30,10,2
SPARKS LAKE,2020-07-12,ACTUAL,8.8,6.7,87,356,7,2,,63.5,16,266,0.7,27,1,1
SPARKS LAKE,2020-07-13,ACTUAL,17.2,4.4,43,222,6,1,,77.1,18,273,1.2,31,2,1
SPARKS LAKE,2020-07-14,ACTUAL,23.1,4.5,30,229,6,0,,88.7,22,281,4.8,37,11,2
SPARKS LAKE,2020-07-15,ACTUAL,22.6,8.6,41,302,5,0,,89.3,25,288,4.8,42,12,2
SPARKS LAKE,2020-07-16,ACTUAL,23.2,8.8,40,293,6,0,,89.6,29,296,5.6,46,14,2
SPARKS LAKE,2020-07-17,ACTUAL,19.2,6.9,45,33,6,0.2,,89.7,31,303,5.4,50,14,2
SPARKS LAKE,2020-07-18,ACTUAL,24.2,4.4,28,318,9,0,,91.9,36,311,8.9,55,22,3
SPARKS LAKE,2020-07-19,ACTUAL,22.7,9.1,42,346,8,1.8,,83.1,36,319,2.4,57,8,2
SPARKS LAKE,2020-07-20,ACTUAL,24.9,7.4,33,278,8,0,,90,40,327,6.5,62,18,3
SPARKS LAKE,2020-07-21,ACTUAL,28.4,9.1,30,231,8,0,,92.3,45,336,8.8,68,24,3
SPARKS LAKE,2020-07-22,ACTUAL,23,7.4,37,244,3,0,,91.9,49,344,6.5,72,20,3
SPARKS LAKE,2020-07-23,ACTUAL,22.4,8.8,42,255,7,3.6,,75.5,39,344,1.1,61,4,2
SPARKS LAKE,2020-07-24,ACTUAL,14.9,8,63,298,5,9,,46.9,22,322,0.1,37,0,1
SPARKS LAKE,2020-07-25,ACTUAL,20.8,7.7,43,118,6,2.6,,67.4,21,330,0.8,36,1,1
SPARKS LAKE,2020-07-26,ACTUAL,25.7,8.6,34,251,6,0,,86.7,25,338,3.6,42,9,2
SPARKS LAKE,2020-07-27,ACTUAL,29.3,9.9,30,174,10,0,,92.1,30,347,9.6,49,21,2
SPARKS LAKE,2020-07-28,ACTUAL,29.5,7.4,25,150,10,0,,93.6,35,356,11.8,56,27,3
SPARKS LAKE,2020-07-29,ACTUAL,27.7,2,19,143,8,0,,94.7,41,365,12.5,63,29,3
SPARKS LAKE,2020-07-30,ACTUAL,30.1,4.7,20,215,8,0,,95,46,374,12.8,71,31,3
SPARKS LAKE,2020-07-31,ACTUAL,31,9.2,26,189,10,0,,95,52,383,14.4,78,36,3
SPARKS LAKE,2020-08-01,ACTUAL,27.8,9.5,32,194,6,1,,90.5,56,391,6.2,83,21,3
SPARKS LAKE,2020-08-02,ACTUAL,27.5,6.2,26,172,8,0,,92.9,60,399,9.9,88,29,3
SPARKS LAKE,2020-08-03,ACTUAL,22.3,5.1,33,276,7,0,,92.6,64,406,8.7,91,27,3
SPARKS LAKE,2020-08-04,ACTUAL,25.1,7.2,32,46,6,0,,92.6,67,414,8.3,96,27,3
SPARKS LAKE,2020-08-05,ACTUAL,28.2,6.3,25,151,9,0,,93.5,72,422,11.3,101,34,4
SPARKS LAKE,2020-08-06,ACTUAL,11.5,9.9,90,11,7,6.6,,38.1,43,404,0,68,0,2
SPARKS LAKE,2020-08-07,ACTUAL,17.4,6.6,49,229,5,7.8,,48.1,26,383,0.2,44,0,1
SPARKS LAKE,2020-08-08,ACTUAL,17.2,4.8,44,251,6,0,,73.6,28,389,1,47,3,1
SPARKS LAKE,2020-08-09,ACTUAL,20,4,35,207,6,0,,85.9,31,396,3.3,51,10,2
SPARKS LAKE,2020-08-10,ACTUAL,20.2,5.7,39,309,7,0,,88.6,33,402,5,55,14,2
SPARKS LAKE,2020-08-11,ACTUAL,19.1,7.2,46,155,5,1,,84.6,36,409,2.6,58,8,2
SPARKS LAKE,2020-08-12,ACTUAL,18.5,2.6,35,162,8,0,,88.6,38,415,5.4,62,16,2
SPARKS LAKE,2020-08-13,ACTUAL,19.4,3,34,251,6,0,,89.8,41,421,5.6,66,17,3
SPARKS LAKE,2020-08-14,ACTUAL,21.8,4.7,33,287,7,0,,90.6,44,428,6.7,70,20,3
SPARKS LAKE,2020-08-15,ACTUAL,26.4,7.8,31,163,9,0,,91.8,48,436,8.6,75,25,3
SPARKS LAKE,2020-08-16,ACTUAL,31.8,6.8,21,124,7,0,,94.8,53,445,11.7,82,32,3
SPARKS LAKE,2020-08-17,ACTUAL,32.6,6.7,20,208,14,0,,95.4,59,454,18.8,89,45,3
SPARKS LAKE,2020-08-18,ACTUAL,29.2,2.4,18,185,12,0,,95.4,64,462,16.6,95,43,4
SPARKS LAKE,2020-08-19,ACTUAL,26.1,3.3,23,214,8,0,,95.2,68,470,13.3,100,38,4
SPARKS LAKE,2020-08-20,ACTUAL,18.2,11.6,65,124,8,3.6,,66.5,51,465,0.8,81,3,2
SPARKS LAKE,2020-08-21,ACTUAL,19.6,4.8,38,171,12,0,,84.2,54,472,3.5,84,14,2
SPARKS LAKE,2020-08-22,ACTUAL,20.8,0.5,26,196,9,0,,90.6,57,478,7.4,88,24,3
SPARKS LAKE,2020-08-23,ACTUAL,18.9,4.9,40,257,6,0,,90.6,60,485,6.2,92,22,3
SPARKS LAKE,2020-08-24,ACTUAL,13.8,7.2,64,208,4,1.6,,75.4,59,490,1,90,4,2
SPARKS LAKE,2020-08-25,ACTUAL,21.4,6.4,38,229,7,0,,86.4,61,497,3.6,94,15,3
SPARKS LAKE,2020-08-26,ACTUAL,21.8,4.3,32,314,7,0,,90.1,65,504,6.1,98,22,3
SPARKS LAKE,2020-08-27,ACTUAL,22.3,1.8,26,307,9,0,,92,68,511,9.1,102,30,4
SPARKS LAKE,2020-08-28,ACTUAL,24.2,4.4,28,180,11,0,,92.2,72,519,10.1,107,33,4
SPARKS LAKE,2020-08-29,ACTUAL,17.8,-3.7,23,295,9,0,,92.3,75,525,9.5,111,32,4
SPARKS LAKE,2020-08-30,ACTUAL,17.9,0,30,257,6,0,,92.3,78,531,7.9,114,28,4
SPARKS LAKE,2020-08-31,ACTUAL,15.6,6.6,55,330,6,1.4,,80.2,79,537,1.6,116,8,3
SPARKS LAKE,2020-09-01,ACTUAL,20.2,10.1,52,170,4,0,,84.9,81,542,2.6,118,13,3
SPARKS LAKE,2020-09-02,ACTUAL,19.8,3.4,34,308,7,1,,86.1,84,547,3.4,121,16,3
SPARKS LAKE,2020-09-03,ACTUAL,23.9,6.5,33,184,9,0,,90.3,87,553,7,124,27,3
SPARKS LAKE,2020-09-04,ACTUAL,25.8,9.5,36,233,7,0,,90.8,90,560,7,128,28,4
SPARKS LAKE,2020-09-05,ACTUAL,26.5,4.8,25,339,9,0,,93,93,566,10.5,132,36,4
SPARKS LAKE,2020-09-06,ACTUAL,23.8,6.5,33,3,9,0,,92.8,96,572,10,136,36,4
SPARKS LAKE,2020-09-07,ACTUAL,19.1,-0.4,27,305,10,0,,92.8,99,577,10.4,139,37,4
SPARKS LAKE,2020-09-08,ACTUAL,22.6,-1.5,20,227,7,0,,93.6,102,583,10.2,142,37,4
SPARKS LAKE,2020-09-09,ACTUAL,25.2,5.3,28,243,8,0,,93.7,106,589,10.5,146,38,4
SPARKS LAKE,2020-09-10,ACTUAL,26.5,5.4,26,247,7,0,,93.7,109,596,10.1,150,37,4
SPARKS LAKE,2020-09-11,ACTUAL,27.5,3.9,22,243,6,0,,94.1,113,602,10.3,154,38,4
SPARKS LAKE,2020-09-12,ACTUAL,27.1,4.1,23,232,7,0,,94.1,117,609,10.8,158,39,4
SPARKS LAKE,2020-09-13,ACTUAL,18.4,4.5,40,284,5,0,,91.7,119,614,7.1,161,30,4
SPARKS LAKE,2020-09-14,ACTUAL,20.9,1.1,27,227,7,0,,91.9,122,620,8,164,32,4
SPARKS LAKE,2020-09-15,ACTUAL,21,8.6,45,198,5,0.6,,89.3,124,625,4.9,166,23,4
SPARKS LAKE,2020-09-16,ACTUAL,21.4,9.6,47,225,6,0,,89.3,126,631,5.3,168,25,4
SPARKS LAKE,2020-09-17,ACTUAL,22.5,9.6,44,274,5,0,,89.4,129,636,5,171,24,4
SPARKS LAKE,2020-09-18,ACTUAL,21,9.6,48,278,6,0,,89.4,131,642,5.4,173,25,4
SPARKS LAKE,2020-09-19,ACTUAL,12.1,11.5,96,357,2,2.4,,54.7,98,646,0.3,142,1,2
SPARKS LAKE,2020-09-20,ACTUAL,17.6,8.2,54,221,6,5.2,,55.5,62,622,0.4,100,1,2
SPARKS LAKE,2020-09-21,ACTUAL,16.8,4.8,45,236,6,0,,76.1,64,626,1.1,102,6,3
SPARKS LAKE,2020-09-22,ACTUAL,17.7,5.9,46,189,9,0,,84.5,66,631,3.1,105,14,3
SPARKS LAKE,2020-09-23,ACTUAL,11.6,9.7,88,157,6,1.8,,64.3,61,635,0.7,99,3,2
SPARKS LAKE,2020-09-24,ACTUAL,13.7,3.2,49,172,7,5,,56.6,41,612,0.5,71,1,2
SPARKS LAKE,2020-09-25,ACTUAL,13,2.8,50,162,12,0,,75.4,43,616,1.5,73,6,2
SPARKS LAKE,2020-09-26,ACTUAL,12.9,0.9,44,272,7,1.2,,77.5,44,620,1.3,75,5,2
SPARKS LAKE,2020-09-27,ACTUAL,14.3,4,50,173,9,0,,83.5,45,625,2.7,77,10,2
SPARKS LAKE,2020-09-28,ACTUAL,15.9,7.7,58,222,6,0,,84.7,47,629,2.7,79,10,2
SPARKS LAKE,2020-09-29,ACTUAL,21.1,7.6,42,274,5,0,,87.9,49,635,4.2,82,15,2
SPARKS LAKE,2020-09-30,ACTUAL,19.4,8.7,50,229,5,0,,88,51,640,4.2,85,16,2
SPARKS LAKE,2020-10-01,ACTUAL,17.1,9.8,62,199,4,0,,86.9,52,644,3.3,86,13,2
SPARKS LAKE,2020-10-02,ACTUAL,20.3,9.9,51,242,5,0,,87.2,53,648,3.6,89,14,2
SPARKS LAKE,2020-10-03,ACTUAL,20.2,9.2,49,217,7,0,,87.5,55,652,4.2,91,16,3
SPARKS LAKE,2020-10-04,ACTUAL,16.7,10.6,67,277,6,1.2,,78.7,56,656,1.3,92,6,3
SPARKS LAKE,2020-10-05,ACTUAL,14.6,8.4,66,219,4,0,,81.5,57,659,1.7,93,8,3
SPARKS LAKE,2020-10-06,ACTUAL,16,8.8,62,296,4,0,,83.4,58,663,2,95,9,3
SPARKS LAKE,2020-10-07,ACTUAL,16.6,9.6,63,169,4,0,,84.1,59,667,2.2,96,10,3
SPARKS LAKE,2020-10-08,ACTUAL,17.4,6,47,183,6,0,,86.5,60,671,3.5,98,15,3
SPARKS LAKE,2020-10-09,ACTUAL,11,5.4,68,182,7,1,,79.1,61,673,1.5,99,7,3
SPARKS LAKE,2020-10-10,ACTUAL,7.9,3.2,72,307,13,0.2,,80.4,61,675,2.3,100,11,3
SPARKS LAKE,2020-10-11,ACTUAL,8.1,1.7,64,191,6,4.4,,52,42,653,0.3,73,1,2
SPARKS LAKE,2020-10-12,ACTUAL,6.5,-0.4,61,279,3,10.2,,32.6,22,588,0,40,0,1
SPARKS LAKE,2020-10-13,ACTUAL,4.4,2.9,90,179,11,6,,20.8,13,559,0,24,0,1
SPARKS LAKE,2020-10-14,ACTUAL,10.3,0.3,50,251,5,2.4,,43.4,11,562,0.1,21,0,1
SPARKS LAKE,2020-10-15,ACTUAL,6,0.6,68,252,3,0.6,,55.4,11,563,0.3,22,0,1
SPARKS LAKE,2020-10-16,ACTUAL,12.8,7.1,68,294,4,2,,56.4,10,566,0.4,20,0,1
SPARKS LAKE,2020-10-17,ACTUAL,5.2,-5.3,47,332,6,1.2,,65,11,568,0.7,20,1,1
SPARKS LAKE,2020-10-18,ACTUAL,1.1,-0.1,92,217,5,2.8,,40.9,8,569,0.1,15,0,1
SPARKS LAKE,2020-10-19,ACTUAL,3.2,2.2,93,244,3,0.4,,44.6,8,570,0.1,15,0,1
SPARKS LAKE,2020-10-20,ACTUAL,5.6,3.3,85,218,4,3,,34.7,5,562,0,10,0,1
SPARKS LAKE,2020-10-21,ACTUAL,1.9,-1.3,79,300,8,3.6,,31,3,550,0,6,0,1
SPARKS LAKE,2020-10-22,ACTUAL,-1.5,-6.8,67,291,5,0.6,,43.9,3,550,0.1,6,0,1
SPARKS LAKE,2020-10-23,ACTUAL,-1.2,-3.6,84,196,6,0,,51,3,551,0.3,6,0,1
SPARKS LAKE,2020-10-24,ACTUAL,-8.9,-14.3,65,326,9,0,,59.4,3,551,0.6,6,0,1
SPARKS LAKE,2020-10-25,ACTUAL,-5.4,-12.4,58,184,8,0,,67.4,3,551,0.9,6,0,1
SPARKS LAKE,2020-10-26,ACTUAL,-2.4,-5.7,78,195,6,0.6,,69.4,3,552,0.8,6,0,1
SPARKS LAKE,2020-10-27,ACTUAL,0.6,-2.1,82,208,7,1.2,,63.1,3,552,0.7,6,0,1
SPARKS LAKE,2020-10-28,ACTUAL,2.1,0.9,92,196,5,8.6,,21.7,1,510,0,2,0,1
SPARKS LAKE,2020-10-29,ACTUAL,3.2,2.6,96,235,2,8.6,,7.2,0,472,0,0,0,1
SPARKS LAKE,2020-10-30,ACTUAL,7.2,4,80,336,10,0.2,,26,0,474,0,1,0,1
SPARKS LAKE,2020-10-31,ACTUAL,1.9,-0.2,86,260,3,0.8,,32.2,0,475,0,1,0,1
WELLS GRAY,2020-05-01,ACTUAL,17.5,-2.8,25,217,7,0,,,,,,,,
WELLS GRAY,2020-05-02,ACTUAL,17.5,-0.9,29,152,9,0,,,,,,,,
WELLS GRAY,2020-05-03,ACTUAL,10.7,-0.2,47,268,6,7.4,,,,,,,,
WELLS GRAY,2020-05-04,ACTUAL,14.3,-3.2,30,164,7,0,,,,,,,,
WELLS GRAY,2020-05-05,ACTUAL,15,-0.1,36,93,8,0,,,,,,,,
WELLS GRAY,2020-05-06,ACTUAL,10.2,6.7,79,17,6,2.2,,,,,,,,
WELLS GRAY,2020-05-07,ACTUAL,14.2,2.7,46,255,9,0.6,,,,,,,,
WELLS GRAY,2020-05-08,ACTUAL,17.8,-0.6,29,120,8,0,,,,,,,,
WELLS GRAY,2020-05-09,ACTUAL,18.8,-4,21,238,8,0,,,,,,,,
WELLS GRAY,2020-05-10,ACTUAL,16.1,-3.5,26,218,9,0,,,,,,,,
WELLS GRAY,2020-05-11,DELETED,16.1,-6.3,21,204,8,0,,85,6,15,,,,
WELLS GRAY,2020-05-12,ACTUAL,17,-9.1,16,22,8,0,,91.8,10,20,8.1,10,8,2
WELLS GRAY,2020-05-13,ACTUAL,19.3,-6.4,17,166,8,0,,93.6,14,26,10.7,14,13,2
WELLS GRAY,2020-05-14,ACTUAL,16.8,3.7,42,159,4,0,,91.2,17,32,6.2,17,9,2
WELLS GRAY,2020-05-15,ACTUAL,15.4,7,57,292,7,0,,88.3,19,37,4.7,19,7,2
WELLS GRAY,2020-05-16,ACTUAL,17.9,5.4,44,152,10,0,,88.3,22,43,5.5,22,9,3
WELLS GRAY,2020-05-17,ACTUAL,8.9,8.1,95,137,2,0,,80.4,22,47,1.3,22,2,2
WELLS GRAY,2020-05-18,ACTUAL,9.5,8.7,95,120,5,0,,77.5,22,51,1.2,22,1,2
WELLS GRAY,2020-05-19,ACTUAL,19.6,6.3,42,276,7,0,,85.7,25,57,3.2,25,6,2
WELLS GRAY,2020-05-20,ACTUAL,17.4,3.2,39,141,4,0,,88,28,62,4,28,8,3
WELLS GRAY,2020-05-21,ACTUAL,8.2,4.6,78,62,5,0,,84.2,29,66,2.5,29,5,2
WELLS GRAY,2020-05-22,ACTUAL,13.1,3.2,51,209,5,0,,85.4,31,71,2.8,31,6,2
WELLS GRAY,2020-05-23,ACTUAL,17.5,4,41,191,8,0,,87.7,34,76,4.7,33,10,3
WELLS GRAY,2020-05-24,ACTUAL,17,6.5,50,194,4,0,,87.8,36,82,3.8,36,9,3
WELLS GRAY,2020-05-25,ACTUAL,12.4,11.3,93,201,4,0,,80.5,36,86,1.5,36,3,2
WELLS GRAY,2020-05-26,ACTUAL,13.8,3,48,254,7,0,,84.6,38,91,2.8,38,7,2
WELLS GRAY,2020-05-27,ACTUAL,16.8,-3.4,25,202,8,0,,89.9,42,97,6.3,42,14,3
WELLS GRAY,2020-05-28,ACTUAL,13.5,3.3,50,338,9,0,,88.6,44,102,5.4,44,13,3
WELLS GRAY,2020-05-29,ACTUAL,20.7,3.3,32,131,5,0,,90.3,48,108,5.8,47,14,3
WELLS GRAY,2020-05-30,ACTUAL,25.2,7.2,32,185,4,0,,91.4,52,115,6.5,52,17,4
WELLS GRAY,2020-05-31,ACTUAL,11.5,10.7,95,184,4,0,,80.8,52,119,1.5,52,5,3
WELLS GRAY,2020-06-01,ACTUAL,13.9,6.6,61,156,9,0,,83.1,54,125,2.5,54,8,3
WELLS GRAY,2020-06-02,ACTUAL,7.3,7,98,143,5,0,,77,54,130,1.1,54,3,3
WELLS GRAY,2020-06-03,ACTUAL,10.8,5.2,68,161,6,0,,80,55,135,1.5,55,5,3
WELLS GRAY,2020-06-04,ACTUAL,17.6,3,38,233,6,0,,86.6,58,142,3.6,58,11,3
WELLS GRAY,2020-06-05,ACTUAL,17.6,-0.3,30,85,7,0,,89.7,62,148,5.9,61,17,4
WELLS GRAY,2020-06-06,ACTUAL,11.9,7.8,76,172,5,0,,85.1,62,154,2.7,62,9,3
WELLS GRAY,2020-06-07,ACTUAL,14.7,4.4,50,89,8,0,,86.1,64,160,3.7,64,12,3
WELLS GRAY,2020-06-08,ACTUAL,14.4,-4.5,27,176,8,0,,89.5,67,166,5.9,67,18,4
WELLS GRAY,2020-06-09,ACTUAL,11.3,2.9,56,155,14,0,,87.4,69,171,5.9,69,18,4
WELLS GRAY,2020-06-10,ACTUAL,14.9,8,63,142,5,0,,86.4,70,177,3.2,71,11,4
WELLS GRAY,2020-06-11,ACTUAL,19.3,4.5,38,297,5,0,,88.6,74,184,4.5,74,15,4
WELLS GRAY,2020-06-12,ACTUAL,15.2,13.2,88,76,3,0,,82.5,74,190,1.8,75,7,3
WELLS GRAY,2020-06-13,ACTUAL,10.6,10.4,99,206,2,0,,76.5,74,196,0.9,76,4,3
WELLS GRAY,2020-06-14,ACTUAL,11.2,9.9,92,189,4,0,,76.6,75,201,1,77,4,3
WELLS GRAY,2020-06-15,ACTUAL,11.5,8.4,81,173,4,0,,78,75,207,1.2,79,5,3
WELLS GRAY,2020-06-16,ACTUAL,19.5,3.9,36,263,7,0,,86.9,79,214,3.8,82,14,4
WELLS GRAY,2020-06-17,ACTUAL,20.6,5.7,38,270,5,0,,89,82,221,4.9,85,17,4
WELLS GRAY,2020-06-18,ACTUAL,25.2,3.1,24,207,8,0,,92.7,87,229,9.3,89,28,4
WELLS GRAY,2020-06-19,ACTUAL,25.6,8,33,191,7,0,,92.7,92,237,9.2,93,29,4
WELLS GRAY,2020-06-20,ACTUAL,15.7,13.5,87,325,3,7.6,,37.3,52,225,0,66,0,2
WELLS GRAY,2020-06-21,ACTUAL,15.3,12.4,83,359,6,21,,23.6,22,179,0,34,0,2
WELLS GRAY,2020-06-22,ACTUAL,18.1,12,67,141,6,3.2,,44.3,18,182,0.1,29,0,2
WELLS GRAY,2020-06-23,ACTUAL,18.4,13.5,73,23,7,1.4,,58.7,20,188,0.5,31,1,2
WELLS GRAY,2020-06-24,ACTUAL,16.2,12.4,78,138,7,29.4,,32,9,128,0,15,0,1
WELLS GRAY,2020-06-25,ACTUAL,22.2,12.5,54,185,8,0.2,,68.2,11,135,0.9,19,1,2
WELLS GRAY,2020-06-26,ACTUAL,19.7,13.3,66,165,8,2.4,,66.9,11,142,0.9,18,1,2
WELLS GRAY,2020-06-27,ACTUAL,11.1,9.5,90,239,7,12,,24.9,5,124,0,9,0,1
WELLS GRAY,2020-06-28,ACTUAL,18.7,6.8,46,346,8,0.6,,63.6,8,130,0.8,14,1,2
WELLS GRAY,2020-06-29,ACTUAL,23.4,5.2,31,197,7,0,,85.7,12,138,3.3,20,5,2
WELLS GRAY,2020-06-30,ACTUAL,11.5,10.5,94,203,2,14.8,,21,6,114,0,10,0,1
WELLS GRAY,2020-07-01,ACTUAL,9.1,9.1,100,165,4,16.4,,1.8,2,88,0,4,0,1
WELLS GRAY,2020-07-02,ACTUAL,10.1,9.8,98,163,5,25.6,,2.4,0,48,0,1,0,1
WELLS GRAY,2020-07-03,ACTUAL,16.6,5.8,49,186,6,3.2,,40.5,2,51,0.1,4,0,1
WELLS GRAY,2020-07-04,ACTUAL,12,11.2,95,173,6,6.8,,17.8,1,47,0,1,0,1
WELLS GRAY,2020-07-05,ACTUAL,19.6,10.7,56,211,5,1.4,,52.3,3,55,0.3,5,0,1
WELLS GRAY,2020-07-06,ACTUAL,13.8,10.3,79,328,10,3.8,,45.9,2,57,0.2,3,0,1
WELLS GRAY,2020-07-07,ACTUAL,15.8,12.8,82,147,6,15.2,,27.7,1,38,0,2,0,1
WELLS GRAY,2020-07-08,ACTUAL,13.7,11.7,88,178,8,4.2,,27.3,0,40,0,1,0,1
WELLS GRAY,2020-07-09,ACTUAL,12.1,11.6,97,163,5,9,,9.3,0,32,0,0,0,1
WELLS GRAY,2020-07-10,ACTUAL,17.4,10.1,62,136,4,3,,37.8,2,36,0,3,0,1
WELLS GRAY,2020-07-11,ACTUAL,19.3,8.6,50,153,8,0.4,,69.7,4,44,0.9,7,0,1
WELLS GRAY,2020-07-12,ACTUAL,12,9.7,86,275,3,15.4,,24.2,2,25,0,3,0,1
WELLS GRAY,2020-07-13,ACTUAL,17.4,8,54,194,6,2,,52.8,3,32,0.3,5,0,1
WELLS GRAY,2020-07-14,ACTUAL,22.8,4.7,31,181,8,0,,82.8,7,40,2.4,10,2,2
WELLS GRAY,2020-07-15,ACTUAL,21,12,56,192,6,2.4,,73.7,7,47,1,10,1,2
WELLS GRAY,2020-07-16,ACTUAL,16.3,14.3,88,224,4,7,,34.3,4,44,0,6,0,1
WELLS GRAY,2020-07-17,ACTUAL,19.1,12.2,64,178,7,4,,49.8,4,47,0.2,6,0,1
WELLS GRAY,2020-07-18,ACTUAL,18.3,9.7,57,135,4,0,,70.9,6,54,0.8,9,0,1
WELLS GRAY,2020-07-19,ACTUAL,20.3,13.6,65,201,4,3.8,,59.5,5,57,0.5,8,0,1
WELLS GRAY,2020-07-20,ACTUAL,25.2,8.6,35,157,9,0,,85.1,9,65,3.3,13,4,2
WELLS GRAY,2020-07-21,ACTUAL,21.3,13.1,59,252,5,1,,82,11,72,1.8,16,2,2
WELLS GRAY,2020-07-22,ACTUAL,21.3,13.8,62,194,7,4.8,,63.2,8,74,0.7,13,0,1
WELLS GRAY,2020-07-23,ACTUAL,18.2,14,76,160,8,3.2,,55.8,7,77,0.4,11,0,1
WELLS GRAY,2020-07-24,ACTUAL,11.3,10,92,145,6,6,,27.1,3,74,0,6,0,1
WELLS GRAY,2020-07-25,ACTUAL,18.1,10,59,180,9,1,,58.8,5,81,0.6,9,0,1
WELLS GRAY,2020-07-26,ACTUAL,24.6,9.3,38,177,8,0,,83.7,9,89,2.6,14,3,2
WELLS GRAY,2020-07-27,ACTUAL,30.6,11.5,31,145,8,0,,91.8,14,99,8.1,21,12,3
WELLS GRAY,2020-07-28,ACTUAL,28.2,11.2,35,165,8,0,,91.8,19,107,8.1,26,14,3
WELLS GRAY,2020-07-29,ACTUAL,28.3,8.5,29,190,8,1.2,,90.4,24,116,6.6,31,13,3
WELLS GRAY,2020-07-30,ACTUAL,31,8.6,25,211,5,0,,93.7,29,125,9.4,37,18,3
WELLS GRAY,2020-07-31,ACTUAL,34.4,9.6,22,195,6,0,,95.2,36,135,12,43,23,4
WELLS GRAY,2020-08-01,ACTUAL,31.1,10.9,29,174,8,0.6,,93.2,40,144,10,48,22,4
WELLS GRAY,2020-08-02,ACTUAL,29.3,9.9,30,139,5,0,,93.2,45,152,8.9,52,21,4
WELLS GRAY,2020-08-03,ACTUAL,23,13.3,54,150,9,2.4,,78.3,40,159,1.5,50,4,3
WELLS GRAY,2020-08-04,ACTUAL,25,7.5,33,168,6,0.2,,89,44,167,5.1,53,14,3
WELLS GRAY,2020-08-05,ACTUAL,29.2,8.8,28,157,11,0,,92.7,49,175,10.9,57,25,4
WELLS GRAY,2020-08-06,ACTUAL,19.8,9.1,50,168,8,0,,89.9,51,182,6.2,60,17,4
WELLS GRAY,2020-08-07,ACTUAL,17.7,9.1,57,194,7,5.6,,61.3,34,178,0.6,46,1,3
WELLS GRAY,2020-08-08,ACTUAL,15.4,1,38,314,7,1.2,,75.5,36,183,1.1,48,3,3
WELLS GRAY,2020-08-09,ACTUAL,18.8,4.1,38,241,6,0,,85.6,38,190,3.2,51,9,3
WELLS GRAY,2020-08-10,ACTUAL,19.9,7.6,45,197,6,3.6,,71.2,31,191,0.9,44,2,3
WELLS GRAY,2020-08-11,ACTUAL,17,7.1,52,185,5,0,,81.1,32,197,1.7,46,5,3
WELLS GRAY,2020-08-12,ACTUAL,10.3,7.7,84,128,3,7.2,,35.2,18,187,0,29,0,2
WELLS GRAY,2020-08-13,ACTUAL,17.8,0.8,32,165,8,0.2,,71.9,21,193,1,33,2,2
WELLS GRAY,2020-08-14,ACTUAL,15.4,6.7,56,242,4,0,,79.9,22,199,1.4,35,3,2
WELLS GRAY,2020-08-15,ACTUAL,20.9,14.2,65,189,5,3.2,,65.6,18,201,0.7,30,1,2
WELLS GRAY,2020-08-16,ACTUAL,28.9,10.5,32,168,5,0,,88,23,209,4.1,35,9,3
WELLS GRAY,2020-08-17,ACTUAL,27.9,11,35,198,5,0,,90.9,26,217,6.2,41,14,3
WELLS GRAY,2020-08-18,ACTUAL,27.5,6.8,27,168,15,0,,92.8,31,225,13.9,46,27,4
WELLS GRAY,2020-08-19,ACTUAL,25.6,10.6,39,196,7,0,,92.1,34,233,8.3,50,19,4
WELLS GRAY,2020-08-20,ACTUAL,15.8,11.8,77,168,3,2,,69.1,31,239,0.7,47,2,3
WELLS GRAY,2020-08-21,ACTUAL,19.8,13.4,66,103,6,0.4,,78.7,33,245,1.3,49,4,3
WELLS GRAY,2020-08-22,ACTUAL,20.4,3.9,34,213,7,3.2,,75.1,28,247,1.1,44,3,3
WELLS GRAY,2020-08-23,ACTUAL,19.9,7.2,44,171,6,0,,84.7,30,254,2.7,47,8,3
WELLS GRAY,2020-08-24,ACTUAL,11,10.5,97,190,3,9,,23.6,15,236,0,26,0,2
WELLS GRAY,2020-08-25,ACTUAL,15.2,9.4,68,243,4,1.4,,44.9,16,242,0.1,28,0,2
WELLS GRAY,2020-08-26,ACTUAL,19.6,9.2,51,176,9,0,,73.2,19,249,1.1,31,2,2
WELLS GRAY,2020-08-27,ACTUAL,22.2,2.7,28,221,6,0,,87.8,22,256,4.1,36,9,3
WELLS GRAY,2020-08-28,ACTUAL,19.8,6.5,42,209,6,0,,88.5,25,262,4.6,40,11,3
WELLS GRAY,2020-08-29,ACTUAL,16,-0.8,32,329,6,0,,89.7,27,268,5.5,43,13,3
WELLS GRAY,2020-08-30,ACTUAL,17.1,1.8,36,186,8,0,,89.7,29,274,6.3,46,15,3
WELLS GRAY,2020-08-31,ACTUAL,13,7.7,70,183,6,5,,53.9,20,268,0.3,33,0,2
WELLS GRAY,2020-09-01,ACTUAL,14.9,13.1,89,33,0,1.2,,49.3,20,273,0.2,34,0,2
WELLS GRAY,2020-09-02,ACTUAL,19,5.4,41,230,6,14,,53.5,11,240,0.3,20,0,2
WELLS GRAY,2020-09-03,ACTUAL,14.4,9.7,73,186,4,0,,66.2,12,244,0.7,21,1,2
WELLS GRAY,2020-09-04,ACTUAL,21.9,13.1,57,193,6,0,,80.2,14,249,1.6,24,3,2
WELLS GRAY,2020-09-05,ACTUAL,24.4,11,43,170,8,0,,87.6,16,256,4.5,28,9,3
WELLS GRAY,2020-09-06,ACTUAL,23.2,9.9,43,180,8,0,,88.9,19,261,5.4,32,11,3
WELLS GRAY,2020-09-07,ACTUAL,19,-4.5,20,288,7,0,,92.3,21,267,8.3,36,16,3
WELLS GRAY,2020-09-08,ACTUAL,15.3,2.4,42,149,6,0,,90.6,23,271,6.3,38,14,3
WELLS GRAY,2020-09-09,ACTUAL,22.3,6,35,162,6,0,,90.6,26,277,6.5,42,15,3
WELLS GRAY,2020-09-10,ACTUAL,23.6,10.3,43,172,6,0,,90.7,28,283,6.4,45,15,3
WELLS GRAY,2020-09-11,ACTUAL,24.1,8.8,38,174,6,0,,90.7,31,289,6.5,49,16,3
WELLS GRAY,2020-09-12,ACTUAL,20.4,7.4,43,222,5,0,,90.4,33,294,5.7,52,15,3
WELLS GRAY,2020-09-13,ACTUAL,18.7,5.5,42,191,5,0,,90.2,35,299,5.7,55,15,3
WELLS GRAY,2020-09-14,ACTUAL,18.3,7.1,48,169,4,0,,89.4,37,304,4.9,57,14,3
WELLS GRAY,2020-09-15,ACTUAL,15.3,12.3,82,210,4,4,,51.7,27,300,0.2,44,0,2
WELLS GRAY,2020-09-16,ACTUAL,20.3,9.9,51,168,5,0,,75,29,305,1,46,3,3
WELLS GRAY,2020-09-17,ACTUAL,21,12.8,59,157,4,0,,82.3,30,311,1.8,49,5,3
WELLS GRAY,2020-09-18,ACTUAL,19.9,10.4,54,186,5,0,,85.3,32,316,2.8,51,8,3
WELLS GRAY,2020-09-19,ACTUAL,12.3,12.1,99,203,5,2.8,,46.9,26,320,0.1,43,0,2
WELLS GRAY,2020-09-20,ACTUAL,16.2,11.6,74,155,6,3,,49.1,21,319,0.2,35,0,2
WELLS GRAY,2020-09-21,ACTUAL,12.8,9.5,80,226,2,1.2,,52.8,21,323,0.2,36,0,2
WELLS GRAY,2020-09-22,ACTUAL,14.6,11.8,83,212,3,1.8,,50,20,328,0.2,34,0,2
WELLS GRAY,2020-09-23,ACTUAL,10.1,9.5,96,70,3,2.6,,33,16,331,0,28,0,2
WELLS GRAY,2020-09-24,ACTUAL,11.6,7.6,76,163,13,24.8,,29.4,7,256,0,13,0,1
WELLS GRAY,2020-09-25,ACTUAL,5.9,5.4,97,254,5,12.4,,7.2,3,227,0,6,0,1
WELLS GRAY,2020-09-26,ACTUAL,11.7,7.8,77,190,7,9.2,,23.3,1,209,0,3,0,1
WELLS GRAY,2020-09-27,ACTUAL,10.5,5.3,70,154,8,2,,40.8,1,213,0.1,2,0,1
WELLS GRAY,2020-09-28,ACTUAL,12.3,7.5,72,124,4,0,,57.3,2,217,0.4,4,0,1
WELLS GRAY,2020-09-29,ACTUAL,17.1,11.2,68,192,4,0,,71.2,3,221,0.8,6,0,1
WELLS GRAY,2020-09-30,ACTUAL,17.3,10,62,169,5,0,,79.5,4,226,1.4,8,1,2
WELLS GRAY,2020-10-01,ACTUAL,19.4,10.7,57,166,6,0,,83.9,6,230,2.4,10,2,2
WELLS GRAY,2020-10-02,ACTUAL,18.1,9.5,57,169,5,0,,85.2,7,234,2.8,13,3,2
WELLS GRAY,2020-10-03,ACTUAL,19,9.5,54,172,6,0,,86.2,8,238,3.3,15,5,2
WELLS GRAY,2020-10-04,ACTUAL,11.6,11.4,99,179,6,1.8,,60.2,7,241,0.6,13,0,1
WELLS GRAY,2020-10-05,ACTUAL,9.1,9.1,100,83,2,5.8,,20,4,231,0,7,0,1
WELLS GRAY,2020-10-06,ACTUAL,12.4,12.4,100,207,3,8.2,,4.5,1,215,0,2,0,1
WELLS GRAY,2020-10-07,ACTUAL,10.3,9.2,93,159,3,0.2,,11,1,218,0,3,0,1
WELLS GRAY,2020-10-08,ACTUAL,10.3,10.1,99,143,2,2,,8.8,1,220,0,1,0,1
WELLS GRAY,2020-10-09,ACTUAL,9.6,9.4,99,68,2,16.8,,1.2,0,181,0,0,0,1
WELLS GRAY,2020-10-10,ACTUAL,8.1,6.9,92,166,12,9.6,,10.5,0,163,0,0,0,1
WELLS GRAY,2020-10-11,ACTUAL,6.8,3.6,80,168,9,5.6,,21.8,0,155,0,0,0,1
WELLS GRAY,2020-10-12,ACTUAL,6.7,5,89,160,3,7.2,,13.9,0,144,0,0,0,1
WELLS GRAY,2020-10-13,ACTUAL,0.6,0.5,99,94,3,0.2,,14.6,0,145,0,0,0,1
WELLS GRAY,2020-10-14,ACTUAL,2.1,2,99,269,4,5.4,,6.1,0,137,0,0,0,1
WELLS GRAY,2020-10-15,ACTUAL,3.2,2.8,97,168,4,15,,2.5,0,108,0,0,0,1
WELLS GRAY,2020-10-16,ACTUAL,1.7,0.8,94,38,2,1.6,,4.6,0,109,0,0,0,1
WELLS GRAY,2020-10-17,ACTUAL,5.7,2,77,179,6,27.2,,17.3,0,59,0,0,0,1
WELLS GRAY,2020-10-18,ACTUAL,3.1,-1.2,73,157,6,12.4,,19.5,0,41,0,0,0,1
WELLS GRAY,2020-10-19,ACTUAL,1,0.4,96,325,0,1.8,,15.9,0,41,0,0,0,1
WELLS GRAY,2020-10-20,ACTUAL,2.3,1.3,93,235,3,5.8,,10,0,35,0,0,0,1
WELLS GRAY,2020-10-21,ACTUAL,7.4,0.4,61,290,5,5.6,,28.1,1,30,0,1,0,1
WELLS GRAY,2020-10-22,ACTUAL,-1.3,-6.4,68,176,4,2.8,,30.7,0,30,0,0,0,1
WELLS GRAY,2020-10-23,ACTUAL,-1.6,-4.1,83,311,5,0,,39.5,6,31,0,8,0,1
WELLS GRAY,2020-10-24,ACTUAL,-0.1,-12.2,40,328,7,0.8,,56.3,6,31,0.4,8,0,1
WELLS GRAY,2020-10-25,ACTUAL,-5.8,-9.7,74,110,4,0,,61.7,6,32,0.5,8,0,1
WELLS GRAY,2020-10-26,ACTUAL,-4.2,-5.9,88,136,5,0,,64.2,6,32,0.7,8,0,1
WELLS GRAY,2020-10-27,ACTUAL,0.2,-1.6,88,98,3,0,,66.3,6,33,0.6,8,0,1
WELLS GRAY,2020-10-28,ACTUAL,1,0.1,94,183,2,0,,67.1,6,33,0.6,8,0,1
WELLS GRAY,2020-10-29,ACTUAL,2.9,1.1,88,83,0,0,,68.2,6,35,0.6,9,0,1
WELLS GRAY,2020-10-30,ACTUAL,4.9,4.3,96,188,8,25.6,,13.2,2,2,0,2,0,1
WELLS GRAY,2020-10-31,ACTUAL,2.8,0.4,84,176,3,7.6,,13.2,1,1,0,1,0,1
