STATION,DATE,TYPE,TEMP,DEW PNT,RH,W.DIR,W.SPEED,PRECIP,GC,FFMC,DMC,DC,ISI,BUI,FWI,DGR
AFTON,2021-05-01,ACTUAL,6,2.8,80,262,30,0,,82.2,73,569,6.7,111,25,3
AFTON,2021-05-02,ACTUAL,15.9,-0.9,32,4,12,0.2,,88.1,76,575,6,114,24,3
AFTON,2021-05-03,ACTUAL,10.8,0.2,48,28,11,0,,87.9,78,579,5.4,116,22,3
AFTON,2021-05-04,ACTUAL,14.3,-1.9,33,323,22,0,,89.2,80,584,11.5,120,37,4
AFTON,2021-05-05,ACTUAL,16.3,-0.1,33,61,17,0,,89.8,83,589,9.7,123,34,4
AFTON,2021-05-06,ACTUAL,15.8,1.8,39,36,12,0,,89.8,86,595,7.7,127,29,4
AFTON,2021-05-07,ACTUAL,6.5,0.4,65,238,22,0,,86,87,598,7.1,127,28,3
AFTON,2021-05-08,ACTUAL,12,-4.3,32,245,6,1.2,,82.5,89,603,2,130,11,3
AFTON,2021-05-09,ACTUAL,14.7,0,37,27,11,0,,87.1,92,608,5,133,22,3
AFTON,2021-05-10,ACTUAL,14.8,2.6,44,177,11,0,,87.5,94,613,5.3,136,23,3
AFTON,2021-05-11,MANUAL,17.7,-0.7,29,20,8,0,,90.1,98,619,6.6,140,27,3
AFTON,2021-05-12,MANUAL,8.9,8.4,97,26,5,1.8,,63.2,88,623,0.6,130,4,2
AFTON,2021-05-13,ACTUAL,18,7.4,50,17,12,0.6,,79.7,91,628,2,133,11,3
AFTON,2021-05-14,ACTUAL,22,2.6,28,154,6,0,,89.4,95,635,5.3,138,23,3
AFTON,2021-05-15,ACTUAL,21.9,3.9,31,34,9,0,,90.9,99,641,7.8,143,31,4
AFTON,2021-05-16,ACTUAL,23.6,6.3,33,14,18,0,,91.1,104,648,12.4,148,42,4
AFTON,2021-05-17,ACTUAL,16.9,1.6,36,194,37,0,,91,107,653,31.4,151,75,5
AFTON,2021-05-18,ACTUAL,13.1,-7.6,23,219,31,0,,91.4,109,658,25,155,66,5
AFTON,2021-05-19,ACTUAL,7.9,2.8,70,252,12,3.4,,60.4,77,646,0.8,118,4,2
AFTON,2021-05-20,ACTUAL,14.2,0,38,347,19,0.2,,80.8,79,651,3.2,121,15,3
AFTON,2021-05-21,ACTUAL,17,-2.7,26,1,8,0,,88.8,83,656,5.4,126,23,3
AFTON,2021-05-22,ACTUAL,20.5,-7.1,15,26,8,0,,93.6,87,663,10.6,132,37,4
AFTON,2021-05-23,ACTUAL,22.6,0.9,24,330,13,0,,93.7,92,669,14,137,45,4
AFTON,2021-05-24,ACTUAL,21.1,0.2,25,262,22,0,,93.7,97,675,22.5,142,60,5
AFTON,2021-05-25,ACTUAL,16.3,9.3,63,287,7,1.2,,81.4,98,681,1.9,144,11,3
AFTON,2021-05-26,ACTUAL,19.4,1.7,31,166,24,3.6,,79.5,72,668,3.5,114,16,3
AFTON,2021-05-27,ACTUAL,18.8,0.7,30,184,31,0,,89.3,76,674,18.1,119,50,5
AFTON,2021-05-28,ACTUAL,15.7,1.3,38,323,20,0,,89.3,79,679,10.5,122,35,4
AFTON,2021-05-29,ACTUAL,18.3,2.9,36,1,18,0.2,,89.6,82,685,9.9,126,35,4
AFTON,2021-05-30,ACTUAL,21,4.8,35,9,8,0,,90.2,86,691,6.7,131,27,3
AFTON,2021-05-31,ACTUAL,23.6,8.4,38,25,13,0,,90.2,90,698,8.5,136,32,4
AFTON,2021-06-01,ACTUAL,26.3,7.3,30,349,6,0,,91.9,95,706,7.7,142,30,4
AFTON,2021-06-02,ACTUAL,29.2,8.8,28,18,10,0,,93,101,715,11,149,39,4
AFTON,2021-06-03,ACTUAL,23.2,8,38,38,7,0,,92,105,722,7.9,154,32,4
AFTON,2021-06-04,ACTUAL,21,0.7,26,5,11,0,,92.1,109,729,10.2,159,38,4
AFTON,2021-06-05,ACTUAL,17.9,0.4,31,212,18,0,,92.1,112,736,14.3,163,47,5
AFTON,2021-06-06,ACTUAL,13.1,3.2,51,33,6,6.8,,56.3,64,691,0.4,104,2,2
AFTON,2021-06-07,ACTUAL,14.6,0.7,39,270,7,0,,77.1,67,697,1.3,107,7,3
AFTON,2021-06-08,ACTUAL,14.6,3.4,47,22,8,2.6,,70,57,703,0.9,94,5,2
AFTON,2021-06-09,ACTUAL,16.3,4.9,47,20,15,2,,74.6,53,709,1.6,90,7,2
AFTON,2021-06-10,ACTUAL,15.6,0.1,35,14,13,0,,85.6,56,716,4.5,94,17,3
AFTON,2021-06-11,ACTUAL,16.7,1,35,41,20,0.2,,88.8,59,722,9.7,98,31,4
AFTON,2021-06-12,ACTUAL,19.2,2.4,33,11,11,0,,90.1,63,729,7.7,103,27,3
AFTON,2021-06-13,ACTUAL,21,7.5,42,211,8,0,,90.1,66,736,6.6,108,25,3
AFTON,2021-06-14,ACTUAL,22.9,8.1,39,65,17,1.2,,87.3,70,744,6.9,114,26,3
AFTON,2021-06-15,ACTUAL,21,0.1,25,197,8,0,,91.4,75,751,7.9,119,29,4
AFTON,2021-06-16,ACTUAL,21.7,3.3,30,19,13,0,,91.5,79,758,10.1,125,35,4
AFTON,2021-06-17,ACTUAL,23.2,1.4,24,332,12,0,,92.8,84,766,11.8,131,39,4
AFTON,2021-06-18,ACTUAL,25.3,4.9,27,358,14,0,,92.8,89,774,13,138,43,4
AFTON,2021-06-19,ACTUAL,19.8,7.8,46,53,8,0,,90.5,92,781,6.8,142,28,4
AFTON,2021-06-20,ACTUAL,22.6,7.1,37,328,9,2.2,,82.5,81,788,2.4,129,13,3
AFTON,2021-06-21,ACTUAL,27.3,7.6,29,26,10,0,,91.3,86,796,8.5,136,32,4
AFTON,2021-06-22,ACTUAL,31.3,5.7,20,25,11,0,,94.9,93,805,14.8,145,47,4
AFTON,2021-06-23,MANUAL,31,4.7,19,351,17,0.4,,95.4,100,814,21,153,59,5
AFTON,2021-06-24,ACTUAL,26.3,10.4,37,241,21,0.2,,92.8,105,823,18.5,159,55,5
AFTON,2021-06-25,ACTUAL,29.7,9.7,29,287,23,0,,93,110,831,21.2,166,60,5
AFTON,2021-06-26,ACTUAL,33.7,9.7,23,16,10,0,,94.8,118,841,14,174,47,5
AFTON,2021-06-27,ACTUAL,37.5,10,19,27,15,0,,96.4,126,851,22,184,63,5
AFTON,2021-06-28,MANUAL,38,11.2,20,21,17,0,75,96.5,134,861,24.7,193,68,5
AFTON,2021-06-29,MANUAL,39.8,11.9,19,19,16,0,75,96.8,143,872,25.1,203,69,5
AFTON,2021-06-30,MANUAL,39.5,11.6,19,334,12,0,75,96.9,151,882,19.9,212,60,5
AFTON,2021-07-01,MANUAL,31.1,13.3,34,323,8,0,75,94.3,156,892,11.6,217,43,4
AFTON,2021-07-02,ACTUAL,28.9,5.7,23,249,15,8,75,84.6,78,813,4.3,126,19,3
AFTON,2021-07-03,ACTUAL,29,5.1,22,29,8,0,75,93.3,83,822,10.2,133,36,4
AFTON,2021-07-04,ACTUAL,26.8,10,35,299,8,0,75,92.9,88,830,9.9,139,36,4
AFTON,2021-07-05,ACTUAL,25.1,12,44,359,13,0,75,91.2,91,838,9.6,143,35,4
AFTON,2021-07-06,ACTUAL,28.5,8.1,28,37,9,0.6,75,92.5,96,847,9.5,150,36,4
AFTON,2021-07-07,ACTUAL,28,7.7,28,341,7,0,75,92.9,101,856,9.1,156,35,4
AFTON,2021-07-08,ACTUAL,25.1,12.3,45,3,11,0.6,75,90.2,104,864,7.6,160,31,4
AFTON,2021-07-09,ACTUAL,28.2,10.3,33,34,11,0,75,91.7,109,873,9.6,166,37,4
AFTON,2021-07-10,ACTUAL,30.9,7.9,24,11,16,0,75,94.1,115,882,16.7,173,53,5
AFTON,2021-07-11,ACTUAL,29.4,5.4,22,301,15,0,75,94.4,120,891,17,180,54,5
AFTON,2021-07-12,ACTUAL,30.4,5.6,21,3,6,0,75,94.8,126,900,11.5,187,42,4
AFTON,2021-07-13,ACTUAL,30.8,6.6,22,9,9,0,75,94.9,132,910,13.6,194,47,5
AFTON,2021-07-14,ACTUAL,27.4,6.1,26,349,10,0,75,94.7,137,918,13.4,199,47,4
AFTON,2021-07-15,ACTUAL,29.3,4.7,21,236,13,0,75,94.8,143,927,16.4,206,53,5
AFTON,2021-07-16,ACTUAL,25.2,9.8,38,3,15,0,75,92.5,146,935,12.9,210,46,4
AFTON,2021-07-17,ACTUAL,26,5.5,27,21,20,0,75,92.8,151,944,17.5,216,56,5
AFTON,2021-07-18,ACTUAL,26.4,4.7,25,348,10,0,75,93.2,156,952,11.4,221,43,4
AFTON,2021-07-19,ACTUAL,27.4,2.4,20,25,8,0,75,94.4,161,961,11.8,227,44,4
AFTON,2021-07-20,ACTUAL,27.1,5.9,26,0,16,0,75,94.5,166,969,17.9,233,57,5
AFTON,2021-07-21,ACTUAL,24.8,2.8,24,9,13,0,75,94.5,171,978,15.6,238,52,5
AFTON,2021-07-22,ACTUAL,21.1,2.7,30,8,14,0,75,93.3,174,985,13.5,242,48,5
AFTON,2021-07-23,ACTUAL,24.1,3.3,26,8,6,0,75,93.3,179,993,9.3,247,38,4
AFTON,2021-07-24,ACTUAL,26.2,6.2,28,353,10,0,75,93.4,183,1002,11.2,252,43,4
AFTON,2021-07-25,ACTUAL,27.9,7.1,27,9,11,0,75,93.4,188,1010,12.1,257,45,4
AFTON,2021-07-26,ACTUAL,26.8,8.6,32,5,11,0,75,93.4,193,1019,12.1,262,45,4
AFTON,2021-07-27,ACTUAL,27.6,6.8,27,43,10,0,75,93.4,198,1028,11.6,267,44,4
AFTON,2021-07-28,ACTUAL,26.1,6.1,28,23,9,0,75,93.5,202,1036,10.8,272,42,4
AFTON,2021-07-29,ACTUAL,28,9.2,31,315,14,0,75,93.5,207,1045,14.2,277,50,5
AFTON,2021-07-30,ACTUAL,28.1,8.8,30,24,14,0,75,93.6,212,1053,14.5,282,50,5
AFTON,2021-07-31,ACTUAL,23.8,8.9,39,16,4,0,75,92.2,215,1061,7.1,286,32,4
AFTON,2021-08-01,ACTUAL,20.3,14.3,68,226,20,0,75,86.8,217,1068,7.5,288,33,4
AFTON,2021-08-02,ACTUAL,22.1,16.5,70,334,8,5.2,75,61.1,91,997,0.7,149,4,2
AFTON,2021-08-03,ACTUAL,28.4,14.6,43,17,8,0,75,85.2,95,1005,3.3,154,17,4
AFTON,2021-08-04,ACTUAL,29.9,6.5,23,40,11,0,75,93.5,100,1013,12.2,160,42,4
AFTON,2021-08-05,ACTUAL,30.6,5.8,21,338,8,0,75,94.8,105,1022,12.7,167,44,4
AFTON,2021-08-06,ACTUAL,23.5,9.1,40,306,15,0,75,92,108,1029,12.3,171,43,4
AFTON,2021-08-07,ACTUAL,22.1,9.6,45,10,15,0.2,75,90.5,111,1036,9.6,175,37,4
AFTON,2021-08-08,ACTUAL,19.3,8,48,267,21,0,75,89.4,113,1042,11.2,178,41,4
AFTON,2021-08-09,ACTUAL,25,9.2,37,144,7,0,75,90.4,116,1050,6.3,182,28,4
AFTON,2021-08-10,ACTUAL,24.5,11.1,43,245,16,0,75,90.4,119,1057,10.3,186,39,4
AFTON,2021-08-11,ACTUAL,31.4,10.6,28,295,20,0,75,93.3,124,1066,18.6,192,57,5
AFTON,2021-08-12,ACTUAL,29.7,6.3,23,241,21,0,75,94.2,129,1074,21.8,199,63,5
AFTON,2021-08-13,ACTUAL,29.5,7.4,25,341,9,0,75,94.3,134,1083,12.4,204,45,4
AFTON,2021-08-14,ACTUAL,26.9,6.2,27,18,4,0,75,94.3,138,1090,9.6,210,38,4
AFTON,2021-08-15,ACTUAL,30.6,5.1,20,190,22,0,75,95.1,143,1099,25.9,216,71,5
AFTON,2021-08-16,ACTUAL,21,5.7,37,249,8,0.4,75,92.5,146,1106,8.9,220,36,4
AFTON,2021-08-17,ACTUAL,17.1,7.5,53,302,22,22,75,60.2,61,774,1.3,102,6,3
AFTON,2021-08-18,ACTUAL,20.9,9.2,47,14,8,0,75,80.2,64,781,1.7,106,9,3
AFTON,2021-08-19,ACTUAL,20.9,10.1,50,253,16,0,75,86.1,66,788,5.6,109,22,3
AFTON,2021-08-20,ACTUAL,20.8,8.7,46,321,10,0,75,87.8,68,794,5.1,113,21,3
AFTON,2021-08-21,ACTUAL,21.8,8.6,43,19,10,0,75,88.7,71,801,5.9,116,23,3
AFTON,2021-08-22,ACTUAL,12.5,6.2,65,241,10,1.4,75,77.2,72,806,1.5,118,8,3
AFTON,2021-08-23,ACTUAL,13.8,6,59,261,12,0,75,82.2,73,812,2.7,120,13,3
AFTON,2021-08-24,ACTUAL,18.6,4.7,40,50,9,0,75,87.3,76,818,4.6,123,20,3
AFTON,2021-08-25,ACTUAL,20.3,6.2,40,25,13,0,75,88.9,78,825,7,127,27,3
AFTON,2021-08-26,ACTUAL,20.6,4.9,36,6,13,0,75,89.8,81,832,8.1,131,31,4
AFTON,2021-08-27,ACTUAL,15.8,9.8,67,210,14,0.2,75,86.3,82,838,5.2,132,22,3
AFTON,2021-08-28,ACTUAL,21.1,9,46,16,16,0,75,87.9,85,844,7.1,136,28,4
AFTON,2021-08-29,ACTUAL,22.5,8.2,40,350,11,0,75,89.3,88,851,6.7,140,27,3
AFTON,2021-08-30,ACTUAL,20.5,5.6,38,310,9,0,75,89.6,91,858,6.4,143,27,4
AFTON,2021-08-31,MANUAL,12.5,7,69,323,13,1.8,75,73.6,83,863,1.3,134,8,3
AFTON,2021-09-01,ACTUAL,17.4,5,44,312,14,0,75,84.4,85,868,4,137,19,3
AFTON,2021-09-02,ACTUAL,19.8,4.6,37,11,10,0,75,88.6,87,873,5.9,140,25,3
AFTON,2021-09-03,ACTUAL,19.7,7.1,44,2,14,0,75,88.6,89,879,7,143,29,4
AFTON,2021-09-04,ACTUAL,18.1,7.5,50,241,4,0,75,88.6,91,884,4.3,145,20,4
AFTON,2021-09-05,ACTUAL,18.6,13.1,70,4,13,0,75,85.9,92,889,4.6,146,22,4
AFTON,2021-09-06,ACTUAL,20.5,3.6,33,355,12,0,75,89.7,95,894,7.4,150,30,4
AFTON,2021-09-07,ACTUAL,22.2,5.5,34,24,10,0,75,90.5,97,900,7.8,153,31,4
AFTON,2021-09-08,ACTUAL,20,11,56,30,15,0,75,88.4,99,905,7.4,156,30,4
AFTON,2021-09-09,ACTUAL,16.9,9.9,63,110,6,0,75,86.8,100,910,3.6,157,18,4
AFTON,2021-09-10,ACTUAL,19.4,11,58,18,6,0,75,86.9,102,915,3.7,159,19,4
AFTON,2021-09-11,ACTUAL,20.7,8,44,21,8,0,75,88.2,104,920,4.8,162,23,4
AFTON,2021-09-12,ACTUAL,18.8,7.6,48,250,16,0,75,88.2,106,926,7.5,165,31,4
AFTON,2021-09-13,MANUAL,19.9,3.9,35,8,9,0,75,89.7,108,931,6.4,168,28,4
AFTON,2021-09-14,ACTUAL,11.1,9.3,89,331,4,1,75,77.6,109,935,1.1,168,7,3
AFTON,2021-09-15,ACTUAL,13.4,2.3,47,228,11,5.4,75,60.9,66,878,0.8,111,4,2
AFTON,2021-09-16,ACTUAL,14.2,-0.8,36,17,7,0,75,79.3,68,882,1.5,114,8,3
AFTON,2021-09-17,ACTUAL,8.5,5.8,83,52,17,2.4,75,60.1,57,886,1,99,5,2
AFTON,2021-09-18,ACTUAL,17.6,0.6,32,193,18,3.6,75,72.6,45,861,1.7,79,7,2
AFTON,2021-09-19,ACTUAL,14.5,4.5,51,23,7,0,75,81.4,46,865,1.9,81,8,2
AFTON,2021-09-20,ACTUAL,15.1,7.9,62,24,11,5.4,75,58.5,31,818,0.6,56,2,2
AFTON,2021-09-21,MANUAL,12.9,5.6,61,54,8,0,75,72.9,32,822,1,58,3,2
AFTON,2021-09-22,MANUAL,15.7,10.1,69,2,10,0,75,79.2,32,826,1.7,59,6,2
AFTON,2021-09-23,ACTUAL,17.7,7.2,50,357,12,0,75,84.9,34,831,3.7,62,12,2
AFTON,2021-09-24,ACTUAL,18.3,6.8,47,4,14,0,75,87,36,836,5.6,65,17,2
AFTON,2021-09-25,ACTUAL,19.7,8.7,49,49,6,0,75,87.4,38,842,4.1,68,13,2
AFTON,2021-09-26,ACTUAL,19.3,3.3,35,187,21,0,75,89.6,40,847,11.4,72,29,3
AFTON,2021-09-27,ACTUAL,18.2,2.4,35,171,32,0.2,75,89.8,42,852,20.6,75,44,3
AFTON,2021-09-28,ACTUAL,13.3,3.1,50,181,11,0,75,88.5,44,856,6,78,19,3
AFTON,2021-09-29,ACTUAL,12.2,1.2,47,90,19,0,75,88.3,45,860,8.7,80,25,3
AFTON,2021-09-30,ACTUAL,12,6.1,67,183,18,1.4,75,77.4,46,864,2.2,81,9,2
AFTON,2021-10-01,ACTUAL,12.1,4.1,58,10,13,0.4,75,82.1,47,866,2.7,82,11,2
AFTON,2021-10-02,ACTUAL,11.9,4.2,59,23,10,0,75,83.6,47,869,2.9,83,12,2
AFTON,2021-10-03,ACTUAL,18.2,-2.8,24,207,20,0,75,90.7,50,873,12.8,87,35,3
AFTON,2021-10-04,ACTUAL,15.1,0.8,38,352,6,0,75,90.4,51,877,6.3,89,22,3
AFTON,2021-10-05,ACTUAL,9.6,4.7,71,32,14,0,75,85.6,52,879,4.7,90,18,3
AFTON,2021-10-06,ACTUAL,9.5,-1.3,47,28,8,0,75,86,52,882,3.6,91,14,3
AFTON,2021-10-07,ACTUAL,8.9,0.1,54,11,9,0,75,86,53,884,3.8,92,15,3
AFTON,2021-10-08,ACTUAL,9.1,0.8,56,40,7,0,75,86.1,54,886,3.5,93,14,3
AFTON,2021-10-09,ACTUAL,12.9,0.9,44,23,11,0,75,86.9,55,889,4.7,95,18,3
AFTON,2021-10-10,ACTUAL,8.5,-1.4,50,204,14,3.2,75,66.3,43,867,1.1,77,5,2
AFTON,2021-10-11,ACTUAL,8.3,-1.8,49,28,11,0,75,77.6,44,869,1.6,78,7,2
AFTON,2021-10-12,ACTUAL,6.5,-0.9,59,348,9,0,75,80.8,44,871,2,79,8,2
AFTON,2021-10-13,ACTUAL,8,1,61,57,7,0.4,75,82.3,45,873,2.1,80,9,2
AFTON,2021-10-14,ACTUAL,7.8,0.8,61,23,13,0,75,83.1,45,875,3.2,80,12,2
AFTON,2021-10-15,ACTUAL,11.3,5.5,67,117,9,0,75,83.1,46,878,2.6,81,10,2
AFTON,2021-10-16,ACTUAL,13.8,6.2,60,95,20,0,75,84.2,47,881,5.3,83,18,3
AFTON,2021-10-17,ACTUAL,9.6,5.8,77,359,11,0,75,83,47,884,2.8,83,11,2
AFTON,2021-10-18,ACTUAL,11.6,2.6,54,8,8,0,75,84.4,48,887,2.9,85,12,2
AFTON,2021-10-19,ACTUAL,7.5,3.6,76,29,14,0,75,83,49,889,3.3,85,13,2
AFTON,2021-10-20,ACTUAL,12,3.8,57,98,11,0.6,75,83.3,49,891,2.9,87,12,2
AFTON,2021-10-21,ACTUAL,11.6,4.6,62,70,20,0,75,83.8,50,894,4.8,88,18,3
AFTON,2021-10-22,ACTUAL,11.5,7.8,78,20,10,0,75,82.9,51,897,2.6,89,11,2
AFTON,2021-10-23,ACTUAL,13,0.3,42,45,16,0,75,86.3,52,900,5.8,91,20,3
AFTON,2021-10-24,ACTUAL,9.1,3.8,69,72,22,0.2,75,84.6,52,902,6,91,21,3
AFTON,2021-10-25,ACTUAL,11.6,1.5,50,121,21,2,75,75.8,48,905,2.3,85,10,2
AFTON,2021-10-26,ACTUAL,11.5,-1.1,42,158,20,0,75,84,49,908,5,87,18,3
AFTON,2021-10-27,ACTUAL,11.2,-2,40,198,25,0,75,86.8,50,911,9.3,88,28,3
AFTON,2021-10-28,ACTUAL,3.3,3.3,100,36,14,4.8,75,32.3,34,863,0,61,0,2
AFTON,2021-10-29,ACTUAL,4.9,-1.1,65,248,22,8.2,75,36.7,18,780,0.1,34,0,1
AFTON,2021-10-30,ACTUAL,2,-3.4,67,6,6,0,75,51.3,18,781,0.3,34,0,1
AFTON,2021-10-31,ACTUAL,0.6,-4.4,69,47,7,0,75,61.6,18,782,0.6,34,1,1
CAHILTY,2021-05-01,ACTUAL,7.5,-2.9,48,319,15,0.4,,,,,,,,
CAHILTY,2021-05-02,ACTUAL,8.9,-4.4,39,136,6,0,,,,,,,,
CAHILTY,2021-05-03,ACTUAL,4.4,0,73,245,4,0,,,,,,,,
CAHILTY,2021-05-04,ACTUAL,5.8,-4.1,49,309,10,0.4,,,,,,,,
CAHILTY,2021-05-05,ACTUAL,9.6,-3.5,40,132,6,0,,,,,,,,
CAHILTY,2021-05-06,ACTUAL,12.4,-2.4,36,89,6,0,,,,,,,,
CAHILTY,2021-05-07,ACTUAL,1.5,-0.3,88,262,5,0.4,,,,,,,,
CAHILTY,2021-05-08,ACTUAL,7.6,-4.3,43,260,11,0.8,,,,,,,,
CAHILTY,2021-05-09,ACTUAL,6,-2.6,54,170,2,0,,,,,,,,
CAHILTY,2021-05-10,ACTUAL,8.7,-1.5,49,239,5,0.2,,,,,,,,
CAHILTY,2021-05-11,ACTUAL,9.7,-1.1,47,157,5,0.2,,,,,,,,
CAHILTY,2021-05-12,ACTUAL,5.4,3.1,85,147,3,1,,,,,,,,
CAHILTY,2021-05-13,ACTUAL,10.9,4.6,65,125,6,2.2,,,,,,,,
CAHILTY,2021-05-14,ACTUAL,12.1,5.6,64,193,6,0,,,,,,,,
CAHILTY,2021-05-15,ACTUAL,15.7,4.4,47,135,10,0.2,,,,,,,,
CAHILTY,2021-05-16,ACTUAL,17.4,3.2,39,166,8,0,,,,,,,,
CAHILTY,2021-05-17,ACTUAL,8.5,1.5,61,210,11,0,,,,,,,,
CAHILTY,2021-05-18,ACTUAL,3.3,-3.9,59,214,13,2.8,,,,,,,,
CAHILTY,2021-05-19,ACTUAL,1.9,-0.1,87,252,5,1.2,,,,,,,,
CAHILTY,2021-05-20,ACTUAL,8.8,-4.9,38,309,7,1.4,,,,,,,,
CAHILTY,2021-05-21,ACTUAL,11.4,-6.6,28,34,9,0,,,,,,,,
CAHILTY,2021-05-22,ACTUAL,14.9,-4.5,26,118,7,0,,,,,,,,
CAHILTY,2021-05-23,ACTUAL,16.3,0.7,35,328,6,0,,,,,,,,
CAHILTY,2021-05-24,ACTUAL,11.2,0,46,302,11,0,,,,,,,,
CAHILTY,2021-05-25,ACTUAL,8.2,7.1,93,196,3,1.8,,,,,,,,
CAHILTY,2021-05-26,ACTUAL,11.6,3.2,56,143,12,6.8,,,,,,,,
CAHILTY,2021-05-27,ACTUAL,6.2,4,86,171,8,3.2,,,,,,,,
CAHILTY,2021-05-28,ACTUAL,6.3,3.8,84,260,7,7.6,,,,,,,,
CAHILTY,2021-05-29,ACTUAL,10.5,2.1,56,162,5,1.4,,,,,,,,
CAHILTY,2021-05-30,ACTUAL,15.9,-2.2,29,179,12,0,,,,,,,,
CAHILTY,2021-05-31,ACTUAL,17.8,5.3,44,164,9,0,,,,,,,,
CAHILTY,2021-06-01,ACTUAL,20.5,10.1,51,173,8,0,,85,6,66,3.2,10,3,
CAHILTY,2021-06-02,ACTUAL,24.3,-0.1,20,227,12,0,,92.9,11,74,11.7,16,14,2
CAHILTY,2021-06-03,ACTUAL,17.4,5.3,45,276,7,0,,90.5,14,80,6.4,20,10,2
CAHILTY,2021-06-04,ACTUAL,12.3,-1.4,39,202,7,0,,90,16,86,6.1,22,10,3
CAHILTY,2021-06-05,ACTUAL,9.7,3.7,66,254,8,1,,80.6,17,91,1.8,23,3,2
CAHILTY,2021-06-06,ACTUAL,5,1.8,80,141,5,9.8,,32.2,9,79,0,14,0,1
CAHILTY,2021-06-07,ACTUAL,7.8,0.3,59,223,5,1.4,,47.9,10,83,0.2,15,0,1
CAHILTY,2021-06-08,ACTUAL,9.9,-0.1,50,113,6,0,,67.5,11,89,0.8,17,1,1
CAHILTY,2021-06-09,ACTUAL,10.6,1.7,54,232,9,1.2,,72.2,13,94,1,19,1,1
CAHILTY,2021-06-10,ACTUAL,10.3,-2.5,41,271,8,0,,81.6,14,99,2.1,21,3,2
CAHILTY,2021-06-11,ACTUAL,9,-0.1,53,134,10,0,,83.7,16,104,2.9,23,5,2
CAHILTY,2021-06-12,ACTUAL,10.7,3.1,59,142,8,1.2,,77.5,17,109,1.4,24,2,2
CAHILTY,2021-06-13,ACTUAL,12.1,6.9,70,80,6,2,,65.8,16,115,0.7,24,1,2
CAHILTY,2021-06-14,ACTUAL,14.4,9.3,71,144,7,3,,56.6,13,118,0.5,20,0,2
CAHILTY,2021-06-15,ACTUAL,14.3,2.1,44,184,13,0.4,,77.4,15,124,1.7,23,3,2
CAHILTY,2021-06-16,ACTUAL,11.6,1.8,51,249,6,0,,82.4,17,129,2,25,4,2
CAHILTY,2021-06-17,ACTUAL,16.9,2.8,39,178,7,0,,87,20,136,3.9,29,8,2
CAHILTY,2021-06-18,ACTUAL,19.2,2.8,34,271,7,0,,89.5,23,143,5.7,33,12,3
CAHILTY,2021-06-19,ACTUAL,11.6,7.2,74,316,10,0.4,,85.1,24,148,3.5,34,8,2
CAHILTY,2021-06-20,ACTUAL,17.8,5.7,45,132,8,1.4,,81.3,27,155,2,37,5,2
CAHILTY,2021-06-21,ACTUAL,22.3,7.2,38,130,9,0,,88.2,31,162,5.1,42,12,3
CAHILTY,2021-06-22,ACTUAL,24.2,5.9,31,265,8,0,,91.1,35,170,7.7,46,18,4
CAHILTY,2021-06-23,ACTUAL,23.4,6.1,33,225,5,0,,91.1,40,178,6.6,51,17,3
CAHILTY,2021-06-24,ACTUAL,19.4,9.6,53,283,11,0.4,,89,42,184,6.4,54,17,3
CAHILTY,2021-06-25,ACTUAL,22.9,11.3,48,311,13,0,,89,45,192,7.1,57,19,4
CAHILTY,2021-06-26,ACTUAL,27.3,14,44,164,8,0,,89.6,50,200,6,61,17,4
CAHILTY,2021-06-27,ACTUAL,30.5,12.8,34,159,9,0,,91.9,55,209,8.9,66,24,4
CAHILTY,2021-06-28,ACTUAL,32.6,10.6,26,161,7,0,,93.9,62,218,10.9,72,28,4
CAHILTY,2021-06-29,ACTUAL,33.8,10.4,24,169,7,0,,94.7,69,228,11.6,78,31,4
CAHILTY,2021-06-30,ACTUAL,33.8,12.2,27,136,7,0,,94.7,75,237,12.1,84,33,5
CAHILTY,2021-07-01,ACTUAL,26.9,14.3,46,190,7,0,,91.6,79,246,7.5,88,24,4
CAHILTY,2021-07-02,ACTUAL,22,11.1,50,155,6,9.4,,62.4,45,231,0.6,60,2,3
CAHILTY,2021-07-03,ACTUAL,24.4,7.9,35,191,8,0,,85.2,49,239,3.3,64,11,3
CAHILTY,2021-07-04,ACTUAL,18.6,9.7,56,286,8,0,,85.9,51,246,3.5,67,12,3
CAHILTY,2021-07-05,ACTUAL,14.1,11.4,84,156,6,0.4,,82.6,51,252,2,68,8,3
CAHILTY,2021-07-06,ACTUAL,22.5,10,45,353,7,2.2,,78.7,48,260,1.4,66,5,3
CAHILTY,2021-07-07,ACTUAL,25.3,4.9,27,136,7,0,,90.3,52,268,6.2,70,19,4
CAHILTY,2021-07-08,ACTUAL,20.5,14.7,69,103,5,6.6,,55.3,33,259,0.4,50,1,2
CAHILTY,2021-07-09,ACTUAL,22.1,12.1,53,131,7,0.4,,77.7,35,267,1.3,53,4,3
CAHILTY,2021-07-10,ACTUAL,23.9,6.5,33,264,7,0,,88.6,39,275,4.9,58,14,3
CAHILTY,2021-07-11,ACTUAL,22.4,9.2,43,210,8,0,,88.9,42,283,5.4,62,16,3
CAHILTY,2021-07-12,ACTUAL,24.6,4.3,27,308,7,0,,92,47,291,7.9,67,22,4
CAHILTY,2021-07-13,ACTUAL,25.3,6.9,31,159,5,0,,92,51,299,7.4,72,22,4
CAHILTY,2021-07-14,ACTUAL,24.6,10.4,41,258,6,0,,91.5,55,307,7.1,76,22,4
CAHILTY,2021-07-15,ACTUAL,21.9,8.4,42,327,7,0,,90.9,58,315,6.9,79,22,4
CAHILTY,2021-07-16,ACTUAL,19.6,8,47,171,7,0,,89.8,60,322,6,82,20,4
CAHILTY,2021-07-17,ACTUAL,18.5,6.3,45,167,8,0,,89.6,63,329,6.1,85,21,4
CAHILTY,2021-07-18,ACTUAL,20.3,6.2,40,178,10,0,,89.7,66,337,6.7,89,22,4
CAHILTY,2021-07-19,ACTUAL,24.1,3.9,27,171,8,0,,92,70,345,8.6,93,27,4
CAHILTY,2021-07-20,ACTUAL,21.3,3.4,31,178,10,0,,92.1,74,352,9.4,97,30,4
CAHILTY,2021-07-21,ACTUAL,18.4,-1.5,26,191,10,0,,92.1,77,359,9.4,100,30,4
CAHILTY,2021-07-22,ACTUAL,13,1,44,262,7,0,,90.1,79,365,6.2,103,23,4
CAHILTY,2021-07-23,ACTUAL,18,3.7,39,270,7,0,,90.1,82,372,6.3,106,24,4
CAHILTY,2021-07-24,ACTUAL,20.5,8.1,45,151,7,0,,90,85,380,6.1,109,23,4
CAHILTY,2021-07-25,ACTUAL,22.4,6.1,35,219,7,0,,90.4,88,387,6.5,112,25,4
CAHILTY,2021-07-26,ACTUAL,22.4,5.2,33,199,9,0,,90.9,92,395,7.5,116,28,4
CAHILTY,2021-07-27,ACTUAL,23.6,3.9,28,245,6,0,,91.9,96,403,7.7,120,29,5
CAHILTY,2021-07-28,ACTUAL,23.7,6.8,34,191,6,0,,92,100,411,7.7,124,29,5
CAHILTY,2021-07-29,ACTUAL,25.5,8.4,34,262,6,0,,92,104,419,7.7,128,29,5
CAHILTY,2021-07-30,ACTUAL,27.8,5.3,24,126,7,0,,93.5,109,428,9.9,133,35,5
CAHILTY,2021-07-31,ACTUAL,28.2,4.4,22,90,4,0,,94.2,115,437,9.6,138,35,5
CAHILTY,2021-08-01,ACTUAL,18.4,9.3,55,322,13,0.2,,89.2,116,443,7.4,141,29,5
CAHILTY,2021-08-02,ACTUAL,19.6,15.9,79,264,4,3.8,,57.2,77,439,0.4,107,2,3
CAHILTY,2021-08-03,ACTUAL,25.7,9.8,37,197,8,0,,84.1,81,446,2.7,111,13,4
CAHILTY,2021-08-04,ACTUAL,23.2,8.8,40,151,6,0,,88.6,84,453,4.8,114,20,4
CAHILTY,2021-08-05,ACTUAL,26.4,0.9,19,215,7,0,,93.9,88,461,10.7,119,36,5
CAHILTY,2021-08-06,ACTUAL,17.9,8.5,54,196,8,0,,89.5,90,467,5.9,121,24,5
CAHILTY,2021-08-07,ACTUAL,13.2,8.7,74,183,7,0,,85.3,91,473,3.2,123,15,4
CAHILTY,2021-08-08,ACTUAL,14.4,7.8,64,296,9,0,,85.3,92,478,3.5,124,16,4
CAHILTY,2021-08-09,ACTUAL,18.3,8.9,54,150,7,0,,86.1,94,485,3.5,126,17,4
CAHILTY,2021-08-10,ACTUAL,18.6,9.4,55,289,12,0,,86.3,96,491,4.6,129,21,5
CAHILTY,2021-08-11,ACTUAL,22.2,6.3,36,294,13,0,,89.6,99,498,7.9,132,30,5
CAHILTY,2021-08-12,ACTUAL,23.8,5.1,30,300,9,0,,91.4,102,505,8.2,136,31,5
CAHILTY,2021-08-13,ACTUAL,27.5,6.2,26,157,9,0,,93,107,513,10.4,140,37,5
CAHILTY,2021-08-14,ACTUAL,27.2,3.6,22,251,7,0,,94,111,521,10.9,145,38,5
CAHILTY,2021-08-15,ACTUAL,26.2,4.6,25,223,11,0,,94,115,529,12.8,149,43,5
CAHILTY,2021-08-16,ACTUAL,14.5,10,74,276,3,2,,70.4,98,534,0.8,134,4,3
CAHILTY,2021-08-17,ACTUAL,9.3,7.1,86,334,12,24.2,,26.1,44,418,0,69,0,2
CAHILTY,2021-08-18,ACTUAL,16.9,8.6,58,143,5,0,,56.4,45,424,0.4,71,1,2
CAHILTY,2021-08-19,ACTUAL,15.4,7.7,60,301,11,0,,74.2,47,430,1.3,73,5,3
CAHILTY,2021-08-20,ACTUAL,15,5,51,134,4,0,,81.5,48,436,1.6,75,7,3
CAHILTY,2021-08-21,ACTUAL,15.3,7.4,59,197,3,1.4,,74.9,50,442,0.9,77,4,3
CAHILTY,2021-08-22,ACTUAL,6.5,5.4,93,290,6,4.6,,35.2,34,431,0,57,0,2
CAHILTY,2021-08-23,ACTUAL,6.9,3.5,79,323,6,0.2,,48.5,34,435,0.2,57,0,2
CAHILTY,2021-08-24,ACTUAL,11.6,5.1,64,20,5,0,,64.7,35,440,0.7,59,2,3
CAHILTY,2021-08-25,ACTUAL,18,4.1,40,178,10,0,,82.2,37,447,2.4,62,8,3
CAHILTY,2021-08-26,ACTUAL,12.6,5.3,61,179,8,0,,83.5,39,452,2.5,64,9,3
CAHILTY,2021-08-27,ACTUAL,13.1,5.8,61,309,9,2,,71.6,36,457,1.1,60,4,3
CAHILTY,2021-08-28,ACTUAL,16.2,6.6,53,164,11,0,,81.7,38,463,2.4,62,8,3
CAHILTY,2021-08-29,ACTUAL,17.9,7,49,202,8,0,,85.6,40,469,3.4,65,11,3
CAHILTY,2021-08-30,ACTUAL,15.3,4.9,50,179,10,0,,86.3,41,475,4.1,68,13,3
CAHILTY,2021-08-31,ACTUAL,7,5.3,89,261,8,13.6,,27.3,19,419,0,34,0,2
CAHILTY,2021-09-01,ACTUAL,9.8,4.8,71,304,12,4,,38.3,13,412,0,24,0,2
CAHILTY,2021-09-02,ACTUAL,12.4,5.8,64,171,6,0,,59.2,14,416,0.5,26,1,2
CAHILTY,2021-09-03,ACTUAL,16.2,2.5,40,192,8,0,,79.2,16,420,1.6,29,3,2
CAHILTY,2021-09-04,ACTUAL,14.5,4.5,51,183,10,0,,84,17,424,3,31,7,2
CAHILTY,2021-09-05,ACTUAL,15.5,9.7,68,191,8,7.2,,51.7,10,403,0.3,19,0,1
CAHILTY,2021-09-06,ACTUAL,13.4,4,53,174,6,0,,70.7,12,407,0.9,22,1,2
CAHILTY,2021-09-07,ACTUAL,19.7,4.1,36,176,7,0,,85,14,412,3.1,26,6,2
CAHILTY,2021-09-08,ACTUAL,13.9,11.9,88,256,3,1.2,,72.1,14,417,0.8,26,1,2
CAHILTY,2021-09-09,ACTUAL,14.6,9.5,71,225,3,0,,77.3,15,421,1.1,28,2,2
CAHILTY,2021-09-10,ACTUAL,17.7,7.2,50,186,7,0,,84,17,426,2.7,30,6,2
CAHILTY,2021-09-11,ACTUAL,14.1,8.8,70,76,5,0,,84.1,18,430,2.4,32,5,2
CAHILTY,2021-09-12,ACTUAL,15.9,6.9,55,222,8,0.2,,85.3,19,435,3.2,34,7,2
CAHILTY,2021-09-13,ACTUAL,12.2,2.9,53,61,5,0,,85.5,20,439,2.8,36,7,2
CAHILTY,2021-09-14,ACTUAL,8.1,5.9,86,194,4,0.8,,78.5,20,442,1.2,36,3,2
CAHILTY,2021-09-15,ACTUAL,4.9,-0.7,67,303,8,10.6,,38,10,402,0,19,0,1
CAHILTY,2021-09-16,ACTUAL,6.8,0.3,63,121,7,0.2,,56.5,11,405,0.5,20,0,2
CAHILTY,2021-09-17,ACTUAL,0.7,0.7,100,93,5,0.4,,56.5,11,407,0.4,20,0,2
CAHILTY,2021-09-18,ACTUAL,8.6,4.3,74,179,8,27.6,,28.6,5,307,0,9,0,1
CAHILTY,2021-09-19,ACTUAL,8.3,2.8,68,143,5,0.2,,48.1,5,310,0.2,10,0,1
CAHILTY,2021-09-20,ACTUAL,9.9,3.9,66,176,11,3.6,,48.6,4,306,0.2,7,0,1
CAHILTY,2021-09-21,ACTUAL,11.9,5.4,64,114,6,0,,65.4,4,310,0.7,9,0,1
CAHILTY,2021-09-22,ACTUAL,9.7,9.2,97,274,5,4.4,,29.7,2,303,0,4,0,1
CAHILTY,2021-09-23,ACTUAL,12.7,4.9,59,145,7,0,,56.3,3,307,0.4,6,0,1
CAHILTY,2021-09-24,ACTUAL,16.7,4.7,45,149,6,0,,76.4,5,312,1.1,9,1,1
CAHILTY,2021-09-25,ACTUAL,18.7,5.8,43,171,9,0,,85.3,7,317,3.5,13,4,2
CAHILTY,2021-09-26,ACTUAL,10,5.8,75,214,5,0.2,,83.8,7,321,2.3,14,3,2
CAHILTY,2021-09-27,ACTUAL,8.4,3.5,71,201,10,8.8,,43.4,4,298,0.1,8,0,1
CAHILTY,2021-09-28,ACTUAL,5.2,2.2,81,219,8,0.2,,54.2,4,301,0.4,8,0,1
CAHILTY,2021-09-29,ACTUAL,2,2,100,146,5,1.4,,43.1,4,303,0.1,8,0,1
CAHILTY,2021-09-30,ACTUAL,4.6,4.6,100,245,10,20.4,,4.8,1,245,0,3,0,1
CAHILTY,2021-10-01,ACTUAL,8.7,1.9,62,173,6,4,,27.9,1,239,0,1,0,1
CAHILTY,2021-10-02,ACTUAL,5.2,-0.2,68,202,7,0.2,,46.7,1,241,0.2,2,0,1
CAHILTY,2021-10-03,ACTUAL,9.8,0.9,54,192,9,0,,66.9,2,244,0.9,4,0,1
CAHILTY,2021-10-04,ACTUAL,11.2,-0.7,44,174,11,0,,79.7,3,246,1.9,6,1,1
CAHILTY,2021-10-05,ACTUAL,8.8,3.9,71,145,6,0,,80.8,3,249,1.7,6,1,1
CAHILTY,2021-10-06,ACTUAL,3.8,-2.3,64,166,9,4.8,,49.7,2,240,0.3,3,0,1
CAHILTY,2021-10-07,ACTUAL,2.5,-0.3,82,159,6,3,,38.1,0,237,0,1,0,1
CAHILTY,2021-10-08,ACTUAL,5.4,-4.2,50,143,6,0,,58.4,1,239,0.5,2,0,1
CAHILTY,2021-10-09,ACTUAL,4.6,-0.4,70,145,8,0,,67.7,1,240,0.9,2,0,1
CAHILTY,2021-10-10,ACTUAL,1.8,-2.1,75,310,13,6,,39.6,0,228,0.1,0,0,1
CAHILTY,2021-10-11,ACTUAL,2.5,-3.2,66,328,9,2.4,,43.9,0,229,0.1,0,0,1
CAHILTY,2021-10-12,ACTUAL,-0.2,-5,70,163,7,0.2,,55.5,0,230,0.4,0,0,1
CAHILTY,2021-10-13,ACTUAL,5.2,-1.4,62,251,5,7,,37.4,0,216,0,1,0,1
CAHILTY,2021-10-14,ACTUAL,1.1,-1.2,85,170,7,1.4,,39.7,0,217,0,1,0,1
CAHILTY,2021-10-15,ACTUAL,0.7,0.7,100,47,3,0,,39.8,0,218,0,1,0,1
CAHILTY,2021-10-16,ACTUAL,2.2,2.2,100,115,5,7.2,,10.8,0,203,0,0,0,1
CAHILTY,2021-10-17,ACTUAL,5,4.1,94,268,2,1.6,,12.9,0,205,0,0,0,1
CAHILTY,2021-10-18,ACTUAL,8.2,2.3,66,168,7,0.2,,36.7,1,207,0,1,0,1
CAHILTY,2021-10-19,ACTUAL,12.7,-1.4,38,115,5,0.2,,65.3,2,210,0.7,4,0,1
CAHILTY,2021-10-20,ACTUAL,4.8,3.1,89,159,7,0.4,,68.1,2,212,0.9,4,0,1
CAHILTY,2021-10-21,ACTUAL,5.3,3.5,88,129,7,2.2,,51,1,213,0.3,2,0,1
CAHILTY,2021-10-22,ACTUAL,5.3,5.1,99,231,4,5.8,,17.8,0,203,0,0,0,1
CAHILTY,2021-10-23,ACTUAL,5.1,0.3,71,158,7,0.8,,35.9,0,205,0,1,0,1
CAHILTY,2021-10-24,ACTUAL,2.2,1.6,96,112,8,2.2,,27.4,0,206,0,0,0,1
CAHILTY,2021-10-25,ACTUAL,2.5,2.4,99,128,7,12.2,,4.9,0,179,0,0,0,1
CAHILTY,2021-10-26,ACTUAL,3.8,0.3,78,189,8,3.6,,18.9,0,175,0,0,0,1
CAHILTY,2021-10-27,ACTUAL,2.6,0,83,232,9,2.4,,25.7,0,176,0,0,0,1
CAHILTY,2021-10-28,ACTUAL,-0.6,-0.6,100,121,2,0,,25.8,0,177,0,0,0,1
CAHILTY,2021-10-29,ACTUAL,0,-2.2,85,323,12,0,,36.9,0,177,0,0,0,1
CAHILTY,2021-10-30,ACTUAL,3.1,-6.1,51,234,4,7,,32.4,0,165,0,1,0,1
CAHILTY,2021-10-31,ACTUAL,3.9,-7.6,43,127,4,8.8,,32.7,0,149,0,1,0,1
CLEARWATER HUB,2021-05-01,ACTUAL,14,-4.8,27,310,12,0.2,,83.9,46,123,3.3,48,9,3
CLEARWATER HUB,2021-05-02,ACTUAL,17.7,-1.6,27,302,5,0,,89.4,50,128,5,51,13,3
CLEARWATER HUB,2021-05-03,ACTUAL,12.6,1.5,47,201,10,0,,88.6,52,133,5.8,52,15,3
CLEARWATER HUB,2021-05-04,ACTUAL,15,-4.5,26,288,15,4,,74.5,40,133,1.5,46,4,3
CLEARWATER HUB,2021-05-05,ACTUAL,18,-1.9,26,180,5,0,,87,44,138,3.7,49,10,3
CLEARWATER HUB,2021-05-06,ACTUAL,15.3,2,41,36,5,0,,87.9,46,143,4.1,51,12,3
CLEARWATER HUB,2021-05-07,ACTUAL,11.3,0.9,49,169,7,0,,87.8,48,148,4.5,53,13,3
CLEARWATER HUB,2021-05-08,ACTUAL,17.1,-4.3,23,191,11,0,,91.2,52,153,8.8,56,22,4
CLEARWATER HUB,2021-05-09,ACTUAL,17.1,-0.7,30,102,6,0,,91.3,55,159,7,59,19,4
CLEARWATER HUB,2021-05-10,ACTUAL,14,1.9,44,237,10,1.6,,80.5,55,164,2,60,7,3
CLEARWATER HUB,2021-05-11,ACTUAL,20.3,-3.4,20,105,8,0,,90.8,60,170,7.1,63,20,4
CLEARWATER HUB,2021-05-12,ACTUAL,14.6,5.7,55,198,10,0,,88.3,61,175,5.5,65,17,3
CLEARWATER HUB,2021-05-13,ACTUAL,20.9,5.2,36,214,7,0,,89.7,65,181,5.7,69,18,4
CLEARWATER HUB,2021-05-14,ACTUAL,22.2,3.7,30,194,7,0,,91.2,69,187,7.3,72,21,4
CLEARWATER HUB,2021-05-15,ACTUAL,24.1,5.3,30,142,8,0.6,,91.3,74,194,7.6,76,23,4
CLEARWATER HUB,2021-05-16,ACTUAL,25.6,5.7,28,250,8,0,,92.3,79,201,9,80,26,4
CLEARWATER HUB,2021-05-17,ACTUAL,14.9,10.6,75,25,3,0.4,,86.3,80,206,2.9,81,11,4
CLEARWATER HUB,2021-05-18,ACTUAL,9.2,5.2,76,272,6,6.4,,44.1,49,197,0.1,60,0,2
CLEARWATER HUB,2021-05-19,ACTUAL,10.7,3.1,59,114,5,3,,49.2,40,198,0.2,53,0,2
CLEARWATER HUB,2021-05-20,ACTUAL,17.5,-1.3,28,136,10,1.4,,75.3,43,203,1.3,56,4,3
CLEARWATER HUB,2021-05-21,ACTUAL,20.2,-5.7,17,276,8,0,,90.3,48,209,6.7,61,18,4
CLEARWATER HUB,2021-05-22,ACTUAL,23.8,-8.6,11,86,6,0,,95.4,54,216,12.3,66,29,4
CLEARWATER HUB,2021-05-23,ACTUAL,24.9,1,21,129,5,0,,95.3,59,223,11.5,71,29,4
CLEARWATER HUB,2021-05-24,ACTUAL,17.1,7.2,52,78,5,0,,90.4,61,228,5.8,73,18,4
CLEARWATER HUB,2021-05-25,ACTUAL,15.2,12.2,82,125,6,4.2,,52.3,44,226,0.3,59,1,2
CLEARWATER HUB,2021-05-26,ACTUAL,20.4,6.6,41,106,8,2.2,,71.3,41,232,1,57,3,3
CLEARWATER HUB,2021-05-27,ACTUAL,12.1,11.1,94,106,4,4.2,,35.4,29,229,0,44,0,2
CLEARWATER HUB,2021-05-28,ACTUAL,12.8,4.5,57,115,6,5.8,,42.3,19,221,0.1,31,0,2
CLEARWATER HUB,2021-05-29,ACTUAL,19.3,4.1,37,231,6,0.8,,73.1,22,227,1,36,2,2
CLEARWATER HUB,2021-05-30,ACTUAL,23.3,5.1,31,184,8,0,,87.9,27,234,4.7,42,11,3
CLEARWATER HUB,2021-05-31,ACTUAL,25.5,7.5,32,161,7,0,,91.1,32,241,7,48,17,3
CLEARWATER HUB,2021-06-01,ACTUAL,28.3,7.4,27,75,5,0,,92.9,37,249,8.4,54,21,4
CLEARWATER HUB,2021-06-02,ACTUAL,27.7,10.8,35,115,4,0,,92.9,42,258,7.9,60,21,4
CLEARWATER HUB,2021-06-03,ACTUAL,25.9,10,37,156,3,0,,92.5,47,266,7.2,65,20,4
CLEARWATER HUB,2021-06-04,ACTUAL,21.4,3.5,31,220,11,0.4,,92.5,51,273,10.4,69,27,4
CLEARWATER HUB,2021-06-05,ACTUAL,14.5,7.6,63,121,4,1.6,,76.4,50,279,1,69,4,3
CLEARWATER HUB,2021-06-06,ACTUAL,18.2,4.7,41,79,6,3.4,,70,41,280,0.9,60,3,3
CLEARWATER HUB,2021-06-07,ACTUAL,13.1,8.4,73,18,5,5,,46.7,28,274,0.1,44,0,2
CLEARWATER HUB,2021-06-08,ACTUAL,18,6.8,48,38,4,0,,71.3,31,281,0.8,48,2,3
CLEARWATER HUB,2021-06-09,ACTUAL,19.6,9.2,51,88,5,2.8,,68.9,27,284,0.8,44,2,3
CLEARWATER HUB,2021-06-10,ACTUAL,17,3.9,42,200,12,0,,83.1,30,290,3,47,8,3
CLEARWATER HUB,2021-06-11,ACTUAL,18.4,3.7,38,99,6,0,,87.6,33,297,4.2,52,12,3
CLEARWATER HUB,2021-06-12,ACTUAL,20.2,4.1,35,144,7,0,,89.6,37,304,5.9,56,16,3
CLEARWATER HUB,2021-06-13,ACTUAL,19.8,9.7,52,339,9,0,,88.8,39,311,5.6,60,16,3
CLEARWATER HUB,2021-06-14,ACTUAL,25.7,9.8,37,231,7,0,,90.4,44,319,6.3,65,18,4
CLEARWATER HUB,2021-06-15,ACTUAL,22.4,5.7,34,204,9,0.4,,90.7,48,326,7.5,70,22,4
CLEARWATER HUB,2021-06-16,ACTUAL,18.9,9.4,54,95,6,1.4,,81.1,50,333,1.7,73,7,3
CLEARWATER HUB,2021-06-17,ACTUAL,25.9,4.3,25,185,8,0,,91.4,56,341,7.7,79,23,4
CLEARWATER HUB,2021-06-18,ACTUAL,27.5,6.8,27,9,6,0,,92.8,61,349,8.6,85,26,4
CLEARWATER HUB,2021-06-19,ACTUAL,16,14,88,16,2,3.4,,51.9,46,348,0.2,70,0,2
CLEARWATER HUB,2021-06-20,ACTUAL,25.2,8.1,34,86,7,1.8,,78.6,48,356,1.4,71,6,3
CLEARWATER HUB,2021-06-21,ACTUAL,29,9.1,29,152,8,0,,91.1,53,365,7.4,78,23,4
CLEARWATER HUB,2021-06-22,ACTUAL,31.8,5.3,19,198,9,0,,95.2,60,374,13.8,86,36,5
CLEARWATER HUB,2021-06-23,ACTUAL,30.4,10.3,29,70,6,0,,94.7,66,383,11.1,92,32,5
CLEARWATER HUB,2021-06-24,ACTUAL,27.2,9.9,34,137,6,0,,93.5,71,391,9.7,98,30,4
CLEARWATER HUB,2021-06-25,ACTUAL,32.1,10.7,27,248,9,0,,93.8,78,400,11.8,104,36,5
CLEARWATER HUB,2021-06-26,ACTUAL,35.4,12.4,25,187,7,0,,94.7,85,410,11.7,112,37,5
CLEARWATER HUB,2021-06-27,ACTUAL,37.4,10.7,20,208,5,0,,96.1,93,420,12.7,120,40,5
CLEARWATER HUB,2021-06-28,ACTUAL,39.2,11.4,19,131,6,0,,96.7,101,431,14.8,128,45,5
CLEARWATER HUB,2021-06-29,ACTUAL,40.9,11.9,18,94,6,0,,97.2,111,442,16,136,48,5
CLEARWATER HUB,2021-06-30,ACTUAL,40.8,12.7,19,174,6,0,,97.3,119,452,15.7,144,48,5
CLEARWATER HUB,2021-07-01,ACTUAL,34.6,15.9,33,228,7,0,,95,125,462,12.2,149,42,5
CLEARWATER HUB,2021-07-02,ACTUAL,30.1,8.4,26,143,8,4.2,,85.6,82,458,3.4,114,16,4
CLEARWATER HUB,2021-07-03,ACTUAL,32,6.9,21,33,6,0,,94.2,89,467,10.3,120,35,5
CLEARWATER HUB,2021-07-04,ACTUAL,32.1,9,24,126,8,0,,94.4,95,477,11.8,126,39,5
CLEARWATER HUB,2021-07-05,ACTUAL,28.4,9.6,31,192,7,0,,94,99,486,10.5,131,36,5
CLEARWATER HUB,2021-07-06,ACTUAL,28.7,12.1,36,320,5,9.8,,74.3,56,451,0.9,86,4,3
CLEARWATER HUB,2021-07-07,ACTUAL,33.1,9.2,23,42,4,0,,92.7,62,461,7.9,93,26,4
CLEARWATER HUB,2021-07-08,ACTUAL,27.8,12.5,39,172,6,0,,92.3,66,470,8.2,98,27,4
CLEARWATER HUB,2021-07-09,ACTUAL,30.5,10.4,29,223,7,0,,93,72,479,9.4,104,31,4
CLEARWATER HUB,2021-07-10,ACTUAL,32.7,9.5,24,255,10,0,,94.5,78,488,13.2,111,40,5
CLEARWATER HUB,2021-07-11,ACTUAL,30.6,8.3,25,221,11,4.2,,87.1,59,483,4.9,90,18,4
CLEARWATER HUB,2021-07-12,ACTUAL,30.5,6.4,22,324,8,0,,93.9,65,492,11.4,98,34,5
CLEARWATER HUB,2021-07-13,ACTUAL,30.7,7.2,23,0,5,0,,94.4,71,502,10.3,104,33,5
CLEARWATER HUB,2021-07-14,ACTUAL,27.6,9.3,32,195,5,0,,93.8,75,510,9.5,110,32,5
CLEARWATER HUB,2021-07-15,ACTUAL,27.7,9.4,32,312,4,0,,93.6,80,519,8.7,115,31,4
CLEARWATER HUB,2021-07-16,ACTUAL,27.3,10,34,189,6,0,,93.2,84,528,9.3,120,32,5
CLEARWATER HUB,2021-07-17,ACTUAL,27.1,7.9,30,246,6,0,,93.3,89,536,9.3,126,33,5
CLEARWATER HUB,2021-07-18,ACTUAL,29.7,0.3,15,134,7,0,,95.9,95,545,13.6,132,43,5
CLEARWATER HUB,2021-07-19,ACTUAL,28.8,4.9,22,229,6,0,,95.8,100,554,13.1,138,43,5
CLEARWATER HUB,2021-07-20,ACTUAL,29.9,3.8,19,212,8,0,,95.8,106,563,14.8,144,47,5
CLEARWATER HUB,2021-07-21,ACTUAL,26.2,5.1,26,203,8,0,,94.9,111,572,13,149,43,5
CLEARWATER HUB,2021-07-22,ACTUAL,21.2,3.3,31,275,8,0.2,,93.3,115,579,10.2,153,37,5
CLEARWATER HUB,2021-07-23,ACTUAL,26.6,3.7,23,146,7,0,,93.7,120,588,10.5,159,39,5
CLEARWATER HUB,2021-07-24,ACTUAL,28,6.1,25,247,7,0,,93.8,125,596,10.1,164,38,5
CLEARWATER HUB,2021-07-25,ACTUAL,28.7,7.8,27,165,7,0,,93.8,130,605,10.6,169,39,5
CLEARWATER HUB,2021-07-26,ACTUAL,28.8,7.9,27,189,6,0,,93.9,135,614,10.2,174,38,5
CLEARWATER HUB,2021-07-27,ACTUAL,31.1,5.5,20,114,7,0,,95.1,141,623,12.4,180,44,5
CLEARWATER HUB,2021-07-28,ACTUAL,25.4,5.5,28,211,5,0,,94.3,146,632,10,185,39,5
CLEARWATER HUB,2021-07-29,ACTUAL,28.1,8.8,30,89,6,0,,94.1,150,640,10.2,189,39,5
CLEARWATER HUB,2021-07-30,ACTUAL,29.2,10.7,32,195,6,0,,93.9,155,649,10,194,39,5
CLEARWATER HUB,2021-07-31,ACTUAL,31.8,9.3,25,329,6,0,,94.2,161,659,10.3,200,40,5
CLEARWATER HUB,2021-08-01,ACTUAL,21.1,14.1,64,71,3,0,,88.6,163,666,4.1,202,21,5
CLEARWATER HUB,2021-08-02,ACTUAL,24.5,17.4,64,206,6,2.4,,74.3,113,673,1,159,6,3
CLEARWATER HUB,2021-08-03,ACTUAL,30.7,15.1,39,260,4,0,,88.6,117,682,4.4,164,21,5
CLEARWATER HUB,2021-08-04,ACTUAL,31.2,8.2,24,189,5,0,,93.7,122,690,9.4,169,36,5
CLEARWATER HUB,2021-08-05,ACTUAL,32.3,8.5,23,262,5,0,,94.6,127,699,10.7,175,40,5
CLEARWATER HUB,2021-08-06,ACTUAL,22.8,11.2,48,14,3,0.6,,90.3,130,706,5.3,178,25,5
CLEARWATER HUB,2021-08-07,ACTUAL,22.3,9.1,43,346,4,0.2,,90.4,133,713,5.4,181,25,5
CLEARWATER HUB,2021-08-08,ACTUAL,23.7,10,42,162,8,2.6,,80.2,99,720,1.7,147,10,4
CLEARWATER HUB,2021-08-09,ACTUAL,27.9,9.6,32,196,10,0,,90.6,103,728,7.6,152,31,5
CLEARWATER HUB,2021-08-10,ACTUAL,26.1,7.6,31,257,14,0,,91.8,107,736,11.2,157,40,5
CLEARWATER HUB,2021-08-11,ACTUAL,29.9,5.2,21,263,19,0,,94.6,112,745,20.9,162,60,5
CLEARWATER HUB,2021-08-12,ACTUAL,31.1,6.9,22,90,6,0,,94.7,117,753,11.4,168,41,5
CLEARWATER HUB,2021-08-13,ACTUAL,31.7,9.2,25,177,7,0,,94.8,122,762,11.8,174,42,5
CLEARWATER HUB,2021-08-14,ACTUAL,28.5,8.1,28,280,6,0,,94.5,126,770,10.8,179,40,5
CLEARWATER HUB,2021-08-15,ACTUAL,24.2,12.5,48,95,3,0,,91.2,129,777,5.9,182,27,5
CLEARWATER HUB,2021-08-16,ACTUAL,22.2,11.3,50,106,6,5.2,,68.1,76,745,0.8,121,4,3
CLEARWATER HUB,2021-08-17,ACTUAL,16.6,8.6,59,151,3,1.2,,71.9,77,751,0.8,123,4,3
CLEARWATER HUB,2021-08-18,ACTUAL,22.4,7.7,39,270,6,0,,85.6,80,758,3.1,127,15,4
CLEARWATER HUB,2021-08-19,ACTUAL,23.3,11,46,86,5,0,,87.9,83,765,4,131,19,5
CLEARWATER HUB,2021-08-20,ACTUAL,22.7,8.7,41,217,5,0,,89.1,86,772,4.9,134,22,5
CLEARWATER HUB,2021-08-21,ACTUAL,24.8,9,37,173,8,0,,90.3,89,779,6.8,139,28,5
CLEARWATER HUB,2021-08-22,ACTUAL,12,11.2,95,44,3,21.8,,18.6,40,601,0,69,0,2
CLEARWATER HUB,2021-08-23,ACTUAL,14.5,10.2,75,227,7,1.8,,39,38,607,0,66,0,2
CLEARWATER HUB,2021-08-24,ACTUAL,21.2,6.2,38,180,6,0,,74.1,41,614,1,70,4,3
CLEARWATER HUB,2021-08-25,ACTUAL,23,7.4,37,153,6,0,,86.6,44,621,3.5,75,13,4
CLEARWATER HUB,2021-08-26,ACTUAL,20.8,5.9,38,325,5,0,,88.9,47,628,4.6,79,16,4
CLEARWATER HUB,2021-08-27,ACTUAL,19.9,10.9,56,216,9,9.2,,60,27,578,0.6,48,1,3
CLEARWATER HUB,2021-08-28,ACTUAL,22.6,10.1,45,201,6,0,,81,29,585,1.7,52,5,3
CLEARWATER HUB,2021-08-29,ACTUAL,24.5,10,40,177,5,0,,88.1,32,593,4.3,57,13,3
CLEARWATER HUB,2021-08-30,ACTUAL,20.9,8.8,46,176,5,0,,88.2,35,599,4.2,61,13,3
CLEARWATER HUB,2021-08-31,ACTUAL,13,6.6,65,210,7,3,,64.2,28,594,0.7,51,2,3
CLEARWATER HUB,2021-09-01,ACTUAL,19.2,8.8,51,245,6,2.6,,67.7,25,599,0.8,45,2,3
CLEARWATER HUB,2021-09-02,ACTUAL,19.9,8.9,49,359,6,0.4,,81.6,27,605,1.9,48,5,3
CLEARWATER HUB,2021-09-03,ACTUAL,21.6,8.4,43,207,5,0,,87,29,610,3.6,52,10,3
CLEARWATER HUB,2021-09-04,ACTUAL,16.4,8.4,59,138,4,0,,86.9,30,615,3.3,54,10,3
CLEARWATER HUB,2021-09-05,ACTUAL,20.1,12.9,63,121,6,5,,61.3,21,595,0.6,38,1,2
CLEARWATER HUB,2021-09-06,ACTUAL,23.2,7.2,36,202,5,0.4,,83.3,24,600,2.1,43,6,2
CLEARWATER HUB,2021-09-07,ACTUAL,23.7,8.5,38,227,6,0,,88.7,26,606,4.7,48,12,3
CLEARWATER HUB,2021-09-08,ACTUAL,16,12.2,78,289,3,0,,84.8,27,611,2.4,49,7,3
CLEARWATER HUB,2021-09-09,ACTUAL,20.5,11.5,56,214,5,0.6,,85.2,29,616,2.7,51,8,3
CLEARWATER HUB,2021-09-10,ACTUAL,19.9,11.2,57,83,3,0.4,,85.8,30,622,2.8,54,9,3
CLEARWATER HUB,2021-09-11,ACTUAL,18.9,12.7,67,37,3,0.6,,83.9,31,627,2.1,56,7,3
CLEARWATER HUB,2021-09-12,ACTUAL,19.7,10.2,54,186,5,1.2,,80.7,33,632,1.6,59,5,3
CLEARWATER HUB,2021-09-13,ACTUAL,18.9,4.6,39,131,6,0,,86.9,35,637,3.8,62,12,3
CLEARWATER HUB,2021-09-14,ACTUAL,10.3,8.9,91,234,3,1,,75.6,36,641,0.9,62,3,3
CLEARWATER HUB,2021-09-15,ACTUAL,14.4,-2.6,31,242,9,2,,76.4,34,645,1.3,60,4,3
CLEARWATER HUB,2021-09-16,ACTUAL,17.3,0.3,32,222,6,0,,86.4,36,650,3.5,63,12,3
CLEARWATER HUB,2021-09-17,ACTUAL,8.2,7.9,98,269,3,10.4,,20.9,17,585,0,32,0,2
CLEARWATER HUB,2021-09-18,ACTUAL,17.4,8.6,56,140,4,20.2,,37.6,9,476,0,17,0,1
CLEARWATER HUB,2021-09-19,ACTUAL,10.8,6,72,103,6,2,,46.7,8,480,0.1,15,0,1
CLEARWATER HUB,2021-09-20,ACTUAL,15.1,7.5,60,61,3,3.4,,50.2,6,474,0.2,12,0,1
CLEARWATER HUB,2021-09-21,ACTUAL,13.2,7.3,67,227,3,0,,65,7,479,0.6,13,0,1
CLEARWATER HUB,2021-09-22,ACTUAL,15.8,13.1,84,341,4,5.8,,37.9,4,461,0,8,0,1
CLEARWATER HUB,2021-09-23,ACTUAL,18,3.4,38,115,5,0.2,,70.1,6,466,0.8,12,1,1
CLEARWATER HUB,2021-09-24,ACTUAL,17,7.1,52,213,5,0,,80.5,8,470,1.5,14,2,2
CLEARWATER HUB,2021-09-25,ACTUAL,17.7,10.2,61,206,4,0,,83.4,9,475,2.1,17,3,2
CLEARWATER HUB,2021-09-26,ACTUAL,16,14.3,90,29,3,3.6,,46.6,6,469,0.1,11,0,1
CLEARWATER HUB,2021-09-27,ACTUAL,21.1,2.7,30,198,10,2.8,,73.1,6,474,1.2,13,1,1
CLEARWATER HUB,2021-09-28,ACTUAL,14.3,4.9,53,131,6,0.8,,78.6,8,479,1.3,15,1,2
CLEARWATER HUB,2021-09-29,ACTUAL,8.4,7.9,97,96,3,5.8,,28.4,4,459,0,8,0,1
CLEARWATER HUB,2021-09-30,ACTUAL,13.1,10.8,86,276,2,6.4,,20.3,2,439,0,4,0,1
CLEARWATER HUB,2021-10-01,ACTUAL,14.3,5.1,54,213,5,0.4,,51.1,3,442,0.2,6,0,1
CLEARWATER HUB,2021-10-02,ACTUAL,11.6,7,73,191,3,0,,62.8,4,445,0.5,7,0,1
CLEARWATER HUB,2021-10-03,ACTUAL,16.8,5.7,48,69,3,0,,77.5,5,449,1,10,1,1
CLEARWATER HUB,2021-10-04,ACTUAL,12.4,4.4,58,147,3,0,,81.4,6,452,1.5,11,1,2
CLEARWATER HUB,2021-10-05,ACTUAL,9,6.4,84,199,3,0,,80.9,6,454,1.4,12,1,1
CLEARWATER HUB,2021-10-06,ACTUAL,13.3,0.9,43,337,8,0,,85.3,7,457,3.3,14,4,2
CLEARWATER HUB,2021-10-07,ACTUAL,12,1.3,48,87,5,1.4,,77.9,8,460,1.2,16,1,1
CLEARWATER HUB,2021-10-08,ACTUAL,11.5,1.1,49,68,4,0,,82.7,9,463,1.9,18,3,2
CLEARWATER HUB,2021-10-09,ACTUAL,6.8,1.8,70,344,4,0,,82.8,10,465,1.9,18,3,2
CLEARWATER HUB,2021-10-10,ACTUAL,9.3,-1.2,48,261,13,6.2,,56.7,6,444,0.6,12,0,1
CLEARWATER HUB,2021-10-11,ACTUAL,11.4,-1.8,40,146,7,0,,75.3,7,446,1.1,14,1,1
CLEARWATER HUB,2021-10-12,ACTUAL,3.9,0.9,81,195,4,0,,76.5,7,448,1,14,1,1
CLEARWATER HUB,2021-10-13,ACTUAL,6.4,2.9,78,182,4,8.8,,33.4,4,415,0,7,0,1
CLEARWATER HUB,2021-10-14,ACTUAL,7,1.9,70,44,4,0,,49.2,4,417,0.2,8,0,1
CLEARWATER HUB,2021-10-15,ACTUAL,5.7,5.1,96,193,2,1.6,,39.5,3,418,0,7,0,1
CLEARWATER HUB,2021-10-16,ACTUAL,9.4,9.4,100,41,2,2,,27.3,2,421,0,5,0,1
CLEARWATER HUB,2021-10-17,ACTUAL,10.8,8,83,236,5,0.2,,41.1,3,424,0.1,5,0,1
CLEARWATER HUB,2021-10-18,ACTUAL,11.5,4.5,62,73,3,0.6,,58.8,3,426,0.4,7,0,1
CLEARWATER HUB,2021-10-19,ACTUAL,9.3,4,69,131,5,0,,69,4,429,0.8,7,0,1
CLEARWATER HUB,2021-10-20,ACTUAL,8.2,5.3,82,307,3,0.2,,72.2,4,431,0.8,8,0,1
CLEARWATER HUB,2021-10-21,ACTUAL,9.2,7.9,92,71,4,0.2,,73,4,433,0.9,8,0,1
CLEARWATER HUB,2021-10-22,ACTUAL,10.2,8,86,333,4,0.2,,74.7,4,436,0.9,9,1,1
CLEARWATER HUB,2021-10-23,ACTUAL,12.9,4.9,58,198,5,0,,80.5,5,439,1.6,10,1,1
CLEARWATER HUB,2021-10-24,ACTUAL,11.7,5,63,359,7,0.4,,82.4,6,442,2.1,12,2,2
CLEARWATER HUB,2021-10-25,ACTUAL,9.3,7.1,86,225,3,1.6,,65.1,6,444,0.6,11,0,1
CLEARWATER HUB,2021-10-26,ACTUAL,11.8,1.7,50,188,8,0,,77.7,7,447,1.4,13,1,1
CLEARWATER HUB,2021-10-27,ACTUAL,12.9,1.2,45,33,5,0,,83.5,8,450,2.2,15,3,2
CLEARWATER HUB,2021-10-28,ACTUAL,4.8,3.9,94,165,3,0.8,,76.3,8,451,0.9,15,1,1
CLEARWATER HUB,2021-10-29,ACTUAL,8,-3.3,45,273,19,1.8,,73.5,7,454,1.9,14,2,2
CLEARWATER HUB,2021-10-30,ACTUAL,3.5,-5.2,53,98,5,0,,78.5,8,455,1.3,15,1,1
CLEARWATER HUB,2021-10-31,ACTUAL,2.9,-4.3,59,131,5,0,,80.6,8,456,1.6,15,2,2
COLDSCAUR LAKE,2021-05-01,ACTUAL,8.2,-3.4,44,298,8,3.4,,,,,,,,
COLDSCAUR LAKE,2021-05-02,ACTUAL,13.3,-5.4,27,285,9,0.2,,,,,,,,
COLDSCAUR LAKE,2021-05-03,ACTUAL,6.4,1.6,71,24,5,0,,,,,,,,
COLDSCAUR LAKE,2021-05-04,ACTUAL,9.9,-1.9,44,290,13,3.8,,,,,,,,
COLDSCAUR LAKE,2021-05-05,ACTUAL,13.1,-3.8,31,134,11,0,,,,,,,,
COLDSCAUR LAKE,2021-05-06,ACTUAL,13.3,0.6,42,113,5,0,,,,,,,,
COLDSCAUR LAKE,2021-05-07,ACTUAL,5.2,2.4,82,295,7,6.2,,,,,,,,
COLDSCAUR LAKE,2021-05-08,ACTUAL,9.2,-5.6,35,277,10,0,,,,,,,,
COLDSCAUR LAKE,2021-05-09,ACTUAL,12.7,-2.1,36,266,7,0,,,,,,,,
COLDSCAUR LAKE,2021-05-10,ACTUAL,10.2,1.6,55,340,12,0.8,,,,,,,,
COLDSCAUR LAKE,2021-05-11,ACTUAL,14.1,-4.3,28,7,5,0,,,,,,,,
COLDSCAUR LAKE,2021-05-12,ACTUAL,9,6.1,82,129,4,0.8,,,,,,,,
COLDSCAUR LAKE,2021-05-13,ACTUAL,15.9,-0.9,32,33,4,1.4,,,,,,,,
COLDSCAUR LAKE,2021-05-14,ACTUAL,16.7,1.8,37,78,9,0,,,,,,,,
COLDSCAUR LAKE,2021-05-15,ACTUAL,20.7,-0.7,24,321,9,0.2,,,,,,,,
COLDSCAUR LAKE,2021-05-16,ACTUAL,21.4,3.9,32,120,11,0,,,,,,,,
COLDSCAUR LAKE,2021-05-17,ACTUAL,8.8,7.1,89,274,8,3.4,,,,,,,,
COLDSCAUR LAKE,2021-05-18,ACTUAL,0.9,0.5,97,74,4,3.8,,,,,,,,
COLDSCAUR LAKE,2021-05-19,ACTUAL,5.8,1.6,74,306,9,2.6,,,,,,,,
COLDSCAUR LAKE,2021-05-20,ACTUAL,11.7,-0.9,42,276,11,1,,,,,,,,
COLDSCAUR LAKE,2021-05-21,ACTUAL,16,-9.1,17,2,7,0,,,,,,,,
COLDSCAUR LAKE,2021-05-22,ACTUAL,,,,,,0,,,,,,,,
COLDSCAUR LAKE,2021-05-23,ACTUAL,20.1,-0.1,26,329,5,0,,,,,,,,
COLDSCAUR LAKE,2021-05-24,ACTUAL,14.2,1.7,43,320,10,0,,,,,,,,
COLDSCAUR LAKE,2021-05-25,ACTUAL,10.6,8.8,89,165,8,4.4,,85,6,15,3.2,6,2,1
COLDSCAUR LAKE,2021-05-26,ACTUAL,13.8,3.8,51,160,12,5.2,,62.6,5,14,0.9,5,0,1
COLDSCAUR LAKE,2021-05-27,ACTUAL,7.9,6.2,89,147,9,2.2,,48.9,4,18,0.2,5,0,1
COLDSCAUR LAKE,2021-05-28,ACTUAL,8.4,5.3,81,316,10,15.2,,26.6,2,4,0,2,0,1
COLDSCAUR LAKE,2021-05-29,ACTUAL,16,3,42,167,10,0.6,,63.9,4,9,0.8,4,0,1
COLDSCAUR LAKE,2021-05-30,ACTUAL,18.9,0.8,30,136,11,0,,84.5,8,15,3.3,8,3,1
COLDSCAUR LAKE,2021-05-31,ACTUAL,22.5,6.2,35,116,9,0,,89.4,12,21,6.1,12,7,2
COLDSCAUR LAKE,2021-06-01,ACTUAL,24,5.3,30,202,8,0,,91.4,17,29,8,16,11,2
COLDSCAUR LAKE,2021-06-02,ACTUAL,26.1,3.3,23,120,12,0,,93.4,22,37,12.6,22,17,2
COLDSCAUR LAKE,2021-06-03,ACTUAL,20.5,5.6,38,195,5,0,,91.9,26,44,7.1,25,12,2
COLDSCAUR LAKE,2021-06-04,ACTUAL,16.2,0.2,34,189,8,0.2,,91.5,29,51,8.1,29,14,2
COLDSCAUR LAKE,2021-06-05,ACTUAL,8.7,5.8,82,113,4,2,,65.9,26,56,0.7,26,1,1
COLDSCAUR LAKE,2021-06-06,ACTUAL,9.5,0.7,54,57,5,10,,42,14,45,0.1,16,0,1
COLDSCAUR LAKE,2021-06-07,ACTUAL,6.8,4.3,84,125,7,5,,29.7,9,44,0,12,0,1
COLDSCAUR LAKE,2021-06-08,ACTUAL,11.4,4,60,305,11,0.2,,57,10,49,0.6,13,0,1
COLDSCAUR LAKE,2021-06-09,ACTUAL,8.2,5,80,126,7,1.4,,56.8,11,54,0.5,14,0,1
COLDSCAUR LAKE,2021-06-10,ACTUAL,9.9,3.7,65,170,7,1.4,,62.3,12,59,0.7,16,1,1
COLDSCAUR LAKE,2021-06-11,ACTUAL,12.9,-0.8,39,158,14,0.6,,79.4,14,65,2.1,18,3,1
COLDSCAUR LAKE,2021-06-12,ACTUAL,11.8,5.5,65,128,9,0.2,,81.8,15,70,2.1,20,3,1
COLDSCAUR LAKE,2021-06-13,ACTUAL,15.1,6.7,57,149,9,1.6,,75.7,16,76,1.2,21,2,1
COLDSCAUR LAKE,2021-06-14,ACTUAL,19.6,8.3,48,142,11,0,,84.7,19,83,3.6,24,6,2
COLDSCAUR LAKE,2021-06-15,ACTUAL,16.8,4.1,43,335,9,4,,69,15,85,0.9,21,1,1
COLDSCAUR LAKE,2021-06-16,ACTUAL,15.3,1.7,40,321,8,3,,68.3,14,88,0.9,20,1,1
COLDSCAUR LAKE,2021-06-17,ACTUAL,19.4,3,34,319,10,0,,85,18,95,3.5,24,6,2
COLDSCAUR LAKE,2021-06-18,ACTUAL,20.2,4.9,37,316,9,0,,88.8,21,102,5.7,28,11,2
COLDSCAUR LAKE,2021-06-19,ACTUAL,10.5,9.9,96,319,8,6,,33,12,98,0,19,0,1
COLDSCAUR LAKE,2021-06-20,ACTUAL,21.4,6,37,164,6,0.4,,71.9,16,105,0.9,23,1,1
COLDSCAUR LAKE,2021-06-21,ACTUAL,26,6.5,29,165,8,0,,89.1,21,113,5.5,29,11,2
COLDSCAUR LAKE,2021-06-22,ACTUAL,25.3,6.4,30,336,10,0,,91.6,26,121,8.8,34,17,2
COLDSCAUR LAKE,2021-06-23,ACTUAL,24.4,5.6,30,338,10,0,,91.8,31,129,9.2,39,18,2
COLDSCAUR LAKE,2021-06-24,ACTUAL,21.8,10.3,48,315,10,0,,90.1,34,136,7.3,42,16,2
COLDSCAUR LAKE,2021-06-25,ACTUAL,26.1,11,39,294,11,0,,90.4,38,144,7.7,46,18,2
COLDSCAUR LAKE,2021-06-26,ACTUAL,31.4,12.7,32,225,6,0,,92.4,44,154,8.1,51,19,3
COLDSCAUR LAKE,2021-06-27,ACTUAL,34.7,9.2,21,163,9,0,,95.4,52,163,14.2,58,30,3
COLDSCAUR LAKE,2021-06-28,ACTUAL,36.4,10.6,21,151,10,0,,95.8,59,173,16.1,64,35,3
COLDSCAUR LAKE,2021-06-29,ACTUAL,37.9,11.8,21,153,10,0,,96.1,67,183,16.3,70,37,3
COLDSCAUR LAKE,2021-06-30,ACTUAL,37.9,11.8,21,130,12,0,,96.1,76,194,18.4,77,41,4
COLDSCAUR LAKE,2021-07-01,ACTUAL,29.2,15.7,44,296,8,0,,92.3,80,203,9,80,26,3
COLDSCAUR LAKE,2021-07-02,ACTUAL,26.4,1.6,20,290,11,0,,94.2,85,211,13.5,85,35,3
COLDSCAUR LAKE,2021-07-03,ACTUAL,27.2,8,30,298,9,0,,93.9,89,220,11.9,89,34,4
COLDSCAUR LAKE,2021-07-04,ACTUAL,26.1,7.6,31,320,11,0,,93.6,94,228,12.1,94,35,4
COLDSCAUR LAKE,2021-07-05,ACTUAL,24,5.7,31,312,11,0,,93.2,98,236,11.6,98,34,4
COLDSCAUR LAKE,2021-07-06,ACTUAL,26,7.5,31,325,8,0,,93.3,102,244,10.2,102,32,4
COLDSCAUR LAKE,2021-07-07,ACTUAL,30.3,5.5,21,313,7,0,,94.7,108,254,11.9,108,37,4
COLDSCAUR LAKE,2021-07-08,ACTUAL,26.8,10.4,36,245,7,0,,93.1,112,262,9.3,112,32,4
COLDSCAUR LAKE,2021-07-09,ACTUAL,27.3,9.1,32,134,7,0,,93.2,117,271,9.4,117,32,4
COLDSCAUR LAKE,2021-07-10,ACTUAL,25.8,8.7,34,315,10,0,,92.9,121,279,10.8,121,36,4
COLDSCAUR LAKE,2021-07-11,ACTUAL,25,7.5,33,324,11,0.8,,90.4,125,287,7.8,125,29,4
COLDSCAUR LAKE,2021-07-12,ACTUAL,27.6,5.2,24,283,9,0,,93.3,130,296,10.7,130,37,4
COLDSCAUR LAKE,2021-07-13,ACTUAL,28.1,5,23,314,8,0,,93.9,136,305,11.2,135,38,5
COLDSCAUR LAKE,2021-07-14,ACTUAL,26.6,8,31,313,9,0,,93.6,140,313,11.5,140,39,5
COLDSCAUR LAKE,2021-07-15,ACTUAL,25.2,8.1,34,306,9,0,,92.9,144,321,10.4,144,37,4
COLDSCAUR LAKE,2021-07-16,ACTUAL,23.6,9.2,40,145,11,0,,91.7,148,329,9.6,147,36,4
COLDSCAUR LAKE,2021-07-17,ACTUAL,21.3,6.7,39,130,9,0,,91.3,151,337,8.2,151,32,4
COLDSCAUR LAKE,2021-07-18,ACTUAL,24.7,3.8,26,151,10,0,,92.6,155,345,10,155,37,4
COLDSCAUR LAKE,2021-07-19,ACTUAL,27.8,0.5,17,125,8,0,,95.1,161,354,13.2,161,45,5
COLDSCAUR LAKE,2021-07-20,ACTUAL,23.2,4.6,30,237,6,0,,93.8,165,362,9.9,165,37,5
COLDSCAUR LAKE,2021-07-21,ACTUAL,20.4,3.5,33,72,5,0,,92.7,168,369,8.1,168,33,5
COLDSCAUR LAKE,2021-07-22,ACTUAL,17.4,2.4,37,242,8,1.8,,81.9,136,376,2.1,143,12,3
COLDSCAUR LAKE,2021-07-23,ACTUAL,20.4,4.3,35,288,6,0,,88.2,140,383,4.6,146,21,4
COLDSCAUR LAKE,2021-07-24,ACTUAL,23.5,6.2,33,170,6,0,,90.6,143,391,6.3,150,27,4
COLDSCAUR LAKE,2021-07-25,ACTUAL,22.7,6.8,36,8,6,0,,90.6,147,399,6.4,153,27,4
COLDSCAUR LAKE,2021-07-26,ACTUAL,25.1,7.2,32,161,10,0,,91.5,151,407,8.6,157,34,4
COLDSCAUR LAKE,2021-07-27,ACTUAL,25.3,5.4,28,314,10,0,,92.3,156,415,9.7,161,37,5
COLDSCAUR LAKE,2021-07-28,ACTUAL,25.4,5.5,28,146,5,0,,92.5,160,424,7.7,165,32,5
COLDSCAUR LAKE,2021-07-29,ACTUAL,24.2,10.8,43,318,10,0,,91.2,164,432,8.4,168,34,5
COLDSCAUR LAKE,2021-07-30,ACTUAL,28.6,8.2,28,152,10,0,,92.8,169,441,10.7,172,40,5
COLDSCAUR LAKE,2021-07-31,ACTUAL,31.1,6.2,21,189,4,0,,94.7,175,450,10.3,177,39,5
COLDSCAUR LAKE,2021-08-01,ACTUAL,19.6,12.7,64,149,4,0,,88.5,176,456,4.3,179,22,4
COLDSCAUR LAKE,2021-08-02,ACTUAL,22.7,16.6,68,195,7,5.2,,62.2,86,445,0.7,116,4,2
COLDSCAUR LAKE,2021-08-03,ACTUAL,28.7,8.3,28,185,8,0,,88.8,91,453,5.5,121,23,4
COLDSCAUR LAKE,2021-08-04,ACTUAL,29.5,6.2,23,316,8,0,,93.7,96,462,10.6,126,36,4
COLDSCAUR LAKE,2021-08-05,ACTUAL,29.5,6.2,23,144,9,0,,94.2,101,470,12.4,131,41,5
COLDSCAUR LAKE,2021-08-06,ACTUAL,15.8,10.6,71,303,4,0.8,,85.1,102,476,2.7,132,14,3
COLDSCAUR LAKE,2021-08-07,ACTUAL,17.5,9.5,59,141,10,0.2,,85.3,103,482,3.6,134,17,4
COLDSCAUR LAKE,2021-08-08,ACTUAL,16.5,10.2,66,304,8,10.4,,50.3,54,442,0.3,82,1,2
COLDSCAUR LAKE,2021-08-09,ACTUAL,22.2,7.1,38,319,8,0,,79.9,57,449,1.7,86,7,3
COLDSCAUR LAKE,2021-08-10,ACTUAL,19.1,9,52,294,11,0,,85.1,59,456,3.8,89,15,3
COLDSCAUR LAKE,2021-08-11,ACTUAL,24,5.3,30,297,13,0,,90.9,62,463,9.1,93,29,4
COLDSCAUR LAKE,2021-08-12,ACTUAL,26.1,7.6,31,277,10,0,,91.8,66,471,9.3,98,30,4
COLDSCAUR LAKE,2021-08-13,ACTUAL,31.3,8.9,25,210,6,0,,93.9,71,479,9.9,104,32,4
COLDSCAUR LAKE,2021-08-14,ACTUAL,30.2,6.1,22,259,6,0,,94.5,76,488,10.7,110,34,4
COLDSCAUR LAKE,2021-08-15,ACTUAL,23.9,6.5,33,223,6,0,,93.2,80,495,9,114,31,4
COLDSCAUR LAKE,2021-08-16,ACTUAL,16,6.5,53,317,8,2.8,,72.1,65,501,1,98,5,2
COLDSCAUR LAKE,2021-08-17,ACTUAL,17.3,3.5,40,270,5,0,,83.4,67,507,2.2,101,10,3
COLDSCAUR LAKE,2021-08-18,ACTUAL,22,3.5,30,300,9,0,,90,70,514,6.8,105,25,3
COLDSCAUR LAKE,2021-08-19,ACTUAL,19.4,7.5,46,321,12,0,,89.7,72,521,7.3,107,26,3
COLDSCAUR LAKE,2021-08-20,ACTUAL,22.8,3.7,29,153,9,0,,91.5,76,528,8.1,112,29,4
COLDSCAUR LAKE,2021-08-21,ACTUAL,20.7,6.2,39,178,7,0,,91.1,79,534,7.1,115,27,3
COLDSCAUR LAKE,2021-08-22,ACTUAL,9.7,7.6,87,132,7,19.8,,27.8,36,439,0,59,0,2
COLDSCAUR LAKE,2021-08-23,ACTUAL,10.8,7.9,82,316,9,8,,25.7,19,414,0,35,0,1
COLDSCAUR LAKE,2021-08-24,ACTUAL,17.1,4.7,44,328,6,0,,62.1,21,420,0.6,38,1,1
COLDSCAUR LAKE,2021-08-25,ACTUAL,20.6,4.9,36,149,12,0,,83.9,24,427,3.4,43,9,2
COLDSCAUR LAKE,2021-08-26,ACTUAL,16.1,4.4,46,153,10,0,,86.5,26,432,4.2,46,11,2
COLDSCAUR LAKE,2021-08-27,ACTUAL,14.4,8.2,66,304,7,6,,53.6,17,417,0.3,30,0,1
COLDSCAUR LAKE,2021-08-28,ACTUAL,17.6,8.2,54,147,12,0.2,,75.7,18,423,1.4,33,3,1
COLDSCAUR LAKE,2021-08-29,ACTUAL,17.8,7.8,52,123,8,0.6,,82.7,20,429,2.3,36,6,2
COLDSCAUR LAKE,2021-08-30,ACTUAL,16.8,8.3,57,301,7,0,,84.7,22,435,2.9,39,7,2
COLDSCAUR LAKE,2021-08-31,ACTUAL,7.5,4.8,83,353,10,0.8,,78.3,22,440,1.6,39,4,1
COLDSCAUR LAKE,2021-09-01,ACTUAL,15.7,6.7,55,298,12,3,,68.6,18,437,1.1,33,2,1
COLDSCAUR LAKE,2021-09-02,ACTUAL,17.9,4.4,41,282,7,0,,82.7,20,442,2.2,36,5,2
COLDSCAUR LAKE,2021-09-03,ACTUAL,19.5,4.7,38,141,12,0,,88,23,447,5.9,40,13,2
COLDSCAUR LAKE,2021-09-04,ACTUAL,13.1,11.3,89,144,3,0,,82.1,23,451,1.7,41,4,1
COLDSCAUR LAKE,2021-09-05,ACTUAL,17.9,10.6,62,150,7,3,,66.7,19,449,0.8,34,1,1
COLDSCAUR LAKE,2021-09-06,ACTUAL,20.6,1.8,29,253,6,0,,85.3,22,454,2.9,38,7,2
COLDSCAUR LAKE,2021-09-07,ACTUAL,22.3,6.4,36,162,9,0,,89.4,24,460,6.1,43,14,2
COLDSCAUR LAKE,2021-09-08,ACTUAL,14.2,12.7,91,124,3,0.2,,81.7,24,464,1.6,43,4,1
COLDSCAUR LAKE,2021-09-09,ACTUAL,18,10.9,63,155,11,1.4,,77.4,26,469,1.5,45,4,1
COLDSCAUR LAKE,2021-09-10,ACTUAL,18.4,11.1,62,158,7,0.6,,81.7,27,474,2,47,6,2
COLDSCAUR LAKE,2021-09-11,ACTUAL,18.3,8,51,273,4,0.4,,85.2,29,479,2.7,50,8,2
COLDSCAUR LAKE,2021-09-12,ACTUAL,14.6,7.2,61,290,8,0,,85.3,30,484,3.3,52,10,2
COLDSCAUR LAKE,2021-09-13,ACTUAL,16.5,3.1,41,252,6,0,,87.5,32,488,4.1,54,12,2
COLDSCAUR LAKE,2021-09-14,ACTUAL,8.5,7.6,94,155,11,0.8,,77.6,32,492,1.6,55,5,2
COLDSCAUR LAKE,2021-09-15,ACTUAL,7.5,-1.2,54,317,10,6.4,,50.7,19,468,0.3,35,0,1
COLDSCAUR LAKE,2021-09-16,ACTUAL,10.7,-0.5,46,351,4,0,,69.1,20,472,0.7,36,1,1
COLDSCAUR LAKE,2021-09-17,ACTUAL,3.1,2.8,98,152,9,9.6,,18.2,10,433,0,19,0,1
COLDSCAUR LAKE,2021-09-18,ACTUAL,10.8,6.2,73,144,10,17.4,,27.8,5,367,0,9,0,1
COLDSCAUR LAKE,2021-09-19,ACTUAL,10.5,4,64,228,6,0.6,,50,6,371,0.2,11,0,1
COLDSCAUR LAKE,2021-09-20,ACTUAL,10.7,5.3,69,146,7,2.8,,50.2,4,369,0.2,8,0,1
COLDSCAUR LAKE,2021-09-21,ACTUAL,9.8,5,72,156,11,0.2,,64.9,5,372,0.9,9,1,1
COLDSCAUR LAKE,2021-09-22,ACTUAL,16.1,9.1,63,317,8,4.8,,54.8,3,364,0.4,7,0,1
COLDSCAUR LAKE,2021-09-23,ACTUAL,15.5,-3.5,27,312,6,0,,79.1,6,368,1.4,11,1,1
COLDSCAUR LAKE,2021-09-24,ACTUAL,17.5,5.4,45,132,11,0,,85.6,7,373,4,14,5,2
COLDSCAUR LAKE,2021-09-25,ACTUAL,17.3,8.8,57,162,7,0,,85.7,9,378,3.2,17,5,1
COLDSCAUR LAKE,2021-09-26,ACTUAL,12.2,8.9,80,157,9,1.8,,68.7,8,382,1,15,1,1
COLDSCAUR LAKE,2021-09-27,ACTUAL,14.4,3.2,47,159,10,6.6,,57.7,5,365,0.6,11,0,1
COLDSCAUR LAKE,2021-09-28,ACTUAL,8.7,4.4,74,130,11,1.4,,60.9,6,368,0.7,11,0,1
COLDSCAUR LAKE,2021-09-29,ACTUAL,4,3.2,95,147,12,3,,37.4,4,365,0,7,0,1
COLDSCAUR LAKE,2021-09-30,ACTUAL,7.9,7.3,96,133,6,5,,18.2,2,354,0,3,0,1
COLDSCAUR LAKE,2021-10-01,ACTUAL,11.5,3.8,59,154,9,0.4,,48.3,2,357,0.2,5,0,1
COLDSCAUR LAKE,2021-10-02,ACTUAL,8.8,1.7,61,125,9,0,,65.7,3,359,0.9,6,0,1
COLDSCAUR LAKE,2021-10-03,ACTUAL,11.5,2.3,53,310,6,0,,76.9,4,362,1.2,8,1,1
COLDSCAUR LAKE,2021-10-04,ACTUAL,10.6,0.9,51,151,6,0,,82,5,365,1.9,9,1,1
COLDSCAUR LAKE,2021-10-05,ACTUAL,9,5.2,77,124,8,0,,82,5,367,2.1,10,2,1
COLDSCAUR LAKE,2021-10-06,ACTUAL,6.9,-2.6,51,146,9,0,,83.8,6,369,2.8,11,3,1
COLDSCAUR LAKE,2021-10-07,ACTUAL,6.8,-1.6,55,150,5,0.4,,84.1,6,371,2.5,12,3,1
COLDSCAUR LAKE,2021-10-08,ACTUAL,9.7,-3.7,39,157,9,0,,86.4,7,373,4,14,5,2
COLDSCAUR LAKE,2021-10-09,ACTUAL,4.9,-0.1,70,138,12,0,,84.3,8,375,3.4,14,5,1
COLDSCAUR LAKE,2021-10-10,ACTUAL,4.2,1.2,81,306,9,12,,32.3,3,335,0,7,0,1
COLDSCAUR LAKE,2021-10-11,ACTUAL,5.6,-1.3,61,291,9,1.4,,48.6,4,337,0.2,7,0,1
COLDSCAUR LAKE,2021-10-12,ACTUAL,1.2,-3.1,73,125,12,0,,60.2,4,337,0.7,8,0,1
COLDSCAUR LAKE,2021-10-13,ACTUAL,3.1,0,80,320,4,3.4,,40.5,2,332,0,4,0,1
COLDSCAUR LAKE,2021-10-14,ACTUAL,3.1,0.5,83,146,8,4.8,,28.8,1,321,0,1,0,1
COLDSCAUR LAKE,2021-10-15,ACTUAL,4.1,2.7,91,163,10,3.4,,23.5,0,316,0,0,0,1
COLDSCAUR LAKE,2021-10-16,ACTUAL,6.3,5.4,94,123,7,2.4,,21.2,0,317,0,0,0,1
COLDSCAUR LAKE,2021-10-17,ACTUAL,9.9,3.5,64,99,8,0.8,,45.5,1,320,0.1,1,0,1
COLDSCAUR LAKE,2021-10-18,ACTUAL,4.5,2.7,88,327,10,0.6,,52.3,1,321,0.3,2,0,1
COLDSCAUR LAKE,2021-10-19,ACTUAL,11.7,4.7,62,145,8,0.2,,69,2,324,0.9,3,0,1
COLDSCAUR LAKE,2021-10-20,ACTUAL,9.6,4.8,72,140,10,0,,75.3,2,327,1.3,4,0,1
COLDSCAUR LAKE,2021-10-21,ACTUAL,9.5,1.9,59,149,11,0,,80.5,3,329,2.1,5,1,1
COLDSCAUR LAKE,2021-10-22,ACTUAL,9,5.8,80,134,7,0,,80.5,3,331,1.7,6,1,1
COLDSCAUR LAKE,2021-10-23,ACTUAL,8.1,1.3,62,140,10,0,,82.2,3,334,2.4,7,2,1
COLDSCAUR LAKE,2021-10-24,ACTUAL,7.9,-0.8,54,117,14,0.2,,83.8,4,336,3.6,8,3,1
COLDSCAUR LAKE,2021-10-25,ACTUAL,5.4,3.2,86,142,10,1.4,,69,4,337,1,8,1,1
COLDSCAUR LAKE,2021-10-26,ACTUAL,5,1.7,79,171,10,0,,73.2,4,339,1.2,9,1,1
COLDSCAUR LAKE,2021-10-27,ACTUAL,7.5,0.3,60,151,11,2,,66,4,341,0.9,7,0,1
COLDSCAUR LAKE,2021-10-28,ACTUAL,1.8,1.5,98,161,6,2.4,,41.5,2,342,0.1,4,0,1
COLDSCAUR LAKE,2021-10-29,ACTUAL,2.9,-2.4,68,301,11,2.2,,46.1,1,343,0.2,3,0,1
COLDSCAUR LAKE,2021-10-30,ACTUAL,3.2,-7.4,46,232,5,0,,62.9,2,345,0.6,3,0,1
COLDSCAUR LAKE,2021-10-31,ACTUAL,3.7,-8.5,41,145,9,0,,75,2,346,1.2,4,0,1
EAST BARRIERE,2021-05-01,ACTUAL,13,-3.9,31,261,9,0.4,,83.3,29,134,2.7,38,7,2
EAST BARRIERE,2021-05-02,ACTUAL,17.2,-3.6,24,124,8,0,,89.9,33,140,6.1,41,14,3
EAST BARRIERE,2021-05-03,ACTUAL,8.2,6.8,91,115,5,0.8,,79.5,33,144,1.4,42,4,2
EAST BARRIERE,2021-05-04,ACTUAL,12.4,-0.2,42,150,4,2.4,,69.4,30,148,0.7,40,1,2
EAST BARRIERE,2021-05-05,ACTUAL,18.7,-2.9,23,77,8,0,,86.8,34,154,4,44,10,3
EAST BARRIERE,2021-05-06,ACTUAL,20.4,0.7,27,93,6,0,,90.8,38,160,6.5,48,16,3
EAST BARRIERE,2021-05-07,ACTUAL,9.3,1.2,57,282,12,0.6,,86.7,39,164,4.9,49,13,3
EAST BARRIERE,2021-05-08,ACTUAL,14.5,-3,30,270,14,0,,89.4,42,169,8,52,19,4
EAST BARRIERE,2021-05-09,ACTUAL,14.2,-1.2,35,272,6,0,,89.4,45,174,5.3,54,14,3
EAST BARRIERE,2021-05-10,ACTUAL,16.4,1.2,36,271,11,0,,89.5,48,180,6.9,57,18,4
EAST BARRIERE,2021-05-11,ACTUAL,19.8,-1.4,24,287,8,0,,91.8,52,186,8.1,61,21,4
EAST BARRIERE,2021-05-12,ACTUAL,11.8,7.7,76,317,4,0.2,,85.9,53,190,2.9,62,10,3
EAST BARRIERE,2021-05-13,ACTUAL,20,5.5,39,338,7,2.2,,78.9,49,196,1.4,61,5,3
EAST BARRIERE,2021-05-14,ACTUAL,23.2,3.1,27,195,7,0,,89.8,54,203,5.9,65,17,4
EAST BARRIERE,2021-05-15,ACTUAL,24.9,2.9,24,291,8,1.2,,90,59,210,6.4,69,19,4
EAST BARRIERE,2021-05-16,ACTUAL,25.9,5.4,27,314,8,0,,92.4,64,217,8.9,74,25,4
EAST BARRIERE,2021-05-17,ACTUAL,18.1,5.3,43,299,5,0,,90.7,67,222,6.2,77,20,4
EAST BARRIERE,2021-05-18,ACTUAL,9.7,-2,44,285,9,0.8,,85.4,69,226,3.5,78,13,4
EAST BARRIERE,2021-05-19,ACTUAL,8.1,2.4,67,48,5,0.8,,80.4,70,230,1.5,79,6,3
EAST BARRIERE,2021-05-20,ACTUAL,15.7,-1.5,31,280,6,0.4,,87.4,73,236,4,82,15,4
EAST BARRIERE,2021-05-21,ACTUAL,19.5,-7,16,65,6,0,,92.8,77,241,8.6,86,26,4
EAST BARRIERE,2021-05-22,ACTUAL,22.6,-6.3,14,250,7,0,,94.9,83,248,12.3,90,34,5
EAST BARRIERE,2021-05-23,ACTUAL,25.2,-0.8,18,262,7,0,,95,88,255,12.5,95,36,5
EAST BARRIERE,2021-05-24,ACTUAL,18.3,1.6,33,289,10,0,,92.8,92,261,10.4,98,32,5
EAST BARRIERE,2021-05-25,ACTUAL,12.9,12.4,97,110,4,3.2,,47.8,68,260,0.2,82,0,2
EAST BARRIERE,2021-05-26,ACTUAL,19.2,5.6,41,17,3,13.6,,49.9,35,230,0.2,51,0,2
EAST BARRIERE,2021-05-27,ACTUAL,11.3,10.5,95,199,5,3.2,,31.1,27,229,0,42,0,2
EAST BARRIERE,2021-05-28,ACTUAL,14.1,6.8,61,55,4,5.8,,39.1,18,222,0,30,0,2
EAST BARRIERE,2021-05-29,ACTUAL,20,2.7,32,201,6,1.2,,71.8,22,228,0.9,35,2,2
EAST BARRIERE,2021-05-30,ACTUAL,22.9,3.8,29,273,7,0,,87.8,26,235,4.4,41,11,3
EAST BARRIERE,2021-05-31,ACTUAL,26.5,6.4,28,240,6,0,,91.9,31,242,7.8,47,18,4
EAST BARRIERE,2021-06-01,ACTUAL,27.7,9,31,136,5,0,,92.2,36,250,7.6,53,19,4
EAST BARRIERE,2021-06-02,ACTUAL,32,6.2,20,271,8,0,,95.1,43,259,13,61,30,4
EAST BARRIERE,2021-06-03,ACTUAL,26.8,8.2,31,151,4,0,,94,49,268,9.4,67,25,4
EAST BARRIERE,2021-06-04,ACTUAL,20.9,1.6,28,272,9,0,,93.4,53,275,11.2,71,29,4
EAST BARRIERE,2021-06-05,ACTUAL,11.2,7.4,77,143,4,1.4,,75.6,53,280,1,72,4,3
EAST BARRIERE,2021-06-06,ACTUAL,13.4,7.2,66,94,6,6,,49.9,34,272,0.2,52,0,2
EAST BARRIERE,2021-06-07,ACTUAL,14.4,4.1,50,93,6,3.2,,57,28,272,0.4,45,1,2
EAST BARRIERE,2021-06-08,ACTUAL,17.1,3.3,40,288,4,0,,77.5,31,279,1.1,49,3,3
EAST BARRIERE,2021-06-09,ACTUAL,18,7.1,49,252,5,2.2,,72.7,30,285,0.9,47,2,3
EAST BARRIERE,2021-06-10,ACTUAL,18.2,0.7,31,284,13,0,,86.6,33,292,5.1,52,14,3
EAST BARRIERE,2021-06-11,ACTUAL,17.7,0.7,32,276,6,0,,89.4,36,299,5.4,56,15,3
EAST BARRIERE,2021-06-12,ACTUAL,19.9,5.1,38,82,8,0,,89.5,40,306,5.9,60,17,3
EAST BARRIERE,2021-06-13,ACTUAL,22.1,7.8,40,50,7,0,,89.6,44,313,5.6,65,17,3
EAST BARRIERE,2021-06-14,ACTUAL,23,11.4,48,51,5,0.2,,89.6,47,321,5.3,69,17,3
EAST BARRIERE,2021-06-15,ACTUAL,21.5,3.6,31,289,8,0.2,,90.9,51,328,7.2,73,22,4
EAST BARRIERE,2021-06-16,ACTUAL,21.1,3.7,32,279,12,0.2,,90.9,55,335,8.8,78,26,4
EAST BARRIERE,2021-06-17,ACTUAL,25.8,4.2,25,294,9,0,,92.9,60,343,10.2,84,29,4
EAST BARRIERE,2021-06-18,ACTUAL,26.6,6.5,28,160,4,0,,92.9,65,351,7.8,89,25,4
EAST BARRIERE,2021-06-19,ACTUAL,16.7,14,84,244,3,1.2,,77.4,66,358,1,91,5,3
EAST BARRIERE,2021-06-20,ACTUAL,25.9,8.7,34,271,6,0.6,,88.5,71,366,4.7,96,18,4
EAST BARRIERE,2021-06-21,ACTUAL,30.3,7.4,24,275,6,0,,93.5,77,375,9.4,102,31,4
EAST BARRIERE,2021-06-22,ACTUAL,30.6,6.4,22,273,7,0,,94.5,84,384,11.6,108,36,5
EAST BARRIERE,2021-06-23,ACTUAL,28.9,8.5,28,286,8,0,,94.5,89,392,11.9,114,37,5
EAST BARRIERE,2021-06-24,ACTUAL,26.7,7.6,30,266,12,0.4,,93.9,95,400,13.5,119,41,5
EAST BARRIERE,2021-06-25,ACTUAL,30.5,9.9,28,257,6,0,,94,100,409,10,125,35,5
EAST BARRIERE,2021-06-26,ACTUAL,34.7,14,29,247,5,0,,94,107,419,9.5,131,34,5
EAST BARRIERE,2021-06-27,ACTUAL,37.6,14.2,25,280,5,0,,95.1,115,429,11.4,138,39,5
EAST BARRIERE,2021-06-28,ACTUAL,39.1,12.1,20,266,4,0,,96.4,123,440,13.1,145,43,5
EAST BARRIERE,2021-06-29,ACTUAL,41.2,15.3,22,171,4,0,,96.5,132,450,12.6,152,43,5
EAST BARRIERE,2021-06-30,ACTUAL,41.3,13.1,19,296,4,0,,97.1,141,461,14.1,160,47,5
EAST BARRIERE,2021-07-01,ACTUAL,33,15.5,35,270,9,0,,94.4,146,471,12.5,165,43,5
EAST BARRIERE,2021-07-02,ACTUAL,29.7,10.2,30,277,5,1.4,,89.9,151,480,5.5,169,25,5
EAST BARRIERE,2021-07-03,ACTUAL,29.2,8.2,27,246,5,0,,92.9,156,489,8.3,174,34,5
EAST BARRIERE,2021-07-04,ACTUAL,27.7,15.1,46,304,5,0.6,,90.2,160,498,5.8,177,26,5
EAST BARRIERE,2021-07-05,ACTUAL,22.4,15.8,66,238,3,0,,87.4,162,505,3.5,180,18,5
EAST BARRIERE,2021-07-06,ACTUAL,30.6,11.5,31,324,6,0,,92.1,167,514,7.7,184,32,5
EAST BARRIERE,2021-07-07,ACTUAL,31.3,11.1,29,233,5,0,,93.1,173,524,8.4,189,34,5
EAST BARRIERE,2021-07-08,ACTUAL,23.9,15,57,243,4,1.6,,81,151,532,1.6,177,10,4
EAST BARRIERE,2021-07-09,ACTUAL,30.2,12.1,33,268,7,0,,90.9,156,541,7,181,30,5
EAST BARRIERE,2021-07-10,ACTUAL,31.3,8.9,25,273,8,0,,93.8,162,550,11.1,186,41,5
EAST BARRIERE,2021-07-11,ACTUAL,30.5,8.2,25,279,10,0,,94,167,559,12.1,191,44,5
EAST BARRIERE,2021-07-12,ACTUAL,31,5.4,20,275,6,0,,95.1,173,569,11.9,197,43,5
EAST BARRIERE,2021-07-13,ACTUAL,30.6,8.3,25,258,6,0,,95.1,179,578,11.7,202,43,5
EAST BARRIERE,2021-07-14,ACTUAL,28.9,10.9,33,256,5,0,,93.9,183,587,9.7,206,38,5
EAST BARRIERE,2021-07-15,ACTUAL,27.8,12.1,38,201,4,0,,92.8,188,596,7.7,210,33,5
EAST BARRIERE,2021-07-16,ACTUAL,25.4,10.4,39,267,10,0,,92,191,604,9.3,214,37,5
EAST BARRIERE,2021-07-17,ACTUAL,25.6,9.3,36,171,6,0,,92.1,195,612,7.8,217,33,5
EAST BARRIERE,2021-07-18,ACTUAL,26.8,8.6,32,296,5,0,,92.1,200,621,7.4,221,32,5
EAST BARRIERE,2021-07-19,ACTUAL,30,3.1,18,215,6,0,,95.1,206,630,11.9,227,44,5
EAST BARRIERE,2021-07-20,ACTUAL,27.9,5.4,24,277,5,0,,95.2,211,639,11.5,231,43,5
EAST BARRIERE,2021-07-21,ACTUAL,25.2,6.3,30,250,5,0,,94,215,647,9.6,235,38,5
EAST BARRIERE,2021-07-22,ACTUAL,21.4,4.8,34,292,9,0,,92.7,219,654,9.6,238,38,5
EAST BARRIERE,2021-07-23,ACTUAL,25,4.1,26,288,9,0,,92.8,223,663,10,242,39,5
EAST BARRIERE,2021-07-24,ACTUAL,28.3,8,28,287,5,0,,92.9,228,671,8.4,247,35,5
EAST BARRIERE,2021-07-25,ACTUAL,28.1,6.7,26,275,11,0,,93.3,233,680,12,251,45,5
EAST BARRIERE,2021-07-26,ACTUAL,28.8,8.9,29,263,8,0,,93.4,238,689,10.1,256,40,5
EAST BARRIERE,2021-07-27,ACTUAL,30.4,4.9,20,275,10,0,,94.9,244,698,14,261,49,5
EAST BARRIERE,2021-07-28,ACTUAL,26.9,6.8,28,274,4,0,,94.4,249,707,10,265,40,5
EAST BARRIERE,2021-07-29,ACTUAL,28.7,10.3,32,208,5,0,,93.9,254,716,9.4,269,38,5
EAST BARRIERE,2021-07-30,ACTUAL,28.4,13.1,39,254,5,0,,92.7,258,724,8,273,34,5
EAST BARRIERE,2021-07-31,ACTUAL,28.7,11.2,34,256,7,0,,92.7,263,733,9.1,277,38,5
EAST BARRIERE,2021-08-01,ACTUAL,19.3,17.1,87,351,2,0,,83.9,263,740,2,279,13,4
EAST BARRIERE,2021-08-02,ACTUAL,23.7,17.1,66,272,6,2.2,,73.4,136,747,0.9,187,6,3
EAST BARRIERE,2021-08-03,ACTUAL,31.3,16.9,42,114,3,0,,87.9,139,756,3.7,191,20,5
EAST BARRIERE,2021-08-04,ACTUAL,31.4,8.4,24,98,4,0,,93.6,145,764,8.9,196,36,5
EAST BARRIERE,2021-08-05,ACTUAL,33.5,6.7,19,330,5,0,,95.6,150,773,11.9,202,44,5
EAST BARRIERE,2021-08-06,ACTUAL,22.8,13.7,56,280,4,0,,90.1,153,780,5.4,205,26,5
EAST BARRIERE,2021-08-07,ACTUAL,19.5,10.6,56,58,5,0,,88.5,154,787,4.3,207,22,5
EAST BARRIERE,2021-08-08,ACTUAL,23,9.7,43,286,9,0,,89,157,794,5.9,210,28,5
EAST BARRIERE,2021-08-09,ACTUAL,27.2,9.9,34,285,9,0,,91.2,161,802,8.2,214,34,5
EAST BARRIERE,2021-08-10,ACTUAL,25.7,9,35,285,12,0,,91.3,165,810,9.4,218,38,5
EAST BARRIERE,2021-08-11,ACTUAL,30,7.8,25,263,10,0,,93.7,169,818,12.1,223,44,5
EAST BARRIERE,2021-08-12,ACTUAL,30.6,5.8,21,298,8,0,,94.8,175,827,12.5,229,45,5
EAST BARRIERE,2021-08-13,ACTUAL,33,9.1,23,224,4,0,,94.8,180,836,10.4,234,40,5
EAST BARRIERE,2021-08-14,ACTUAL,26.9,12.5,41,258,5,0,,92.4,183,843,7.7,238,33,5
EAST BARRIERE,2021-08-15,ACTUAL,19.5,15.8,79,57,2,0,,85.8,184,850,2.5,239,15,4
EAST BARRIERE,2021-08-16,ACTUAL,21.7,14,61,262,3,4,,64.2,96,824,0.6,148,4,3
EAST BARRIERE,2021-08-17,ACTUAL,16,10.6,70,272,3,34.6,,32.9,42,541,0,70,0,2
EAST BARRIERE,2021-08-18,ACTUAL,23,8.2,39,264,4,0,,71.6,45,548,0.8,74,3,3
EAST BARRIERE,2021-08-19,ACTUAL,23.5,9.1,40,262,11,0,,86.3,48,555,4.4,79,15,4
EAST BARRIERE,2021-08-20,ACTUAL,24.9,9.9,39,121,4,0,,89.4,51,563,4.8,83,17,4
EAST BARRIERE,2021-08-21,ACTUAL,23.6,9.5,41,266,7,0,,89.6,54,570,5.6,87,20,4
EAST BARRIERE,2021-08-22,ACTUAL,11.3,9.2,87,257,4,7,,36.6,32,540,0,55,0,2
EAST BARRIERE,2021-08-23,ACTUAL,15.5,7.8,60,276,5,7.2,,42.3,19,511,0.1,35,0,2
EAST BARRIERE,2021-08-24,ACTUAL,20.6,6.8,41,138,5,0.6,,72.9,22,518,0.9,39,2,2
EAST BARRIERE,2021-08-25,ACTUAL,23.5,8.7,39,246,6,0,,86.2,25,525,3.4,44,9,3
EAST BARRIERE,2021-08-26,ACTUAL,20.6,7.5,43,286,5,0,,88.1,27,532,4.2,48,11,3
EAST BARRIERE,2021-08-27,ACTUAL,20.5,10.9,54,292,9,6.2,,64.9,18,511,0.8,33,1,2
EAST BARRIERE,2021-08-28,ACTUAL,22.9,9.3,42,92,6,0,,83.2,21,518,2.2,38,6,2
EAST BARRIERE,2021-08-29,ACTUAL,24.1,9.2,39,250,5,0,,88.6,24,525,4.5,43,11,3
EAST BARRIERE,2021-08-30,ACTUAL,21.2,7.7,42,227,4,0,,88.9,27,532,4.5,47,12,3
EAST BARRIERE,2021-08-31,ACTUAL,10.1,9,93,355,3,9.4,,27,13,491,0,25,0,2
EAST BARRIERE,2021-09-01,ACTUAL,17.2,6.7,50,137,5,1.2,,57.7,15,496,0.5,28,1,2
EAST BARRIERE,2021-09-02,ACTUAL,20.3,8.6,47,344,4,0.2,,77.9,17,501,1.2,32,2,2
EAST BARRIERE,2021-09-03,ACTUAL,23.5,9.4,41,193,3,0,,86.5,20,507,3,36,7,2
EAST BARRIERE,2021-09-04,ACTUAL,18.8,7.9,49,100,3,0,,87.1,22,512,3.3,39,8,3
EAST BARRIERE,2021-09-05,ACTUAL,19.3,13.8,70,297,2,10,,44.5,12,470,0.1,22,0,2
EAST BARRIERE,2021-09-06,ACTUAL,23.7,4.5,29,219,4,0,,79.7,15,476,1.4,27,2,2
EAST BARRIERE,2021-09-07,ACTUAL,25.3,8.2,34,246,5,0,,89,18,483,4.7,33,10,3
EAST BARRIERE,2021-09-08,ACTUAL,15.3,14.8,97,48,5,1.6,,66,17,487,0.7,31,1,2
EAST BARRIERE,2021-09-09,ACTUAL,19,14.9,77,312,3,0.2,,73.6,18,492,0.8,33,1,2
EAST BARRIERE,2021-09-10,ACTUAL,18.7,12.5,67,268,6,0.2,,80.1,19,497,1.6,35,4,2
EAST BARRIERE,2021-09-11,ACTUAL,20.1,12.2,60,66,5,0,,83.8,21,503,2.3,37,6,2
EAST BARRIERE,2021-09-12,ACTUAL,21.5,8.4,43,250,8,0.2,,87.7,23,508,4.6,41,11,3
EAST BARRIERE,2021-09-13,ACTUAL,19.4,4.6,38,202,3,0,,89,25,513,4.3,45,11,3
EAST BARRIERE,2021-09-14,ACTUAL,11.9,10.9,94,254,4,1.4,,69.9,25,517,0.8,45,2,3
EAST BARRIERE,2021-09-15,ACTUAL,13.1,-1.4,37,329,6,3.6,,64.2,20,509,0.7,36,1,2
EAST BARRIERE,2021-09-16,ACTUAL,16.2,-0.6,32,275,9,0,,82.5,22,514,2.3,40,6,2
EAST BARRIERE,2021-09-17,ACTUAL,5.8,5.8,100,301,3,17.4,,13.6,9,432,0,17,0,1
EAST BARRIERE,2021-09-18,ACTUAL,13.6,10.6,82,177,2,13.2,,16.6,5,384,0,9,0,1
EAST BARRIERE,2021-09-19,ACTUAL,12.4,5.4,62,285,5,0,,43.8,5,388,0.1,11,0,1
EAST BARRIERE,2021-09-20,ACTUAL,16.1,7.4,56,259,6,2,,59.5,5,392,0.5,11,0,1
EAST BARRIERE,2021-09-21,ACTUAL,14.7,7.6,62,289,2,0,,71.4,7,397,0.7,13,0,1
EAST BARRIERE,2021-09-22,ACTUAL,14.7,12.6,87,113,2,4.8,,38.3,4,387,0,7,0,1
EAST BARRIERE,2021-09-23,ACTUAL,19.7,7.1,44,184,4,0.2,,69.4,6,392,0.7,11,0,1
EAST BARRIERE,2021-09-24,ACTUAL,17.5,6.7,49,154,4,0,,80.8,8,397,1.5,14,1,2
EAST BARRIERE,2021-09-25,ACTUAL,20.3,9.9,51,206,2,0,,85,9,402,2.3,18,3,2
EAST BARRIERE,2021-09-26,ACTUAL,15.1,13.5,90,193,2,0.6,,80.3,10,407,1.3,18,1,2
EAST BARRIERE,2021-09-27,ACTUAL,18.7,3.6,37,278,7,5,,68.5,8,397,0.9,15,1,1
EAST BARRIERE,2021-09-28,ACTUAL,12.2,4,57,91,3,0,,77,9,400,1,17,1,1
EAST BARRIERE,2021-09-29,MANUAL,8,7.2,95,120,2,2.2,,51,7,404,0.2,13,0,1
EAST BARRIERE,2021-09-30,ACTUAL,10.5,10.5,100,50,2,9.6,,11.3,3,373,0,6,0,1
EAST BARRIERE,2021-10-01,ACTUAL,13.5,6.4,62,124,4,1.4,,37.1,4,376,0,8,0,1
EAST BARRIERE,2021-10-02,ACTUAL,11.2,7,75,41,0,0.2,,46.5,4,378,0.1,8,0,1
EAST BARRIERE,2021-10-03,ACTUAL,16.9,7.6,54,128,4,0,,68.6,6,382,0.7,11,0,1
EAST BARRIERE,2021-10-04,ACTUAL,12.2,2.1,50,189,3,0,,78.1,7,385,1.1,13,1,1
EAST BARRIERE,2021-10-05,ACTUAL,9,8.7,98,241,2,0,,75.5,7,387,0.9,13,1,1
EAST BARRIERE,2021-10-06,ACTUAL,10.5,0.5,50,269,4,0.8,,78.4,8,390,1.2,14,1,1
EAST BARRIERE,2021-10-07,ACTUAL,9.3,1,56,260,3,0,,81.6,8,392,1.6,16,2,2
EAST BARRIERE,2021-10-08,ACTUAL,12.5,0.2,43,207,5,0,,85.2,9,395,2.7,18,4,2
EAST BARRIERE,2021-10-09,ACTUAL,9.4,1.1,56,357,4,0,,85.3,10,398,2.6,19,4,2
EAST BARRIERE,2021-10-10,ACTUAL,8.2,-1.4,51,292,5,6.2,,51,6,380,0.2,12,0,1
EAST BARRIERE,2021-10-11,ACTUAL,10.4,-1.1,45,258,7,1.4,,64.8,7,382,0.7,13,1,1
EAST BARRIERE,2021-10-12,ACTUAL,5.9,-0.6,63,318,3,0,,72.3,7,384,0.8,14,1,1
EAST BARRIERE,2021-10-13,ACTUAL,8.1,2.4,67,138,5,10.4,,37.6,4,350,0,7,0,1
EAST BARRIERE,2021-10-14,ACTUAL,7.8,0.6,60,91,2,0,,54.7,4,352,0.3,8,0,1
EAST BARRIERE,2021-10-15,ACTUAL,6.4,6.4,100,62,2,3,,29.4,2,348,0,5,0,1
EAST BARRIERE,2021-10-16,ACTUAL,9.5,9.5,100,78,2,3.2,,15.4,1,344,0,2,0,1
EAST BARRIERE,2021-10-17,ACTUAL,9.3,9.3,100,212,2,1,,13.9,1,347,0,2,0,1
EAST BARRIERE,2021-10-18,ACTUAL,12.9,5.9,62,118,3,0,,39.8,2,350,0,3,0,1
EAST BARRIERE,2021-10-19,ACTUAL,9.9,5.7,75,208,3,0.2,,53.4,2,352,0.3,4,0,1
EAST BARRIERE,2021-10-20,ACTUAL,8.7,8.7,100,113,5,0.8,,49.6,2,354,0.2,4,0,1
EAST BARRIERE,2021-10-21,ACTUAL,13.3,5.5,59,81,4,0.8,,65,3,358,0.6,6,0,1
EAST BARRIERE,2021-10-22,ACTUAL,10.2,9.6,96,76,3,1.4,,53.4,3,360,0.3,6,0,1
EAST BARRIERE,2021-10-23,ACTUAL,9.9,6.5,79,249,3,2,,48.8,2,363,0.2,5,0,1
EAST BARRIERE,2021-10-24,ACTUAL,11.1,7.1,76,300,3,0.8,,57.9,3,365,0.4,6,0,1
EAST BARRIERE,2021-10-25,ACTUAL,11.2,6,70,206,2,4.6,,41.3,2,356,0,3,0,1
EAST BARRIERE,2021-10-26,ACTUAL,8,6.3,89,118,3,0.8,,45.1,2,358,0.1,3,0,1
EAST BARRIERE,2021-10-27,ACTUAL,7.4,2.1,69,76,4,0.8,,56.6,2,360,0.4,4,0,1
EAST BARRIERE,2021-10-28,ACTUAL,4.6,4.3,98,176,2,7.2,,17.3,1,339,0,1,0,1
EAST BARRIERE,2021-10-29,ACTUAL,6.4,2.3,75,271,10,7,,25.8,0,321,0,1,0,1
EAST BARRIERE,2021-10-30,ACTUAL,2.4,-3.7,64,242,4,0.2,,42.1,0,322,0.1,1,0,1
EAST BARRIERE,2021-10-31,ACTUAL,2.1,-3.8,65,233,3,0,,54.5,1,323,0.3,1,0,1
HARBOUR LAKE,2021-05-01,ACTUAL,6.1,-1.1,60,359,6,11.6,,,,,,,,
HARBOUR LAKE,2021-05-02,ACTUAL,8.4,-7.9,31,350,9,1.2,,,,,,,,
HARBOUR LAKE,2021-05-03,ACTUAL,6.2,-3.2,51,169,8,0,,,,,,,,
HARBOUR LAKE,2021-05-04,ACTUAL,6,-0.9,61,6,5,6.2,,,,,,,,
HARBOUR LAKE,2021-05-05,ACTUAL,11.1,-8.3,25,139,9,0.2,,,,,,,,
HARBOUR LAKE,2021-05-06,ACTUAL,15.1,-3.9,27,109,8,0,,,,,,,,
HARBOUR LAKE,2021-05-07,ACTUAL,0.3,-1.3,89,321,8,13.2,,,,,,,,
HARBOUR LAKE,2021-05-08,ACTUAL,6.2,-4.6,46,14,7,2.4,,,,,,,,
HARBOUR LAKE,2021-05-09,ACTUAL,10,-7.4,29,24,7,0,,,,,,,,
HARBOUR LAKE,2021-05-10,ACTUAL,4.4,0.9,78,328,7,0.8,,,,,,,,
HARBOUR LAKE,2021-05-11,ACTUAL,9.6,-4.9,36,111,7,2,,,,,,,,
HARBOUR LAKE,2021-05-12,ACTUAL,7.7,0.7,61,355,6,0,,,,,,,,
HARBOUR LAKE,2021-05-13,ACTUAL,12.9,1.2,45,286,6,2.6,,,,,,,,
HARBOUR LAKE,2021-05-14,ACTUAL,13.6,-1.3,36,337,4,0,,,,,,,,
HARBOUR LAKE,2021-05-15,ACTUAL,17.3,-1,29,347,6,0.4,,,,,,,,
HARBOUR LAKE,2021-05-16,ACTUAL,17.8,-0.1,30,134,10,0,,,,,,,,
HARBOUR LAKE,2021-05-17,ACTUAL,9.6,1.8,58,156,13,0,,,,,,,,
HARBOUR LAKE,2021-05-18,ACTUAL,0.3,-1.8,86,155,6,9.2,,,,,,,,
HARBOUR LAKE,2021-05-19,ACTUAL,4.2,0,74,333,5,15.8,,,,,,,,
HARBOUR LAKE,2021-05-20,ACTUAL,9.9,-6.2,32,103,9,6.4,,,,,,,,
HARBOUR LAKE,2021-05-21,ACTUAL,11.9,-10.4,20,95,10,0,,,,,,,,
HARBOUR LAKE,2021-05-22,ACTUAL,15.8,-6.5,21,74,7,0,,,,,,,,
HARBOUR LAKE,2021-05-23,ACTUAL,17,-2.7,26,270,5,0,,,,,,,,
HARBOUR LAKE,2021-05-24,ACTUAL,5.8,4.4,91,324,4,6.4,,85,6,15,2.6,6,2,
HARBOUR LAKE,2021-05-25,ACTUAL,8.7,4.7,76,129,6,13.4,,35.3,3,4,0,3,0,1
HARBOUR LAKE,2021-05-26,ACTUAL,10,1.7,56,147,12,7.6,,42.2,2,4,0.1,2,0,1
HARBOUR LAKE,2021-05-27,ACTUAL,4.5,3.3,92,159,6,4.2,,24.9,1,3,0,1,0,1
HARBOUR LAKE,2021-05-28,ACTUAL,4.7,2.7,87,341,7,18.2,,13.2,0,3,0,0,0,1
HARBOUR LAKE,2021-05-29,ACTUAL,9.8,0.9,54,127,4,0.2,,40.6,2,7,0,2,0,1
HARBOUR LAKE,2021-05-30,ACTUAL,15.9,-2.7,28,145,10,0,,74.6,5,13,1.2,5,1,1
HARBOUR LAKE,2021-05-31,ACTUAL,17.6,2.6,37,336,6,0,,85.1,8,18,2.9,8,3,2
HARBOUR LAKE,2021-06-01,ACTUAL,18.8,5.9,43,52,6,0,,87.5,11,25,4,11,4,2
HARBOUR LAKE,2021-06-02,ACTUAL,23,-1.9,19,193,10,0,,93.1,16,33,10.7,16,13,2
HARBOUR LAKE,2021-06-03,ACTUAL,17.1,4.4,43,198,6,0,,90.8,19,39,6.6,19,10,2
HARBOUR LAKE,2021-06-04,ACTUAL,11.6,3.9,59,152,5,0,,87.8,20,45,4,20,6,2
HARBOUR LAKE,2021-06-05,ACTUAL,4.9,1.9,81,19,5,0.8,,80.5,20,49,1.6,20,2,2
HARBOUR LAKE,2021-06-06,ACTUAL,3.9,2.4,90,45,6,18.8,,21.2,9,22,0,9,0,1
HARBOUR LAKE,2021-06-07,ACTUAL,4.2,1.6,83,115,5,18.2,,14.1,4,4,0,3,0,1
HARBOUR LAKE,2021-06-08,ACTUAL,9.9,-1.2,46,224,6,0.8,,44.7,5,9,0.1,5,0,1
HARBOUR LAKE,2021-06-09,ACTUAL,9.3,4,69,121,5,0.6,,58.9,6,14,0.5,6,0,1
HARBOUR LAKE,2021-06-10,ACTUAL,9.2,0.9,56,323,8,0.2,,72.5,7,19,1,8,1,1
HARBOUR LAKE,2021-06-11,ACTUAL,9.7,-3.4,40,155,13,0.2,,82.2,9,25,2.9,9,3,2
HARBOUR LAKE,2021-06-12,ACTUAL,11.9,0.3,45,164,12,0.4,,85.4,11,30,4,12,5,2
HARBOUR LAKE,2021-06-13,ACTUAL,12.6,4.9,59,136,12,1.4,,77.6,13,36,1.7,13,2,2
HARBOUR LAKE,2021-06-14,ACTUAL,10.8,9.2,90,100,3,7.2,,30.6,7,31,0,9,0,1
HARBOUR LAKE,2021-06-15,ACTUAL,10.5,6.5,76,158,5,21.6,,22.9,3,5,0,3,0,1
HARBOUR LAKE,2021-06-16,ACTUAL,11.6,3.4,57,248,7,9.8,,35.9,3,5,0,3,0,1
HARBOUR LAKE,2021-06-17,ACTUAL,16.8,1.5,36,10,8,0,,70.6,6,12,1,6,0,1
HARBOUR LAKE,2021-06-18,ACTUAL,18.8,0.7,30,291,7,0,,85.8,9,19,3.4,9,3,2
HARBOUR LAKE,2021-06-19,ACTUAL,9.7,8,89,342,3,2.6,,54.6,7,24,0.3,8,0,1
HARBOUR LAKE,2021-06-20,ACTUAL,15.6,2,40,321,5,5.2,,56.4,6,24,0.4,8,0,1
HARBOUR LAKE,2021-06-21,ACTUAL,22.2,3.7,30,357,8,0,,83.6,11,31,2.6,11,3,2
HARBOUR LAKE,2021-06-22,ACTUAL,23.2,7.6,37,353,8,0,,89,15,39,5.5,15,7,2
HARBOUR LAKE,2021-06-23,ACTUAL,17.6,5.8,46,343,8,0,,89.1,17,45,5.5,18,8,2
HARBOUR LAKE,2021-06-24,ACTUAL,18.2,7.9,51,350,6,0,,88.7,20,52,4.7,20,8,2
HARBOUR LAKE,2021-06-25,ACTUAL,22.2,9.3,44,348,10,0,,88.8,23,59,5.9,23,10,3
HARBOUR LAKE,2021-06-26,ACTUAL,27.9,9.1,31,9,8,0,,91.8,28,68,8.1,28,14,3
HARBOUR LAKE,2021-06-27,ACTUAL,31.2,8.2,24,344,7,0,,94.1,35,77,11,35,20,3
HARBOUR LAKE,2021-06-28,ACTUAL,33.1,8.5,22,340,6,0,,95,42,86,11.8,42,23,3
HARBOUR LAKE,2021-06-29,ACTUAL,34.6,8.4,20,237,5,0,,95.7,50,96,12.3,49,26,4
HARBOUR LAKE,2021-06-30,ACTUAL,35,7.9,19,143,9,0,,96,57,106,15.5,57,32,4
HARBOUR LAKE,2021-07-01,ACTUAL,29,14,40,320,8,0,,92.9,61,114,9.6,61,24,4
HARBOUR LAKE,2021-07-02,ACTUAL,22,13.2,57,339,6,8.2,,61.4,36,108,0.6,39,1,2
HARBOUR LAKE,2021-07-03,ACTUAL,22.8,4.2,30,319,6,0,,84.8,40,116,2.8,43,7,2
HARBOUR LAKE,2021-07-04,ACTUAL,19.2,7.9,48,93,5,0.2,,86.8,42,123,3.4,46,9,3
HARBOUR LAKE,2021-07-05,ACTUAL,20.3,8.9,48,42,5,0,,87.5,45,130,3.9,48,11,3
HARBOUR LAKE,2021-07-06,ACTUAL,22.7,6.4,35,336,6,0.6,,89.4,49,138,5.4,52,14,3
HARBOUR LAKE,2021-07-07,ACTUAL,25.7,4.1,25,339,8,0,,92.6,53,146,9.2,56,22,4
HARBOUR LAKE,2021-07-08,ACTUAL,20.5,12.3,59,348,7,3,,72.1,44,150,1,51,3,3
HARBOUR LAKE,2021-07-09,ACTUAL,21.1,11.2,53,249,5,8,,57.4,27,143,0.4,36,1,2
HARBOUR LAKE,2021-07-10,ACTUAL,24.5,5.7,30,244,7,0,,84.9,31,151,2.9,41,8,2
HARBOUR LAKE,2021-07-11,ACTUAL,21.8,5.6,35,338,9,0,,89.4,35,158,6.2,45,15,3
HARBOUR LAKE,2021-07-12,ACTUAL,23.1,5.8,33,325,6,0,,90.7,38,166,6.3,49,16,3
HARBOUR LAKE,2021-07-13,ACTUAL,25.4,3.9,25,6,7,0,,92.8,43,175,9.1,53,21,4
HARBOUR LAKE,2021-07-14,ACTUAL,23.5,7.5,36,9,8,0,,92.2,47,182,8.7,57,22,4
HARBOUR LAKE,2021-07-15,ACTUAL,20.7,8.7,46,357,10,0,,90.4,49,190,7.5,60,20,4
HARBOUR LAKE,2021-07-16,ACTUAL,19.6,8.3,48,175,10,0,,89.5,52,197,6.7,63,19,4
HARBOUR LAKE,2021-07-17,ACTUAL,20,6.6,42,169,11,0.8,,87.3,55,204,5.1,66,16,3
HARBOUR LAKE,2021-07-18,ACTUAL,21,5.3,36,164,12,0,,89.6,58,212,7.4,69,21,4
HARBOUR LAKE,2021-07-19,ACTUAL,25,2.4,23,170,10,0,,93,63,220,10.7,73,28,4
HARBOUR LAKE,2021-07-20,ACTUAL,21.2,4.6,34,104,8,0,,92.3,66,228,8.8,77,25,4
HARBOUR LAKE,2021-07-21,ACTUAL,19.1,0.5,29,175,8,0,,92.4,70,235,8.9,80,26,4
HARBOUR LAKE,2021-07-22,ACTUAL,11.9,4.7,61,49,5,2,,72.6,63,241,0.9,76,4,3
HARBOUR LAKE,2021-07-23,ACTUAL,17.3,2.4,37,197,7,0,,84.5,66,247,2.8,79,11,4
HARBOUR LAKE,2021-07-24,ACTUAL,19.7,6.4,42,116,9,0,,87.8,69,255,4.8,82,17,4
HARBOUR LAKE,2021-07-25,ACTUAL,19.6,8.6,49,154,5,0,,87.8,71,262,4.1,85,15,4
HARBOUR LAKE,2021-07-26,ACTUAL,18.2,9.3,56,209,4,2.8,,69.5,59,265,0.8,76,3,3
HARBOUR LAKE,2021-07-27,ACTUAL,22,5.7,35,28,6,0,,85.6,62,273,3.1,79,12,4
HARBOUR LAKE,2021-07-28,ACTUAL,21.8,9,44,343,5,0,,88,65,280,4.1,83,15,4
HARBOUR LAKE,2021-07-29,ACTUAL,23,9.4,42,357,7,0,,89,69,288,5.4,86,19,4
HARBOUR LAKE,2021-07-30,ACTUAL,27.2,7,28,149,9,0,,92.3,73,297,9.6,91,29,4
HARBOUR LAKE,2021-07-31,ACTUAL,30.4,6.3,22,332,7,0,,94.4,79,306,11.2,96,33,5
HARBOUR LAKE,2021-08-01,ACTUAL,20.6,11.6,56,356,5,0,,89.6,81,313,5.3,98,20,4
HARBOUR LAKE,2021-08-02,ACTUAL,18.5,16.5,88,343,4,4.8,,46.2,54,307,0.1,75,0,2
HARBOUR LAKE,2021-08-03,ACTUAL,24.6,10.1,40,178,6,0,,78.8,57,315,1.3,78,6,3
HARBOUR LAKE,2021-08-04,ACTUAL,23.6,8.8,39,99,7,0,,87.7,60,322,4.3,82,16,4
HARBOUR LAKE,2021-08-05,ACTUAL,25.4,5.5,28,128,9,0,,91.8,64,330,8.7,86,27,4
HARBOUR LAKE,2021-08-06,ACTUAL,15.6,8.9,64,9,4,2.2,,71.1,57,335,0.8,80,3,3
HARBOUR LAKE,2021-08-07,ACTUAL,10.2,8.4,89,143,6,2,,54.9,51,340,0.4,74,1,2
HARBOUR LAKE,2021-08-08,ACTUAL,14.1,10.2,77,331,10,3.6,,48.9,39,338,0.2,60,0,2
HARBOUR LAKE,2021-08-09,ACTUAL,17.8,9.5,58,330,8,0,,71.5,40,344,1,62,3,3
HARBOUR LAKE,2021-08-10,ACTUAL,15.3,7.9,61,343,7,0,,79.5,42,350,1.5,64,5,3
HARBOUR LAKE,2021-08-11,ACTUAL,20.4,4.3,35,313,10,0,,87.9,45,357,5.3,68,16,3
HARBOUR LAKE,2021-08-12,ACTUAL,21.1,6.1,38,339,8,0,,89.4,47,363,6,71,18,4
HARBOUR LAKE,2021-08-13,ACTUAL,25.8,4.8,26,330,6,0,,92.4,52,371,8.1,76,24,4
HARBOUR LAKE,2021-08-14,ACTUAL,24.1,9.2,39,355,5,0,,91.8,55,378,7.2,80,22,4
HARBOUR LAKE,2021-08-15,ACTUAL,18.3,9.4,56,165,3,0,,88.9,56,385,4.4,83,16,4
HARBOUR LAKE,2021-08-16,ACTUAL,15.7,10.3,70,328,7,5.4,,55.1,37,374,0.4,59,1,2
HARBOUR LAKE,2021-08-17,ACTUAL,11.9,10,88,330,8,14.8,,23.7,16,328,0,29,0,2
HARBOUR LAKE,2021-08-18,ACTUAL,17.2,2.7,38,305,7,0.2,,63.3,18,334,0.7,32,1,2
HARBOUR LAKE,2021-08-19,ACTUAL,14.2,8.7,69,353,5,0,,73.3,19,339,0.9,34,2,2
HARBOUR LAKE,2021-08-20,ACTUAL,16.2,5.5,49,318,7,0.6,,81.7,21,345,1.9,37,5,2
HARBOUR LAKE,2021-08-21,ACTUAL,17.1,6,48,45,5,0.2,,85.4,23,351,2.9,40,7,2
HARBOUR LAKE,2021-08-22,ACTUAL,4,4,100,5,8,37.8,,10.3,8,233,0,15,0,1
HARBOUR LAKE,2021-08-23,ACTUAL,6.4,5.3,93,295,5,1.4,,15,8,237,0,15,0,1
HARBOUR LAKE,2021-08-24,ACTUAL,11.3,6.7,73,62,5,0.4,,36.5,9,242,0,17,0,1
HARBOUR LAKE,2021-08-25,ACTUAL,16,3.7,44,152,6,0,,66.9,11,248,0.8,20,1,1
HARBOUR LAKE,2021-08-26,ACTUAL,13.6,3.9,52,155,9,0,,78.9,12,254,1.6,22,3,2
HARBOUR LAKE,2021-08-27,ACTUAL,12.1,8.6,79,338,7,3.6,,52.9,9,253,0.3,16,0,1
HARBOUR LAKE,2021-08-28,ACTUAL,14.1,7,62,154,6,2.6,,56.7,8,258,0.4,14,0,1
HARBOUR LAKE,2021-08-29,ACTUAL,17.9,5.1,43,160,10,0,,78.9,10,264,1.7,18,2,2
HARBOUR LAKE,2021-08-30,ACTUAL,15.7,1.3,38,172,6,0,,85.7,12,270,3.1,22,5,2
HARBOUR LAKE,2021-08-31,ACTUAL,4.5,4.5,100,128,6,11,,18.3,6,245,0,11,0,1
HARBOUR LAKE,2021-09-01,ACTUAL,7.4,5.8,90,326,7,13.8,,12.5,2,212,0,5,0,1
HARBOUR LAKE,2021-09-02,ACTUAL,12.8,4.3,56,313,7,0.8,,44.2,3,216,0.1,7,0,1
HARBOUR LAKE,2021-09-03,ACTUAL,16.4,4.4,45,217,7,0.2,,71.1,5,221,0.9,10,1,1
HARBOUR LAKE,2021-09-04,ACTUAL,14,-37.2,0,147,9,0,,92.6,8,225,9.9,14,12,2
HARBOUR LAKE,2021-09-05,ACTUAL,14.9,5.1,52,194,8,7.4,,58.1,5,213,0.5,10,0,1
HARBOUR LAKE,2021-09-06,ACTUAL,14,2.5,46,290,6,0,,75.8,7,217,1.1,12,1,1
HARBOUR LAKE,2021-09-07,ACTUAL,19.8,7.8,46,288,6,0,,84.6,9,223,2.7,16,4,2
HARBOUR LAKE,2021-09-08,ACTUAL,12.7,9.4,80,309,4,0.2,,83,9,227,2,17,3,2
HARBOUR LAKE,2021-09-09,ACTUAL,16.7,8.2,57,156,7,1.4,,77.8,10,231,1.3,19,2,2
HARBOUR LAKE,2021-09-10,ACTUAL,18.7,7.1,47,126,7,1,,81.6,12,236,1.9,22,3,2
HARBOUR LAKE,2021-09-11,ACTUAL,11.3,10,92,126,5,0.4,,79,13,240,1.3,22,2,2
HARBOUR LAKE,2021-09-12,ACTUAL,12.5,7.2,70,304,6,1.8,,68.2,12,244,0.8,21,1,2
HARBOUR LAKE,2021-09-13,ACTUAL,12.8,2,48,343,6,0.6,,78.5,13,248,1.3,23,2,2
HARBOUR LAKE,2021-09-14,ACTUAL,9.9,5.3,73,169,7,0,,80.1,14,252,1.6,24,3,2
HARBOUR LAKE,2021-09-15,ACTUAL,4.4,0.2,74,20,4,11.2,,32.7,7,225,0,13,0,1
HARBOUR LAKE,2021-09-16,ACTUAL,7.7,-3.3,46,328,8,0,,58.4,8,229,0.6,14,0,1
HARBOUR LAKE,2021-09-17,ACTUAL,1.8,1.8,100,150,10,4.6,,23.1,4,222,0,8,0,1
HARBOUR LAKE,2021-09-18,ACTUAL,6.9,4.4,84,154,8,25.8,,15.8,2,161,0,3,0,1
HARBOUR LAKE,2021-09-19,ACTUAL,8.3,2.6,67,297,7,0.6,,38.5,2,164,0,4,0,1
HARBOUR LAKE,2021-09-20,ACTUAL,8.4,3.1,69,175,7,4.4,,38.4,1,160,0,2,0,1
HARBOUR LAKE,2021-09-21,ACTUAL,10.4,3.9,64,135,11,0,,60.5,2,164,0.7,4,0,1
HARBOUR LAKE,2021-09-22,ACTUAL,9.3,8.5,95,320,4,6.4,,23.4,0,156,0,1,0,1
HARBOUR LAKE,2021-09-23,ACTUAL,11.9,2.6,53,340,8,0.2,,54,2,159,0.4,3,0,1
HARBOUR LAKE,2021-09-24,ACTUAL,16.2,4.8,47,162,8,0,,75.4,3,164,1.2,6,1,1
HARBOUR LAKE,2021-09-25,ACTUAL,15.2,5.4,52,158,8,0,,82.5,5,168,2.3,9,2,2
HARBOUR LAKE,2021-09-26,ACTUAL,9.6,7,84,161,6,0.8,,77,5,172,1.2,9,1,1
HARBOUR LAKE,2021-09-27,ACTUAL,10.8,4.3,64,150,10,3.2,,60.4,4,171,0.7,7,0,1
HARBOUR LAKE,2021-09-28,ACTUAL,4.1,3.5,96,154,8,8.2,,19.7,1,157,0,3,0,1
HARBOUR LAKE,2021-09-29,ACTUAL,2.9,2.9,100,137,8,3.8,,9.3,0,154,0,0,0,1
HARBOUR LAKE,2021-09-30,ACTUAL,6.2,6.2,100,177,5,22.6,,0,0,109,0,0,0,1
HARBOUR LAKE,2021-10-01,ACTUAL,5.9,2.7,80,157,9,8,,17.5,0,97,0,0,0,1
HARBOUR LAKE,2021-10-02,ACTUAL,4,1.2,82,147,9,1.2,,29.9,0,99,0,1,0,1
HARBOUR LAKE,2021-10-03,ACTUAL,10.2,0.5,51,169,7,0.4,,56.7,1,101,0.5,2,0,1
HARBOUR LAKE,2021-10-04,ACTUAL,9.1,3.1,66,150,9,0,,69.6,2,104,1,3,0,1
HARBOUR LAKE,2021-10-05,ACTUAL,6.5,5.1,91,144,11,1,,64.6,2,106,0.9,3,0,1
HARBOUR LAKE,2021-10-06,ACTUAL,3.4,0.9,84,165,6,20,,21.7,0,69,0,1,0,1
HARBOUR LAKE,2021-10-07,ACTUAL,1.8,0.3,90,106,4,1.8,,23,0,71,0,0,0,1
HARBOUR LAKE,2021-10-08,ACTUAL,6,-6,42,161,9,0.2,,51.7,1,72,0.3,1,0,1
HARBOUR LAKE,2021-10-09,ACTUAL,0.4,-0.3,95,137,8,0.2,,54.1,1,73,0.4,1,0,1
HARBOUR LAKE,2021-10-10,ACTUAL,0.3,-1.2,90,349,6,0.6,,56.7,1,74,0.4,1,0,1
HARBOUR LAKE,2021-10-11,ACTUAL,0.2,-1.6,88,353,4,0.6,,59.2,1,75,0.5,1,0,1
HARBOUR LAKE,2021-10-12,ACTUAL,1,-3.5,72,138,10,3.2,,45.8,0,72,0.2,0,0,1
HARBOUR LAKE,2021-10-13,ACTUAL,-1,-1.4,97,301,4,0.6,,46.1,0,73,0.1,0,0,1
HARBOUR LAKE,2021-10-14,ACTUAL,1,-1.3,85,140,7,0.6,,52.4,0,74,0.3,0,0,1
HARBOUR LAKE,2021-10-15,ACTUAL,1.1,1.1,100,153,7,1,,46.2,0,75,0.1,0,0,1
HARBOUR LAKE,2021-10-16,ACTUAL,3.8,3.8,100,151,7,23.8,,4.9,0,34,0,0,0,1
HARBOUR LAKE,2021-10-17,ACTUAL,6.1,2.2,76,163,5,12.4,,17.5,0,17,0,1,0,1
HARBOUR LAKE,2021-10-18,ACTUAL,7.9,2,66,135,9,0,,41.8,1,19,0.1,1,0,1
HARBOUR LAKE,2021-10-19,ACTUAL,13.6,-3.8,30,141,11,0.2,,73.2,2,22,1.2,4,0,1
HARBOUR LAKE,2021-10-20,ACTUAL,7.7,2.6,70,168,9,0,,77.5,3,25,1.4,4,1,1
HARBOUR LAKE,2021-10-21,ACTUAL,7.5,0.3,60,142,11,1.8,,69.1,2,27,1,4,0,1
HARBOUR LAKE,2021-10-22,ACTUAL,5.8,5.8,100,153,6,6.6,,20.8,1,20,0,1,0,1
HARBOUR LAKE,2021-10-23,ACTUAL,4.3,1.2,80,143,5,9.4,,17.9,0,8,0,0,0,1
HARBOUR LAKE,2021-10-24,ACTUAL,6,-2.1,56,116,15,0.8,,45.9,1,10,0.2,1,0,1
HARBOUR LAKE,2021-10-25,ACTUAL,1.6,1,96,148,12,7.6,,16.5,0,1,0,0,0,1
HARBOUR LAKE,2021-10-26,ACTUAL,2.8,1,88,155,11,3.8,,19.4,0,1,0,0,0,1
HARBOUR LAKE,2021-10-27,ACTUAL,1.7,0.8,94,144,4,0.8,,22.7,0,2,0,0,0,1
HARBOUR LAKE,2021-10-28,ACTUAL,0.8,0.7,99,159,6,3.6,,11.9,0,1,0,0,0,1
HARBOUR LAKE,2021-10-29,ACTUAL,-0.1,-0.8,95,326,6,1.6,,13.5,0,2,0,0,0,1
HARBOUR LAKE,2021-10-30,ACTUAL,-2.4,-5.9,77,298,4,1.2,,23.1,0,2,0,0,0,1
HARBOUR LAKE,2021-10-31,ACTUAL,-0.5,-3.7,79,329,4,1,,31.8,0,2,0,0,0,1
LEIGHTON LAKE,2021-05-01,ACTUAL,5.6,1.2,73,24,16,0,,83.5,19,334,3.8,33,8,2
LEIGHTON LAKE,2021-05-02,ACTUAL,11.1,-8.3,25,328,13,0,,88.7,21,339,6.7,36,14,2
LEIGHTON LAKE,2021-05-03,ACTUAL,7.7,-0.8,55,144,9,0,,87.1,22,342,4.5,38,10,2
LEIGHTON LAKE,2021-05-04,ACTUAL,9.1,-1.1,49,318,11,0,,87.1,23,346,5,40,12,2
LEIGHTON LAKE,2021-05-05,ACTUAL,14.1,-5.2,26,104,10,0,,90,26,351,7.1,44,16,2
LEIGHTON LAKE,2021-05-06,ACTUAL,13.6,3.1,49,92,11,0,,88.7,28,356,6.1,47,15,2
LEIGHTON LAKE,2021-05-07,ACTUAL,0.6,0,96,40,10,0,,79.9,28,359,1.8,47,5,2
LEIGHTON LAKE,2021-05-08,ACTUAL,7.7,-5.9,38,57,7,1.8,,73.1,28,363,1,46,3,1
LEIGHTON LAKE,2021-05-09,ACTUAL,10.9,-3.7,36,325,9,0,,83,30,367,2.5,49,7,2
LEIGHTON LAKE,2021-05-10,ACTUAL,6.3,1.9,73,87,10,1,,76.2,30,370,1.4,50,4,1
LEIGHTON LAKE,2021-05-11,ACTUAL,13.7,-6.1,25,1,9,0.2,,86.9,33,375,4.4,54,13,2
LEIGHTON LAKE,2021-05-12,ACTUAL,7.3,4.9,85,176,14,1,,76.5,33,379,1.7,55,6,2
LEIGHTON LAKE,2021-05-13,ACTUAL,13.5,2.7,48,38,9,1.6,,75.2,34,384,1.2,56,4,2
LEIGHTON LAKE,2021-05-14,ACTUAL,15.2,2.3,42,207,9,0,,84.1,37,389,2.9,59,9,2
LEIGHTON LAKE,2021-05-15,ACTUAL,20.7,-0.7,24,247,6,0.2,,90.7,41,395,6.4,65,19,3
LEIGHTON LAKE,2021-05-16,ACTUAL,21.3,2.4,29,177,14,0,,91.4,45,401,10.8,71,28,3
LEIGHTON LAKE,2021-05-17,ACTUAL,13.2,1.5,45,186,26,0,,89.4,47,406,14.6,73,35,3
LEIGHTON LAKE,2021-05-18,ACTUAL,7.3,-5.9,39,231,17,0.4,,89,49,410,8.9,75,25,3
LEIGHTON LAKE,2021-05-19,ACTUAL,4,0.2,76,12,15,1.4,,73.8,49,413,1.5,75,6,2
LEIGHTON LAKE,2021-05-20,ACTUAL,10.7,-3.5,37,337,18,0,,83.8,51,417,4.5,78,16,2
LEIGHTON LAKE,2021-05-21,ACTUAL,13.5,-6.2,25,359,12,4,,71.8,39,411,1.2,63,4,2
LEIGHTON LAKE,2021-05-22,ACTUAL,16.9,-7.6,18,326,18,0,,89.1,43,416,9.5,69,25,3
LEIGHTON LAKE,2021-05-23,ACTUAL,18.7,-1.3,26,29,9,0,,91.2,47,422,7.9,74,23,3
LEIGHTON LAKE,2021-05-24,ACTUAL,16.4,0.4,34,333,15,0,,91.2,50,427,10.9,77,29,3
LEIGHTON LAKE,2021-05-25,ACTUAL,14.5,5.9,56,27,5,0.6,,87.6,52,432,3.8,80,14,2
LEIGHTON LAKE,2021-05-26,ACTUAL,13.3,0.2,41,169,24,0,,87.8,54,437,10.3,83,29,3
LEIGHTON LAKE,2021-05-27,ACTUAL,8.5,4,73,234,12,0.2,,84.6,55,441,3.7,84,14,2
LEIGHTON LAKE,2021-05-28,ACTUAL,9,1.2,58,177,10,0.8,,81.5,56,445,2.2,85,9,2
LEIGHTON LAKE,2021-05-29,ACTUAL,15.5,-2.1,30,138,9,1.2,,83.6,59,450,2.8,89,12,2
LEIGHTON LAKE,2021-05-30,ACTUAL,18.7,-5.4,19,238,11,0,,91.5,63,456,9,94,28,4
LEIGHTON LAKE,2021-05-31,ACTUAL,22.3,4.7,32,171,11,0,,91.5,67,463,9.3,99,30,4
LEIGHTON LAKE,2021-06-01,ACTUAL,23.7,6.4,33,310,9,0,,91.6,72,470,8.3,104,28,4
LEIGHTON LAKE,2021-06-02,ACTUAL,27.1,0.7,18,245,16,0,,94.7,78,479,18.8,111,50,5
LEIGHTON LAKE,2021-06-03,ACTUAL,19.9,5.8,40,180,14,0,,91.7,81,485,11.1,114,36,4
LEIGHTON LAKE,2021-06-04,ACTUAL,18.4,-2.6,24,198,21,0,,92.1,85,492,16.8,119,47,5
LEIGHTON LAKE,2021-06-05,ACTUAL,14,0.2,39,215,16,0,,90.6,87,498,10.6,122,36,4
LEIGHTON LAKE,2021-06-06,ACTUAL,8.3,0.8,59,64,11,0.6,,86.4,88,503,4.4,123,20,3
LEIGHTON LAKE,2021-06-07,ACTUAL,10.9,-1.6,42,357,7,0.2,,87,90,508,3.9,125,18,3
LEIGHTON LAKE,2021-06-08,ACTUAL,12.1,2.3,51,46,13,1.6,,77.8,87,514,1.8,123,10,3
LEIGHTON LAKE,2021-06-09,ACTUAL,14.2,0,38,167,18,0.2,,85.9,90,520,5.9,125,24,3
LEIGHTON LAKE,2021-06-10,ACTUAL,13.9,-5.9,25,254,9,0,,89.8,93,526,6.7,129,27,3
LEIGHTON LAKE,2021-06-11,ACTUAL,12,-3.9,33,176,16,0,,89.8,95,531,9.6,131,34,4
LEIGHTON LAKE,2021-06-12,ACTUAL,16.3,-0.6,32,206,17,0,,90.1,98,538,10,135,36,4
LEIGHTON LAKE,2021-06-13,ACTUAL,18.2,5.7,44,182,24,0,,89.8,101,544,13.9,138,44,4
LEIGHTON LAKE,2021-06-14,ACTUAL,19.7,4.9,38,164,19,0,,89.8,104,551,10.8,142,38,4
LEIGHTON LAKE,2021-06-15,ACTUAL,15.8,2.5,41,178,17,0,,89.8,107,558,10,145,36,4
LEIGHTON LAKE,2021-06-16,ACTUAL,17.9,0.4,31,237,10,0,,90.4,110,564,7.6,148,30,4
LEIGHTON LAKE,2021-06-17,ACTUAL,20,0.8,28,341,9,0,,91.3,114,571,8.2,153,32,4
LEIGHTON LAKE,2021-06-18,ACTUAL,21.7,2.3,28,64,7,0,,91.8,119,579,7.8,157,32,4
LEIGHTON LAKE,2021-06-19,ACTUAL,17.3,6.5,49,275,6,0.2,,89.6,121,585,5.5,160,25,4
LEIGHTON LAKE,2021-06-20,ACTUAL,20.6,3.7,33,32,12,1,,88,125,592,5.8,164,26,4
LEIGHTON LAKE,2021-06-21,ACTUAL,25,6.6,31,337,15,0,,91.3,130,600,10.9,168,40,4
LEIGHTON LAKE,2021-06-22,ACTUAL,27.3,3,21,269,9,0,,94,136,608,11.9,174,43,4
LEIGHTON LAKE,2021-06-23,ACTUAL,25.9,4.3,25,110,6,0,,94,141,616,10.4,179,39,4
LEIGHTON LAKE,2021-06-24,ACTUAL,20.4,9.7,50,349,17,0,,90,144,624,10,182,38,4
LEIGHTON LAKE,2021-06-25,ACTUAL,25.1,9.7,38,349,18,0,,90.4,148,631,11,187,41,4
LEIGHTON LAKE,2021-06-26,ACTUAL,30.9,10.7,29,187,10,0,,92.9,154,640,10.7,192,40,4
LEIGHTON LAKE,2021-06-27,ACTUAL,35.1,10.2,22,298,8,0,,95.3,162,650,13.5,199,47,5
LEIGHTON LAKE,2021-06-28,ACTUAL,36.9,6,15,205,7,0,,97.1,170,660,16.7,207,54,5
LEIGHTON LAKE,2021-06-29,ACTUAL,38.3,9.8,18,47,12,0,,97.2,179,671,21.6,214,64,5
LEIGHTON LAKE,2021-06-30,ACTUAL,37.4,10.7,20,159,17,0,,97.2,187,681,27.1,221,73,5
LEIGHTON LAKE,2021-07-01,ACTUAL,29,11.9,35,231,8,0,,94,191,690,11.3,226,43,4
LEIGHTON LAKE,2021-07-02,ACTUAL,24.9,4,26,349,13,0,,94,196,698,14.8,230,51,5
LEIGHTON LAKE,2021-07-03,ACTUAL,26.3,4.6,25,344,11,0,,94.1,201,706,13.1,235,47,4
LEIGHTON LAKE,2021-07-04,ACTUAL,23.3,8.1,38,9,6,0,,92.3,204,714,8.2,238,35,4
LEIGHTON LAKE,2021-07-05,ACTUAL,24.7,7.3,33,56,12,0,,92.4,208,722,10.9,242,42,4
LEIGHTON LAKE,2021-07-06,ACTUAL,26.4,6.8,29,29,7,0,,92.4,213,731,8.7,246,36,4
LEIGHTON LAKE,2021-07-07,ACTUAL,20.9,11.9,56,54,13,0,,88.9,215,738,7.2,249,32,4
LEIGHTON LAKE,2021-07-08,ACTUAL,23.9,11.6,46,67,10,3.8,,76.2,103,723,1.4,152,8,3
LEIGHTON LAKE,2021-07-09,ACTUAL,25.8,9.5,36,40,10,0.4,,88.7,107,732,6,156,26,4
LEIGHTON LAKE,2021-07-10,ACTUAL,25.6,5.1,27,346,8,0,,92.1,111,740,8.8,162,35,4
LEIGHTON LAKE,2021-07-11,ACTUAL,24.8,5.5,29,303,7,0,,92.2,116,748,8.5,167,34,4
LEIGHTON LAKE,2021-07-12,ACTUAL,26.4,4.2,24,311,13,0,,93.4,121,757,13.2,172,45,4
LEIGHTON LAKE,2021-07-13,ACTUAL,29.6,2.8,18,357,11,0,,95.2,126,766,15.3,179,50,5
LEIGHTON LAKE,2021-07-14,ACTUAL,26.5,8.4,32,4,7,0,,93.8,131,774,10.2,184,39,4
LEIGHTON LAKE,2021-07-15,ACTUAL,24.5,5.7,30,318,8,0,,93.5,135,782,10.7,189,40,4
LEIGHTON LAKE,2021-07-16,ACTUAL,22.3,8.4,41,193,11,0,,91.5,138,790,9.2,192,37,4
LEIGHTON LAKE,2021-07-17,ACTUAL,21.7,4.6,33,179,15,0,,91.6,142,798,11.2,196,42,4
LEIGHTON LAKE,2021-07-18,ACTUAL,22.7,1.6,25,184,16,0,,92.5,146,805,13.7,201,48,5
LEIGHTON LAKE,2021-07-19,ACTUAL,26.9,1.3,19,184,10,0,,94.5,151,814,13,207,46,4
LEIGHTON LAKE,2021-07-20,ACTUAL,23.6,2.4,25,267,11,0,,94.3,156,822,13.6,211,48,5
LEIGHTON LAKE,2021-07-21,ACTUAL,18.3,0.3,30,220,12,0,,93,159,829,11.8,215,44,4
LEIGHTON LAKE,2021-07-22,ACTUAL,17.8,-1.6,27,193,12,0,,92.9,162,836,12,218,44,4
LEIGHTON LAKE,2021-07-23,ACTUAL,19.9,3.9,35,284,10,0,,92,165,843,9.2,222,37,4
LEIGHTON LAKE,2021-07-24,ACTUAL,23.3,5.1,31,62,12,0,,92.1,169,851,10.4,226,40,4
LEIGHTON LAKE,2021-07-25,ACTUAL,23.6,6.7,34,40,9,0,,92.1,173,859,9.1,230,37,4
LEIGHTON LAKE,2021-07-26,ACTUAL,26,2.6,22,234,11,0,,93.7,178,867,12.8,235,46,4
LEIGHTON LAKE,2021-07-27,ACTUAL,24.6,5.3,29,330,9,0,,93.6,182,875,11,240,42,4
LEIGHTON LAKE,2021-07-28,ACTUAL,26.4,5.3,26,358,5,0,,93.7,187,884,9.2,245,38,4
LEIGHTON LAKE,2021-07-29,ACTUAL,24.9,7.9,34,320,9,0,,92.9,191,892,10.4,249,41,4
LEIGHTON LAKE,2021-07-30,ACTUAL,30.4,6.3,22,63,13,0,,94.5,197,901,15.5,255,52,5
LEIGHTON LAKE,2021-07-31,ACTUAL,24.4,7.9,35,318,4,0,,93.1,201,909,8,259,34,4
LEIGHTON LAKE,2021-08-01,ACTUAL,17.2,14.5,84,291,8,0.8,,82.5,202,915,2.3,260,14,3
LEIGHTON LAKE,2021-08-02,ACTUAL,22.6,16,66,56,6,2,,73.8,136,923,1,199,7,3
LEIGHTON LAKE,2021-08-03,ACTUAL,28.7,2.8,19,248,9,0.2,,92.7,141,931,10.1,205,39,4
LEIGHTON LAKE,2021-08-04,ACTUAL,28.1,3.7,21,53,10,0,,94.3,146,939,13,210,46,4
LEIGHTON LAKE,2021-08-05,ACTUAL,29.2,0.8,16,188,20,0,,95.7,151,947,25.5,216,70,5
LEIGHTON LAKE,2021-08-06,ACTUAL,22.8,4.2,30,238,11,0,,93.8,155,954,12.6,220,46,4
LEIGHTON LAKE,2021-08-07,ACTUAL,17,8.5,57,175,16,0,,88.7,156,960,7.9,222,34,4
LEIGHTON LAKE,2021-08-08,ACTUAL,13.5,7.6,67,349,17,0.2,,85.9,157,966,5.5,224,26,4
LEIGHTON LAKE,2021-08-09,ACTUAL,24.1,8.4,37,28,5,0,,89.5,161,973,5.3,227,26,4
LEIGHTON LAKE,2021-08-10,ACTUAL,21.8,10.6,49,32,6,0,,89.5,163,980,5.2,230,26,4
LEIGHTON LAKE,2021-08-11,ACTUAL,26.8,10,35,349,14,0,,91.1,167,988,10.2,235,40,4
LEIGHTON LAKE,2021-08-12,ACTUAL,24.5,5.7,30,353,16,0,,91.8,171,995,12.7,239,46,4
LEIGHTON LAKE,2021-08-13,ACTUAL,25.6,6.6,30,58,11,0,,92.1,174,1003,9.7,243,39,4
LEIGHTON LAKE,2021-08-14,ACTUAL,29.3,5.4,22,332,9,0,,94.2,179,1011,11.9,248,44,4
LEIGHTON LAKE,2021-08-15,ACTUAL,27.2,3.6,22,221,17,0,,94.3,184,1019,18.8,253,59,5
LEIGHTON LAKE,2021-08-16,ACTUAL,16.6,4.2,44,9,10,0,,90.9,186,1025,8.1,256,34,4
LEIGHTON LAKE,2021-08-17,ACTUAL,12.1,7.8,75,28,12,25.8,,39,67,699,0.1,108,0,2
LEIGHTON LAKE,2021-08-18,ACTUAL,21.4,3.5,31,39,12,0,,78.6,70,706,1.8,112,9,3
LEIGHTON LAKE,2021-08-19,ACTUAL,16.1,10.1,67,356,4,0,,81.5,71,712,1.6,114,8,3
LEIGHTON LAKE,2021-08-20,ACTUAL,18.4,4.8,41,314,5,0.6,,85.9,73,719,3,117,14,3
LEIGHTON LAKE,2021-08-21,ACTUAL,20.2,4.9,37,75,7,0,,88.9,76,725,5.1,121,21,3
LEIGHTON LAKE,2021-08-22,ACTUAL,8.8,3.9,71,299,5,2.8,,60.9,61,717,0.5,100,2,2
LEIGHTON LAKE,2021-08-23,ACTUAL,9.3,4.4,71,337,18,0.8,,70,61,722,1.6,101,8,3
LEIGHTON LAKE,2021-08-24,ACTUAL,14.6,5.1,53,80,6,0.2,,79.9,63,728,1.6,104,8,3
LEIGHTON LAKE,2021-08-25,ACTUAL,19.8,2.9,33,206,15,0,,88.5,66,734,7.3,108,26,3
LEIGHTON LAKE,2021-08-26,ACTUAL,17.2,4.4,43,167,17,0,,88.6,68,740,8.3,111,29,4
LEIGHTON LAKE,2021-08-27,ACTUAL,12.4,7.6,72,339,5,0.8,,81.8,69,745,1.8,112,9,3
LEIGHTON LAKE,2021-08-28,ACTUAL,20.3,4.2,35,175,17,0.2,,88.7,72,752,8.4,116,30,4
LEIGHTON LAKE,2021-08-29,ACTUAL,21.4,3.9,32,220,7,0,,90.5,75,759,6.6,120,26,3
LEIGHTON LAKE,2021-08-30,ACTUAL,16.4,4.4,45,196,11,0,,89.6,77,765,7.1,123,27,3
LEIGHTON LAKE,2021-08-31,ACTUAL,8.9,2.1,62,301,11,2.8,,66,62,756,1,102,5,2
LEIGHTON LAKE,2021-09-01,ACTUAL,12.4,4.9,60,5,16,1.4,,71.6,63,760,1.5,104,7,3
LEIGHTON LAKE,2021-09-02,ACTUAL,15.6,0.8,37,5,15,0,,84.6,64,764,4.3,106,18,3
LEIGHTON LAKE,2021-09-03,ACTUAL,20.5,1.3,28,194,16,0,,90.5,67,770,10.3,110,34,4
LEIGHTON LAKE,2021-09-04,ACTUAL,15.1,3.5,46,180,18,0,,89.3,69,774,9.6,112,32,4
LEIGHTON LAKE,2021-09-05,ACTUAL,18.3,4.4,40,184,15,0,,89.3,71,779,8.4,115,30,4
LEIGHTON LAKE,2021-09-06,ACTUAL,18.5,0.9,31,181,15,0,,90.4,73,784,9.7,119,33,4
LEIGHTON LAKE,2021-09-07,ACTUAL,22.7,5.9,34,60,13,0,,90.7,76,790,9.3,123,33,4
LEIGHTON LAKE,2021-09-08,ACTUAL,20.1,6.4,41,202,16,0,,90.6,78,795,10.4,126,36,4
LEIGHTON LAKE,2021-09-09,ACTUAL,17.5,8.4,55,175,12,0,,88.4,80,800,6.2,128,25,3
LEIGHTON LAKE,2021-09-10,ACTUAL,19.2,9.4,53,51,12,0,,88.3,81,805,6.1,130,25,3
LEIGHTON LAKE,2021-09-11,ACTUAL,18.8,5.6,42,166,13,0,,88.6,83,810,6.6,133,27,3
LEIGHTON LAKE,2021-09-12,ACTUAL,15.1,6.4,56,341,10,0,,87.5,85,815,5,134,22,3
LEIGHTON LAKE,2021-09-13,ACTUAL,16.4,3.4,42,236,9,0,,88,87,819,5.2,137,23,3
LEIGHTON LAKE,2021-09-14,ACTUAL,9.8,6.7,81,183,21,0.4,,83.1,87,823,4.8,137,22,3
LEIGHTON LAKE,2021-09-15,ACTUAL,7.1,1.8,69,286,4,4,,51.6,60,795,0.2,101,1,2
LEIGHTON LAKE,2021-09-16,ACTUAL,10.7,-1.8,42,172,11,0,,73.2,62,799,1.2,103,6,3
LEIGHTON LAKE,2021-09-17,ACTUAL,8.4,3.7,72,191,13,0,,77.6,62,802,1.7,104,8,3
LEIGHTON LAKE,2021-09-18,ACTUAL,12.7,1.3,46,203,16,8.2,,58.3,35,733,0.8,63,3,2
LEIGHTON LAKE,2021-09-19,ACTUAL,10.5,4.3,65,123,11,0,,71.5,36,736,1.1,64,4,2
LEIGHTON LAKE,2021-09-20,ACTUAL,12.9,2.1,48,172,19,4.4,,64.4,26,712,1.4,47,4,1
LEIGHTON LAKE,2021-09-21,ACTUAL,9.3,4.6,72,49,7,0,,72.3,26,715,1,48,3,1
LEIGHTON LAKE,2021-09-22,ACTUAL,16.4,6.3,51,353,11,0,,82.3,28,720,2.6,51,8,2
LEIGHTON LAKE,2021-09-23,ACTUAL,16.6,3.2,41,334,8,0,,86.7,30,724,4,54,12,2
LEIGHTON LAKE,2021-09-24,ACTUAL,21.7,3.3,30,162,17,0,,90.7,32,730,11.5,58,26,3
LEIGHTON LAKE,2021-09-25,ACTUAL,20.5,4.4,35,177,18,0,,90.8,35,735,11.6,63,28,3
LEIGHTON LAKE,2021-09-26,ACTUAL,16,3,42,182,29,0,,89.9,37,740,17.8,65,38,3
LEIGHTON LAKE,2021-09-27,ACTUAL,12,2.7,53,183,26,2,,77.2,34,744,3.2,61,11,2
LEIGHTON LAKE,2021-09-28,ACTUAL,8,2.9,70,182,26,1,,75.9,35,747,3,62,10,2
LEIGHTON LAKE,2021-09-29,ACTUAL,7.6,0.6,61,181,20,0,,80.5,35,750,3.3,63,11,2
LEIGHTON LAKE,2021-09-30,ACTUAL,8.5,3,68,188,21,0.4,,81.7,36,753,3.9,64,12,2
LEIGHTON LAKE,2021-10-01,ACTUAL,11.5,-1.7,40,183,14,0,,85.9,37,756,4.8,66,15,2
LEIGHTON LAKE,2021-10-02,ACTUAL,10.8,-1.4,43,181,23,0,,86.8,38,759,8.5,67,23,3
LEIGHTON LAKE,2021-10-03,ACTUAL,13.4,-1.5,36,205,14,0,,88.3,39,762,6.8,70,20,3
LEIGHTON LAKE,2021-10-04,ACTUAL,13.8,-5,27,170,13,0,,90.1,41,765,8.4,72,24,3
LEIGHTON LAKE,2021-10-05,ACTUAL,11.1,1.9,53,180,33,0,,87.7,42,768,16.7,74,38,3
LEIGHTON LAKE,2021-10-06,ACTUAL,6.5,-2.7,52,162,15,0,,86.9,42,770,5.9,75,19,3
LEIGHTON LAKE,2021-10-07,ACTUAL,7.7,-4.5,42,149,11,0,,86.9,43,772,4.9,76,16,2
LEIGHTON LAKE,2021-10-08,ACTUAL,8.3,-4.6,40,40,14,0,,87.2,44,774,5.7,77,19,3
LEIGHTON LAKE,2021-10-09,ACTUAL,9.2,0.4,54,179,25,0,,86.7,45,776,9.3,78,26,3
LEIGHTON LAKE,2021-10-10,ACTUAL,3.4,-0.6,75,18,10,3.6,,53.5,33,755,0.4,60,1,2
LEIGHTON LAKE,2021-10-11,ACTUAL,5,-6.6,43,349,11,2,,60.5,30,756,0.7,55,2,2
LEIGHTON LAKE,2021-10-12,ACTUAL,1.5,-4.7,63,180,26,0,,71.8,31,757,2.5,56,8,2
LEIGHTON LAKE,2021-10-13,ACTUAL,5.1,-1.8,61,210,6,0.4,,77.1,31,759,1.2,56,4,2
LEIGHTON LAKE,2021-10-14,ACTUAL,8.3,-1,52,182,16,0,,82.2,32,761,3.3,57,10,2
LEIGHTON LAKE,2021-10-15,ACTUAL,8.8,2.2,63,178,26,0,,83,32,763,5.8,58,16,2
LEIGHTON LAKE,2021-10-16,ACTUAL,11,6,71,169,25,0,,83,33,766,5.8,59,16,2
LEIGHTON LAKE,2021-10-17,ACTUAL,10.4,1.5,54,177,26,0,,84.5,34,769,7.2,61,19,3
LEIGHTON LAKE,2021-10-18,ACTUAL,10.6,1.1,52,179,10,0,,85.2,34,771,3.6,62,12,2
LEIGHTON LAKE,2021-10-19,ACTUAL,10,2.6,60,57,8,0,,85.2,35,774,3.3,63,11,2
LEIGHTON LAKE,2021-10-20,ACTUAL,8.4,4.6,77,188,25,0,,83,35,776,5.6,64,16,2
LEIGHTON LAKE,2021-10-21,ACTUAL,10,0.9,53,176,22,0,,84.6,36,778,6.1,65,18,3
LEIGHTON LAKE,2021-10-22,ACTUAL,9.1,3.1,66,183,15,0,,84.5,37,781,4.3,66,14,2
LEIGHTON LAKE,2021-10-23,ACTUAL,9.4,-1.1,48,178,22,0,,85.6,38,783,7,67,20,3
LEIGHTON LAKE,2021-10-24,ACTUAL,5.2,2.5,83,114,12,0.4,,82.1,38,785,2.6,67,9,2
LEIGHTON LAKE,2021-10-25,ACTUAL,8.8,1.3,59,182,21,4,,61.9,27,759,1.3,50,4,1
LEIGHTON LAKE,2021-10-26,ACTUAL,6.4,-0.8,60,182,26,0,,74.7,28,761,2.7,51,8,2
LEIGHTON LAKE,2021-10-27,ACTUAL,6.8,-2.7,51,204,14,0,,80.8,28,763,2.5,52,7,2
LEIGHTON LAKE,2021-10-28,ACTUAL,1.5,0.6,94,200,5,2.4,,51.1,24,764,0.2,44,0,1
LEIGHTON LAKE,2021-10-29,ACTUAL,2.1,-1.5,77,5,6,3.4,,38.8,18,745,0,33,0,1
LEIGHTON LAKE,2021-10-30,ACTUAL,3.3,-5.1,54,337,4,5,,35.6,11,711,0,21,0,1
LEIGHTON LAKE,2021-10-31,ACTUAL,2,-5.4,58,37,5,2.6,,40.8,9,713,0.1,17,0,1
MAYSON,2021-05-01,ACTUAL,6.1,-3,52,347,11,2.4,,,,,,,,
MAYSON,2021-05-02,ACTUAL,11.6,-6,29,288,9,0,,,,,,,,
MAYSON,2021-05-03,ACTUAL,6.4,-1.5,57,133,7,0,,,,,,,,
MAYSON,2021-05-04,ACTUAL,7.1,-3.5,47,288,12,4.2,,,,,,,,
MAYSON,2021-05-05,ACTUAL,11.5,-2.5,38,107,11,0,,,,,,,,
MAYSON,2021-05-06,ACTUAL,14.1,-0.9,36,104,12,0,,,,,,,,
MAYSON,2021-05-07,ACTUAL,0.9,-0.1,93,313,8,2.6,,,,,,,,
MAYSON,2021-05-08,ACTUAL,2.5,0.2,85,266,14,0.6,,,,,,,,
MAYSON,2021-05-09,ACTUAL,8.6,-3,44,322,9,0,,,,,,,,
MAYSON,2021-05-10,ACTUAL,8.2,0,56,355,11,0.2,,,,,,,,
MAYSON,2021-05-11,ACTUAL,11.9,-2.5,37,18,8,1.6,,,,,,,,
MAYSON,2021-05-12,ACTUAL,6.7,4.3,85,159,11,1.2,,,,,,,,
MAYSON,2021-05-13,ACTUAL,13.3,1.9,46,46,9,0.2,,,,,,,,
MAYSON,2021-05-14,ACTUAL,15,5.2,52,153,10,0,,,,,,,,
MAYSON,2021-05-15,ACTUAL,19.4,0.3,28,277,8,0.2,,,,,,,,
MAYSON,2021-05-16,ACTUAL,20.3,4.2,35,309,7,0,,,,,,,,
MAYSON,2021-05-17,ACTUAL,11.1,5.5,68,329,11,0,,,,,,,,
MAYSON,2021-05-18,ACTUAL,2.3,-0.8,80,221,9,1.6,,,,,,,,
MAYSON,2021-05-19,ACTUAL,4.9,-1.7,62,312,10,0.6,,,,,,,,
MAYSON,2021-05-20,ACTUAL,7.8,-1.7,51,317,13,0.2,,,,,,,,
MAYSON,2021-05-21,ACTUAL,14.2,-9.1,19,355,10,0.2,,,,,,,,
MAYSON,2021-05-22,ACTUAL,17.4,-13.5,11,21,13,0,,,,,,,,
MAYSON,2021-05-23,ACTUAL,16.9,-0.5,31,66,8,0,,,,,,,,
MAYSON,2021-05-24,ACTUAL,13.7,-0.1,39,301,15,0,,,,,,,,
MAYSON,2021-05-25,ACTUAL,10.3,7.2,81,279,5,2.6,,85,6,131,2.7,11,3,1
MAYSON,2021-05-26,ACTUAL,12,1.6,49,156,16,4.2,,65.7,5,129,1.2,9,1,1
MAYSON,2021-05-27,ACTUAL,10.2,5.6,73,188,12,2,,61.3,5,134,0.8,8,0,1
MAYSON,2021-05-28,ACTUAL,9.7,1.1,55,296,13,8.6,,47.8,3,122,0.2,6,0,1
MAYSON,2021-05-29,ACTUAL,12.5,1.8,48,127,10,1,,68.1,5,127,1,9,1,1
MAYSON,2021-05-30,ACTUAL,18.7,-3.5,22,239,9,0,,86.9,9,132,4.3,15,6,2
MAYSON,2021-05-31,ACTUAL,19.1,5.8,42,92,10,0,,88.3,12,138,5.4,20,8,2
MAYSON,2021-06-01,ACTUAL,22,6.1,36,92,14,0,,89.9,16,146,8.4,25,14,2
MAYSON,2021-06-02,ACTUAL,26.6,0.3,18,232,9,0,,94.3,22,154,12.4,32,21,2
MAYSON,2021-06-03,ACTUAL,20.5,4.8,36,232,9,0,,92.4,26,161,9.3,37,18,2
MAYSON,2021-06-04,ACTUAL,14.7,1.1,40,164,9,0,,90.7,28,167,7.5,40,16,2
MAYSON,2021-06-05,ACTUAL,11,1.8,53,254,12,1.2,,81.2,30,172,2.4,41,6,2
MAYSON,2021-06-06,ACTUAL,5,2.8,86,171,10,20.8,,25.6,11,131,0,19,0,1
MAYSON,2021-06-07,ACTUAL,5.1,3.9,92,252,8,3.4,,20.9,8,131,0,14,0,1
MAYSON,2021-06-08,ACTUAL,10.5,1.1,52,96,11,1.2,,50.5,9,136,0.3,16,0,1
MAYSON,2021-06-09,ACTUAL,12.3,0,43,175,15,0.6,,73.9,11,142,1.6,19,2,1
MAYSON,2021-06-10,ACTUAL,7.1,3.4,77,21,4,4.4,,44.1,7,140,0.1,13,0,1
MAYSON,2021-06-11,ACTUAL,11.1,-2.1,40,137,16,0.8,,70,9,145,1.4,16,1,1
MAYSON,2021-06-12,ACTUAL,14.8,0.5,38,168,15,0,,83.7,12,151,3.8,20,6,2
MAYSON,2021-06-13,ACTUAL,15.3,7.4,59,134,12,0,,84.7,14,158,3.7,22,6,2
MAYSON,2021-06-14,ACTUAL,17.4,6.3,48,146,12,0,,86.6,16,164,4.8,26,9,2
MAYSON,2021-06-15,ACTUAL,15.5,-0.8,33,208,8,0.8,,86.9,19,170,4.2,30,9,2
MAYSON,2021-06-16,ACTUAL,14,2.8,47,9,7,0.8,,84.5,21,176,2.8,33,6,2
MAYSON,2021-06-17,ACTUAL,18.3,1.6,33,350,11,0,,89,25,183,6.5,37,14,2
MAYSON,2021-06-18,ACTUAL,19.3,2.9,34,36,9,0,,90,28,190,6.6,41,15,2
MAYSON,2021-06-19,ACTUAL,11.8,7.7,76,303,12,1,,79.7,29,195,2,42,5,2
MAYSON,2021-06-20,ACTUAL,20.2,4.9,37,41,9,0.4,,87.5,33,202,4.8,46,12,2
MAYSON,2021-06-21,ACTUAL,24.3,6,31,120,11,0,,91.1,37,210,8.6,52,20,3
MAYSON,2021-06-22,ACTUAL,23.9,4.2,28,324,11,0,,92.1,42,218,9.7,57,23,3
MAYSON,2021-06-23,MANUAL,22,5.7,35,339,7,0.2,,92,46,225,8.2,61,21,3
MAYSON,2021-06-24,ACTUAL,18.9,8.6,51,300,13,0.2,,89.4,48,232,7.5,64,21,3
MAYSON,2021-06-25,ACTUAL,22.7,9.8,44,298,17,0,,89.4,52,240,9.5,67,25,3
MAYSON,2021-06-26,ACTUAL,29.5,11.5,33,21,8,0,,91.8,57,248,8.3,73,24,3
MAYSON,2021-06-27,ACTUAL,32.8,8.9,23,73,13,0,,94.6,64,258,15.8,79,38,3
MAYSON,2021-06-28,ACTUAL,34.6,9.8,22,119,10,0,,95.3,72,267,15.2,86,39,3
MAYSON,2021-06-29,ACTUAL,37.1,8,17,177,9,0,,96.8,80,277,17.2,93,43,4
MAYSON,2021-06-30,ACTUAL,36.1,9.6,20,172,14,0,,96.8,88,287,22,99,52,5
MAYSON,2021-07-01,ACTUAL,27.6,13.9,43,312,7,0,,92.5,92,296,8.8,103,29,4
MAYSON,2021-07-02,ACTUAL,23,2.9,27,300,12,3,,83.4,73,299,3.1,91,13,2
MAYSON,2021-07-03,ACTUAL,25.7,4.1,25,78,8,0,,91.8,78,307,8.4,95,27,3
MAYSON,2021-07-04,ACTUAL,22.7,7.6,38,301,13,0,,91.6,81,315,10.4,99,32,4
MAYSON,2021-07-05,ACTUAL,21.7,9.9,47,114,3,0,,90.3,84,322,5.3,102,20,3
MAYSON,2021-07-06,ACTUAL,23.6,7.6,36,117,10,0,,90.5,88,330,7.5,106,27,3
MAYSON,2021-07-07,ACTUAL,24.2,5.9,31,141,6,0,,91.4,92,338,7.1,110,26,3
MAYSON,2021-07-08,ACTUAL,23.8,12.5,49,107,8,0.4,,90.1,95,346,6.5,113,25,3
MAYSON,2021-07-09,ACTUAL,24.5,11.1,43,76,11,0,,90.2,98,355,7.7,116,28,4
MAYSON,2021-07-10,MANUAL,25,7.1,32,320,9,0,,91.4,103,363,8.2,120,30,4
MAYSON,2021-07-11,ACTUAL,22.9,5.7,33,297,6,0,,91.4,106,371,7.2,124,28,3
MAYSON,2021-07-12,ACTUAL,26,3.2,23,337,8,0,,93.4,111,379,10.4,128,36,4
MAYSON,2021-07-13,ACTUAL,28.2,2.4,19,38,6,0,,94.8,117,388,11.5,133,39,4
MAYSON,2021-07-14,ACTUAL,25.2,5.3,28,257,5,0,,94.2,121,396,9.9,137,36,4
MAYSON,2021-07-15,ACTUAL,22.6,5.8,34,287,11,0,,92.8,125,404,10.8,141,38,4
MAYSON,2021-07-16,ACTUAL,21.1,8.7,45,349,9,0,,90.7,128,411,7.3,144,29,4
MAYSON,2021-07-17,ACTUAL,19.1,4.4,38,190,11,0,,90.8,131,418,8.1,147,32,4
MAYSON,2021-07-18,ACTUAL,23.3,1.5,24,189,13,0,,92.7,135,426,12,151,41,4
MAYSON,2021-07-19,ACTUAL,25.7,0.3,19,114,11,0,,94.3,140,435,13.7,155,46,4
MAYSON,2021-07-20,ACTUAL,21.7,4.6,33,218,5,0,,93,144,442,8.5,159,33,4
MAYSON,2021-07-21,ACTUAL,18.9,2.6,34,161,8,0,,92.1,147,449,8.7,162,34,4
MAYSON,2021-07-22,ACTUAL,15.1,0.4,37,220,6,0,,91.1,149,456,6.8,164,29,4
MAYSON,2021-07-23,ACTUAL,19.5,2.2,32,163,5,0,,91.1,153,463,6.6,167,28,4
MAYSON,2021-07-24,ACTUAL,21.3,5.5,36,134,9,0,,91.2,156,471,7.8,171,32,4
MAYSON,2021-07-25,ACTUAL,22.5,5.8,34,305,9,0,,91.2,160,478,7.9,174,33,4
MAYSON,2021-07-26,ACTUAL,23.8,2.5,25,183,6,0,,92.6,164,486,8.4,178,34,4
MAYSON,2021-07-27,ACTUAL,23.7,3.5,27,32,10,0,,92.6,168,494,10.3,182,39,4
MAYSON,2021-07-28,ACTUAL,24.1,4.4,28,48,8,0,,92.7,173,502,9.4,186,37,4
MAYSON,2021-07-29,ACTUAL,24.9,8.3,35,345,8,0,,92.5,177,510,9,189,36,4
MAYSON,2021-07-30,ACTUAL,28.4,7.5,27,109,12,0,,93.1,182,519,12.3,194,44,4
MAYSON,2021-07-31,ACTUAL,30.7,7.8,24,351,7,0,,94.1,187,529,10.9,199,41,4
MAYSON,2021-08-01,ACTUAL,17.2,11.8,70,247,6,0.2,,87.3,188,535,3.9,200,21,4
MAYSON,2021-08-02,ACTUAL,21.8,16.4,71,80,7,4.8,,61,90,522,0.6,126,4,2
MAYSON,2021-08-03,ACTUAL,28.9,1.4,17,256,10,0,,91.6,95,530,8.8,132,32,4
MAYSON,2021-08-04,ACTUAL,28,2.2,19,82,10,0,,94.6,100,538,13.5,137,43,4
MAYSON,2021-08-05,ACTUAL,27.8,1.3,18,260,9,0,,95.1,105,546,13.9,142,45,4
MAYSON,2021-08-06,ACTUAL,18.1,7.2,49,131,5,0,,90.7,107,552,6.1,144,26,4
MAYSON,2021-08-07,ACTUAL,15.2,9.4,68,108,7,0.4,,86.6,108,558,3.8,146,19,4
MAYSON,2021-08-08,ACTUAL,12.9,7.4,69,292,13,0,,85.1,109,563,4,147,19,4
MAYSON,2021-08-09,ACTUAL,21.8,7.5,40,319,10,0,,88.6,112,570,5.8,150,25,4
MAYSON,2021-08-10,ACTUAL,18.6,8,50,287,16,0,,88.7,114,577,8.1,153,32,4
MAYSON,2021-08-11,ACTUAL,23.5,4.3,29,323,15,0,,91.5,118,584,11.5,156,41,4
MAYSON,2021-08-12,ACTUAL,23.8,5.1,30,310,10,0,,91.7,121,591,9.2,160,35,4
MAYSON,2021-08-13,ACTUAL,29.4,6.1,23,91,8,0,,94,126,599,11.4,165,41,4
MAYSON,2021-08-14,ACTUAL,28.2,5.1,23,79,6,0,,94,131,607,10,170,38,4
MAYSON,2021-08-15,ACTUAL,22.9,3.3,28,283,13,0,,93.6,134,615,14,174,47,5
MAYSON,2021-08-16,ACTUAL,17,5.3,46,313,8,0.6,,89.7,136,621,6.1,176,27,4
MAYSON,2021-08-17,ACTUAL,13.5,6.2,61,355,13,13.8,,50.7,62,541,0.3,96,1,2
MAYSON,2021-08-18,ACTUAL,21.5,2.1,28,323,10,0,,82.7,65,548,2.6,101,12,3
MAYSON,2021-08-19,ACTUAL,16.9,8.9,59,297,12,0,,84.6,67,554,3.6,103,15,3
MAYSON,2021-08-20,ACTUAL,17.8,5.7,45,148,4,0,,86.9,69,560,3.4,105,15,3
MAYSON,2021-08-21,ACTUAL,18.1,7.5,50,58,8,0,,87,71,567,4.1,108,17,3
MAYSON,2021-08-22,ACTUAL,7.3,5.7,90,281,8,14.2,,26.5,34,494,0,57,0,2
MAYSON,2021-08-23,ACTUAL,7.4,6.2,92,327,10,17.6,,12,13,417,0,24,0,1
MAYSON,2021-08-24,ACTUAL,13.2,5.2,58,139,6,0,,43.2,14,422,0.1,26,0,1
MAYSON,2021-08-25,ACTUAL,18.5,2.6,35,224,11,0,,76.7,17,428,1.5,31,3,1
MAYSON,2021-08-26,ACTUAL,14.1,5,54,161,9,0,,82.5,18,434,2.4,33,5,2
MAYSON,2021-08-27,ACTUAL,12.5,7.6,72,313,8,1.2,,75.2,19,439,1.2,35,2,1
MAYSON,2021-08-28,ACTUAL,18.2,4.7,41,164,14,0,,85.6,21,445,4.7,38,11,2
MAYSON,2021-08-29,ACTUAL,18,7.7,51,47,6,0,,86.5,23,452,3.4,41,9,2
MAYSON,2021-08-30,ACTUAL,15.1,5,51,311,8,0,,86.5,25,457,3.9,44,10,2
MAYSON,2021-08-31,ACTUAL,6.5,4.8,89,290,11,3.2,,51.2,19,453,0.3,34,0,1
MAYSON,2021-09-01,ACTUAL,11.4,4.4,62,323,11,1.2,,64.4,20,457,0.9,36,2,1
MAYSON,2021-09-02,ACTUAL,15.4,3.1,44,273,6,0.8,,77.3,22,461,1.2,39,3,1
MAYSON,2021-09-03,ACTUAL,18.6,1.5,32,152,14,0,,87.7,24,466,6.1,42,14,2
MAYSON,2021-09-04,ACTUAL,13.6,6,60,170,8,0,,86.7,25,470,3.9,44,10,2
MAYSON,2021-09-05,ACTUAL,16.5,7.5,55,255,8,9,,55.8,14,437,0.4,26,0,1
MAYSON,2021-09-06,ACTUAL,15.2,5.4,52,47,9,0,,74.9,15,442,1.2,28,2,1
MAYSON,2021-09-07,ACTUAL,21.2,6.6,39,80,13,0,,86.6,18,447,5,33,10,2
MAYSON,2021-09-08,ACTUAL,16.6,9.6,63,120,8,0,,86.3,19,452,3.8,35,8,2
MAYSON,2021-09-09,ACTUAL,13.2,11.9,92,79,3,0.4,,80.6,19,456,1.4,35,3,1
MAYSON,2021-09-10,ACTUAL,18.1,8.7,54,147,8,0.2,,84.7,21,461,3.1,37,7,2
MAYSON,2021-09-11,ACTUAL,16.9,6.1,49,14,8,0,,86.4,22,466,3.8,40,9,2
MAYSON,2021-09-12,ACTUAL,10.9,7.1,77,298,9,1.6,,71.3,22,470,1,39,2,1
MAYSON,2021-09-13,ACTUAL,15.1,3.5,46,144,8,0,,82,24,474,2.2,42,6,2
MAYSON,2021-09-14,ACTUAL,8.2,6.8,91,178,8,1.6,,64.1,23,477,0.8,40,1,1
MAYSON,2021-09-15,ACTUAL,5.6,-0.8,63,291,12,5.8,,45.4,14,457,0.2,26,0,1
MAYSON,2021-09-16,ACTUAL,10.5,-2.3,41,71,6,0,,68.3,15,461,0.8,28,1,1
MAYSON,2021-09-17,ACTUAL,1.6,1.6,100,111,6,7.8,,18.3,8,432,0,15,0,1
MAYSON,2021-09-18,ACTUAL,8.7,2.5,65,170,14,8,,34.3,4,405,0,9,0,1
MAYSON,2021-09-19,ACTUAL,10.7,1.5,53,317,5,0,,58.4,5,409,0.5,10,0,1
MAYSON,2021-09-20,ACTUAL,9.9,4.3,68,159,9,8.2,,40.5,3,383,0.1,6,0,1
MAYSON,2021-09-21,ACTUAL,9.3,5.1,75,77,9,0.2,,56.8,3,386,0.5,7,0,1
MAYSON,2021-09-22,ACTUAL,12.1,9.1,82,327,7,1.4,,57.6,4,390,0.5,7,0,1
MAYSON,2021-09-23,ACTUAL,13.8,3.3,49,119,7,0,,75.2,5,395,1.1,10,1,1
MAYSON,2021-09-24,ACTUAL,15.5,4.5,48,77,7,0,,83.1,7,399,2.4,13,3,1
MAYSON,2021-09-25,ACTUAL,18,7.7,51,98,7,0,,85.8,8,404,3.3,16,5,1
MAYSON,2021-09-26,ACTUAL,11.2,7.4,77,118,6,1.2,,74.9,9,408,1,17,1,1
MAYSON,2021-09-27,ACTUAL,13.3,0.9,43,195,17,2.6,,72.2,8,412,1.6,15,2,1
MAYSON,2021-09-28,ACTUAL,9.3,1.5,58,195,7,0.2,,78.7,9,415,1.4,16,2,1
MAYSON,2021-09-29,ACTUAL,4.4,2.1,85,153,14,1.2,,69.3,9,418,1.2,17,1,1
MAYSON,2021-09-30,ACTUAL,9.5,3.1,64,190,10,0.2,,76.9,9,421,1.4,18,2,1
MAYSON,2021-10-01,ACTUAL,9.8,1.7,57,137,13,0.2,,81.6,10,424,2.6,19,4,1
MAYSON,2021-10-02,ACTUAL,7.1,1,65,149,9,0,,82.2,11,426,2.3,20,4,1
MAYSON,2021-10-03,ACTUAL,13.4,-2.7,33,200,10,0,,87.3,12,429,4.8,23,8,2
MAYSON,2021-10-04,ACTUAL,9.4,0.8,55,133,7,0,,86.8,13,431,3.8,24,7,2
MAYSON,2021-10-05,ACTUAL,10,4.4,68,155,13,0,,85,13,434,4.1,25,8,2
MAYSON,2021-10-06,ACTUAL,5.8,-3.6,51,235,8,0,,85.1,14,435,3.1,26,6,2
MAYSON,2021-10-07,ACTUAL,3.5,-0.7,74,90,7,0,,83.4,14,437,2.4,26,5,1
MAYSON,2021-10-08,ACTUAL,8.7,-4.3,40,136,11,0,,85.9,15,439,4.1,27,8,2
MAYSON,2021-10-09,ACTUAL,6.7,-1,58,142,10,0,,85.6,15,441,3.8,28,8,2
MAYSON,2021-10-10,ACTUAL,3.2,-1.1,73,308,12,5,,48.2,10,425,0.2,18,0,1
MAYSON,2021-10-11,ACTUAL,2.4,-3.1,67,290,10,0,,61.4,10,427,0.7,18,1,1
MAYSON,2021-10-12,ACTUAL,0.6,-5.8,62,157,15,0.2,,71,10,427,1.4,19,2,1
MAYSON,2021-10-13,ACTUAL,4.4,-1.1,67,306,7,6.4,,41.1,5,406,0.1,11,0,1
MAYSON,2021-10-14,ACTUAL,4.4,0,73,84,10,0.2,,55.7,6,408,0.5,11,0,1
MAYSON,2021-10-15,ACTUAL,3.1,2.5,96,112,4,1.4,,46.4,6,409,0.1,11,0,1
MAYSON,2021-10-16,ACTUAL,7.9,4.5,79,166,12,0.2,,59.7,6,411,0.7,12,0,1
MAYSON,2021-10-17,ACTUAL,9.5,0.4,53,169,9,0,,73.8,7,414,1.1,13,1,1
MAYSON,2021-10-18,ACTUAL,6.6,2.9,77,15,6,0,,76.4,7,416,1.1,13,1,1
MAYSON,2021-10-19,ACTUAL,12.6,-0.1,42,123,12,0.2,,84,8,418,3.4,16,5,1
MAYSON,2021-10-20,ACTUAL,6.2,4.8,91,169,13,3.6,,46.6,5,411,0.2,10,0,1
MAYSON,2021-10-21,ACTUAL,6.4,2.3,75,127,10,0,,59.9,5,413,0.7,11,0,1
MAYSON,2021-10-22,ACTUAL,7.7,4.5,80,143,5,1.6,,55.6,5,415,0.4,10,0,1
MAYSON,2021-10-23,ACTUAL,6,0,65,145,10,0,,68.2,5,417,1,11,1,1
MAYSON,2021-10-24,ACTUAL,5.3,-0.1,68,112,15,0.6,,74.1,6,418,1.6,11,1,1
MAYSON,2021-10-25,ACTUAL,3.9,1.8,86,152,14,9.8,,31,3,383,0,5,0,1
MAYSON,2021-10-26,ACTUAL,5.1,-0.5,67,154,12,0,,51.2,3,384,0.3,6,0,1
MAYSON,2021-10-27,ACTUAL,5.5,-1.4,61,175,9,0.4,,65.6,3,386,0.8,6,0,1
MAYSON,2021-10-28,ACTUAL,0.8,0.4,97,72,5,0,,66.1,3,387,0.7,6,0,1
MAYSON,2021-10-29,ACTUAL,1.1,-3.2,73,291,13,3,,50.4,2,382,0.3,3,0,1
MAYSON,2021-10-30,ACTUAL,2.7,-7,49,34,4,3.4,,45.9,1,375,0.1,1,0,1
MAYSON,2021-10-31,ACTUAL,3,-10.4,37,101,7,2.2,,54.3,0,376,0.4,1,0,1
MCLEAN LAKE,2021-05-01,ACTUAL,6,1,70,252,15,0,,83.6,36,410,3.7,59,11,2
MCLEAN LAKE,2021-05-02,ACTUAL,10.7,-5.9,31,243,7,0.4,,87.4,38,415,4.3,62,13,2
MCLEAN LAKE,2021-05-03,ACTUAL,9.7,-0.5,49,136,11,0,,87.4,40,419,5.2,64,16,2
MCLEAN LAKE,2021-05-04,ACTUAL,9.1,-1.7,47,267,7,0,,87.5,41,423,4.2,66,14,2
MCLEAN LAKE,2021-05-05,ACTUAL,12.5,-0.2,42,88,8,0,,87.6,43,427,4.5,69,15,2
MCLEAN LAKE,2021-05-06,ACTUAL,13,1.9,47,87,9,0,,87.6,45,432,4.8,72,16,2
MCLEAN LAKE,2021-05-07,ACTUAL,5.9,0.7,69,114,7,0.8,,81.1,46,436,1.9,72,7,2
MCLEAN LAKE,2021-05-08,ACTUAL,8.3,-6,36,77,8,0.6,,84.5,47,440,3,74,11,2
MCLEAN LAKE,2021-05-09,ACTUAL,12.9,-2.7,34,75,9,0,,87.7,50,444,4.8,78,17,2
MCLEAN LAKE,2021-05-10,ACTUAL,11.4,1.3,50,116,8,1,,82.2,51,449,2.2,80,9,2
MCLEAN LAKE,2021-05-11,ACTUAL,14.4,-3.5,29,125,7,0,,88,54,454,4.7,84,17,2
MCLEAN LAKE,2021-05-12,ACTUAL,7.4,5.4,87,79,7,0.8,,79.8,55,458,1.6,84,7,2
MCLEAN LAKE,2021-05-13,ACTUAL,16.4,2.7,40,99,10,0,,86.2,57,463,4,87,15,2
MCLEAN LAKE,2021-05-14,ACTUAL,20.2,3.3,33,74,14,0,,89.8,61,469,8.3,92,27,3
MCLEAN LAKE,2021-05-15,ACTUAL,19.8,2.9,33,69,10,1.8,,83.6,60,475,2.9,91,12,3
MCLEAN LAKE,2021-05-16,ACTUAL,22,4.9,33,107,10,0,,89.6,64,481,6.8,96,24,3
MCLEAN LAKE,2021-05-17,ACTUAL,11,5.4,68,232,11,4,,59.4,46,472,0.7,74,3,2
MCLEAN LAKE,2021-05-18,ACTUAL,8.1,-9.4,28,271,23,0,,79.8,48,476,3.6,77,13,2
MCLEAN LAKE,2021-05-19,ACTUAL,5.9,2.4,78,33,6,1.6,,66.1,47,480,0.7,75,3,2
MCLEAN LAKE,2021-05-20,ACTUAL,11.5,-1.1,42,259,14,0.2,,80.2,49,484,2.3,78,9,2
MCLEAN LAKE,2021-05-21,ACTUAL,14.9,-7.3,21,242,9,0,,89.1,52,489,6,82,20,3
MCLEAN LAKE,2021-05-22,ACTUAL,19.6,-6.2,17,7,8,0,,93.1,56,495,9.7,88,29,3
MCLEAN LAKE,2021-05-23,ACTUAL,19.9,1.7,30,72,8,0,,92.8,60,501,9.7,93,30,4
MCLEAN LAKE,2021-05-24,ACTUAL,14.8,0.9,39,252,17,0,,90.8,63,506,11.3,96,33,4
MCLEAN LAKE,2021-05-25,ACTUAL,16.4,7.4,55,74,11,2,,76.9,58,512,1.5,91,7,2
MCLEAN LAKE,2021-05-26,ACTUAL,13.7,0.9,42,156,15,0.4,,84.7,61,517,4.2,94,17,3
MCLEAN LAKE,2021-05-27,ACTUAL,7.9,1.6,64,200,18,0.8,,80.9,61,520,3.1,95,13,3
MCLEAN LAKE,2021-05-28,ACTUAL,11.9,-1.7,39,54,6,0,,85.4,64,525,3,98,13,3
MCLEAN LAKE,2021-05-29,ACTUAL,17.3,1.2,34,91,10,0,,88.8,67,530,6,102,22,3
MCLEAN LAKE,2021-05-30,ACTUAL,13.7,1.6,44,291,7,0,,88.9,69,535,5.3,104,21,3
MCLEAN LAKE,2021-05-31,ACTUAL,21.6,5.8,36,72,12,0,,90,73,542,7.8,109,28,3
MCLEAN LAKE,2021-06-01,ACTUAL,24.8,8.2,35,86,9,0,,90.8,77,549,7.4,114,27,3
MCLEAN LAKE,2021-06-02,ACTUAL,26.3,2.9,22,138,9,0,,93.6,83,558,11.2,121,37,4
MCLEAN LAKE,2021-06-03,ACTUAL,22.1,5.4,34,136,8,0,,92.6,87,565,9.4,125,33,4
MCLEAN LAKE,2021-06-04,ACTUAL,17.9,-2,26,200,16,0,,92.6,91,572,13.7,130,43,4
MCLEAN LAKE,2021-06-05,ACTUAL,9.6,2.7,62,197,10,1.2,,80.1,92,577,1.9,131,10,3
MCLEAN LAKE,2021-06-06,ACTUAL,12.8,-0.9,39,94,9,0.4,,85.6,94,582,3.5,134,17,3
MCLEAN LAKE,2021-06-07,ACTUAL,10.3,1.4,54,83,7,0,,85.6,95,588,3.2,136,16,3
MCLEAN LAKE,2021-06-08,ACTUAL,14,0.9,41,86,9,0.8,,85.1,98,594,3.4,138,17,3
MCLEAN LAKE,2021-06-09,ACTUAL,12.3,-0.3,42,209,11,0,,86.8,100,599,4.8,141,22,3
MCLEAN LAKE,2021-06-10,ACTUAL,12.6,-1.1,39,159,9,0.6,,86.9,102,605,4.3,143,20,4
MCLEAN LAKE,2021-06-11,ACTUAL,14.5,-0.5,36,81,12,0,,88.5,104,611,6.2,146,27,4
MCLEAN LAKE,2021-06-12,ACTUAL,18.1,0.6,31,105,8,0,,90.1,108,618,6.6,150,28,4
MCLEAN LAKE,2021-06-13,ACTUAL,19.8,6.1,41,112,14,0,,90.2,111,625,8.8,154,34,4
MCLEAN LAKE,2021-06-14,ACTUAL,22.1,5,33,85,10,0,,90.8,115,632,8,158,32,4
MCLEAN LAKE,2021-06-15,ACTUAL,9.4,4.5,71,253,30,3,,66.8,83,626,2.5,125,13,3
MCLEAN LAKE,2021-06-16,ACTUAL,17.3,1.2,34,187,14,1.8,,78.2,79,632,1.9,121,10,3
MCLEAN LAKE,2021-06-17,ACTUAL,20.1,2.3,31,82,11,0,,88.3,83,639,5.7,125,24,3
MCLEAN LAKE,2021-06-18,ACTUAL,21.4,3,30,88,8,0,,90.8,87,646,7.2,130,28,4
MCLEAN LAKE,2021-06-19,ACTUAL,17.1,6.3,49,241,9,0,,89.3,90,653,6.1,133,25,3
MCLEAN LAKE,2021-06-20,ACTUAL,21.4,4.8,34,130,9,0.6,,89.8,94,660,6.5,138,27,3
MCLEAN LAKE,2021-06-21,ACTUAL,25.8,6.8,30,101,8,0,,91.8,99,668,8.3,144,32,4
MCLEAN LAKE,2021-06-22,ACTUAL,27.8,6.5,26,72,12,0,,93.2,104,677,12.5,150,43,4
MCLEAN LAKE,2021-06-23,ACTUAL,25.5,5.6,28,213,4,0,,93.2,109,684,8.2,156,33,4
MCLEAN LAKE,2021-06-24,ACTUAL,20.1,11.4,57,255,12,0,,88.9,112,692,6.6,159,28,4
MCLEAN LAKE,2021-06-25,ACTUAL,26.3,10.4,37,256,13,0,,90.6,116,700,9,164,35,4
MCLEAN LAKE,2021-06-26,ACTUAL,31.6,10.8,28,97,9,0,,93.3,122,709,10.8,171,40,4
MCLEAN LAKE,2021-06-27,ACTUAL,34.3,8.8,21,81,10,0,,95.4,130,718,14.7,179,49,5
MCLEAN LAKE,2021-06-28,ACTUAL,35.9,8.7,19,115,8,0,,96.2,138,728,15.5,187,51,5
MCLEAN LAKE,2021-06-29,ACTUAL,37.7,8.5,17,80,9,0,,96.9,146,738,17.2,195,55,5
MCLEAN LAKE,2021-06-30,ACTUAL,36.8,10.2,20,94,8,0,,96.9,154,748,16.9,203,54,5
MCLEAN LAKE,2021-07-01,ACTUAL,29.6,12,34,75,9,0,,94.1,159,757,12.2,208,44,4
MCLEAN LAKE,2021-07-02,ACTUAL,27,6.3,27,84,5,0,,94.2,164,766,10.1,213,39,4
MCLEAN LAKE,2021-07-03,ACTUAL,28.1,5,23,47,11,0,,94.2,169,775,13.5,219,48,5
MCLEAN LAKE,2021-07-04,ACTUAL,24,10.3,42,291,13,0.6,,91.1,172,783,9.7,222,39,4
MCLEAN LAKE,2021-07-05,ACTUAL,25,8.4,35,94,8,0,,91.2,176,791,7.5,226,33,4
MCLEAN LAKE,2021-07-06,ACTUAL,26.7,6.6,28,94,9,0,,92.5,181,800,9.6,231,38,4
MCLEAN LAKE,2021-07-07,ACTUAL,25.6,9.3,36,203,8,0,,92.4,185,808,9.2,235,38,4
MCLEAN LAKE,2021-07-08,ACTUAL,24.9,11.8,44,78,8,0.4,,91.2,188,816,7.6,239,33,4
MCLEAN LAKE,2021-07-09,ACTUAL,25.2,12.1,44,79,9,2.2,,82.3,127,824,2.3,184,13,3
MCLEAN LAKE,2021-07-10,ACTUAL,27.6,1.9,19,238,10,0,,93.5,133,833,11.8,190,43,4
MCLEAN LAKE,2021-07-11,ACTUAL,25.7,5.7,28,57,11,0,,93.5,137,841,12.3,195,44,4
MCLEAN LAKE,2021-07-12,ACTUAL,27.3,4.3,23,277,10,0,,93.8,142,850,12,201,44,4
MCLEAN LAKE,2021-07-13,ACTUAL,30,4.6,20,98,9,0,,94.9,148,859,13.3,207,47,4
MCLEAN LAKE,2021-07-14,ACTUAL,27.6,6.8,27,73,11,0,,94.6,153,868,14.1,213,49,5
MCLEAN LAKE,2021-07-15,ACTUAL,25.8,7.3,31,83,9,0,,93.7,158,876,11.4,217,43,4
MCLEAN LAKE,2021-07-16,ACTUAL,23.9,7,34,143,10,0,,92.8,161,884,10.6,222,41,4
MCLEAN LAKE,2021-07-17,ACTUAL,20.2,3.3,33,170,10,0,,92.3,165,891,9.9,225,39,4
MCLEAN LAKE,2021-07-18,ACTUAL,24,2.7,25,85,12,0,,92.8,169,899,11.5,230,43,4
MCLEAN LAKE,2021-07-19,ACTUAL,25.5,2.8,23,75,10,0,,93.5,174,908,11.9,235,44,4
MCLEAN LAKE,2021-07-20,ACTUAL,24,2.1,24,162,11,0,,93.5,178,916,12.1,240,45,4
MCLEAN LAKE,2021-07-21,ACTUAL,20,0.3,27,182,10,0,,93.3,182,923,11.3,244,43,4
MCLEAN LAKE,2021-07-22,ACTUAL,18.7,-0.3,28,60,9,0,,93,185,930,10.4,248,41,4
MCLEAN LAKE,2021-07-23,ACTUAL,22.5,3.5,29,247,12,0,,93,189,938,12.1,252,45,4
MCLEAN LAKE,2021-07-24,ACTUAL,23.6,5.4,31,80,11,0,,93,193,946,11.2,256,43,4
MCLEAN LAKE,2021-07-25,ACTUAL,25.2,6.8,31,78,10,0,,93.1,198,954,10.9,260,42,4
MCLEAN LAKE,2021-07-26,ACTUAL,23.9,7,34,77,9,0,,92.6,202,962,9.7,265,39,4
MCLEAN LAKE,2021-07-27,ACTUAL,24.9,4.5,27,73,10,0,,92.7,206,970,10.4,269,41,4
MCLEAN LAKE,2021-07-28,ACTUAL,26,4.9,26,87,8,0,,93,211,979,9.8,274,39,4
MCLEAN LAKE,2021-07-29,ACTUAL,27.9,6,25,34,9,0,,93.5,216,987,11.2,279,43,4
MCLEAN LAKE,2021-07-30,ACTUAL,27.6,6.3,26,97,9,0,,93.5,221,996,11,284,42,4
MCLEAN LAKE,2021-07-31,ACTUAL,21.8,5.6,35,255,4,0,,92.5,224,1004,7.4,288,33,4
MCLEAN LAKE,2021-08-01,ACTUAL,15.9,15.6,98,267,16,6,,33.1,87,928,0,141,0,2
MCLEAN LAKE,2021-08-02,ACTUAL,19.5,17.5,88,87,7,1.4,,43.2,88,935,0.1,142,0,2
MCLEAN LAKE,2021-08-03,ACTUAL,26.6,11.1,38,81,9,0,,81.5,91,943,2.2,147,12,3
MCLEAN LAKE,2021-08-04,ACTUAL,27.9,1.4,18,96,8,0,,93.5,96,951,10.6,154,38,4
MCLEAN LAKE,2021-08-05,ACTUAL,29.8,3.7,19,90,12,0,,95.1,101,959,15.6,161,50,5
MCLEAN LAKE,2021-08-06,ACTUAL,20.7,7.3,42,118,4,0,,91.9,104,966,6.9,164,29,4
MCLEAN LAKE,2021-08-07,ACTUAL,18.9,8.9,52,103,8,0.6,,88.6,106,972,5.2,167,24,4
MCLEAN LAKE,2021-08-08,ACTUAL,11.5,9.7,89,249,9,11.8,,31.6,53,821,0,91,0,2
MCLEAN LAKE,2021-08-09,ACTUAL,23,10.1,44,96,8,0,,71.9,55,829,1,95,5,2
MCLEAN LAKE,2021-08-10,ACTUAL,19,11.4,61,70,5,0,,80.4,57,835,1.6,97,7,3
MCLEAN LAKE,2021-08-11,ACTUAL,28.5,10.1,32,252,9,0,,90.7,61,843,7.6,104,27,3
MCLEAN LAKE,2021-08-12,ACTUAL,25.4,5.5,28,254,13,0,,92.3,65,851,11.3,109,36,4
MCLEAN LAKE,2021-08-13,ACTUAL,27,6.9,28,75,9,0,,92.7,69,859,9.8,115,33,4
MCLEAN LAKE,2021-08-14,ACTUAL,29.9,7.7,25,69,7,0,,93.8,74,867,10.6,122,36,4
MCLEAN LAKE,2021-08-15,ACTUAL,26.7,6.1,27,145,5,0,,93.8,78,875,9.4,128,34,4
MCLEAN LAKE,2021-08-16,ACTUAL,16.9,3.5,41,254,14,0,,91.1,80,881,10,131,35,4
MCLEAN LAKE,2021-08-17,ACTUAL,18.3,5.1,42,250,10,13,,61.9,42,746,0.8,73,3,2
MCLEAN LAKE,2021-08-18,ACTUAL,20.2,8.5,47,85,6,0,,80.1,44,752,1.6,77,6,2
MCLEAN LAKE,2021-08-19,ACTUAL,16,10.6,70,239,12,0,,82.1,45,758,2.7,79,10,2
MCLEAN LAKE,2021-08-20,ACTUAL,18.1,8.4,53,71,7,0.2,,85.2,47,765,3.1,82,12,2
MCLEAN LAKE,2021-08-21,ACTUAL,21.5,9.7,47,104,8,0,,87.5,50,771,4.5,85,16,2
MCLEAN LAKE,2021-08-22,ACTUAL,9.2,7.9,92,72,5,16.4,,23.2,22,636,0,40,0,1
MCLEAN LAKE,2021-08-23,ACTUAL,9,6.3,83,248,6,2.8,,28.7,18,631,0,33,0,1
MCLEAN LAKE,2021-08-24,ACTUAL,15.3,5.2,51,71,9,0,,61.9,19,637,0.7,36,1,1
MCLEAN LAKE,2021-08-25,ACTUAL,16.6,6.7,52,77,10,0,,78.3,21,643,1.6,39,4,1
MCLEAN LAKE,2021-08-26,ACTUAL,16.6,5.2,47,172,11,0,,84.8,23,649,3.7,42,9,2
MCLEAN LAKE,2021-08-27,ACTUAL,14.2,5.9,57,329,5,0.4,,85.1,24,654,2.7,44,7,2
MCLEAN LAKE,2021-08-28,ACTUAL,17,8.2,56,73,10,0,,85.7,26,660,3.9,47,10,2
MCLEAN LAKE,2021-08-29,ACTUAL,20,7.7,45,78,9,0,,87.7,28,667,4.8,51,13,2
MCLEAN LAKE,2021-08-30,ACTUAL,16.2,6.1,51,134,6,0,,87.7,30,673,4.2,54,12,2
MCLEAN LAKE,2021-08-31,ACTUAL,9.2,4.8,74,247,8,5.2,,49.8,19,647,0.2,36,0,1
MCLEAN LAKE,2021-09-01,ACTUAL,14.9,4,48,250,11,0.4,,73.6,21,651,1.2,39,3,1
MCLEAN LAKE,2021-09-02,ACTUAL,17.1,1,34,257,11,0,,85.8,23,656,4.2,42,10,2
MCLEAN LAKE,2021-09-03,ACTUAL,16.3,3.6,43,86,8,0,,87.4,25,660,4.4,45,11,2
MCLEAN LAKE,2021-09-04,ACTUAL,12,3.3,55,82,8,0,,87,26,664,4.1,47,11,2
MCLEAN LAKE,2021-09-05,ACTUAL,17.9,7.9,52,230,6,0,,87.1,27,669,3.7,50,10,2
MCLEAN LAKE,2021-09-06,ACTUAL,18.7,4.4,39,102,7,0,,88.6,30,674,5.1,53,14,2
MCLEAN LAKE,2021-09-07,ACTUAL,20,5.5,39,82,10,0,,89.2,32,680,6.3,57,17,2
MCLEAN LAKE,2021-09-08,ACTUAL,17.5,10.2,62,169,11,1.6,,78.2,32,684,1.7,57,6,2
MCLEAN LAKE,2021-09-09,ACTUAL,14,8.9,71,93,8,0,,80.7,33,689,1.8,58,6,2
MCLEAN LAKE,2021-09-10,ACTUAL,15.6,9.6,67,78,6,0,,82.5,34,693,2.1,60,7,2
MCLEAN LAKE,2021-09-11,ACTUAL,19.7,8.1,47,83,9,0,,86.6,36,698,4.2,63,13,2
MCLEAN LAKE,2021-09-12,ACTUAL,15.4,6.7,56,274,10,0,,86.6,37,703,4.5,65,14,2
MCLEAN LAKE,2021-09-13,ACTUAL,15.9,5.5,50,50,7,0.2,,86.7,38,707,3.9,68,13,2
MCLEAN LAKE,2021-09-14,ACTUAL,9.7,7.1,84,81,9,1,,76.7,39,711,1.3,68,5,2
MCLEAN LAKE,2021-09-15,ACTUAL,7.9,2.2,67,64,9,0.2,,79.7,39,714,1.8,69,7,2
MCLEAN LAKE,2021-09-16,ACTUAL,12.4,-1.3,39,101,9,0.4,,85.3,41,718,3.4,71,12,2
MCLEAN LAKE,2021-09-17,ACTUAL,6.4,3.9,84,95,8,0,,82,41,721,2.1,72,8,2
MCLEAN LAKE,2021-09-18,ACTUAL,12.8,1.7,47,196,20,2.8,,72.4,34,712,1.9,61,7,2
MCLEAN LAKE,2021-09-19,ACTUAL,12.5,5.2,61,88,10,0.6,,78.7,35,716,1.6,63,6,2
MCLEAN LAKE,2021-09-20,ACTUAL,15.1,4.1,48,103,9,0,,84.3,37,721,3.1,65,10,2
MCLEAN LAKE,2021-09-21,ACTUAL,8,3.9,75,91,8,0,,83.2,37,724,2.5,66,9,2
MCLEAN LAKE,2021-09-22,ACTUAL,16.9,7.3,53,74,8,0,,85.4,39,729,3.3,68,11,2
MCLEAN LAKE,2021-09-23,ACTUAL,15.5,6,53,76,9,0,,85.9,40,733,3.8,71,13,2
MCLEAN LAKE,2021-09-24,ACTUAL,13.2,3.6,52,73,6,0,,86,41,737,3.3,73,12,2
MCLEAN LAKE,2021-09-25,ACTUAL,14.5,6.6,59,66,6,0,,86,42,742,3.3,74,12,2
MCLEAN LAKE,2021-09-26,ACTUAL,15.1,2.5,43,193,15,0,,87.4,44,746,6.2,77,20,3
MCLEAN LAKE,2021-09-27,ACTUAL,14.1,2.9,47,168,12,4.6,,65.6,31,719,1,57,3,2
MCLEAN LAKE,2021-09-28,ACTUAL,7.7,4.1,78,166,8,0.2,,71.5,32,722,1,57,3,2
MCLEAN LAKE,2021-09-29,ACTUAL,8.8,1,58,100,12,1.2,,73,32,725,1.3,58,4,2
MCLEAN LAKE,2021-09-30,ACTUAL,10.3,0.6,51,174,12,0,,80.8,33,729,2.2,60,7,2
MCLEAN LAKE,2021-10-01,ACTUAL,10.8,2.7,57,80,10,0,,83.2,34,732,2.8,61,9,2
MCLEAN LAKE,2021-10-02,ACTUAL,12.3,0,43,151,13,0,,86.1,35,735,4.7,63,14,2
MCLEAN LAKE,2021-10-03,ACTUAL,14.3,-0.3,37,193,12,0,,88.1,37,738,6,65,18,3
MCLEAN LAKE,2021-10-04,ACTUAL,8.5,-1.1,51,43,3,0,,87.5,38,740,3.5,67,12,2
MCLEAN LAKE,2021-10-05,ACTUAL,9.1,0.3,54,45,6,0,,86.9,38,742,3.7,68,12,2
MCLEAN LAKE,2021-10-06,ACTUAL,6.4,-2.2,54,60,8,0,,86.4,39,744,3.8,69,13,2
MCLEAN LAKE,2021-10-07,ACTUAL,8.4,-2,48,109,8,0.2,,86.5,40,747,3.8,70,13,2
MCLEAN LAKE,2021-10-08,ACTUAL,7.2,-3.4,47,98,6,0,,86.5,40,749,3.6,71,12,2
MCLEAN LAKE,2021-10-09,ACTUAL,6.5,-1.4,57,84,7,0,,86,41,750,3.4,72,12,2
MCLEAN LAKE,2021-10-10,ACTUAL,2.5,-1.8,73,223,5,1.6,,69,39,752,0.8,69,3,2
MCLEAN LAKE,2021-10-11,ACTUAL,7.2,-2.6,50,84,6,0.2,,77.6,40,754,1.2,70,5,2
MCLEAN LAKE,2021-10-12,ACTUAL,1.1,-3.5,71,94,8,0,,78.9,40,754,1.5,71,6,2
MCLEAN LAKE,2021-10-13,ACTUAL,4.5,-0.7,69,80,6,0,,80.1,40,756,1.6,71,6,2
MCLEAN LAKE,2021-10-14,ACTUAL,5.9,-1,61,93,8,0,,81.7,41,758,2,72,8,2
MCLEAN LAKE,2021-10-15,ACTUAL,10,2.2,58,89,9,0,,83.3,41,760,2.7,73,10,2
MCLEAN LAKE,2021-10-16,ACTUAL,11.9,4.9,62,88,9,0,,83.8,42,763,2.8,74,10,2
MCLEAN LAKE,2021-10-17,ACTUAL,12.8,2,48,102,10,0,,85.7,43,766,3.8,76,14,2
MCLEAN LAKE,2021-10-18,ACTUAL,7.7,0.9,62,240,8,0.2,,85.2,44,768,3.3,77,12,2
MCLEAN LAKE,2021-10-19,ACTUAL,6.3,2.9,79,76,7,0.2,,82.9,44,770,2.3,77,9,2
MCLEAN LAKE,2021-10-20,ACTUAL,8,3.5,73,81,5,0,,82.9,44,772,2.1,77,8,2
MCLEAN LAKE,2021-10-21,ACTUAL,8.9,3.2,67,85,9,0,,83,45,774,2.5,78,10,2
MCLEAN LAKE,2021-10-22,ACTUAL,10.9,4,62,88,6,0,,83.5,45,777,2.4,79,9,2
MCLEAN LAKE,2021-10-23,ACTUAL,7.3,-0.4,58,104,8,0,,83.8,46,779,2.7,80,10,2
MCLEAN LAKE,2021-10-24,ACTUAL,5.2,2.4,82,154,10,0,,81.7,46,781,2.2,80,9,2
MCLEAN LAKE,2021-10-25,ACTUAL,6.8,1.8,70,86,7,2.2,,63.8,41,783,0.7,72,3,2
MCLEAN LAKE,2021-10-26,ACTUAL,7.6,-0.9,55,102,11,0,,75.2,41,785,1.4,73,5,2
MCLEAN LAKE,2021-10-27,ACTUAL,7,-1.9,53,187,12,0,,80.7,42,787,2.3,74,9,2
MCLEAN LAKE,2021-10-28,ACTUAL,0.3,0.3,100,87,5,1.2,,66.4,42,788,0.7,74,3,2
MCLEAN LAKE,2021-10-29,ACTUAL,0.4,-1.5,87,227,6,3.4,,40.3,32,767,0.1,58,0,2
MCLEAN LAKE,2021-10-30,ACTUAL,3.3,-3.7,60,70,4,4.4,,35.9,22,738,0,40,0,1
MCLEAN LAKE,2021-10-31,ACTUAL,1,-6.3,58,65,7,3.8,,36.7,15,716,0,29,0,1
MUDPIT,2021-05-01,ACTUAL,9.4,2.1,60,252,5,0.2,,72.3,15,42,0.9,16,1,1
MUDPIT,2021-05-02,ACTUAL,14.3,-3.6,29,233,8,0,,84.9,18,47,3.2,18,5,2
MUDPIT,2021-05-03,ACTUAL,8.2,2.7,68,204,16,0,,84.3,18,51,4.3,19,7,2
MUDPIT,2021-05-04,ACTUAL,7.5,3.8,77,168,9,3,,57.3,14,52,0.5,17,0,1
MUDPIT,2021-05-05,ACTUAL,14.9,0.6,38,201,5,0.2,,77.1,17,57,1.1,19,1,2
MUDPIT,2021-05-06,ACTUAL,16.8,2.7,39,245,5,0,,85.2,20,62,2.9,22,5,2
MUDPIT,2021-05-07,ACTUAL,8,2.3,67,273,6,3.2,,58.7,15,63,0.5,19,0,1
MUDPIT,2021-05-08,ACTUAL,11.2,-0.7,44,291,6,2,,64.8,15,68,0.7,19,1,1
MUDPIT,2021-05-09,ACTUAL,15.6,-2,30,288,7,0,,82.5,18,73,2.2,22,4,2
MUDPIT,2021-05-10,ACTUAL,12.8,2.6,50,307,10,0.2,,85,20,77,3.6,24,7,2
MUDPIT,2021-05-11,ACTUAL,16.8,-0.1,32,286,8,0.2,,88.9,23,83,5.5,27,10,3
MUDPIT,2021-05-12,ACTUAL,13.1,2.6,49,188,6,0,,88.3,25,88,4.5,29,9,3
MUDPIT,2021-05-13,ACTUAL,16.8,5.7,48,258,7,1.8,,78.2,26,93,1.4,30,3,2
MUDPIT,2021-05-14,ACTUAL,20,3.1,33,290,6,0,,87.6,29,99,4.1,34,9,3
MUDPIT,2021-05-15,ACTUAL,21.6,5.4,35,280,6,0,,89.8,33,105,5.5,37,12,3
MUDPIT,2021-05-16,ACTUAL,23.9,6.1,32,269,7,0,,91.1,38,112,7.3,41,16,3
MUDPIT,2021-05-17,ACTUAL,15.9,4.9,48,131,10,0,,89.4,40,117,6.4,43,15,3
MUDPIT,2021-05-18,ACTUAL,9.1,1.5,59,318,7,5.8,,52.8,26,112,0.3,33,0,2
MUDPIT,2021-05-19,ACTUAL,6.7,3.7,81,314,5,3,,41.7,20,113,0.1,28,0,2
MUDPIT,2021-05-20,ACTUAL,15.4,-0.5,34,259,9,0.2,,72.9,23,118,1.1,31,2,2
MUDPIT,2021-05-21,ACTUAL,17.5,-4.5,22,252,6,0.6,,86.6,27,123,3.5,35,8,2
MUDPIT,2021-05-22,ACTUAL,21.5,-2.4,20,324,8,0,,92.4,32,130,9.1,39,18,3
MUDPIT,2021-05-23,ACTUAL,21.8,3.8,31,276,5,0,,92.4,36,136,7.7,43,17,3
MUDPIT,2021-05-24,ACTUAL,11.4,9.6,89,62,6,2.6,,58.5,30,140,0.5,39,1,2
MUDPIT,2021-05-25,ACTUAL,12.8,9.8,82,35,11,11,,33.8,15,124,0,23,0,2
MUDPIT,2021-05-26,ACTUAL,15.5,8.1,61,289,3,5.6,,40,10,120,0,17,0,1
MUDPIT,2021-05-27,ACTUAL,9.5,4.8,72,136,12,2.4,,48.1,9,124,0.2,15,0,1
MUDPIT,2021-05-28,ACTUAL,13.1,4.6,56,220,12,4.8,,53,6,122,0.4,11,0,1
MUDPIT,2021-05-29,ACTUAL,17.5,6.4,48,277,7,2.6,,64.6,7,127,0.7,12,0,1
MUDPIT,2021-05-30,ACTUAL,21.4,4.4,33,236,7,0,,84.5,11,133,2.8,18,4,2
MUDPIT,2021-05-31,ACTUAL,23.1,8.3,39,248,6,0,,88.8,15,140,4.8,23,8,3
MUDPIT,2021-06-01,ACTUAL,25.8,9.1,35,257,7,0,,90.7,19,148,6.9,29,13,3
MUDPIT,2021-06-02,ACTUAL,29.9,6.5,23,303,5,0,,93.9,26,157,9.8,36,19,3
MUDPIT,2021-06-03,ACTUAL,23.3,8.1,38,244,6,0,,92.3,30,164,7.8,41,17,3
MUDPIT,2021-06-04,ACTUAL,19.8,4.2,36,240,6,0,,91.7,33,171,7.3,45,17,3
MUDPIT,2021-06-05,ACTUAL,11,5.2,67,187,4,0.2,,87.1,34,177,3.5,46,10,3
MUDPIT,2021-06-06,ACTUAL,8.4,6.5,88,53,15,13,,31.8,15,154,0,24,0,2
MUDPIT,2021-06-07,ACTUAL,11.4,5.8,68,322,5,5.2,,35.2,10,150,0,17,0,1
MUDPIT,2021-06-08,ACTUAL,13.6,6,60,275,4,0.2,,57.9,12,156,0.4,20,0,1
MUDPIT,2021-06-09,ACTUAL,16.5,5.7,49,209,4,0,,75.6,14,163,1,23,1,2
MUDPIT,2021-06-10,ACTUAL,17.4,3.2,39,251,15,0,,85.9,17,169,5.1,27,10,3
MUDPIT,2021-06-11,ACTUAL,16.5,0,33,199,12,0,,89,20,175,6.7,31,13,3
MUDPIT,2021-06-12,ACTUAL,18.6,5.7,43,292,7,0.4,,89,23,182,5.2,35,11,3
MUDPIT,2021-06-13,ACTUAL,18.4,8.7,53,179,4,0.2,,88.4,25,189,4.2,38,10,3
MUDPIT,2021-06-14,ACTUAL,16.7,14,84,316,3,2.4,,61.8,22,195,0.5,34,1,2
MUDPIT,2021-06-15,ACTUAL,16.3,10.2,67,53,9,4,,55.5,17,195,0.5,27,1,2
MUDPIT,2021-06-16,ACTUAL,17.4,6,47,234,8,4.6,,60,13,194,0.6,22,1,2
MUDPIT,2021-06-17,ACTUAL,22.3,5.6,34,245,8,0.2,,83.9,17,201,2.7,28,6,2
MUDPIT,2021-06-18,ACTUAL,24.4,6.1,31,289,8,0,,90.4,22,209,6.8,35,14,3
MUDPIT,2021-06-19,ACTUAL,14.5,12.9,90,263,6,2,,64.3,20,215,0.7,32,1,2
MUDPIT,2021-06-20,ACTUAL,23,11.4,48,258,7,3.6,,69.4,17,217,0.9,29,1,2
MUDPIT,2021-06-21,ACTUAL,27.6,8.9,31,284,6,0,,88.6,22,225,4.8,36,11,3
MUDPIT,2021-06-22,ACTUAL,28.8,8.9,29,241,10,0,,92.4,28,234,10.1,43,21,4
MUDPIT,2021-06-23,ACTUAL,28,10.1,33,260,7,0,,92.4,33,242,8.5,49,20,4
MUDPIT,2021-06-24,ACTUAL,25.4,8.3,34,274,6,0,,92.5,38,250,8.4,55,20,4
MUDPIT,2021-06-25,ACTUAL,27.8,12.1,38,197,8,0,,92.4,42,258,8.9,60,23,4
MUDPIT,2021-06-26,ACTUAL,32.2,13.4,32,253,6,0,,92.8,48,268,8.6,67,23,4
MUDPIT,2021-06-27,ACTUAL,34.7,14,29,245,5,0,,93.8,55,277,9.2,74,25,4
MUDPIT,2021-06-28,ACTUAL,35.8,14.4,28,264,6,0,,94.2,62,287,10.5,81,29,4
MUDPIT,2021-06-29,ACTUAL,37.9,14.5,25,267,5,0,,95.2,70,297,11.2,88,32,5
MUDPIT,2021-06-30,ACTUAL,39,13.4,22,244,4,0,,96,78,308,12,95,35,5
MUDPIT,2021-07-01,ACTUAL,32.5,15,35,242,8,0,,94.2,83,317,11.4,100,34,5
MUDPIT,2021-07-02,ACTUAL,27.4,16.8,52,272,6,4,,75.6,61,317,1.1,82,5,3
MUDPIT,2021-07-03,ACTUAL,28.3,7.4,27,256,5,0,,90.5,66,326,5.8,88,20,4
MUDPIT,2021-07-04,ACTUAL,23.4,13.6,54,207,2,0,,89.3,69,334,4.3,91,17,4
MUDPIT,2021-07-05,ACTUAL,22.6,13.7,57,332,3,0,,88.5,71,342,4.1,93,16,4
MUDPIT,2021-07-06,ACTUAL,27.4,10.5,35,268,6,0,,90.9,75,350,6.5,98,23,4
MUDPIT,2021-07-07,ACTUAL,30.8,11.7,31,272,6,0,,92.6,80,359,8.1,103,28,4
MUDPIT,2021-07-08,ACTUAL,22.3,12.6,54,231,4,0.6,,89,83,367,4.5,106,19,4
MUDPIT,2021-07-09,ACTUAL,24.3,11.9,46,228,2,0,,89,86,375,4.1,110,18,4
MUDPIT,2021-07-10,ACTUAL,30.1,10,29,232,7,0,,92.6,91,384,9,115,31,5
MUDPIT,2021-07-11,ACTUAL,28.3,7.4,27,314,6,0,,93.1,96,393,9.1,120,32,5
MUDPIT,2021-07-12,ACTUAL,30,5.9,22,265,7,0,,94.4,102,402,11.3,125,38,5
MUDPIT,2021-07-13,ACTUAL,30.1,9,27,288,6,0,,94.5,108,411,10.7,130,37,5
MUDPIT,2021-07-14,ACTUAL,28.8,8.9,29,276,7,0,,94.3,113,420,11.1,135,38,5
MUDPIT,2021-07-15,ACTUAL,26.7,8.6,32,261,7,0,,93.6,117,429,10.4,139,37,5
MUDPIT,2021-07-16,ACTUAL,25.6,11.3,41,232,8,0,,91.9,121,437,8.5,143,32,5
MUDPIT,2021-07-17,ACTUAL,24.1,9.2,39,267,8,3.4,,78.9,85,436,1.6,114,8,4
MUDPIT,2021-07-18,ACTUAL,26.8,6.7,28,246,8,0,,90.7,89,445,6.9,119,27,5
MUDPIT,2021-07-19,ACTUAL,28.3,5.2,23,243,5,0,,93.6,95,453,9.2,124,33,5
MUDPIT,2021-07-20,ACTUAL,25.9,5.9,28,270,6,0,,93.7,99,462,9.7,129,34,5
MUDPIT,2021-07-21,ACTUAL,23.6,4.9,30,264,8,0,,93.4,103,470,10.3,133,36,5
MUDPIT,2021-07-22,ACTUAL,19,5.4,41,273,6,0,,91.3,106,477,6.9,136,28,5
MUDPIT,2021-07-23,ACTUAL,24,3.2,26,243,10,0,,92.5,111,485,10.2,141,37,5
MUDPIT,2021-07-24,ACTUAL,23.7,8.9,39,256,6,0,,91.8,114,493,7.6,145,30,5
MUDPIT,2021-07-25,ACTUAL,27,8.3,31,296,6,0,,92.1,119,501,8,149,32,5
MUDPIT,2021-07-26,ACTUAL,26.2,9.4,35,313,7,0,,92.1,123,510,8.2,153,32,5
MUDPIT,2021-07-27,ACTUAL,28.4,5.2,23,222,8,0,,93.9,128,519,11.2,158,40,5
MUDPIT,2021-07-28,ACTUAL,24.3,10.2,41,255,4,0,,92,132,527,6.8,162,29,5
MUDPIT,2021-07-29,ACTUAL,26.1,9.8,36,259,5,0,,92.1,136,535,7.4,166,31,5
MUDPIT,2021-07-30,ACTUAL,25.8,11.9,42,240,4,0,,91.5,139,544,6.6,170,29,5
MUDPIT,2021-07-31,ACTUAL,29,10.6,32,246,4,0,,92.2,144,552,7.1,175,30,5
MUDPIT,2021-08-01,ACTUAL,19.7,14.8,73,128,3,0,,86.6,145,559,3.1,176,17,4
MUDPIT,2021-08-02,ACTUAL,20.2,17.2,83,278,5,1.6,,71.2,131,566,0.8,166,5,3
MUDPIT,2021-08-03,ACTUAL,27.2,16.9,53,262,5,0,,84.2,134,574,2.5,169,14,4
MUDPIT,2021-08-04,ACTUAL,27.6,10.2,34,268,4,0,,90.4,138,582,5.5,173,26,5
MUDPIT,2021-08-05,ACTUAL,29.8,8.2,26,256,5,0,,93.3,143,590,8.8,178,35,5
MUDPIT,2021-08-06,ACTUAL,20.3,12.1,59,338,2,0,,89.2,145,597,4.2,180,21,5
MUDPIT,2021-08-07,ACTUAL,15,10.7,75,36,6,1,,79.7,145,602,1.5,181,10,4
MUDPIT,2021-08-08,ACTUAL,19.1,9.3,53,258,6,0,,84.6,147,609,2.7,184,15,4
MUDPIT,2021-08-09,ACTUAL,23.3,10,43,226,6,0,,88.2,150,616,4.4,187,22,5
MUDPIT,2021-08-10,ACTUAL,22,7.3,39,269,5,0,,89.4,153,623,5,190,24,5
MUDPIT,2021-08-11,ACTUAL,28.8,4.3,21,253,10,0,,94.1,158,631,12.3,194,44,5
MUDPIT,2021-08-12,ACTUAL,27.3,4.9,24,286,7,0,,94.1,163,639,11.1,199,41,5
MUDPIT,2021-08-13,ACTUAL,28.5,9.6,31,288,6,0,,93.9,167,647,9.9,203,39,5
MUDPIT,2021-08-14,ACTUAL,25.2,10.6,40,263,6,0,,92.2,170,655,7.8,206,33,5
MUDPIT,2021-08-15,ACTUAL,24.5,9.2,38,227,4,0,,91.9,173,662,6.9,210,31,5
MUDPIT,2021-08-16,ACTUAL,19.1,11.5,61,238,4,3,,68.4,104,656,0.7,149,4,3
MUDPIT,2021-08-17,ACTUAL,15,10.3,73,320,7,19.2,,37.3,48,535,0,79,0,2
MUDPIT,2021-08-18,ACTUAL,19.3,11.4,60,257,6,0,,65.5,50,542,0.7,81,3,3
MUDPIT,2021-08-19,ACTUAL,20.4,9,48,259,5,0,,81,52,548,1.7,85,7,3
MUDPIT,2021-08-20,ACTUAL,19.1,10.7,58,251,5,0,,84.2,54,555,2.4,87,10,4
MUDPIT,2021-08-21,ACTUAL,21.9,9.4,45,285,8,0,,87.6,57,562,4.5,91,17,4
MUDPIT,2021-08-22,ACTUAL,9.3,6,80,352,4,17.8,,30.4,25,471,0,44,0,2
MUDPIT,2021-08-23,ACTUAL,10.8,8.2,84,265,5,1.8,,36.1,23,476,0,42,0,2
MUDPIT,2021-08-24,ACTUAL,15.4,8.9,65,266,3,0,,57.8,25,481,0.4,43,1,2
MUDPIT,2021-08-25,ACTUAL,19.5,6.5,43,236,5,0,,78.5,27,488,1.2,47,4,3
MUDPIT,2021-08-26,ACTUAL,17.5,6,47,268,4,0,,84.5,29,494,2.4,51,7,3
MUDPIT,2021-08-27,ACTUAL,13.8,12,89,114,5,13.2,,28.5,13,439,0,24,0,2
MUDPIT,2021-08-28,ACTUAL,18,11.2,64,259,6,2.8,,49.4,11,445,0.2,21,0,2
MUDPIT,2021-08-29,ACTUAL,21,9.9,49,245,7,0,,75.8,13,452,1.1,25,2,2
MUDPIT,2021-08-30,ACTUAL,17.9,10.1,60,263,6,0,,81.9,15,458,1.8,28,4,2
MUDPIT,2021-08-31,ACTUAL,8.3,6.7,90,188,5,15.8,,23.7,7,395,0,13,0,1
MUDPIT,2021-09-01,ACTUAL,12.1,9.3,83,208,5,5.2,,25.1,4,383,0,8,0,1
MUDPIT,2021-09-02,ACTUAL,16.1,9.1,63,268,6,0.2,,53.7,5,388,0.3,10,0,1
MUDPIT,2021-09-03,ACTUAL,18.1,9.5,57,259,5,0,,73.1,7,393,0.9,13,1,1
MUDPIT,2021-09-04,ACTUAL,18,7.1,49,278,4,0,,82.3,8,398,1.8,16,2,2
MUDPIT,2021-09-05,ACTUAL,17.6,13,74,303,4,5.6,,49.9,5,385,0.2,10,0,1
MUDPIT,2021-09-06,ACTUAL,20,5.9,40,268,8,0,,77.9,7,390,1.4,14,1,2
MUDPIT,2021-09-07,ACTUAL,21.2,9.4,47,279,4,0,,85.2,10,396,2.7,18,4,2
MUDPIT,2021-09-08,ACTUAL,14,12.5,91,41,2,0.6,,80,10,400,1.2,19,1,2
MUDPIT,2021-09-09,ACTUAL,17.8,12.8,72,325,4,0.4,,81.7,11,405,1.7,20,2,2
MUDPIT,2021-09-10,ACTUAL,19.2,11.1,59,277,5,0,,84.4,12,410,2.4,23,4,2
MUDPIT,2021-09-11,ACTUAL,17.2,10.6,65,337,4,0,,84.4,13,415,2.4,25,4,2
MUDPIT,2021-09-12,ACTUAL,16.9,11.5,70,289,6,0.2,,84.4,14,420,2.7,26,5,2
MUDPIT,2021-09-13,ACTUAL,16.6,4.9,46,269,4,0.2,,86.5,16,425,3.2,29,7,2
MUDPIT,2021-09-14,ACTUAL,10.2,8.6,90,162,5,0.4,,81.1,16,428,1.6,30,3,2
MUDPIT,2021-09-15,ACTUAL,11,-1.8,41,213,6,7,,54.6,10,406,0.4,19,0,1
MUDPIT,2021-09-16,ACTUAL,11.9,3.9,58,284,4,0,,69.8,11,410,0.8,21,1,2
MUDPIT,2021-09-17,ACTUAL,5.2,3.8,91,147,8,7.2,,28.4,6,388,0,11,0,1
MUDPIT,2021-09-18,ACTUAL,13.6,6.3,61,258,6,19.8,,33.7,3,320,0,6,0,1
MUDPIT,2021-09-19,ACTUAL,11.3,6.5,72,268,5,0,,52.2,4,324,0.3,8,0,1
MUDPIT,2021-09-20,ACTUAL,13.7,5.4,57,240,5,1.2,,65,5,328,0.7,10,0,1
MUDPIT,2021-09-21,ACTUAL,13.5,6.2,61,253,3,0,,75,6,332,0.9,12,1,1
MUDPIT,2021-09-22,ACTUAL,12.2,11.2,94,297,4,4.2,,36.8,3,326,0,7,0,1
MUDPIT,2021-09-23,ACTUAL,16.4,5.3,48,296,6,0.6,,65.6,5,331,0.7,10,0,1
MUDPIT,2021-09-24,ACTUAL,14.2,9.7,74,287,3,0,,72.9,6,335,0.8,11,1,1
MUDPIT,2021-09-25,ACTUAL,17.3,9,58,173,3,0,,80.5,7,340,1.4,13,1,2
MUDPIT,2021-09-26,ACTUAL,15,7.4,60,41,6,0,,83.1,8,344,2.2,16,3,2
MUDPIT,2021-09-27,ACTUAL,15.6,4,46,205,7,2.2,,74.3,8,349,1.1,15,1,1
MUDPIT,2021-09-28,ACTUAL,9.8,4.8,71,228,5,1.2,,70.3,9,352,0.8,16,1,1
MUDPIT,2021-09-29,ACTUAL,7.7,5.7,87,53,1,0.6,,70.2,9,355,0.7,16,1,1
MUDPIT,2021-09-30,ACTUAL,8.8,8.3,97,288,4,8.8,,20.3,4,331,0,8,0,1
MUDPIT,2021-10-01,ACTUAL,9.6,6.3,80,289,4,4.6,,24.2,2,322,0,4,0,1
MUDPIT,2021-10-02,ACTUAL,9.8,2.4,60,195,6,0.2,,48.6,3,324,0.2,6,0,1
MUDPIT,2021-10-03,ACTUAL,13.4,2.9,49,184,7,0,,70.6,4,328,0.9,8,0,1
MUDPIT,2021-10-04,ACTUAL,10.8,5.4,69,284,5,0,,76.3,5,330,1.1,9,1,1
MUDPIT,2021-10-05,ACTUAL,13.1,5.6,60,107,5,0,,81,5,333,1.6,10,1,1
MUDPIT,2021-10-06,ACTUAL,9.8,2.2,59,315,5,8.4,,46,3,311,0.1,6,0,1
MUDPIT,2021-10-07,ACTUAL,6.7,1.3,68,126,4,1.6,,50.9,3,313,0.2,6,0,1
MUDPIT,2021-10-08,ACTUAL,7.7,1.6,65,289,5,0,,64.2,3,315,0.6,6,0,1
MUDPIT,2021-10-09,ACTUAL,6.7,-0.3,61,227,5,0,,72.9,4,317,0.9,7,0,1
MUDPIT,2021-10-10,ACTUAL,6.6,-1.5,56,203,14,13,,43.4,2,279,0.1,4,0,1
MUDPIT,2021-10-11,ACTUAL,5.1,-0.7,66,245,3,0,,56.7,2,281,0.4,4,0,1
MUDPIT,2021-10-12,ACTUAL,4.2,-3.1,59,297,3,0,,67,2,282,0.7,5,0,1
MUDPIT,2021-10-13,ACTUAL,2.3,2.3,100,249,3,2,,45,1,283,0.1,3,0,1
MUDPIT,2021-10-14,ACTUAL,4.7,2.1,83,284,4,0,,53,2,285,0.3,3,0,1
MUDPIT,2021-10-15,ACTUAL,4.6,4,96,104,1,1.4,,44,2,286,0.1,3,0,1
MUDPIT,2021-10-16,ACTUAL,7.8,5.3,84,355,7,5.4,,29.7,0,276,0,1,0,1
MUDPIT,2021-10-17,ACTUAL,11.3,2.9,56,115,8,0.4,,56.7,1,279,0.5,3,0,1
MUDPIT,2021-10-18,ACTUAL,10.3,6.1,75,272,3,0,,66,2,281,0.6,3,0,1
MUDPIT,2021-10-19,ACTUAL,8.8,5.2,78,275,5,0,,71.5,2,283,0.8,4,0,1
MUDPIT,2021-10-20,ACTUAL,10.8,8.2,84,93,5,0,,74.2,2,286,0.9,5,0,1
MUDPIT,2021-10-21,ACTUAL,11.3,4.6,63,176,6,0.8,,76.4,3,289,1.1,6,1,1
MUDPIT,2021-10-22,ACTUAL,7.4,7.4,100,198,2,3.4,,36.8,1,285,0,3,0,1
MUDPIT,2021-10-23,ACTUAL,9.6,4.8,72,285,5,3.6,,38.1,1,280,0,1,0,1
MUDPIT,2021-10-24,ACTUAL,10.1,3.9,65,311,4,0.8,,54.7,1,283,0.3,2,0,1
MUDPIT,2021-10-25,ACTUAL,6.8,3.8,81,167,5,7.6,,29.4,0,265,0,0,0,1
MUDPIT,2021-10-26,ACTUAL,8.5,2.6,66,238,7,0,,50.3,1,267,0.2,1,0,1
MUDPIT,2021-10-27,ACTUAL,8.8,2,62,284,6,1.2,,60.3,1,270,0.6,3,0,1
MUDPIT,2021-10-28,ACTUAL,3.1,3.1,100,294,1,4.2,,25.5,0,262,0,0,0,1
MUDPIT,2021-10-29,ACTUAL,4.4,2.6,88,268,5,7.6,,16.1,0,245,0,0,0,1
MUDPIT,2021-10-30,ACTUAL,2.1,-6,55,258,5,0,,36.8,0,246,0,1,0,1
MUDPIT,2021-10-31,ACTUAL,1.8,-5.8,57,259,4,0,,52.4,1,247,0.3,1,0,1
PASKA LAKE,2021-05-01,ACTUAL,2.4,-1,78,9,14,0,,78.9,24,217,2,38,5,2
PASKA LAKE,2021-05-02,ACTUAL,8.3,-8.4,30,349,9,0.2,,85.4,26,221,3.5,40,9,2
PASKA LAKE,2021-05-03,ACTUAL,4.4,-2,63,232,9,0,,84.7,27,224,3.2,41,8,2
PASKA LAKE,2021-05-04,ACTUAL,7.7,-3.9,44,321,12,0,,85.8,28,228,4.2,43,11,2
PASKA LAKE,2021-05-05,ACTUAL,11.1,-6,30,153,13,0,,88.6,30,232,6.8,46,16,2
PASKA LAKE,2021-05-06,ACTUAL,11.8,-2.5,37,185,9,0,,88.6,32,236,5.5,48,14,2
PASKA LAKE,2021-05-07,ACTUAL,-0.2,-2.1,87,329,18,0,,82.1,32,239,3.6,48,10,2
PASKA LAKE,2021-05-08,ACTUAL,5.4,-6.6,42,236,11,3,,64.7,26,238,0.9,41,2,1
PASKA LAKE,2021-05-09,ACTUAL,7.3,-3,48,35,9,0,,76.3,27,242,1.3,43,3,1
PASKA LAKE,2021-05-10,ACTUAL,7.4,-2.7,49,237,13,0.8,,79.2,29,245,2,44,5,2
PASKA LAKE,2021-05-11,ACTUAL,11.1,-7.8,26,237,12,0.4,,87.1,31,250,5.1,47,13,2
PASKA LAKE,2021-05-12,ACTUAL,4.2,3,92,195,8,3.4,,46.9,23,247,0.2,37,0,1
PASKA LAKE,2021-05-13,ACTUAL,11,3.1,58,150,7,0.8,,63.9,24,252,0.7,39,1,1
PASKA LAKE,2021-05-14,ACTUAL,13.9,-0.7,37,321,11,1.4,,75.5,27,257,1.3,43,4,1
PASKA LAKE,2021-05-15,ACTUAL,17.2,-1.6,28,220,10,0,,87.3,30,262,4.7,47,12,2
PASKA LAKE,2021-05-16,ACTUAL,18.4,1.3,32,232,12,0,,89.8,34,268,7.7,51,19,3
PASKA LAKE,2021-05-17,ACTUAL,9.7,1.1,55,203,26,0,,87.3,35,272,11,53,25,3
PASKA LAKE,2021-05-18,ACTUAL,4.3,-7.6,42,223,21,0.6,,85.7,36,275,6.7,54,17,3
PASKA LAKE,2021-05-19,ACTUAL,0.6,-0.9,90,350,13,0.8,,77.8,36,278,1.8,54,6,2
PASKA LAKE,2021-05-20,ACTUAL,7.4,-4.5,43,357,17,0.4,,83.4,37,281,4,56,12,2
PASKA LAKE,2021-05-21,ACTUAL,11.3,-8.1,25,16,15,0.6,,88.1,40,286,7.1,59,19,3
PASKA LAKE,2021-05-22,ACTUAL,15.1,-7.1,21,351,9,0,,91.3,43,291,8.2,63,22,3
PASKA LAKE,2021-05-23,ACTUAL,14,0.5,40,320,7,0,,90.3,45,296,6.5,66,19,3
PASKA LAKE,2021-05-24,ACTUAL,14.9,-2.2,31,312,18,0.2,,90.4,48,301,11.3,69,28,3
PASKA LAKE,2021-05-25,ACTUAL,13.2,4.1,54,201,12,0.4,,88.1,50,306,5.9,71,18,3
PASKA LAKE,2021-05-26,ACTUAL,11.4,-2.5,38,188,20,0,,88.2,52,310,9,73,25,3
PASKA LAKE,2021-05-27,ACTUAL,10,-1.5,45,212,26,0,,88.2,54,314,12.4,75,32,3
PASKA LAKE,2021-05-28,ACTUAL,8.8,2,62,233,9,0.8,,82.3,55,318,2.3,77,9,2
PASKA LAKE,2021-05-29,ACTUAL,11.8,-0.5,43,254,8,2.2,,72.6,50,323,1,72,4,2
PASKA LAKE,2021-05-30,ACTUAL,15.4,-5.7,23,226,16,0,,87.4,53,328,6.7,76,21,3
PASKA LAKE,2021-05-31,ACTUAL,19.8,4.6,37,247,10,0,,89.2,57,334,6.3,80,20,3
PASKA LAKE,2021-06-01,ACTUAL,21.9,5.2,34,189,7,0,,90.4,61,341,6.4,84,21,3
PASKA LAKE,2021-06-02,ACTUAL,23.9,0.8,22,224,18,0,,93.2,66,349,16.6,89,42,3
PASKA LAKE,2021-06-03,ACTUAL,16.9,4.5,44,218,10,0,,90.6,68,355,7.7,92,25,3
PASKA LAKE,2021-06-04,ACTUAL,13.4,-3.5,31,196,25,0,,90.6,71,361,16.2,95,42,4
PASKA LAKE,2021-06-05,ACTUAL,10.5,0.2,49,208,23,0.2,,88.4,73,367,10.7,97,33,4
PASKA LAKE,2021-06-06,ACTUAL,6.1,-2,56,135,15,2.4,,69,62,371,1.3,87,6,2
PASKA LAKE,2021-06-07,ACTUAL,8.3,-5,39,336,8,0,,79.8,63,376,1.6,89,7,2
PASKA LAKE,2021-06-08,ACTUAL,10,1.9,57,331,6,6.4,,50.1,39,361,0.2,61,0,2
PASKA LAKE,2021-06-09,ACTUAL,10.9,-3.4,37,199,16,0.8,,73.1,41,367,1.6,64,6,2
PASKA LAKE,2021-06-10,ACTUAL,8.9,-4.4,39,239,13,0,,82.3,42,372,2.8,66,10,2
PASKA LAKE,2021-06-11,ACTUAL,8.1,-3.5,44,177,15,0.2,,85,44,377,4.5,68,15,2
PASKA LAKE,2021-06-12,ACTUAL,13.3,-0.8,38,221,16,0,,87.6,46,382,6.7,71,20,3
PASKA LAKE,2021-06-13,ACTUAL,13.4,5.4,58,203,20,0,,86.8,48,388,7.2,73,21,3
PASKA LAKE,2021-06-14,ACTUAL,16.8,5.4,47,195,13,3.4,,72.2,39,387,1.3,62,5,2
PASKA LAKE,2021-06-15,ACTUAL,12.6,1.2,46,209,16,0.8,,80.4,41,392,2.7,65,9,2
PASKA LAKE,2021-06-16,ACTUAL,14.1,-2.1,33,211,12,0,,87.1,43,398,5.2,68,16,2
PASKA LAKE,2021-06-17,ACTUAL,17.6,-3.3,24,239,8,0,,90.9,47,405,7.4,73,22,3
PASKA LAKE,2021-06-18,ACTUAL,19.2,-0.4,27,199,10,0,,91.5,51,412,9,78,26,3
PASKA LAKE,2021-06-19,ACTUAL,13.2,5.9,61,307,7,0,,87.7,52,417,4.5,80,16,2
PASKA LAKE,2021-06-20,ACTUAL,18,3.7,39,11,9,2.4,,77.7,48,424,1.4,74,6,2
PASKA LAKE,2021-06-21,ACTUAL,23.3,2.6,26,229,9,0,,90,52,432,6.7,80,21,3
PASKA LAKE,2021-06-22,ACTUAL,24.1,2.8,25,272,11,0,,92.5,57,439,10.5,87,30,3
PASKA LAKE,2021-06-23,ACTUAL,23.3,3.2,27,250,8,0,,92.5,62,447,9.1,92,28,4
PASKA LAKE,2021-06-24,ACTUAL,18.8,8.8,52,342,17,0.2,,89.2,65,454,9.2,95,29,4
PASKA LAKE,2021-06-25,ACTUAL,22.4,8.4,41,355,24,0,,89.4,68,461,13.2,100,38,4
PASKA LAKE,2021-06-26,ACTUAL,29,10.1,31,152,8,0,,92.1,74,470,8.6,106,29,4
PASKA LAKE,2021-06-27,ACTUAL,32.2,1.3,14,171,16,0,,96.5,81,479,23.3,114,57,5
PASKA LAKE,2021-06-28,ACTUAL,33.3,5.8,18,185,13,0,,96.6,89,488,20.6,122,54,5
PASKA LAKE,2021-06-29,ACTUAL,36.1,0.8,11,179,9,0,,97.9,97,498,19.9,131,55,5
PASKA LAKE,2021-06-30,ACTUAL,34.8,7.8,19,158,16,0,,97.5,105,508,26.5,139,66,5
PASKA LAKE,2021-07-01,ACTUAL,27.1,10.7,36,288,7,0,,93.7,109,517,10.6,143,38,4
PASKA LAKE,2021-07-02,ACTUAL,23.4,2.7,26,11,13,0,,93.8,114,525,14.2,147,46,4
PASKA LAKE,2021-07-03,ACTUAL,25.1,3.1,24,277,8,0,,93.8,118,533,11,152,39,4
PASKA LAKE,2021-07-04,ACTUAL,20.9,4.8,35,2,10,0,,92.4,122,540,10.1,156,37,4
PASKA LAKE,2021-07-05,ACTUAL,20.9,5.2,36,46,10,0.2,,91.8,125,548,9,159,35,4
PASKA LAKE,2021-07-06,ACTUAL,21.9,7.2,39,10,12,1,,87.7,128,555,5.7,163,26,4
PASKA LAKE,2021-07-07,ACTUAL,19.5,8.2,48,204,12,0,,87.8,131,563,5.7,165,26,4
PASKA LAKE,2021-07-08,ACTUAL,22.4,9.5,44,157,9,1,,86.1,134,570,3.9,169,20,4
PASKA LAKE,2021-07-09,ACTUAL,22.3,9.4,44,170,8,6,,69.6,75,549,0.9,112,5,3
PASKA LAKE,2021-07-10,ACTUAL,24.6,2,23,221,12,0,,90,80,557,7.8,117,29,4
PASKA LAKE,2021-07-11,ACTUAL,22.6,3.6,29,205,8,0,,91.5,84,565,8,122,30,4
PASKA LAKE,2021-07-12,ACTUAL,23.7,3,26,5,11,0,,92.5,88,573,10.6,127,36,4
PASKA LAKE,2021-07-13,ACTUAL,27.2,0.8,18,229,9,0,,94.7,93,581,13.1,133,42,4
PASKA LAKE,2021-07-14,ACTUAL,23.5,5.3,31,244,10,0,,93.5,97,589,11.7,138,40,4
PASKA LAKE,2021-07-15,ACTUAL,21.8,3.8,31,229,11,0,,92.9,101,597,11.5,142,40,4
PASKA LAKE,2021-07-16,ACTUAL,20.2,4.5,36,205,13,0,,91.9,104,604,10.6,146,38,4
PASKA LAKE,2021-07-17,ACTUAL,18.7,2,33,181,11,0,,91.8,107,611,9.8,149,36,4
PASKA LAKE,2021-07-18,ACTUAL,20.6,-2.5,21,220,16,0,,93,111,619,14.6,154,47,5
PASKA LAKE,2021-07-19,ACTUAL,24.5,-0.7,19,243,17,0,,94.2,116,627,18.4,159,55,5
PASKA LAKE,2021-07-20,ACTUAL,20.1,0.4,27,194,16,0,,93.5,120,634,15.6,163,50,5
PASKA LAKE,2021-07-21,ACTUAL,17.2,0.2,32,228,18,0,,92.3,123,641,14.8,166,48,5
PASKA LAKE,2021-07-22,ACTUAL,14.6,-2,32,244,12,0,,91.7,125,647,9.9,169,38,4
PASKA LAKE,2021-07-23,ACTUAL,19.5,1.8,31,291,11,0,,91.7,129,654,9.5,172,37,4
PASKA LAKE,2021-07-24,ACTUAL,22.2,3.7,30,226,8,0,,91.8,132,662,8.2,177,33,4
PASKA LAKE,2021-07-25,ACTUAL,23.2,5,31,249,11,0,,91.8,136,670,9.7,181,38,4
PASKA LAKE,2021-07-26,ACTUAL,22.9,2.3,26,185,18,0,,92.4,141,678,14.6,185,49,5
PASKA LAKE,2021-07-27,ACTUAL,23,0.1,22,253,9,0,,93.2,145,686,10.7,190,40,4
PASKA LAKE,2021-07-28,ACTUAL,24.4,4.1,27,131,8,0,,93.3,149,694,10.4,194,40,4
PASKA LAKE,2021-07-29,ACTUAL,23.9,2.6,25,197,7,0,,93.3,154,702,9.8,199,38,4
PASKA LAKE,2021-07-30,ACTUAL,29.1,-4.5,11,216,14,0,,96.8,160,711,21.8,205,64,5
PASKA LAKE,2021-07-31,ACTUAL,26.2,3.4,23,8,4,0,,95.7,165,719,11.9,210,44,4
PASKA LAKE,2021-08-01,ACTUAL,14.9,13.1,89,314,10,0.6,,82.5,165,725,2.5,211,15,3
PASKA LAKE,2021-08-02,ACTUAL,23.9,11.9,47,255,9,5,,72.2,87,699,1.1,132,6,3
PASKA LAKE,2021-08-03,ACTUAL,27.3,-0.8,16,248,11,0,,92.8,92,707,10.9,138,38,4
PASKA LAKE,2021-08-04,ACTUAL,25.7,1,20,114,7,0,,94.1,96,714,11,144,39,4
PASKA LAKE,2021-08-05,ACTUAL,26.4,-2.4,15,272,14,0,,95.5,101,722,18.6,149,54,5
PASKA LAKE,2021-08-06,ACTUAL,18.2,4.3,40,203,19,0,,91.6,103,728,14.2,152,46,4
PASKA LAKE,2021-08-07,ACTUAL,14.8,6.9,59,212,13,0,,87.9,105,734,6.1,154,27,4
PASKA LAKE,2021-08-08,ACTUAL,10.6,6,73,332,17,0.2,,84.6,105,739,4.7,155,22,4
PASKA LAKE,2021-08-09,ACTUAL,20.3,6.6,41,212,11,0,,88.1,108,746,5.7,158,25,4
PASKA LAKE,2021-08-10,ACTUAL,21,10.2,50,311,19,0,,88.2,110,752,8.4,161,33,4
PASKA LAKE,2021-08-11,ACTUAL,25,8.4,35,328,18,0,,90.6,114,760,11.4,165,41,4
PASKA LAKE,2021-08-12,ACTUAL,22.2,4.2,31,341,16,0,,91.2,117,767,11.2,169,41,4
PASKA LAKE,2021-08-13,ACTUAL,28.9,-4.7,11,194,8,0,,96.5,122,775,16.1,176,52,5
PASKA LAKE,2021-08-14,ACTUAL,26.3,0.8,19,279,12,0,,96.1,127,783,18.6,181,57,5
PASKA LAKE,2021-08-15,ACTUAL,25.1,3.1,24,229,18,0,,95,131,790,21.5,185,62,5
PASKA LAKE,2021-08-16,ACTUAL,14.5,8.1,65,268,6,0.6,,87.5,132,796,4,187,21,4
PASKA LAKE,2021-08-17,ACTUAL,9.2,5.9,80,348,14,12.2,,38.9,61,690,0.1,100,0,2
PASKA LAKE,2021-08-18,ACTUAL,19.9,-0.3,26,348,6,0,,76,64,697,1.1,105,6,3
PASKA LAKE,2021-08-19,ACTUAL,14.5,8.5,67,340,10,0,,80.6,66,702,2,106,10,3
PASKA LAKE,2021-08-20,ACTUAL,12.7,7,68,222,3,0,,81.9,66,707,1.6,108,8,3
PASKA LAKE,2021-08-21,ACTUAL,16.2,5.8,50,40,9,0,,85.3,68,713,3.4,110,15,3
PASKA LAKE,2021-08-22,ACTUAL,5.5,3.3,86,317,9,3.6,,48.9,50,698,0.2,85,1,2
PASKA LAKE,2021-08-23,ACTUAL,6.1,3.1,81,332,12,1,,55.8,50,702,0.6,85,2,2
PASKA LAKE,2021-08-24,ACTUAL,12.4,3.9,56,63,6,0,,71.6,52,707,0.9,87,4,2
PASKA LAKE,2021-08-25,ACTUAL,16.6,0.5,34,224,16,0,,85.5,54,713,5,91,18,3
PASKA LAKE,2021-08-26,ACTUAL,14.2,3.6,49,217,15,0,,86.3,56,719,5.4,93,20,3
PASKA LAKE,2021-08-27,ACTUAL,9,7.7,92,297,9,1.2,,72,56,723,1,94,5,2
PASKA LAKE,2021-08-28,ACTUAL,17.7,2.3,36,209,13,0.4,,85.4,58,729,4.3,97,17,3
PASKA LAKE,2021-08-29,ACTUAL,18.9,1.3,31,249,13,0,,89.7,61,736,7.7,101,26,3
PASKA LAKE,2021-08-30,ACTUAL,13.6,3.7,51,197,13,0,,88.3,63,741,6.5,103,24,3
PASKA LAKE,2021-08-31,ACTUAL,5.6,3.6,87,258,10,6,,39.4,38,701,0.1,68,0,2
PASKA LAKE,2021-09-01,ACTUAL,9.7,3.3,64,334,12,2.8,,49.5,32,705,0.3,57,1,2
PASKA LAKE,2021-09-02,ACTUAL,13.9,-1.8,34,1,11,0,,75.9,33,709,1.4,60,5,2
PASKA LAKE,2021-09-03,ACTUAL,17.8,-1.6,27,209,13,0,,88.1,36,714,6.3,64,18,3
PASKA LAKE,2021-09-04,ACTUAL,13.7,3.2,49,203,18,0,,88.1,37,718,8,66,22,3
PASKA LAKE,2021-09-05,ACTUAL,15.1,5.9,54,208,14,0,,87.6,39,722,6.1,68,18,3
PASKA LAKE,2021-09-06,ACTUAL,16.1,1.7,38,188,11,0,,88.6,40,727,5.9,71,18,3
PASKA LAKE,2021-09-07,ACTUAL,22.8,3.2,28,187,11,0,,91.5,44,733,9,76,26,3
PASKA LAKE,2021-09-08,ACTUAL,16.6,5.5,48,222,19,0.2,,89.4,45,737,10,78,28,3
PASKA LAKE,2021-09-09,ACTUAL,17,6.2,49,206,13,0,,88.8,47,742,7.1,81,22,3
PASKA LAKE,2021-09-10,ACTUAL,18.2,4.7,41,251,7,0,,88.9,49,747,5.2,84,18,3
PASKA LAKE,2021-09-11,ACTUAL,16.5,5.1,47,187,9,0,,88.9,51,752,5.8,86,20,3
PASKA LAKE,2021-09-12,ACTUAL,14.5,5.6,55,334,9,0.6,,86.4,52,756,4.1,88,16,2
PASKA LAKE,2021-09-13,ACTUAL,14.5,1.7,42,196,8,1.4,,80.8,53,761,1.9,91,9,2
PASKA LAKE,2021-09-14,ACTUAL,7.8,6.6,92,180,10,1.8,,60.7,50,764,0.7,85,3,2
PASKA LAKE,2021-09-15,ACTUAL,3.6,0.6,81,324,6,9.6,,27.5,26,686,0,48,0,1
PASKA LAKE,2021-09-16,ACTUAL,8.6,-3,44,220,10,0,,56.9,27,689,0.5,49,1,1
PASKA LAKE,2021-09-17,ACTUAL,5.1,1.1,75,158,14,0,,67.1,27,692,1.2,50,3,1
PASKA LAKE,2021-09-18,ACTUAL,9.3,-0.3,51,210,20,6.4,,55.2,17,652,0.8,31,1,1
PASKA LAKE,2021-09-19,ACTUAL,8,1.7,64,232,10,0,,69,17,656,1,32,2,1
PASKA LAKE,2021-09-20,ACTUAL,11.4,-0.2,45,181,15,0.8,,78.9,18,659,2.2,35,5,2
PASKA LAKE,2021-09-21,ACTUAL,11.3,4.6,63,178,15,0,,82,19,663,3,36,7,2
PASKA LAKE,2021-09-22,ACTUAL,13,5,58,296,7,0,,83.7,20,667,2.5,38,6,2
PASKA LAKE,2021-09-23,ACTUAL,14.1,-0.1,38,217,9,0,,87.2,22,671,4.5,41,11,2
PASKA LAKE,2021-09-24,ACTUAL,20.6,2.8,31,203,12,0,,90.3,25,677,8.4,45,19,2
PASKA LAKE,2021-09-25,ACTUAL,18.5,2.2,34,221,10,0,,90.4,27,682,7.7,49,18,2
PASKA LAKE,2021-09-26,ACTUAL,11.3,2.1,53,194,16,0,,88,28,686,7.2,51,18,2
PASKA LAKE,2021-09-27,ACTUAL,10.9,0,47,201,22,1.8,,78.1,27,689,2.8,49,8,2
PASKA LAKE,2021-09-28,ACTUAL,5.6,1.7,76,201,12,1.4,,69.1,27,692,1.1,50,3,1
PASKA LAKE,2021-09-29,ACTUAL,5.5,-1.2,62,185,20,0,,77,28,695,2.4,50,7,2
PASKA LAKE,2021-09-30,ACTUAL,3.9,2.2,89,215,14,5.4,,37.5,17,663,0,32,0,1
PASKA LAKE,2021-10-01,ACTUAL,9.3,-2.1,45,144,12,0.4,,64.3,18,665,0.9,34,2,1
PASKA LAKE,2021-10-02,ACTUAL,8.5,-3.1,44,191,20,0,,78.7,19,667,2.7,35,6,2
PASKA LAKE,2021-10-03,ACTUAL,9.9,-1.2,46,196,17,0,,83.9,20,670,4.3,37,10,2
PASKA LAKE,2021-10-04,ACTUAL,12.1,-11.6,18,201,17,0,,90.5,21,673,10.7,40,21,2
PASKA LAKE,2021-10-05,ACTUAL,9,0.2,54,193,24,0,,87.6,22,675,10.3,41,21,2
PASKA LAKE,2021-10-06,ACTUAL,4.2,-5.6,49,210,14,0,,87,23,676,5.7,42,13,2
PASKA LAKE,2021-10-07,ACTUAL,5.1,-6.2,44,192,10,0.6,,85.4,23,678,3.7,43,9,2
PASKA LAKE,2021-10-08,ACTUAL,7.6,-11.3,25,248,8,0,,88.5,24,680,5.2,44,13,2
PASKA LAKE,2021-10-09,ACTUAL,6.1,-0.8,61,203,17,0,,86.1,25,682,5.9,45,14,2
PASKA LAKE,2021-10-10,ACTUAL,-1.4,-2.6,92,171,7,0,,80.6,25,682,1.7,45,5,1
PASKA LAKE,2021-10-11,ACTUAL,2,-2.1,74,323,8,4.4,,46.5,16,658,0.2,31,0,1
PASKA LAKE,2021-10-12,ACTUAL,-0.3,-5.7,67,185,17,3.4,,43.1,12,643,0.1,22,0,1
PASKA LAKE,2021-10-13,ACTUAL,2.5,-3.4,65,242,4,2,,45.6,10,645,0.1,19,0,1
PASKA LAKE,2021-10-14,ACTUAL,6.1,-2.3,55,223,13,0.2,,65.1,11,646,1,20,1,1
PASKA LAKE,2021-10-15,ACTUAL,5.6,1,72,179,19,0,,73.2,11,648,1.8,21,3,1
PASKA LAKE,2021-10-16,ACTUAL,7.1,4.7,85,176,21,0,,75.4,11,650,2.2,21,4,1
PASKA LAKE,2021-10-17,ACTUAL,7.1,0.1,61,204,18,0,,80.2,11,652,2.8,22,5,1
PASKA LAKE,2021-10-18,ACTUAL,6.5,1.1,68,231,6,0,,81.1,12,654,1.8,23,3,1
PASKA LAKE,2021-10-19,ACTUAL,13.1,-2.9,33,149,17,0,,87.2,13,657,6.6,25,11,2
PASKA LAKE,2021-10-20,ACTUAL,4.9,2.7,86,211,14,0,,81.9,13,659,2.9,26,5,2
PASKA LAKE,2021-10-21,ACTUAL,7.4,0.2,60,145,17,0,,83,14,661,3.8,26,7,2
PASKA LAKE,2021-10-22,ACTUAL,6.7,1.5,69,203,13,0.4,,83.1,14,663,3.1,27,6,2
PASKA LAKE,2021-10-23,ACTUAL,5.3,-2.5,57,221,15,0,,83.5,15,664,3.7,28,7,2
PASKA LAKE,2021-10-24,ACTUAL,2.5,0.5,87,119,20,1.2,,71.4,15,665,1.8,28,3,1
PASKA LAKE,2021-10-25,ACTUAL,4.5,-0.3,71,171,23,4.8,,50.2,9,640,0.5,18,0,1
PASKA LAKE,2021-10-26,ACTUAL,2.8,-1.9,71,167,21,0,,64.1,9,641,1.4,18,2,1
PASKA LAKE,2021-10-27,ACTUAL,2.7,-3,66,228,19,1.4,,65.2,10,642,1.4,19,2,1
PASKA LAKE,2021-10-28,ACTUAL,0.1,-0.8,94,164,11,0,,66.5,10,643,0.9,19,1,1
PASKA LAKE,2021-10-29,ACTUAL,-2,-5,80,357,13,2,,54.3,8,643,0.5,16,0,1
PASKA LAKE,2021-10-30,ACTUAL,2,-8.2,47,31,3,4.2,,43.5,5,623,0.1,10,0,1
PASKA LAKE,2021-10-31,ACTUAL,3.5,-9.3,39,122,6,6.2,,40.4,3,590,0.1,5,0,1
SPARKS LAKE,2021-05-01,ACTUAL,8.9,-1.3,49,269,8,1.2,,78.9,23,319,1.6,39,4,1
SPARKS LAKE,2021-05-02,ACTUAL,13.6,-7.2,23,145,7,0.6,,87.1,26,324,4,43,10,2
SPARKS LAKE,2021-05-03,ACTUAL,10.2,-1.3,45,273,6,0,,87.1,28,328,3.8,46,10,2
SPARKS LAKE,2021-05-04,ACTUAL,12.5,-1.9,37,334,8,0.4,,88.1,30,333,4.9,49,13,2
SPARKS LAKE,2021-05-05,ACTUAL,14.8,-1.9,32,179,10,0,,89.4,33,338,6.6,53,17,2
SPARKS LAKE,2021-05-06,ACTUAL,14.5,1.7,42,172,8,0,,89.4,35,343,5.9,56,16,2
SPARKS LAKE,2021-05-07,ACTUAL,6.1,-2,56,245,4,1.8,,71.9,33,346,0.8,54,2,2
SPARKS LAKE,2021-05-08,ACTUAL,9.4,-6.2,33,67,4,0.4,,81.7,35,350,1.7,56,6,2
SPARKS LAKE,2021-05-09,ACTUAL,13,-1.9,36,249,7,0,,86.5,38,355,3.8,59,12,2
SPARKS LAKE,2021-05-10,ACTUAL,7,4.1,82,187,3,1,,76.3,38,359,0.9,60,3,2
SPARKS LAKE,2021-05-11,ACTUAL,16.3,-2.4,28,243,6,1.4,,81,41,364,1.7,64,6,2
SPARKS LAKE,2021-05-12,ACTUAL,8.5,5.6,82,189,6,2,,62,38,368,0.6,60,2,2
SPARKS LAKE,2021-05-13,ACTUAL,17.7,1.5,34,295,7,0.4,,81.7,41,374,2,64,7,2
SPARKS LAKE,2021-05-14,ACTUAL,19.7,0.1,27,234,5,0,,89.3,45,380,5.1,69,16,2
SPARKS LAKE,2021-05-15,ACTUAL,22.2,-0.6,22,287,7,0.4,,92.6,50,386,8.6,75,25,3
SPARKS LAKE,2021-05-16,ACTUAL,23.2,4.6,30,188,6,0,,92.6,54,393,8.3,81,25,3
SPARKS LAKE,2021-05-17,ACTUAL,12.7,5.4,61,358,9,0,,87.9,56,397,5.1,82,18,3
SPARKS LAKE,2021-05-18,ACTUAL,9.5,-9.2,26,258,9,0.8,,87,58,401,4.4,85,16,2
SPARKS LAKE,2021-05-19,ACTUAL,6.1,2,75,299,7,2.4,,62.1,49,405,0.6,76,2,2
SPARKS LAKE,2021-05-20,ACTUAL,12.7,-3.7,32,312,10,1,,77.3,52,410,1.5,79,6,2
SPARKS LAKE,2021-05-21,ACTUAL,16.5,-7.9,18,302,9,0.4,,89.4,56,415,6.1,83,20,3
SPARKS LAKE,2021-05-22,ACTUAL,21.2,-11.8,10,313,12,0,,95.2,61,421,16.6,89,42,3
SPARKS LAKE,2021-05-23,ACTUAL,23.1,-1.1,20,235,9,0,,95.2,66,428,13.9,95,38,4
SPARKS LAKE,2021-05-24,ACTUAL,18.3,-1.1,27,295,11,0,,93.8,70,433,12.6,99,37,4
SPARKS LAKE,2021-05-25,ACTUAL,14.4,10.8,79,212,5,7.6,,44,40,410,0.1,65,0,2
SPARKS LAKE,2021-05-26,ACTUAL,16.1,1.7,38,162,12,0.2,,74.7,43,416,1.4,68,5,2
SPARKS LAKE,2021-05-27,ACTUAL,8.2,5,80,185,13,3,,54.6,35,413,0.5,57,1,2
SPARKS LAKE,2021-05-28,ACTUAL,14.5,3,46,170,8,0.8,,73.2,37,418,1,60,3,2
SPARKS LAKE,2021-05-29,ACTUAL,18.6,0.1,29,218,9,1.2,,83.2,40,423,2.6,65,9,2
SPARKS LAKE,2021-05-30,ACTUAL,18.8,0.3,29,262,6,0,,89.2,44,429,5.2,70,16,2
SPARKS LAKE,2021-05-31,ACTUAL,24.2,4.9,29,179,9,0,,91.6,49,436,8.6,76,25,3
SPARKS LAKE,2021-06-01,ACTUAL,26.3,5.7,27,229,8,0,,92.7,54,444,9.6,83,28,3
SPARKS LAKE,2021-06-02,ACTUAL,28.8,0.5,16,170,11,0,,95.5,61,453,16.2,91,41,3
SPARKS LAKE,2021-06-03,ACTUAL,22.7,4.1,30,169,6,0,,93.9,65,460,10.2,96,31,4
SPARKS LAKE,2021-06-04,ACTUAL,19.9,-2.5,22,120,11,0,,93.9,69,467,13.2,101,38,4
SPARKS LAKE,2021-06-05,ACTUAL,16.6,-1.6,29,213,8,0,,92.9,73,474,9.8,105,32,4
SPARKS LAKE,2021-06-06,ACTUAL,15,-2.6,30,182,13,0.8,,89,76,480,7,109,26,3
SPARKS LAKE,2021-06-07,ACTUAL,11.1,-0.5,45,206,5,0,,88.6,77,485,4.6,111,19,3
SPARKS LAKE,2021-06-08,ACTUAL,14.7,1.8,42,227,7,0.6,,87.4,80,491,4.1,114,18,3
SPARKS LAKE,2021-06-09,ACTUAL,16.9,0,32,243,9,0,,89.5,83,498,6.3,117,25,3
SPARKS LAKE,2021-06-10,ACTUAL,17.5,-2.8,25,267,10,0,,91.3,87,504,8.7,121,31,4
SPARKS LAKE,2021-06-11,ACTUAL,14.8,-2.3,31,182,16,0,,91.4,90,510,11.6,125,38,4
SPARKS LAKE,2021-06-12,ACTUAL,19.4,1.7,31,151,10,0,,91.4,93,517,8.9,129,32,4
SPARKS LAKE,2021-06-13,ACTUAL,20.7,7.3,42,167,14,0,,90.7,97,524,9.4,132,34,4
SPARKS LAKE,2021-06-14,ACTUAL,22.5,6.2,35,165,12,0,,90.7,101,532,8.9,137,33,4
SPARKS LAKE,2021-06-15,ACTUAL,20.1,2.8,32,167,12,0.4,,90.8,105,539,8.8,141,33,4
SPARKS LAKE,2021-06-16,ACTUAL,20.9,-1.7,22,246,9,0,,92.6,109,546,9.7,145,36,4
SPARKS LAKE,2021-06-17,ACTUAL,23.1,0.2,22,262,7,0,,93.3,114,553,9.6,151,36,4
SPARKS LAKE,2021-06-18,ACTUAL,23.6,0.6,22,213,5,0,,93.5,119,561,9,156,35,4
SPARKS LAKE,2021-06-19,ACTUAL,17.2,7.3,52,359,7,0,,89.7,121,568,5.9,158,26,4
SPARKS LAKE,2021-06-20,ACTUAL,23.8,5.6,31,225,5,0.4,,91.2,126,575,6.7,163,29,4
SPARKS LAKE,2021-06-21,ACTUAL,28.2,5.7,24,276,7,0,,93.5,132,584,10.1,169,38,4
SPARKS LAKE,2021-06-22,ACTUAL,29.4,4.1,20,288,7,0,,94.8,138,592,11.6,175,42,4
SPARKS LAKE,2021-06-23,ACTUAL,27,4.7,24,37,6,0,,94.8,144,601,11.5,180,42,4
SPARKS LAKE,2021-06-24,ACTUAL,23,10.8,46,305,9,0,,91.2,147,608,8,184,33,4
SPARKS LAKE,2021-06-25,ACTUAL,27.8,10,33,313,15,0,,91.8,152,617,11.7,188,43,4
SPARKS LAKE,2021-06-26,ACTUAL,33.7,11.5,26,208,9,0,,94.1,159,626,12.2,195,44,4
SPARKS LAKE,2021-06-27,ACTUAL,37.6,7.5,16,147,8,0,,97,168,636,17,202,54,5
SPARKS LAKE,2021-06-28,MANUAL,38.7,8.4,16,128,9,0,70,97.3,177,647,18.5,210,58,5
SPARKS LAKE,2021-06-29,MANUAL,41.8,5.2,11,180,11,0,70,98.7,187,658,24.2,218,68,5
SPARKS LAKE,2021-06-30,MANUAL,44.5,10.9,14,138,18,0.2,70,98.8,197,669,35.1,227,85,5
SPARKS LAKE,2021-07-01,MANUAL,29.3,13,37,34,6,0,70,94.1,201,678,10.2,231,40,4
SPARKS LAKE,2021-07-02,ACTUAL,26.7,1.1,19,319,10,0,70,94.6,207,686,13.5,236,48,5
SPARKS LAKE,2021-07-03,ACTUAL,27.9,5.4,24,325,9,0,70,94.7,212,695,12.9,241,46,4
SPARKS LAKE,2021-07-04,ACTUAL,25,8.4,35,323,10,0,70,93,216,703,11,244,42,4
SPARKS LAKE,2021-07-05,ACTUAL,27,6.9,28,314,7,0,70,93,221,712,9.5,249,38,4
SPARKS LAKE,2021-07-06,ACTUAL,27.3,7.6,29,307,10,0,70,93.1,225,721,11.2,253,43,4
SPARKS LAKE,2021-07-07,ACTUAL,28.5,7.1,26,276,11,0,70,93.4,231,729,12.1,258,45,4
SPARKS LAKE,2021-07-08,ACTUAL,26.3,10.8,38,252,7,0,70,92.4,234,738,8.8,261,37,4
SPARKS LAKE,2021-07-09,ACTUAL,27.4,9.2,32,257,9,0,70,92.5,239,747,9.8,266,39,4
SPARKS LAKE,2021-07-10,ACTUAL,27.2,6.5,27,334,7,0,70,92.9,244,755,9.1,270,38,4
SPARKS LAKE,2021-07-11,ACTUAL,26.7,5.5,26,338,9,0,70,93.1,249,764,10.6,274,41,4
SPARKS LAKE,2021-07-12,ACTUAL,28.7,4.2,21,329,9,0,70,94.4,254,772,12.4,279,46,4
SPARKS LAKE,2021-07-13,ACTUAL,31.1,0.4,14,274,9,0,70,96.4,261,782,16.4,284,54,5
SPARKS LAKE,2021-07-14,ACTUAL,27.2,5.4,25,150,6,0,70,95.3,266,790,12.4,289,46,4
SPARKS LAKE,2021-07-15,ACTUAL,25.8,4.8,26,355,7,0,70,94.7,270,799,12,293,45,4
SPARKS LAKE,2021-07-16,ACTUAL,24.5,7.5,34,150,11,0,70,93.1,274,807,11.7,297,44,4
SPARKS LAKE,2021-07-17,ACTUAL,23.1,4.5,30,179,10,0,70,93.1,278,815,10.8,300,42,4
SPARKS LAKE,2021-07-18,ACTUAL,24.1,3.3,26,279,8,0,70,93.2,283,823,10.2,304,40,4
SPARKS LAKE,2021-07-19,ACTUAL,27,-0.2,17,285,9,0,70,95,288,831,13.3,309,48,5
SPARKS LAKE,2021-07-20,ACTUAL,24.8,2.2,23,202,11,0,70,94.9,293,839,14.6,313,51,5
SPARKS LAKE,2021-07-21,ACTUAL,22.1,-0.1,23,253,10,0,70,94.6,297,847,13.8,317,49,5
SPARKS LAKE,2021-07-22,ACTUAL,19.4,-2.3,23,258,10,0,70,94.2,301,854,12.7,320,47,4
SPARKS LAKE,2021-07-23,ACTUAL,21.8,3.3,30,308,5,0,70,93.4,305,862,9,323,37,4
SPARKS LAKE,2021-07-24,ACTUAL,25,5.6,29,237,9,0,70,93.4,309,870,10.7,327,42,4
SPARKS LAKE,2021-07-25,ACTUAL,25.3,5.9,29,266,8,0,70,93.5,313,878,10.6,331,41,4
SPARKS LAKE,2021-07-26,ACTUAL,25,6.6,31,274,8,0,70,93.3,318,887,10.2,335,40,4
SPARKS LAKE,2021-07-27,ACTUAL,25.3,3.8,25,284,6,0,70,93.4,322,895,9.5,339,39,4
SPARKS LAKE,2021-07-28,ACTUAL,27.3,2.4,20,236,7,0,70,94.4,328,904,11.3,344,43,4
SPARKS LAKE,2021-07-29,ACTUAL,27,7.4,29,5,7,0,70,94.1,332,912,11.1,348,43,4
SPARKS LAKE,2021-07-30,ACTUAL,27.4,7.2,28,291,7,0,70,94.2,337,921,11,352,42,4
SPARKS LAKE,2021-07-31,ACTUAL,26.5,7.4,30,314,4,0,70,93.9,342,929,9.2,356,38,4
SPARKS LAKE,2021-08-01,ACTUAL,17.2,15.9,92,94,3,1,70,79.3,342,935,1.2,357,9,3
SPARKS LAKE,2021-08-02,ACTUAL,22,16.8,72,227,8,2.6,70,68.1,125,942,0.9,188,6,3
SPARKS LAKE,2021-08-03,ACTUAL,29.5,6.2,23,334,9,0,70,91.3,130,951,8.2,194,34,4
SPARKS LAKE,2021-08-04,ACTUAL,29.4,2.6,18,239,9,0,70,95,135,959,13.5,200,47,5
SPARKS LAKE,2021-08-05,ACTUAL,30.1,1.5,16,287,10,0,70,95.9,141,967,15.8,206,52,5
SPARKS LAKE,2021-08-06,ACTUAL,22.3,6.8,37,202,9,0,70,92.8,144,974,9.9,210,39,4
SPARKS LAKE,2021-08-07,ACTUAL,20,8,46,242,8,0.4,70,90.5,146,981,7,213,31,4
SPARKS LAKE,2021-08-08,ACTUAL,14.2,9.1,71,306,12,1.2,70,79.1,147,986,1.9,214,12,3
SPARKS LAKE,2021-08-09,ACTUAL,23.9,9,39,289,10,0,70,88.1,150,994,5.4,218,26,4
SPARKS LAKE,2021-08-10,ACTUAL,21.8,10.3,48,337,10,0,70,88.1,153,1001,5.4,221,26,4
SPARKS LAKE,2021-08-11,ACTUAL,27.7,9.4,32,327,16,0,70,91.7,157,1009,12.2,226,45,4
SPARKS LAKE,2021-08-12,ACTUAL,26.3,6.3,28,12,15,0,70,92.5,161,1016,13,230,47,4
SPARKS LAKE,2021-08-13,ACTUAL,30.9,5.3,20,264,8,0,70,94.9,166,1025,12.5,236,46,4
SPARKS LAKE,2021-08-14,ACTUAL,31,4.7,19,280,7,0,70,95.4,171,1034,12.9,242,47,4
SPARKS LAKE,2021-08-15,ACTUAL,28.4,5.8,24,287,10,0,70,95.3,176,1042,14.5,248,50,5
SPARKS LAKE,2021-08-16,ACTUAL,19.3,5.3,40,305,13,0.8,70,88.7,179,1048,6.8,250,31,4
SPARKS LAKE,2021-08-17,ACTUAL,16.7,6.2,50,22,8,10.6,70,56.6,74,890,0.5,123,2,2
SPARKS LAKE,2021-08-18,ACTUAL,22.4,6.5,36,301,6,0,70,81.9,77,897,1.9,127,10,3
SPARKS LAKE,2021-08-19,ACTUAL,18.2,8.5,53,310,12,0,70,85.4,79,903,4.1,130,19,3
SPARKS LAKE,2021-08-20,ACTUAL,21,3.6,32,221,10,0,70,89.8,82,910,7,134,28,3
SPARKS LAKE,2021-08-21,ACTUAL,22.1,5.8,35,239,8,0,70,90.4,85,917,6.7,139,27,3
SPARKS LAKE,2021-08-22,ACTUAL,10,7.2,83,157,4,9.6,70,34.7,46,809,0,80,0,2
SPARKS LAKE,2021-08-23,ACTUAL,9.2,5.8,79,335,8,2,70,41.8,42,813,0.1,74,0,2
SPARKS LAKE,2021-08-24,ACTUAL,15.6,4.6,48,208,4,0,70,67,43,819,0.7,77,3,2
SPARKS LAKE,2021-08-25,ACTUAL,20.9,6,38,267,7,0,70,84,46,826,2.6,81,10,2
SPARKS LAKE,2021-08-26,ACTUAL,18.6,3.9,38,187,10,0,70,88.1,49,832,5.3,85,19,3
SPARKS LAKE,2021-08-27,ACTUAL,16,6.2,52,317,6,0,70,88,50,838,4.3,88,16,2
SPARKS LAKE,2021-08-28,ACTUAL,21.1,5.7,37,169,13,0.2,70,89.6,53,845,7.7,92,25,3
SPARKS LAKE,2021-08-29,ACTUAL,22,4,31,255,9,0,70,91,57,852,7.9,97,26,3
SPARKS LAKE,2021-08-30,ACTUAL,17.8,6.3,47,203,7,0,70,89.7,59,858,5.7,100,21,3
SPARKS LAKE,2021-08-31,ACTUAL,9.4,5.8,78,336,3,8.2,70,38.4,33,779,0,59,0,2
SPARKS LAKE,2021-09-01,ACTUAL,15.6,5.2,50,321,11,2.2,70,61.4,30,784,0.8,55,2,2
SPARKS LAKE,2021-09-02,ACTUAL,18,2.6,36,334,9,0,70,81.8,32,789,2.2,58,7,2
SPARKS LAKE,2021-09-03,ACTUAL,21.9,3,29,184,9,0,70,89.8,35,794,6.7,63,19,3
SPARKS LAKE,2021-09-04,ACTUAL,13.2,9.7,79,125,2,0.2,70,84.9,36,798,2.3,64,8,2
SPARKS LAKE,2021-09-05,ACTUAL,19.2,5.6,41,206,9,0.8,70,86.1,38,803,3.8,67,13,2
SPARKS LAKE,2021-09-06,ACTUAL,20.4,2.1,30,181,11,0,70,90.2,40,809,7.6,72,22,3
SPARKS LAKE,2021-09-07,ACTUAL,24,5.3,30,173,11,0,70,91.6,44,815,9.5,77,27,3
SPARKS LAKE,2021-09-08,ACTUAL,20,10.2,53,240,9,0.4,70,89.2,45,820,5.9,80,19,3
SPARKS LAKE,2021-09-09,ACTUAL,15.1,9.9,71,197,7,0,70,85.8,46,825,3.3,81,13,2
SPARKS LAKE,2021-09-10,ACTUAL,17.6,10.1,61,287,7,0,70,85.8,47,829,3.3,83,13,2
SPARKS LAKE,2021-09-11,ACTUAL,21.3,6.7,39,283,8,0,70,88.8,50,835,5.4,87,19,3
SPARKS LAKE,2021-09-12,ACTUAL,17,4.9,45,340,13,0.4,70,88.8,52,840,6.8,89,23,3
SPARKS LAKE,2021-09-13,ACTUAL,19,2.7,34,198,9,0,70,89.9,54,845,6.7,93,23,3
SPARKS LAKE,2021-09-14,ACTUAL,9.8,8.4,91,180,5,1,70,77.8,54,848,1.2,93,6,3
SPARKS LAKE,2021-09-15,ACTUAL,10.1,-2.3,42,316,13,1.6,70,75.8,53,852,1.5,92,7,3
SPARKS LAKE,2021-09-16,ACTUAL,12.2,-1.5,39,296,8,0,70,83.9,55,856,2.7,94,12,3
SPARKS LAKE,2021-09-17,ACTUAL,6.6,4.7,88,164,10,0.8,70,77.1,55,859,1.4,94,7,3
SPARKS LAKE,2021-09-18,ACTUAL,12.8,0.8,44,182,9,4.6,70,62.2,39,822,0.7,69,3,2
SPARKS LAKE,2021-09-19,ACTUAL,11.9,3.4,56,240,5,0.2,70,74.4,40,826,0.9,71,4,2
SPARKS LAKE,2021-09-20,ACTUAL,14,6.2,59,169,9,16.2,70,46.6,18,675,0.2,33,0,1
SPARKS LAKE,2021-09-21,ACTUAL,8.6,4.6,76,179,5,0,70,58.4,18,678,0.5,34,1,1
SPARKS LAKE,2021-09-22,ACTUAL,17.4,8.6,56,313,7,0,70,75.6,20,683,1.1,37,2,1
SPARKS LAKE,2021-09-23,ACTUAL,17.5,5.7,46,287,7,0,70,84,21,688,2.6,40,7,2
SPARKS LAKE,2021-09-24,ACTUAL,17.1,5,45,272,6,0,70,86.7,23,693,3.6,43,9,2
SPARKS LAKE,2021-09-25,ACTUAL,16.2,7.5,56,286,6,0,70,86.7,25,698,3.6,45,9,2
SPARKS LAKE,2021-09-26,ACTUAL,19,3.9,37,179,13,0,70,89,27,703,7.3,49,17,2
SPARKS LAKE,2021-09-27,ACTUAL,14.8,2.3,43,174,17,7.4,70,64.6,16,655,1.2,31,2,1
SPARKS LAKE,2021-09-28,ACTUAL,10.2,4.2,66,266,5,1.6,70,63.7,16,659,0.7,30,1,1
SPARKS LAKE,2021-09-29,ACTUAL,8.5,1.7,62,160,12,0,70,74.4,17,662,1.4,31,3,1
SPARKS LAKE,2021-09-30,ACTUAL,11.7,3.5,57,187,11,0,70,80.8,18,666,2.1,33,5,1
SPARKS LAKE,2021-10-01,ACTUAL,12.5,1.1,46,155,10,0,70,84.9,19,669,3.5,35,8,2
SPARKS LAKE,2021-10-02,ACTUAL,11.6,0.9,48,163,11,0,70,85.9,20,671,4.1,37,10,2
SPARKS LAKE,2021-10-03,ACTUAL,15.5,-1.7,31,238,11,0,70,89.1,22,675,6.4,40,14,2
SPARKS LAKE,2021-10-04,ACTUAL,10,0,50,273,4,0,70,88.1,22,677,4,41,10,2
SPARKS LAKE,2021-10-05,ACTUAL,13.1,2.3,48,164,18,0,70,88.1,23,680,7.9,43,17,2
SPARKS LAKE,2021-10-06,ACTUAL,7.5,-2,51,297,5,0,70,87.4,24,682,3.8,44,10,2
SPARKS LAKE,2021-10-07,ACTUAL,8.5,-2.2,47,195,7,0,70,87.4,25,685,4.2,46,11,2
SPARKS LAKE,2021-10-08,ACTUAL,9.6,-3.1,41,220,6,0,70,87.5,26,687,4.1,47,11,2
SPARKS LAKE,2021-10-09,ACTUAL,10.5,-0.1,48,170,15,0,70,87.5,27,690,6.4,49,16,2
SPARKS LAKE,2021-10-10,ACTUAL,7.1,-3.2,48,321,12,1.6,70,76.4,26,692,1.6,48,5,1
SPARKS LAKE,2021-10-11,ACTUAL,7.4,-3.2,47,346,7,0.2,70,81.7,27,694,1.9,49,6,2
SPARKS LAKE,2021-10-12,ACTUAL,2.9,-2.4,68,177,8,0,70,81.7,27,695,2.1,49,6,2
SPARKS LAKE,2021-10-13,ACTUAL,7.3,-1.7,53,278,6,0.6,70,82.4,28,697,2.1,50,6,2
SPARKS LAKE,2021-10-14,ACTUAL,9.1,-1.1,49,175,8,0,70,84.4,29,699,2.8,52,8,2
SPARKS LAKE,2021-10-15,ACTUAL,8.8,2.4,64,137,10,0.2,70,84.5,29,702,3.3,53,10,2
SPARKS LAKE,2021-10-16,ACTUAL,11.1,5,66,150,16,0,70,84.5,30,704,4.5,54,13,2
SPARKS LAKE,2021-10-17,ACTUAL,12.6,1.8,48,166,8,0,70,85.8,31,707,3.6,56,11,2
SPARKS LAKE,2021-10-18,ACTUAL,9.1,2.5,63,275,8,0.2,70,85.3,31,710,3.3,56,10,2
SPARKS LAKE,2021-10-19,ACTUAL,7,3.3,77,169,7,0,70,83.2,32,712,2.4,57,8,2
SPARKS LAKE,2021-10-20,ACTUAL,10.6,2.5,57,164,15,0,70,84.2,32,714,4.1,58,12,2
SPARKS LAKE,2021-10-21,ACTUAL,11,1.8,53,173,13,0,70,85,33,717,4,60,12,2
SPARKS LAKE,2021-10-22,ACTUAL,11.4,4.4,62,190,10,0,70,85.1,34,720,3.4,61,11,2
SPARKS LAKE,2021-10-23,ACTUAL,10.6,-0.3,47,168,14,0,70,86,35,722,4.9,62,15,2
SPARKS LAKE,2021-10-24,ACTUAL,7.4,2.5,71,154,15,0,70,84.2,35,724,3.9,63,13,2
SPARKS LAKE,2021-10-25,ACTUAL,8.1,1.5,63,157,15,4.8,70,56.2,24,695,0.7,43,1,1
SPARKS LAKE,2021-10-26,ACTUAL,8.7,-0.3,53,161,16,0,70,73.2,24,697,1.6,45,4,1
SPARKS LAKE,2021-10-27,ACTUAL,8.8,-2.2,46,215,9,0.2,70,81,25,700,2,46,6,2
SPARKS LAKE,2021-10-28,ACTUAL,2,1.4,96,135,5,4.8,70,33.3,16,671,0,31,0,1
SPARKS LAKE,2021-10-29,ACTUAL,2.8,-1.5,73,317,9,5.8,70,29.3,10,637,0,18,0,1
SPARKS LAKE,2021-10-30,ACTUAL,2.3,-6.6,52,280,7,0.2,70,49.9,10,638,0.2,19,0,1
SPARKS LAKE,2021-10-31,ACTUAL,1.3,-5.2,62,288,6,0,70,61.9,10,639,0.6,19,1,1
WELLS GRAY,2021-05-01,ACTUAL,10.7,-1.1,44,310,7,2,,,,,,,,
WELLS GRAY,2021-05-02,ACTUAL,15.8,-4.3,25,71,8,0,,,,,,,,
WELLS GRAY,2021-05-03,ACTUAL,10.1,0.1,50,206,5,0,,,,,,,,
WELLS GRAY,2021-05-04,ACTUAL,13.5,-3,32,171,9,1.6,,,,,,,,
WELLS GRAY,2021-05-05,ACTUAL,16.2,-2.9,27,187,6,0,,,,,,,,
WELLS GRAY,2021-05-06,ACTUAL,15.4,-0.9,33,160,9,0,,,,,,,,
WELLS GRAY,2021-05-07,ACTUAL,5,3.8,92,177,6,11.2,,,,,,,,
WELLS GRAY,2021-05-08,ACTUAL,9.2,-4.2,39,180,5,0.2,,,,,,,,
WELLS GRAY,2021-05-09,ACTUAL,14.9,-3.6,28,173,8,0,,,,,,,,
WELLS GRAY,2021-05-10,ACTUAL,13.5,0.8,42,200,8,0,,,,,,,,
WELLS GRAY,2021-05-11,ACTUAL,17.9,-6.1,19,203,7,0,,,,,,,,
WELLS GRAY,2021-05-12,ACTUAL,17.2,1.5,35,163,9,0,,,,,,,,
WELLS GRAY,2021-05-13,ACTUAL,19.2,0.1,28,296,6,0.2,,,,,,,,
WELLS GRAY,2021-05-14,ACTUAL,20.3,2.5,31,154,8,0,,,,,,,,
WELLS GRAY,2021-05-15,ACTUAL,21.2,0.3,25,21,5,0,,,,,,,,
WELLS GRAY,2021-05-16,ACTUAL,23.4,4.7,30,146,8,0,,,,,,,,
WELLS GRAY,2021-05-17,ACTUAL,9,8.7,98,139,4,6.6,,,,,,,,
WELLS GRAY,2021-05-18,ACTUAL,7.6,2.5,70,174,12,14.2,,,,,,,,
WELLS GRAY,2021-05-19,ACTUAL,9,1.2,58,255,5,1.2,,,,,,,,
WELLS GRAY,2021-05-20,ACTUAL,14.7,-4.7,26,136,9,0,,,,,,,,
WELLS GRAY,2021-05-21,ACTUAL,18.8,-13.7,10,299,7,0,,,,,,,,
WELLS GRAY,2021-05-22,ACTUAL,21,-10.7,11,298,7,0,,,,,,,,
WELLS GRAY,2021-05-23,ACTUAL,23.3,-5.8,14,223,9,0,,,,,,,,
WELLS GRAY,2021-05-24,ACTUAL,14,5.7,57,282,7,0,,,,,,,,
WELLS GRAY,2021-05-25,ACTUAL,11.3,8.9,85,321,3,6,,85,6,15,2.4,6,2,2
WELLS GRAY,2021-05-26,ACTUAL,13.8,10.1,78,131,6,8.4,,42,4,8,0.1,3,0,1
WELLS GRAY,2021-05-27,ACTUAL,7.9,7.6,98,44,4,12.6,,9,1,4,0,1,0,1
WELLS GRAY,2021-05-28,ACTUAL,11.6,5.1,64,228,4,4.2,,30.3,1,4,0,1,0,1
WELLS GRAY,2021-05-29,ACTUAL,19.1,6.5,44,176,9,0,,68.3,4,10,0.9,4,0,1
WELLS GRAY,2021-05-30,ACTUAL,21.1,-1.5,22,154,12,0,,88.4,9,17,6.2,9,6,2
WELLS GRAY,2021-05-31,ACTUAL,25.2,6.3,30,147,7,0,,91.5,14,23,7.6,13,9,2
WELLS GRAY,2021-06-01,ACTUAL,25.6,7.1,31,169,6,0.2,,91.8,18,31,7.5,18,11,2
WELLS GRAY,2021-06-02,ACTUAL,27.6,2.6,20,159,9,0,,94.3,25,40,12.6,24,18,3
WELLS GRAY,2021-06-03,ACTUAL,23.9,4.7,29,149,6,0,,93.8,29,48,9.7,29,17,3
WELLS GRAY,2021-06-04,ACTUAL,17.8,4.3,41,157,9,0,,91.3,32,54,8,32,15,3
WELLS GRAY,2021-06-05,ACTUAL,10.3,8.1,86,173,8,6.2,,41.6,19,51,0.1,20,0,1
WELLS GRAY,2021-06-06,ACTUAL,8.8,5.4,79,352,8,4.8,,34.6,13,50,0,15,0,1
WELLS GRAY,2021-06-07,ACTUAL,5.8,5.2,96,157,4,6.2,,14.1,7,46,0,10,0,1
WELLS GRAY,2021-06-08,ACTUAL,13.7,7.8,67,333,7,6.8,,33.2,5,42,0,7,0,1
WELLS GRAY,2021-06-09,ACTUAL,13.3,5.5,59,274,8,4.6,,45,4,42,0.1,6,0,1
WELLS GRAY,2021-06-10,ACTUAL,11.8,8.1,78,180,8,2.8,,45.4,3,45,0.1,5,0,1
WELLS GRAY,2021-06-11,ACTUAL,16.2,-0.2,33,163,13,1,,74.4,6,52,1.4,9,1,1
WELLS GRAY,2021-06-12,ACTUAL,16.1,2,39,228,5,0.8,,81.9,9,58,1.8,13,2,2
WELLS GRAY,2021-06-13,ACTUAL,12,11,94,150,2,4.8,,35.4,5,58,0,8,0,1
WELLS GRAY,2021-06-14,ACTUAL,20.4,10,51,170,8,0.2,,69.3,8,65,0.9,12,1,1
WELLS GRAY,2021-06-15,ACTUAL,18.1,6.6,47,198,4,1.8,,72.5,9,71,0.8,14,1,1
WELLS GRAY,2021-06-16,ACTUAL,17.5,4.7,43,180,7,8.8,,58.2,7,64,0.5,11,0,1
WELLS GRAY,2021-06-17,ACTUAL,22.2,2.7,28,173,8,0,,84.6,12,71,3,17,4,2
WELLS GRAY,2021-06-18,ACTUAL,21.8,3.8,31,213,4,0,,89.7,16,79,5.1,21,8,3
WELLS GRAY,2021-06-19,ACTUAL,12.7,11.4,92,203,4,7.4,,32.6,9,73,0,13,0,1
WELLS GRAY,2021-06-20,ACTUAL,23.6,8.8,39,182,5,1.4,,70.1,13,80,0.8,18,1,1
WELLS GRAY,2021-06-21,ACTUAL,28,4.9,23,221,7,0,,90.7,19,89,6.8,24,11,3
WELLS GRAY,2021-06-22,ACTUAL,28.9,4.4,21,167,14,0,,94.3,25,97,15.6,30,24,3
WELLS GRAY,2021-06-23,MANUAL,17.9,12.4,70,136,3,0.4,,87.6,26,104,3.6,32,8,2
WELLS GRAY,2021-06-24,ACTUAL,26.3,7.7,31,244,7,0.4,,91.4,31,112,7.5,37,15,3
WELLS GRAY,2021-06-25,ACTUAL,28.2,9.9,32,277,9,0,,92,37,121,9.2,42,19,3
WELLS GRAY,2021-06-26,ACTUAL,34.2,10.7,24,174,6,0,,94.6,44,130,11,48,23,4
WELLS GRAY,2021-06-27,ACTUAL,37,6.1,15,187,7,0,,97.1,52,140,16.1,54,32,4
WELLS GRAY,2021-06-28,ACTUAL,38.5,7.3,15,171,7,0,,97.5,61,151,17.2,61,36,4
WELLS GRAY,2021-06-29,ACTUAL,39.4,10.7,18,202,5,0,,97.5,70,161,15.8,70,36,4
WELLS GRAY,2021-06-30,ACTUAL,40.4,9.7,16,186,6,0,,97.6,79,172,16.5,79,39,5
WELLS GRAY,2021-07-01,ACTUAL,31,15.8,40,154,8,0,,93.4,83,181,10.5,83,30,4
WELLS GRAY,2021-07-02,ACTUAL,29.6,6.2,23,180,7,1.2,,92.2,89,190,8.5,89,27,4
WELLS GRAY,2021-07-03,ACTUAL,28.1,8.3,29,197,6,0,,92.6,94,199,8.2,94,27,4
WELLS GRAY,2021-07-04,ACTUAL,25,8.4,35,177,3,0,,92.5,98,207,7.2,98,25,4
WELLS GRAY,2021-07-05,ACTUAL,23.9,9.8,41,192,6,0,,91.5,101,215,7.2,101,25,4
WELLS GRAY,2021-07-06,ACTUAL,28.8,7.9,27,177,8,0,,93.1,106,224,9.8,106,32,5
WELLS GRAY,2021-07-07,ACTUAL,31.8,3.7,17,217,6,0,,95.7,113,233,12.7,113,39,5
WELLS GRAY,2021-07-08,ACTUAL,27.8,9.5,32,183,7,0,,94.1,118,242,10.9,117,36,5
WELLS GRAY,2021-07-09,ACTUAL,28.8,8.9,29,204,7,0,,94.1,123,251,11.1,122,37,5
WELLS GRAY,2021-07-10,ACTUAL,29.5,7.9,26,121,7,0,,94.2,128,260,10.7,128,37,5
WELLS GRAY,2021-07-11,ACTUAL,28,5.5,24,183,8,0,,94.2,133,269,11.5,133,39,5
WELLS GRAY,2021-07-12,ACTUAL,28.9,4.4,21,161,8,0,,94.6,139,278,11.9,138,40,5
WELLS GRAY,2021-07-13,ACTUAL,29.1,5.2,22,158,7,0,,94.6,144,287,11.6,144,40,5
WELLS GRAY,2021-07-14,ACTUAL,27.8,8.1,29,191,7,0,,94.3,149,295,11.1,149,39,5
WELLS GRAY,2021-07-15,ACTUAL,27.1,7.9,30,187,8,0,,93.9,154,304,11.2,153,40,5
WELLS GRAY,2021-07-16,ACTUAL,25.3,10.7,40,131,6,0,,92.2,157,312,7.9,157,32,5
WELLS GRAY,2021-07-17,ACTUAL,26.1,6.6,29,211,8,0,,92.4,162,321,8.7,161,34,5
WELLS GRAY,2021-07-18,ACTUAL,27,2.1,20,144,14,0,,94.3,167,329,16.3,167,51,5
WELLS GRAY,2021-07-19,ACTUAL,27.4,4.4,23,180,6,0,,94.4,172,338,10.8,172,40,5
WELLS GRAY,2021-07-20,ACTUAL,26.5,4.8,25,221,9,0,,94.4,177,346,12.4,177,44,5
WELLS GRAY,2021-07-21,ACTUAL,22.3,6.4,36,176,9,0,,92.5,181,354,9.5,180,37,5
WELLS GRAY,2021-07-22,ACTUAL,17.3,-0.1,31,189,6,0,,92.2,184,361,8,183,33,5
WELLS GRAY,2021-07-23,ACTUAL,21.6,3.6,31,195,6,0,,92.2,187,368,7.9,187,33,5
WELLS GRAY,2021-07-24,ACTUAL,22.8,6.9,36,264,5,0,,92,191,376,7.4,190,32,5
WELLS GRAY,2021-07-25,ACTUAL,22.8,9.2,42,149,5,0,,91.2,194,384,6.4,194,29,5
WELLS GRAY,2021-07-26,ACTUAL,26,7.9,32,164,8,0.6,,91.3,198,392,7.7,198,33,5
WELLS GRAY,2021-07-27,ACTUAL,27.8,5.3,24,235,7,0,,93.4,204,401,9.8,203,38,5
WELLS GRAY,2021-07-28,ACTUAL,27.5,5.1,24,195,8,0,,93.7,209,410,10.6,208,40,5
WELLS GRAY,2021-07-29,ACTUAL,26,6.5,29,191,8,0,,93.7,213,418,10.6,213,41,5
WELLS GRAY,2021-07-30,ACTUAL,28.9,9,29,198,5,0,,93.8,218,427,9.4,218,38,5
WELLS GRAY,2021-07-31,ACTUAL,32.2,7.8,22,190,6,0,,94.8,224,437,11.3,224,43,5
WELLS GRAY,2021-08-01,ACTUAL,21.4,10.9,51,8,2,0,,90.8,227,443,5.3,226,26,5
WELLS GRAY,2021-08-02,ACTUAL,22.8,17.1,70,161,6,8,,55.4,83,420,0.4,111,2,3
WELLS GRAY,2021-08-03,ACTUAL,27.2,14.6,46,244,4,0,,81.3,87,428,1.6,115,9,4
WELLS GRAY,2021-08-04,ACTUAL,27.7,9,31,203,8,0,,90.7,91,436,7,119,27,5
WELLS GRAY,2021-08-05,ACTUAL,30.3,8.6,26,204,5,0,,93.4,95,444,8.8,124,32,5
WELLS GRAY,2021-08-06,ACTUAL,15.6,11.2,75,188,4,0,,86.5,96,450,3.1,125,15,4
WELLS GRAY,2021-08-07,ACTUAL,14.7,12.9,89,123,3,4,,45.8,66,443,0.1,96,0,2
WELLS GRAY,2021-08-08,ACTUAL,20.7,10.2,51,190,7,0.4,,73.4,68,450,1,98,5,3
WELLS GRAY,2021-08-09,ACTUAL,23.2,10.6,45,178,7,0,,85.2,70,457,3,102,13,4
WELLS GRAY,2021-08-10,ACTUAL,22.8,8.1,39,164,7,0,,88.9,74,464,5.1,105,20,4
WELLS GRAY,2021-08-11,ACTUAL,27.1,2.2,20,253,8,0,,93.8,78,472,10.7,111,35,5
WELLS GRAY,2021-08-12,ACTUAL,28.2,6.3,25,208,8,0,,93.9,83,480,10.8,116,35,5
WELLS GRAY,2021-08-13,ACTUAL,30,7.8,25,180,8,0,,93.9,88,489,11,121,36,5
WELLS GRAY,2021-08-14,ACTUAL,27.4,8.2,30,217,4,0,,93.9,92,497,9.2,125,33,5
WELLS GRAY,2021-08-15,ACTUAL,17.6,13,74,139,6,0.2,,86.5,93,503,3.6,127,17,5
WELLS GRAY,2021-08-16,ACTUAL,17,12.6,75,164,6,8.8,,46.1,51,469,0.1,80,0,2
WELLS GRAY,2021-08-17,ACTUAL,23.3,2.1,25,321,7,0.2,,82.3,55,476,2.2,85,9,4
WELLS GRAY,2021-08-18,ACTUAL,20.2,7.9,45,168,4,0,,86.6,57,483,3.2,88,13,4
WELLS GRAY,2021-08-19,ACTUAL,21.7,10.5,49,157,6,0.4,,87.5,59,490,4.1,91,16,4
WELLS GRAY,2021-08-20,ACTUAL,24.3,5.5,30,178,8,0,,91.2,63,497,7.6,96,26,4
WELLS GRAY,2021-08-21,ACTUAL,22.4,6.1,35,204,5,0,,91.2,66,504,6.6,100,24,4
WELLS GRAY,2021-08-22,ACTUAL,8,7.7,98,104,5,16,,17.9,30,433,0,51,0,2
WELLS GRAY,2021-08-23,ACTUAL,13.5,8.6,72,185,8,1,,42.5,31,438,0.1,52,0,2
WELLS GRAY,2021-08-24,ACTUAL,19.8,4.6,37,189,8,0.2,,75.8,33,445,1.2,56,4,3
WELLS GRAY,2021-08-25,ACTUAL,23.4,4.7,30,151,9,0,,88.9,37,452,5.9,61,17,3
WELLS GRAY,2021-08-26,ACTUAL,15.5,6,53,194,2,0,,88.2,38,458,3.7,63,12,3
WELLS GRAY,2021-08-27,ACTUAL,17.1,8.8,58,164,7,3.2,,68.2,31,456,0.9,53,2,3
WELLS GRAY,2021-08-28,ACTUAL,16.9,8.6,58,200,5,0.8,,76.3,33,462,1,56,3,3
WELLS GRAY,2021-08-29,ACTUAL,19,10.1,56,178,7,0,,83.1,35,468,2.3,58,8,3
WELLS GRAY,2021-08-30,ACTUAL,18.5,8.2,51,155,6,0,,85.8,36,474,3.2,61,10,3
WELLS GRAY,2021-08-31,ACTUAL,8.1,7.9,99,163,11,31.6,,12.4,12,344,0,23,0,2
WELLS GRAY,2021-09-01,ACTUAL,12.8,9.6,81,184,5,5.4,,22.9,8,333,0,14,0,1
WELLS GRAY,2021-09-02,ACTUAL,18.3,5.4,43,131,7,0,,62.5,9,338,0.7,18,1,1
WELLS GRAY,2021-09-03,ACTUAL,20.6,4.9,36,194,7,0,,82.9,12,343,2.2,22,4,2
WELLS GRAY,2021-09-04,ACTUAL,13.7,11.2,85,351,4,0,,81.5,12,348,1.7,23,3,2
WELLS GRAY,2021-09-05,ACTUAL,19.5,11.4,59,161,14,2.6,,73.4,11,353,1.5,20,2,2
WELLS GRAY,2021-09-06,ACTUAL,19.3,8.9,51,182,8,3.2,,69.1,9,351,0.9,17,1,1
WELLS GRAY,2021-09-07,ACTUAL,24,4.8,29,146,7,0,,87.6,12,357,4.3,23,7,2
WELLS GRAY,2021-09-08,ACTUAL,12.5,12,97,357,4,0.6,,78,12,361,1.2,23,2,2
WELLS GRAY,2021-09-09,ACTUAL,17.2,11.8,70,103,4,1,,76.2,13,366,1,25,1,2
WELLS GRAY,2021-09-10,ACTUAL,14.1,12.3,89,167,2,6.6,,32.5,8,350,0,14,0,1
WELLS GRAY,2021-09-11,ACTUAL,15.3,12.1,81,206,3,0.6,,46.9,8,355,0.1,15,0,1
WELLS GRAY,2021-09-12,ACTUAL,15.1,8.2,63,154,5,0.2,,65.9,9,359,0.7,17,1,1
WELLS GRAY,2021-09-13,ACTUAL,12.7,6.1,64,176,4,0,,74.9,10,363,0.9,19,1,1
WELLS GRAY,2021-09-14,ACTUAL,8.4,8.2,99,144,0,5,,27.9,6,353,0,11,0,1
WELLS GRAY,2021-09-15,ACTUAL,10,3.8,65,154,6,15,,28.9,3,306,0,6,0,1
WELLS GRAY,2021-09-16,ACTUAL,11.3,0.7,48,173,8,0.4,,58.3,4,310,0.5,8,0,1
WELLS GRAY,2021-09-17,ACTUAL,4.3,4.1,99,156,6,10.6,,13.3,2,281,0,3,0,1
WELLS GRAY,2021-09-18,ACTUAL,8.7,8.5,99,249,4,33.6,,1.1,0,191,0,0,0,1
WELLS GRAY,2021-09-19,ACTUAL,11.9,6.9,71,190,6,7,,24.9,1,180,0,1,0,1
WELLS GRAY,2021-09-20,ACTUAL,10.8,8.7,87,281,4,6.6,,19.5,0,171,0,1,0,1
WELLS GRAY,2021-09-21,ACTUAL,12,6.3,68,176,6,0.4,,44.1,1,175,0.1,2,0,1
WELLS GRAY,2021-09-22,ACTUAL,13.3,12.2,93,157,7,9.2,,19.3,0,160,0,0,0,1
WELLS GRAY,2021-09-23,ACTUAL,12.3,4.8,60,182,5,0,,46,1,164,0.1,2,0,1
WELLS GRAY,2021-09-24,ACTUAL,18.5,6.6,46,190,6,0,,73,3,169,0.9,6,0,1
WELLS GRAY,2021-09-25,ACTUAL,14.4,8.9,69,10,8,0.2,,78.8,4,174,1.5,7,1,1
WELLS GRAY,2021-09-26,ACTUAL,10.6,9.5,93,38,8,20,,21,1,133,0,3,0,1
WELLS GRAY,2021-09-27,ACTUAL,16.5,3.8,43,161,15,9.6,,53.1,2,120,0.5,4,0,1
WELLS GRAY,2021-09-28,ACTUAL,8.8,7.4,91,152,4,3.8,,32.1,1,118,0,1,0,1
WELLS GRAY,2021-09-29,ACTUAL,4.8,4.5,98,130,7,13.2,,6.7,0,96,0,0,0,1
WELLS GRAY,2021-09-30,ACTUAL,8.9,8.3,96,170,9,11.6,,5.8,0,79,0,0,0,1
WELLS GRAY,2021-10-01,ACTUAL,9.8,4,67,273,4,1.6,,27.2,1,81,0,1,0,1
WELLS GRAY,2021-10-02,ACTUAL,7.5,5.8,89,92,6,1.4,,32.1,1,83,0,1,0,1
WELLS GRAY,2021-10-03,ACTUAL,13.7,-0.5,38,212,5,2.6,,54.5,1,87,0.3,3,0,1
WELLS GRAY,2021-10-04,ACTUAL,9.4,5,74,196,3,0,,64.2,2,89,0.6,3,0,1
WELLS GRAY,2021-10-05,ACTUAL,7.3,6.8,97,24,10,3.2,,36,1,88,0,1,0,1
WELLS GRAY,2021-10-06,ACTUAL,10.3,1.1,53,165,6,2,,51.8,1,90,0.3,2,0,1
WELLS GRAY,2021-10-07,ACTUAL,9.3,1.5,58,184,9,0.6,,67.9,1,92,0.9,3,0,1
WELLS GRAY,2021-10-08,ACTUAL,11.5,0.8,48,222,5,0,,78.6,2,95,1.3,5,1,1
WELLS GRAY,2021-10-09,ACTUAL,2.9,1.7,92,156,8,0.2,,77.4,3,96,1.3,5,1,1
WELLS GRAY,2021-10-10,ACTUAL,7.2,-1.5,54,251,5,24,,37,1,54,0,2,0,1
WELLS GRAY,2021-10-11,ACTUAL,6.3,0.5,66,178,7,0.2,,54.8,2,56,0.4,3,0,1
WELLS GRAY,2021-10-12,ACTUAL,3.6,-2.5,64,128,5,0,,65.4,2,57,0.7,3,0,1
WELLS GRAY,2021-10-13,ACTUAL,4.3,2.1,86,176,6,5.2,,34.2,0,52,0,1,0,1
WELLS GRAY,2021-10-14,ACTUAL,3.7,2.2,90,110,4,4,,22.7,0,49,0,0,0,1
WELLS GRAY,2021-10-15,ACTUAL,4,3.4,96,262,2,6.4,,9.4,0,41,0,0,0,1
WELLS GRAY,2021-10-16,ACTUAL,5.4,4.5,94,12,11,9.8,,8.8,0,28,0,0,0,1
WELLS GRAY,2021-10-17,ACTUAL,7.1,6.6,97,69,7,17.8,,3.5,0,3,0,0,0,1
WELLS GRAY,2021-10-18,ACTUAL,6.3,5.4,94,243,0,16,,2.4,0,2,0,0,0,1
WELLS GRAY,2021-10-19,ACTUAL,6.4,6.4,100,175,4,0,,2.4,0,4,0,0,0,1
WELLS GRAY,2021-10-20,ACTUAL,10.2,5.8,74,136,6,0.2,,24.1,1,6,0,1,0,1
WELLS GRAY,2021-10-21,ACTUAL,11.5,7.3,75,146,4,3.2,,32.8,0,6,0,1,0,1
WELLS GRAY,2021-10-22,ACTUAL,8.1,7.9,99,159,2,3.4,,17.2,0,5,0,0,0,1
WELLS GRAY,2021-10-23,ACTUAL,10.7,5.3,69,152,6,3,,34.6,1,6,0,1,0,1
WELLS GRAY,2021-10-24,ACTUAL,7,3.4,78,69,4,0.8,,45.7,1,7,0.1,1,0,1
WELLS GRAY,2021-10-25,ACTUAL,5,4.1,94,88,6,3,,30.1,0,7,0,0,0,1
WELLS GRAY,2021-10-26,ACTUAL,6.2,4.5,89,119,5,11.2,,14.5,0,2,0,0,0,1
WELLS GRAY,2021-10-27,ACTUAL,7.2,3.1,75,150,10,3.2,,29.5,0,2,0,0,0,1
WELLS GRAY,2021-10-28,ACTUAL,1.7,1.4,98,199,2,1.4,,25.1,0,3,0,1,0,1
WELLS GRAY,2021-10-29,ACTUAL,5.9,1.8,75,8,6,3.2,,31.3,0,2,0,0,0,1
WELLS GRAY,2021-10-30,ACTUAL,3,-6.2,51,173,6,0,,51.8,1,3,0.3,1,0,1
WELLS GRAY,2021-10-31,ACTUAL,4.4,-3.6,56,150,5,0,,65.2,1,5,0.7,1,0,1
