STATION,DATE,TYPE,TEMP,DEW PNT,RH,W.DIR,W.SPEED,PRECIP,GC,FFMC,DMC,DC,ISI,BUI,FWI,DGR
AFTON,2022-05-01,ACTUAL,13.9,2.4,46,17,7,0,60,88.3,64,519,4.9,98,19,3
AFTON,2022-05-02,ACTUAL,15.3,1.7,40,301,6,0,60,88.4,67,524,4.5,101,18,3
AFTON,2022-05-03,ACTUAL,17,0.9,34,357,15,0,60,89.5,70,530,8.5,105,29,4
AFTON,2022-05-04,ACTUAL,11.7,0.7,47,15,10,0,60,88.6,72,534,5.7,107,22,3
AFTON,2022-05-05,ACTUAL,10.7,8.6,87,63,10,0.2,60,82.3,72,538,2.4,108,12,3
AFTON,2022-05-06,ACTUAL,13,-1.5,37,344,10,2.2,60,75.1,64,543,1.3,99,6,3
AFTON,2022-05-07,ACTUAL,12,-2.4,37,242,11,0,60,84.2,67,548,3.3,102,14,3
AFTON,2022-05-08,ACTUAL,8.1,0.6,59,337,17,7,60,52.9,40,518,0.5,66,1,2
AFTON,2022-05-09,ACTUAL,12.3,-1.7,38,211,19,2.4,60,68.3,36,523,1.5,61,5,2
AFTON,2022-05-10,ACTUAL,8.2,1.8,64,147,21,0.8,60,74.7,37,526,2.2,62,7,2
AFTON,2022-05-11,ACTUAL,13.5,-5.3,27,162,22,0,60,87,39,531,8.2,67,22,3
AFTON,2022-05-12,ACTUAL,12.4,-3.6,33,123,20,0,60,88.7,42,536,9.8,70,26,3
AFTON,2022-05-13,ACTUAL,10.5,0.2,49,37,16,1,60,82.9,43,540,3.5,72,12,2
AFTON,2022-05-14,ACTUAL,12.2,1.5,48,58,18,0,60,85.4,45,545,5.7,75,18,3
AFTON,2022-05-15,ACTUAL,12.1,6.4,68,43,20,0,60,84.8,46,549,5.6,77,18,3
AFTON,2022-05-16,ACTUAL,15.9,1.1,37,203,38,0.8,60,87.2,49,555,19.3,81,44,3
AFTON,2022-05-17,ACTUAL,10.9,-3.4,37,42,5,0,60,87.9,51,559,4.1,83,15,2
AFTON,2022-05-18,MANUAL,12.2,-2.9,35,203,20,0,60,88.6,53,564,9.6,86,29,3
AFTON,2022-05-19,ACTUAL,8.9,1.1,58,251,21,0.4,60,86.6,55,568,7.6,88,24,3
AFTON,2022-05-20,ACTUAL,12.8,0.1,42,14,13,0,60,87.4,57,572,5.7,91,20,3
AFTON,2022-05-21,ACTUAL,15.3,-2.3,30,4,6,3.8,60,70.6,44,562,0.9,74,3,2
AFTON,2022-05-22,ACTUAL,18.6,-1.4,26,356,11,0,60,87,48,568,4.9,79,17,2
AFTON,2022-05-23,ACTUAL,15.4,2.5,42,210,7,0,60,87.8,50,573,4.4,83,16,2
AFTON,2022-05-24,ACTUAL,15.8,3.5,44,311,11,1,60,84.3,53,578,3.3,86,13,2
AFTON,2022-05-25,ACTUAL,18.4,1.7,33,217,20,0,60,89.2,56,584,10.4,91,31,3
AFTON,2022-05-26,ACTUAL,18.9,2.6,34,29,24,0,60,90,60,590,14.2,96,39,4
AFTON,2022-05-27,ACTUAL,17.1,-1.2,29,193,36,0,60,90.8,63,595,29.9,100,63,5
AFTON,2022-05-28,ACTUAL,16.4,-1.3,30,9,11,0,60,90.8,67,601,8.4,104,28,4
AFTON,2022-05-29,ACTUAL,17.5,1.7,35,306,14,0,60,90.9,70,606,9.9,108,32,4
AFTON,2022-05-30,ACTUAL,17.5,4.4,42,21,7,0.2,60,90.2,73,612,6.2,112,24,3
AFTON,2022-05-31,ACTUAL,16.9,9.2,60,331,6,0,60,87.7,74,617,4.2,114,18,3
AFTON,2022-06-01,ACTUAL,17,9.5,61,7,9,6.2,60,59,47,590,0.6,78,2,2
AFTON,2022-06-02,ACTUAL,18.6,8.6,52,46,19,0.4,60,79.8,49,596,2.8,82,11,2
AFTON,2022-06-03,ACTUAL,16.1,12.5,79,44,19,4,60,58.4,36,585,0.9,63,3,2
AFTON,2022-06-04,ACTUAL,19.1,8.5,50,54,20,4,60,68.9,28,575,1.7,50,5,2
AFTON,2022-06-05,ACTUAL,13.2,11.2,88,43,15,2.2,60,56.1,25,581,0.7,45,1,1
AFTON,2022-06-06,ACTUAL,15.1,5,51,214,17,0,60,76.9,27,587,2,48,6,2
AFTON,2022-06-07,ACTUAL,19.4,7.5,46,18,16,2.8,60,75.7,24,594,1.8,44,5,1
AFTON,2022-06-08,ACTUAL,19.4,2.2,32,193,24,0,60,88.2,28,601,10.9,50,24,2
AFTON,2022-06-09,ACTUAL,16.8,1.9,37,152,20,0,60,89,31,607,10.4,55,24,3
AFTON,2022-06-10,ACTUAL,21.6,4.1,32,179,34,1.6,60,87.8,34,614,17.2,59,35,3
AFTON,2022-06-11,ACTUAL,20.4,5.5,38,19,11,0,60,89.3,37,621,6.6,65,19,3
AFTON,2022-06-12,MANUAL,18.3,4,39,332,11,0,60,89.3,40,628,6.8,70,20,3
AFTON,2022-06-13,ACTUAL,14.4,4.7,52,250,19,0,60,88.1,42,634,8.5,73,24,3
AFTON,2022-06-14,ACTUAL,18,4.8,42,253,23,0.6,60,87.9,45,641,10.1,77,28,3
AFTON,2022-06-15,ACTUAL,21.7,3.7,31,8,13,0,60,90.7,49,648,9,83,27,3
AFTON,2022-06-16,ACTUAL,14.9,7.8,62,325,11,3.8,60,65,38,636,0.9,65,3,2
AFTON,2022-06-17,ACTUAL,13.6,9.3,75,31,9,0,60,73.6,39,642,1.1,67,4,2
AFTON,2022-06-18,ACTUAL,17.9,7.9,52,8,10,0,60,82.9,41,648,2.7,71,10,2
AFTON,2022-06-19,ACTUAL,17.3,7.9,54,246,15,0,60,85.4,43,655,4.8,74,16,2
AFTON,2022-06-20,ACTUAL,22.4,6.1,35,319,9,1.4,60,85.4,47,662,3.6,80,13,2
AFTON,2022-06-21,ACTUAL,20,8,46,323,11,0,60,87.5,50,669,5.1,85,18,3
AFTON,2022-06-22,ACTUAL,21.2,9.4,47,359,7,1.6,60,81.4,51,677,1.9,86,8,2
AFTON,2022-06-23,ACTUAL,16.2,-2.4,28,320,21,0,60,89.1,55,683,10.8,91,32,4
AFTON,2022-06-24,ACTUAL,19.2,5.9,42,33,14,0.6,60,88.2,58,690,6.6,95,23,3
AFTON,2022-06-25,ACTUAL,23.3,3.2,27,5,12,0,60,91.7,62,697,10.2,102,32,4
AFTON,2022-06-26,ACTUAL,27,2.8,21,8,15,0,60,94,68,706,16.5,110,46,4
AFTON,2022-06-27,ACTUAL,28.7,5.5,23,38,16,0,60,94.1,74,714,17.1,118,48,5
AFTON,2022-06-28,ACTUAL,20.9,13.7,63,76,18,0.2,60,88,76,721,8.1,121,30,4
AFTON,2022-06-29,ACTUAL,14.2,11.7,85,16,7,1.2,60,74.9,77,727,1.1,122,6,3
AFTON,2022-06-30,ACTUAL,21.9,8.7,43,345,15,0.4,60,86.3,80,735,5.4,126,23,3
AFTON,2022-07-01,ACTUAL,25.6,7.6,32,11,13,0,60,91,85,743,9.3,132,34,4
AFTON,2022-07-02,ACTUAL,25.4,5,27,354,12,0,60,92.5,89,751,10.9,138,38,4
AFTON,2022-07-03,ACTUAL,14.2,13.4,95,34,10,3,60,52.2,68,742,0.3,110,1,2
AFTON,2022-07-04,ACTUAL,20.8,10.6,52,35,17,7.6,60,62.9,41,691,1.1,71,4,2
AFTON,2022-07-05,ACTUAL,18.8,9.9,56,42,12,3.4,60,65.9,33,681,1,59,3,2
AFTON,2022-07-06,ACTUAL,17.2,13.9,81,32,19,0.8,60,72.4,34,688,1.8,60,6,2
AFTON,2022-07-07,ACTUAL,21.5,13.5,60,77,17,2,60,75.9,32,695,1.9,58,6,2
AFTON,2022-07-08,ACTUAL,23.1,6.7,35,15,15,0.4,60,88.3,36,703,7.2,64,20,3
AFTON,2022-07-09,ACTUAL,20.9,7.1,41,349,14,0,60,89,39,711,7.6,69,22,3
AFTON,2022-07-10,MANUAL,23.4,7.8,37,2,11,0,40,90.1,43,719,7.6,74,22,3
AFTON,2022-07-11,ACTUAL,25.6,10.2,38,37,18,0,40,90.5,47,727,11.2,80,30,3
AFTON,2022-07-12,ACTUAL,31.9,1,14,207,28,0,40,96.5,53,736,43.1,90,75,4
AFTON,2022-07-13,ACTUAL,25,5.6,29,344,10,0,40,94.4,58,744,13,96,37,4
AFTON,2022-07-14,ACTUAL,26,6,28,12,17,0,40,94.1,62,753,18.3,103,47,5
AFTON,2022-07-15,ACTUAL,27.4,6.7,27,10,15,0,60,94.2,67,762,16.4,110,45,4
AFTON,2022-07-16,ACTUAL,24.9,7,32,144,17,0,60,93.3,71,770,16,116,45,4
AFTON,2022-07-17,ACTUAL,22.9,8.9,41,315,20,0,60,91.4,75,778,14.4,120,43,4
AFTON,2022-07-18,ACTUAL,27.1,7.9,30,233,18,8.6,60,81.3,45,713,3.2,78,12,2
AFTON,2022-07-19,ACTUAL,25.7,9.8,37,25,12,0,60,89.4,49,721,7.2,84,23,3
AFTON,2022-07-20,ACTUAL,27.3,8.1,30,10,13,0,60,92,54,730,10.8,91,32,4
AFTON,2022-07-21,ACTUAL,28.9,8.5,28,347,12,0,70,93,59,738,11.8,98,35,4
AFTON,2022-07-22,ACTUAL,30,5.3,21,231,11,0,70,94.6,65,748,14,107,40,4
AFTON,2022-07-23,ACTUAL,29.2,5.9,23,25,11,0,70,94.7,70,757,14.6,114,43,4
AFTON,2022-07-24,ACTUAL,29.8,7,24,251,14,0,70,94.7,76,766,16.6,122,48,5
AFTON,2022-07-25,ACTUAL,29.7,9.7,29,241,17,0,70,94.5,81,775,19.4,128,53,5
AFTON,2022-07-26,ACTUAL,29.8,10.8,31,341,12,0,70,94.2,86,784,14.3,135,45,4
AFTON,2022-07-27,ACTUAL,32.5,11,27,342,11,0,70,94.2,92,793,13.2,142,43,4
AFTON,2022-07-28,ACTUAL,34,10.6,24,344,9,0,80,94.8,98,803,13,150,43,4
AFTON,2022-07-29,ACTUAL,31.6,14.7,36,26,13,2,80,89,90,812,7.2,141,29,4
AFTON,2022-07-30,ACTUAL,32,10.1,26,26,9,0,80,93.6,95,822,11.1,148,39,4
AFTON,2022-07-31,ACTUAL,32.8,7.6,21,10,11,0,80,95.1,102,832,15.4,156,49,5
AFTON,2022-08-01,ACTUAL,30.7,7.2,23,198,28,0,80,95.2,107,840,37,162,84,5
AFTON,2022-08-02,ACTUAL,26.7,5.5,26,343,11,0,80,94.7,111,848,14.6,167,48,5
AFTON,2022-08-03,ACTUAL,22.2,5.9,35,175,9,0,80,92.8,114,855,10.1,171,38,4
AFTON,2022-08-04,ACTUAL,10.4,9.3,93,242,19,1.6,90,69.8,106,860,1.6,163,10,3
AFTON,2022-08-05,ACTUAL,17.6,7.7,52,316,9,0.2,90,81.4,108,866,2.1,165,12,3
AFTON,2022-08-06,ACTUAL,23.5,7.5,36,352,11,0,90,89,112,873,6.4,169,28,4
AFTON,2022-08-07,ACTUAL,27.3,7.6,29,32,11,0,90,92.2,116,881,10.4,174,39,4
AFTON,2022-08-08,ACTUAL,28.9,6.8,25,26,11,0,90,93.6,120,889,12.2,180,43,4
AFTON,2022-08-09,ACTUAL,29,6.9,25,345,10,0,90,93.7,125,898,12,186,43,4
AFTON,2022-08-10,ACTUAL,25.8,9.9,37,28,10,0,90,92.6,129,905,10.1,190,39,4
AFTON,2022-08-11,ACTUAL,23.6,12.3,49,78,19,1.2,90,86.1,131,912,6.2,193,28,4
AFTON,2022-08-12,ACTUAL,27.3,11.7,38,26,8,0.2,90,90.1,135,920,6.4,197,29,4
AFTON,2022-08-13,ACTUAL,24.8,6.9,32,191,23,7.4,90,80.5,72,842,3.9,119,18,3
AFTON,2022-08-14,ACTUAL,21.4,7.5,41,39,7,0,90,87.2,75,849,4.1,122,18,3
AFTON,2022-08-15,ACTUAL,26.2,8.6,33,343,11,0,90,91,78,857,8.7,128,32,4
AFTON,2022-08-16,ACTUAL,29.3,7.8,26,0,8,0,90,93.3,83,865,10,134,36,4
AFTON,2022-08-17,ACTUAL,29.6,8,26,15,8,0,90,93.6,88,873,10.9,140,38,4
AFTON,2022-08-18,ACTUAL,29.9,10.4,30,4,12,0,90,93.6,92,882,13.4,146,44,4
AFTON,2022-08-19,ACTUAL,28.8,11.7,35,12,14,0,90,93.2,96,890,14,152,46,4
AFTON,2022-08-20,ACTUAL,28.4,11.4,35,343,11,0,90,93.1,100,898,11.4,157,40,4
AFTON,2022-08-21,ACTUAL,27.7,13.2,41,38,16,0,90,92,104,906,13,161,44,4
AFTON,2022-08-22,ACTUAL,27.3,7.6,29,1,9,0,90,92.5,108,914,9.7,167,37,4
AFTON,2022-08-23,ACTUAL,27.2,10.8,36,316,20,0,90,92.6,112,922,17.1,171,53,5
AFTON,2022-08-24,ACTUAL,27.1,11.5,38,24,9,0,90,92.3,115,930,9.6,176,37,4
AFTON,2022-08-25,ACTUAL,29.3,9.4,29,8,8,0,90,92.9,120,938,9.7,182,38,4
AFTON,2022-08-26,ACTUAL,29.2,13,37,15,15,0,90,92.8,124,946,13.3,186,46,4
AFTON,2022-08-27,ACTUAL,19.9,3,33,276,15,2.2,90,83.5,101,953,3.7,160,19,4
AFTON,2022-08-28,ACTUAL,21.8,7.5,40,14,16,0,90,88.5,104,960,7.5,164,31,4
AFTON,2022-08-29,ACTUAL,25.9,9.2,35,27,17,0,90,90.8,108,967,11.5,168,41,4
AFTON,2022-08-30,ACTUAL,27.4,10.5,35,25,16,0,90,91.3,111,975,11.4,173,41,4
AFTON,2022-08-31,ACTUAL,27.7,9.9,33,32,15,0,90,91.8,115,983,11.8,178,42,4
AFTON,2022-09-01,ACTUAL,30.3,9.2,27,349,10,0,90,93.4,119,990,11.7,184,42,4
AFTON,2022-09-02,ACTUAL,28.6,9.7,31,358,13,0,90,93.4,123,997,13.6,188,47,4
AFTON,2022-09-03,ACTUAL,29.1,7.6,26,354,9,0,90,93.5,127,1004,10.9,193,41,4
AFTON,2022-09-04,ACTUAL,23,7,36,189,11,0,90,92.3,130,1010,10.2,196,39,4
AFTON,2022-09-05,ACTUAL,21.1,2.3,29,337,17,0,90,92.4,133,1015,14.1,200,48,5
AFTON,2022-09-06,ACTUAL,20.7,4.6,35,35,13,0,90,91.9,135,1021,10.9,203,41,4
AFTON,2022-09-07,ACTUAL,25.2,-3.3,15,305,19,0,90,95.1,139,1027,23.3,208,66,5
AFTON,2022-09-08,ACTUAL,19,1.4,31,274,22,0,90,93,142,1032,19.7,211,60,5
AFTON,2022-09-09,ACTUAL,19.7,2.4,32,314,8,0,90,92.4,144,1038,9.2,214,37,4
AFTON,2022-09-10,ACTUAL,20.1,1.9,30,24,16,0,90,92.5,147,1043,13.3,217,47,5
AFTON,2022-09-11,ACTUAL,18.5,5.6,43,23,13,0,90,90.6,149,1048,9,220,37,4
AFTON,2022-09-12,ACTUAL,16.1,7.4,56,20,8,0,90,88.2,150,1052,5,221,25,4
AFTON,2022-09-13,ACTUAL,18.4,11.6,64,31,7,0.2,90,86.8,151,1058,3.8,223,20,4
AFTON,2022-09-14,ACTUAL,14,14,100,143,5,8.2,100,22.3,71,932,0,119,0,2
AFTON,2022-09-15,ACTUAL,18.6,12,65,339,10,0.2,100,56.4,72,937,0.5,121,3,2
AFTON,2022-09-16,ACTUAL,18.4,5.2,42,189,24,0,100,81.7,74,942,4.5,124,20,3
AFTON,2022-09-17,ACTUAL,9.8,6.4,79,11,7,2.8,100,57.1,59,945,0.5,102,2,2
AFTON,2022-09-18,ACTUAL,14.7,4.4,50,354,8,0,100,75.4,61,950,1.2,105,6,3
AFTON,2022-09-19,ACTUAL,18.5,-0.5,28,280,18,0,100,88.3,63,955,8.2,108,28,4
AFTON,2022-09-20,ACTUAL,16,2.3,40,3,7,0,100,88.5,65,959,5,111,20,3
AFTON,2022-09-21,ACTUAL,15.2,0.9,38,40,9,0,100,88.7,67,964,5.5,114,22,3
AFTON,2022-09-22,ACTUAL,16.4,1.6,37,355,9,0,100,89,69,969,5.8,117,23,3
AFTON,2022-09-23,ACTUAL,18.1,6.3,46,9,9,0,100,89.1,71,974,5.8,120,23,3
AFTON,2022-09-24,ACTUAL,17,6.2,49,354,8,0,100,88.8,72,978,5.2,122,22,3
AFTON,2022-09-25,ACTUAL,18.7,5.5,42,44,10,0,100,88.8,74,983,6,125,24,3
AFTON,2022-09-26,ACTUAL,20.1,8.4,47,333,11,0,100,88.9,76,989,6.3,128,26,3
AFTON,2022-09-27,ACTUAL,21.1,9,46,33,16,0,100,88.9,78,994,8.3,131,31,4
AFTON,2022-09-28,ACTUAL,19.8,6.5,42,355,5,0,100,89,81,999,4.7,134,21,3
AFTON,2022-09-29,ACTUAL,19.7,8.4,48,247,24,0,100,89,83,1005,12.4,137,41,4
AFTON,2022-09-30,ACTUAL,20.2,8.8,48,36,10,0,100,89.1,84,1010,6.1,140,26,3
AFTON,2022-10-01,ACTUAL,18.6,8.9,53,355,9,0,100,88.4,86,1014,5.4,142,24,4
AFTON,2022-10-02,ACTUAL,19.5,8.5,49,358,10,0,100,88.5,87,1018,5.6,144,24,4
AFTON,2022-10-03,ACTUAL,19.5,7.9,47,5,6,0,100,88.5,89,1023,4.7,146,22,4
AFTON,2022-10-04,ACTUAL,18,8.6,54,38,7,0,100,88.1,90,1026,4.7,148,22,4
AFTON,2022-10-05,ACTUAL,20.2,7.2,43,10,9,0,100,88.5,92,1031,5.5,151,25,4
AFTON,2022-10-06,ACTUAL,18.4,6.2,45,12,6,0,100,88.6,94,1035,4.6,153,22,4
AFTON,2022-10-07,ACTUAL,16.6,7.8,56,26,7,0,100,87.7,95,1039,4.4,155,21,4
AFTON,2022-10-08,ACTUAL,17.3,6.5,49,340,7,0,100,87.8,97,1042,4.5,157,22,4
AFTON,2022-10-09,ACTUAL,17,4.9,45,6,8,0,100,87.8,98,1046,4.6,159,22,4
AFTON,2022-10-10,ACTUAL,17.8,6.6,48,354,7,0,100,87.9,100,1050,4.4,161,21,4
AFTON,2022-10-11,ACTUAL,14.6,-1.6,33,0,8,0,100,89.1,101,1053,5.6,163,25,4
AFTON,2022-10-12,ACTUAL,15.8,3.5,44,58,9,0,100,89.2,103,1057,6.1,165,27,4
AFTON,2022-10-13,ACTUAL,14.1,3.5,49,45,11,0,100,88.5,104,1060,6.1,167,27,4
AFTON,2022-10-14,ACTUAL,13.8,4.7,54,31,6,0,100,87.7,105,1063,4.2,168,21,4
AFTON,2022-10-15,ACTUAL,14.8,5.6,54,39,12,0,100,87.5,106,1067,5.4,170,25,4
AFTON,2022-10-16,ACTUAL,14.4,6.3,58,13,13,0,100,86.9,107,1070,5.4,171,25,4
AFTON,2022-10-17,ACTUAL,13,5,58,14,8,0,100,86.6,108,1073,3.9,172,20,4
AFTON,2022-10-18,ACTUAL,13.5,3.6,51,18,9,0,100,86.6,109,1076,4.1,174,21,4
AFTON,2022-10-19,ACTUAL,13,3.9,54,17,9,0,100,86.7,110,1079,4.1,175,21,4
AFTON,2022-10-20,ACTUAL,11.4,1,49,261,13,0,100,86.7,111,1082,5.1,176,24,4
AFTON,2022-10-21,ACTUAL,7.5,-0.7,56,240,14,0,100,86.2,111,1084,5,177,24,4
AFTON,2022-10-22,ACTUAL,8.4,-0.6,53,243,23,0.2,100,86.2,112,1086,7.9,178,33,4
AFTON,2022-10-23,ACTUAL,7.6,-3.1,47,39,8,0,100,86.3,113,1088,3.8,179,20,4
AFTON,2022-10-24,ACTUAL,10.2,-0.1,49,10,11,0,100,86.3,114,1091,4.4,180,22,4
AFTON,2022-10-25,ACTUAL,8.7,0.9,58,69,16,0.6,100,84.1,114,1093,4.2,181,21,4
AFTON,2022-10-26,ACTUAL,5.7,2.7,81,19,11,0.8,100,78.1,114,1095,1.6,181,10,3
AFTON,2022-10-27,ACTUAL,13.9,1.1,42,83,25,0,100,85.5,116,1098,8,183,33,4
AFTON,2022-10-28,ACTUAL,13.3,-4.5,29,188,14,0,100,89,117,1101,7.5,185,32,4
AFTON,2022-10-29,ACTUAL,10.5,-1,45,174,32,0,100,88.4,118,1104,16.8,187,53,5
AFTON,2022-10-30,ACTUAL,12.3,2.2,50,335,6,0,100,88,119,1107,4.4,188,22,4
AFTON,2022-10-31,ACTUAL,13.5,-0.7,38,201,28,0,100,88.4,121,1110,13.6,190,47,4
CAHILTY,2022-05-01,ACTUAL,7.7,-0.8,55,143,6,0,,,,,,,,
CAHILTY,2022-05-02,ACTUAL,9.2,1.2,57,243,4,0,,,,,,,,
CAHILTY,2022-05-03,ACTUAL,11.4,0.4,47,171,9,0.2,,,,,,,,
CAHILTY,2022-05-04,ACTUAL,4.8,-0.4,69,187,9,20.4,,,,,,,,
CAHILTY,2022-05-05,ACTUAL,4.5,4.5,100,41,4,17.4,,,,,,,,
CAHILTY,2022-05-06,ACTUAL,3.8,0.2,77,125,6,13,,,,,,,,
CAHILTY,2022-05-07,ACTUAL,5.3,-2.8,56,288,10,0,,,,,,,,
CAHILTY,2022-05-08,ACTUAL,2.4,0.6,88,119,6,4.8,,,,,,,,
CAHILTY,2022-05-09,ACTUAL,3.1,-0.9,75,271,11,1.6,,,,,,,,
CAHILTY,2022-05-10,ACTUAL,6.5,-0.4,61,242,5,2.6,,,,,,,,
CAHILTY,2022-05-11,ACTUAL,7.1,-6.4,38,149,9,0,,,,,,,,
CAHILTY,2022-05-12,ACTUAL,4,-4.2,55,123,4,0,,,,,,,,
CAHILTY,2022-05-13,ACTUAL,3.3,-0.2,78,267,5,7,,,,,,,,
CAHILTY,2022-05-14,[object Object],,,,,,,,,,,,,,
CAHILTY,2022-05-15,ACTUAL,3.9,3.8,99,75,5,2.4,,,,,,,,
CAHILTY,2022-05-16,ACTUAL,8.6,2.9,67,212,8,4,,,,,,,,
CAHILTY,2022-05-17,ACTUAL,5.1,-7.2,41,220,7,0,,,,,,,,
CAHILTY,2022-05-18,ACTUAL,5.6,-1.1,62,203,17,3.2,,,,,,,,
CAHILTY,2022-05-19,ACTUAL,6.4,1.8,72,283,7,11,,,,,,,,
CAHILTY,2022-05-20,ACTUAL,2.8,0.7,86,218,5,1.6,,,,,,,,
CAHILTY,2022-05-21,ACTUAL,6,-0.5,63,324,7,1.4,,,,,,,,
CAHILTY,2022-05-22,ACTUAL,12.2,0.2,44,142,9,0.4,,,,,,,,
CAHILTY,2022-05-23,ACTUAL,5.4,2.9,84,189,5,0.4,,,,,,,,
CAHILTY,2022-05-24,ACTUAL,10.4,1.5,54,172,9,4.8,,,,,,,,
CAHILTY,2022-05-25,ACTUAL,9.6,3.4,65,171,10,0.2,,,,,,,,
CAHILTY,2022-05-26,ACTUAL,10.1,-0.2,49,112,5,0,,,,,,,,
CAHILTY,2022-05-27,ACTUAL,10,1.1,54,230,10,2.4,,,,,,,,
CAHILTY,2022-05-28,ACTUAL,9.9,-2.2,43,142,7,0,,,,,,,,
CAHILTY,2022-05-29,ACTUAL,9.2,1.6,59,97,4,0,,,,,,,,
CAHILTY,2022-05-30,ACTUAL,10.5,0.8,51,182,4,0,,,,,,,,
CAHILTY,2022-05-31,ACTUAL,12.4,5.6,63,127,10,0,,,,,,,,
CAHILTY,2022-06-01,ACTUAL,14,3.7,50,53,6,6.8,,,,,,,,
CAHILTY,2022-06-02,ACTUAL,11.7,5.2,64,109,8,1.6,,,,,,,,
CAHILTY,2022-06-03,ACTUAL,8.9,8.1,95,81,6,13.6,,,,,,,,
CAHILTY,2022-06-04,ACTUAL,12,4,58,122,6,13.8,,,,,,,,
CAHILTY,2022-06-05,ACTUAL,8.3,7.8,97,174,8,4.8,,,,,,,,
CAHILTY,2022-06-06,ACTUAL,7.3,5.1,86,15,4,5.8,,85,6,15,2.6,6,2,
CAHILTY,2022-06-07,ACTUAL,13,5.5,60,143,7,2.6,,67.6,5,21,0.8,7,0,1
CAHILTY,2022-06-08,ACTUAL,12.5,4.3,57,196,8,3.6,,58.5,5,23,0.6,6,0,1
CAHILTY,2022-06-09,ACTUAL,10.2,2.8,60,157,9,0,,72.2,6,28,1.1,8,1,1
CAHILTY,2022-06-10,ACTUAL,14.1,3.2,48,234,11,10.6,,54.2,4,18,0.5,6,0,1
CAHILTY,2022-06-11,ACTUAL,11.4,3.7,59,281,6,0.2,,69.7,6,24,0.8,7,0,1
CAHILTY,2022-06-12,ACTUAL,13.5,0.8,42,170,8,0,,81.5,8,30,2,10,2,2
CAHILTY,2022-06-13,ACTUAL,6.1,5.5,96,301,10,3.6,,41.1,5,31,0.1,7,0,1
CAHILTY,2022-06-14,ACTUAL,9.5,5.3,75,304,18,12,,34.7,3,18,0,4,0,1
CAHILTY,2022-06-15,ACTUAL,15.7,4.4,47,125,10,0,,66.8,5,24,0.9,7,0,1
CAHILTY,2022-06-16,ACTUAL,7.5,6.4,93,52,5,9.6,,22.1,2,15,0,3,0,1
CAHILTY,2022-06-17,ACTUAL,9.9,7.7,86,273,4,2,,28.2,2,20,0,3,0,1
CAHILTY,2022-06-18,ACTUAL,14.5,6.4,58,259,9,0.2,,58,3,26,0.5,5,0,1
CAHILTY,2022-06-19,ACTUAL,9.4,8.9,97,259,4,2.4,,38.3,2,31,0,4,0,1
CAHILTY,2022-06-20,ACTUAL,16.1,4.1,45,300,11,2.2,,63,4,37,0.8,6,0,1
CAHILTY,2022-06-21,ACTUAL,12.8,6,63,165,10,0,,75,5,43,1.2,8,1,1
CAHILTY,2022-06-22,ACTUAL,15.1,6.4,56,229,9,5.4,,58,4,42,0.5,7,0,1
CAHILTY,2022-06-23,ACTUAL,6.6,-0.3,61,270,7,0.6,,68.9,5,47,0.9,8,0,1
CAHILTY,2022-06-24,ACTUAL,11.1,5.7,69,155,5,0.2,,75.4,6,52,1,9,1,1
CAHILTY,2022-06-25,ACTUAL,15.3,3.1,44,131,6,0,,83.6,8,58,2.4,12,3,2
CAHILTY,2022-06-26,ACTUAL,20.6,1.3,28,146,9,0,,90.1,12,66,6.8,17,9,2
CAHILTY,2022-06-27,ACTUAL,23.8,5.1,30,123,8,0,,91.5,17,73,7.8,22,12,3
CAHILTY,2022-06-28,ACTUAL,15.7,12.1,79,67,7,4.6,,53.6,12,74,0.3,17,0,1
CAHILTY,2022-06-29,ACTUAL,8.1,6.9,92,264,7,1.6,,46.9,11,78,0.2,16,0,1
CAHILTY,2022-06-30,ACTUAL,16,7.8,58,143,9,0.2,,69.7,13,85,1,19,1,1
CAHILTY,2022-07-01,ACTUAL,16.8,6.6,51,190,4,0,,80.2,15,91,1.4,21,2,2
CAHILTY,2022-07-02,ACTUAL,19.9,8.2,47,191,7,0.6,,85.2,18,99,3,24,6,2
CAHILTY,2022-07-03,ACTUAL,9.9,9.6,98,296,4,2.2,,54.2,15,104,0.3,22,0,2
CAHILTY,2022-07-04,ACTUAL,13.4,10.2,81,149,7,9.2,,33.2,8,94,0,13,0,1
CAHILTY,2022-07-05,ACTUAL,11.3,7.8,79,135,6,9,,27,4,85,0,8,0,1
CAHILTY,2022-07-06,ACTUAL,11.4,10.6,95,5,3,2.2,,23,3,91,0,6,0,1
CAHILTY,2022-07-07,ACTUAL,15.4,10,70,164,6,6.8,,34.4,2,87,0,4,0,1
CAHILTY,2022-07-08,ACTUAL,16.3,4.3,45,154,11,0,,68.2,4,93,1,8,1,1
CAHILTY,2022-07-09,ACTUAL,13.7,5.6,58,175,8,0,,78.3,6,99,1.4,10,1,1
CAHILTY,2022-07-10,ACTUAL,15.1,5.6,53,227,6,0.4,,83.3,8,106,2.3,13,3,2
CAHILTY,2022-07-11,ACTUAL,19.5,9.4,52,159,9,0,,86,10,113,3.8,16,5,2
CAHILTY,2022-07-12,ACTUAL,24.1,0.4,21,176,15,0,,92.9,15,121,13.8,23,19,3
CAHILTY,2022-07-13,ACTUAL,18.9,4.2,38,277,8,0,,91.5,18,128,8.1,26,14,3
CAHILTY,2022-07-14,ACTUAL,19.6,4.4,37,150,8,0,,91.3,21,135,7.7,30,14,3
CAHILTY,2022-07-15,ACTUAL,20.8,1.5,28,204,8,0,,91.6,24,143,7.9,34,15,3
CAHILTY,2022-07-16,ACTUAL,18.6,8,50,232,9,1.2,,83.6,27,150,2.7,37,6,2
CAHILTY,2022-07-17,ACTUAL,15.8,8.4,61,219,3,1,,79.3,28,156,1.2,39,3,2
CAHILTY,2022-07-18,ACTUAL,17.8,5.7,45,299,12,1.8,,78.5,29,163,1.8,40,5,2
CAHILTY,2022-07-19,ACTUAL,17.9,10.1,60,141,5,0,,82.9,30,170,2.1,42,6,2
CAHILTY,2022-07-20,ACTUAL,18.7,10.6,59,153,5,0,,84.7,32,177,2.6,44,7,3
CAHILTY,2022-07-21,ACTUAL,22.8,9.9,44,167,11,0,,88.1,35,185,5.6,48,14,3
CAHILTY,2022-07-22,ACTUAL,20.9,8.5,45,204,5,0,,88.4,38,193,4.4,51,12,3
CAHILTY,2022-07-23,ACTUAL,22.5,4.4,31,320,9,0,,90.8,42,200,7.6,55,19,4
CAHILTY,2022-07-24,ACTUAL,23.6,8.4,38,222,6,0,,90.9,46,208,6.5,59,18,4
CAHILTY,2022-07-25,ACTUAL,22.4,10.9,48,335,5,0,,90,49,216,5.6,62,16,3
CAHILTY,2022-07-26,ACTUAL,22.9,10.3,45,270,8,0,,90.1,52,224,6.4,65,19,4
CAHILTY,2022-07-27,ACTUAL,26.3,13.4,45,170,8,0,,90.1,55,232,6.6,69,20,4
CAHILTY,2022-07-28,ACTUAL,27.2,15.3,48,184,8,0,,90.2,59,241,6.5,73,20,4
CAHILTY,2022-07-29,ACTUAL,25.9,13.1,45,241,6,3.8,,76.4,46,243,1.1,62,4,3
CAHILTY,2022-07-30,ACTUAL,25.4,13.6,48,144,7,0,,86.1,49,251,3.4,66,11,3
CAHILTY,2022-07-31,ACTUAL,26.6,10.6,37,210,5,0,,90,53,259,5.5,70,17,4
CAHILTY,2022-08-01,ACTUAL,22.2,8.6,42,179,8,0,,90.1,56,266,6.6,73,20,4
CAHILTY,2022-08-02,ACTUAL,19.6,5.9,41,283,6,0,,90.1,59,273,5.8,76,19,4
CAHILTY,2022-08-03,ACTUAL,14.3,5.9,57,189,8,0,,87.8,60,278,4.7,78,16,4
CAHILTY,2022-08-04,ACTUAL,8.9,7.5,91,287,12,10,,31,31,256,0,48,0,2
CAHILTY,2022-08-05,ACTUAL,11.5,5.9,68,328,6,0.2,,52.6,32,261,0.3,49,1,2
CAHILTY,2022-08-06,ACTUAL,17.3,8.8,57,158,8,0,,73.2,33,267,1,51,3,3
CAHILTY,2022-08-07,ACTUAL,23.6,7.6,36,261,9,0,,87.2,37,275,4.4,55,13,3
CAHILTY,2022-08-08,ACTUAL,23.9,7,34,198,6,0,,90.3,40,282,6.1,59,17,4
CAHILTY,2022-08-09,ACTUAL,26.1,5,26,156,8,0,,92.7,44,290,9.4,64,24,4
CAHILTY,2022-08-10,ACTUAL,22.3,8.7,42,85,4,0,,91.3,47,297,6.4,67,19,4
CAHILTY,2022-08-11,ACTUAL,24.9,10.3,40,157,6,2,,83.1,46,304,2.2,66,8,3
CAHILTY,2022-08-12,ACTUAL,24.2,10.8,43,96,7,11.6,,66.6,25,278,0.8,41,2,2
CAHILTY,2022-08-13,ACTUAL,17.5,7.6,52,178,12,4.2,,64.6,19,275,0.9,32,2,2
CAHILTY,2022-08-14,ACTUAL,17.3,8.5,56,189,6,0,,77.9,21,281,1.3,35,3,2
CAHILTY,2022-08-15,ACTUAL,20.9,9.5,48,178,8,0,,85.4,23,288,3.2,38,8,2
CAHILTY,2022-08-16,ACTUAL,20.4,10,51,162,6,0,,86.8,25,295,3.7,41,9,3
CAHILTY,2022-08-17,ACTUAL,23.7,11.4,46,143,6,0,,88.3,28,302,4.6,45,12,3
CAHILTY,2022-08-18,ACTUAL,26.8,10,35,88,6,0,,90.8,32,310,6.6,50,17,3
CAHILTY,2022-08-19,ACTUAL,25.6,8,33,174,10,0,,91.4,35,318,8.8,55,21,4
CAHILTY,2022-08-20,ACTUAL,24.1,11.8,46,181,8,0,,90.6,38,325,7.1,59,19,4
CAHILTY,2022-08-21,ACTUAL,22.4,12.1,52,147,8,0.4,,89.3,40,332,5.8,62,17,3
CAHILTY,2022-08-22,ACTUAL,25,8.4,35,185,8,0,,90.7,44,339,7.2,66,20,4
CAHILTY,2022-08-23,ACTUAL,20.5,10.6,53,244,3,0,,89.2,46,346,4.4,69,14,3
CAHILTY,2022-08-24,ACTUAL,22.7,11.1,48,158,8,0,,89.2,49,353,5.7,72,18,4
CAHILTY,2022-08-25,ACTUAL,21.7,15.6,68,148,4,0.6,,86.2,50,360,3.1,74,11,4
CAHILTY,2022-08-26,ACTUAL,20.3,12.4,60,98,5,0,,86.3,52,367,3.2,77,12,4
CAHILTY,2022-08-27,ACTUAL,9.9,6.3,78,295,11,3,,59.4,41,366,0.7,65,2,3
CAHILTY,2022-08-28,ACTUAL,15.8,6,52,199,9,0,,76.7,43,371,1.3,67,5,3
CAHILTY,2022-08-29,ACTUAL,19.1,9,52,186,9,0,,84,45,378,2.8,69,10,3
CAHILTY,2022-08-30,ACTUAL,24.4,10.3,41,162,7,0,,88.6,48,385,4.9,73,16,4
CAHILTY,2022-08-31,ACTUAL,25.4,6.5,30,185,6,0,,91.5,52,393,7.2,78,22,4
CAHILTY,2022-09-01,ACTUAL,22.7,8,39,171,5,0.6,,89.6,55,399,5.3,81,18,4
CAHILTY,2022-09-02,ACTUAL,25.9,6.4,29,146,9,0,,92,58,405,9,85,27,4
CAHILTY,2022-09-03,ACTUAL,25.7,5.2,27,204,8,0,,92.6,62,411,9.4,90,29,4
CAHILTY,2022-09-04,ACTUAL,14.6,7,60,238,8,0,,88.2,63,416,4.8,91,18,4
CAHILTY,2022-09-05,ACTUAL,12.7,3.1,52,266,5,0,,87.7,64,420,4,92,16,4
CAHILTY,2022-09-06,ACTUAL,18.2,1.1,32,181,10,0,,89.8,66,425,6.9,95,24,4
CAHILTY,2022-09-07,ACTUAL,18.9,-3.3,22,256,9,0,,92.1,69,430,9.2,98,29,4
CAHILTY,2022-09-08,ACTUAL,11.5,1.4,50,292,8,0,,89.2,70,434,5.6,100,21,4
CAHILTY,2022-09-09,ACTUAL,14.6,1.4,41,140,8,0,,89.3,72,438,5.7,102,22,4
CAHILTY,2022-09-10,ACTUAL,18.3,0.3,30,138,6,0,,90.5,74,443,6.3,105,24,4
CAHILTY,2022-09-11,ACTUAL,19.1,1,30,165,6,0,,90.9,77,448,6.5,107,24,4
CAHILTY,2022-09-12,ACTUAL,17.2,5.4,46,170,6,0,,89.7,78,453,5.6,109,22,4
CAHILTY,2022-09-13,ACTUAL,15.8,8.1,60,198,3,1.6,,76.2,76,457,1,107,5,3
CAHILTY,2022-09-14,ACTUAL,10.6,10,96,257,3,9.6,,21.7,40,422,0,65,0,2
CAHILTY,2022-09-15,ACTUAL,13.2,10,81,145,6,0.2,,40,41,426,0,66,0,2
CAHILTY,2022-09-16,ACTUAL,9.5,6.1,79,199,8,0,,54.3,41,429,0.4,66,1,2
CAHILTY,2022-09-17,ACTUAL,8.4,1.1,60,27,7,2.6,,54.2,35,432,0.4,58,1,2
CAHILTY,2022-09-18,ACTUAL,12.3,3.5,55,262,6,0,,70.9,36,436,0.9,60,3,3
CAHILTY,2022-09-19,ACTUAL,10,0.6,52,313,17,0,,80.2,37,440,2.7,61,9,3
CAHILTY,2022-09-20,ACTUAL,11.5,0.5,47,124,6,0,,84.1,38,444,2.5,63,9,3
CAHILTY,2022-09-21,ACTUAL,16.9,2.4,38,247,6,0,,87.6,40,448,4,65,13,3
CAHILTY,2022-09-22,ACTUAL,17.6,-1.7,27,268,9,0,,90.5,42,453,7.2,69,21,4
CAHILTY,2022-09-23,ACTUAL,10.6,4.6,66,191,6,0,,86.7,43,457,3.6,70,12,3
CAHILTY,2022-09-24,ACTUAL,11.7,5.6,66,170,5,0.6,,84.3,44,461,2.4,71,9,4
CAHILTY,2022-09-25,ACTUAL,17.3,5.2,45,107,5,0,,86.8,46,465,3.5,73,13,4
CAHILTY,2022-09-26,ACTUAL,20.4,5.9,39,95,6,0,,88.8,48,471,4.8,77,16,4
CAHILTY,2022-09-27,ACTUAL,20.6,5.3,37,130,7,0,,89.6,50,476,5.8,80,19,4
CAHILTY,2022-09-28,ACTUAL,20.6,3.7,33,166,7,0,,90.4,53,482,6.4,83,21,4
CAHILTY,2022-09-29,ACTUAL,14.7,7.1,60,304,7,0.4,,87.6,54,486,4.3,85,16,4
CAHILTY,2022-09-30,ACTUAL,17.4,9.1,58,266,6,0,,87.3,56,491,3.9,87,15,4
CAHILTY,2022-10-01,ACTUAL,18.9,7.3,47,153,6,0,,87.6,57,495,4,89,15,4
CAHILTY,2022-10-02,ACTUAL,20.8,6.6,40,254,6,0,,88.9,59,499,4.9,91,18,4
CAHILTY,2022-10-03,ACTUAL,21.7,3.3,30,231,8,0,,90.9,62,504,7.2,94,24,4
CAHILTY,2022-10-04,ACTUAL,19.7,3.7,35,161,7,0,,91,64,508,6.9,97,24,4
CAHILTY,2022-10-05,ACTUAL,19.2,5.2,40,111,6,0,,90.7,65,512,6.4,99,23,4
CAHILTY,2022-10-06,ACTUAL,19,5.4,41,230,6,0,,90.5,67,516,6.1,102,22,4
CAHILTY,2022-10-07,ACTUAL,18.9,3.8,37,181,6,0,,90.5,69,521,6.4,104,24,4
CAHILTY,2022-10-08,ACTUAL,18.6,4.7,40,242,7,0,,90.5,71,525,6.5,106,24,4
CAHILTY,2022-10-09,ACTUAL,17.9,1.7,34,244,5,0,,90.5,73,529,6,108,23,4
CAHILTY,2022-10-10,ACTUAL,14.8,2.6,44,261,10,0,,89.6,74,532,6.7,110,25,4
CAHILTY,2022-10-11,ACTUAL,11.4,-1.5,41,232,7,0,,89.3,75,535,5.4,111,22,4
CAHILTY,2022-10-12,ACTUAL,13.3,1.2,44,332,8,0.4,,89,77,538,5.6,113,22,4
CAHILTY,2022-10-13,ACTUAL,17.3,3.1,39,240,5,0,,89.1,78,542,4.8,115,20,4
CAHILTY,2022-10-14,ACTUAL,17.5,3.7,40,323,8,0,,89.1,80,545,5.6,117,23,4
CAHILTY,2022-10-15,ACTUAL,15.3,2.7,43,167,7,0,,89.2,81,549,5.5,119,23,4
CAHILTY,2022-10-16,ACTUAL,16.7,0.6,34,114,6,0,,89.6,83,553,5.6,121,23,5
CAHILTY,2022-10-17,ACTUAL,16.2,0.2,34,95,5,0,,89.7,85,556,5.4,123,22,5
CAHILTY,2022-10-18,ACTUAL,18.1,-1.3,27,181,7,0,,91.1,87,560,7,125,27,5
CAHILTY,2022-10-19,ACTUAL,16.4,0,33,234,7,0,,91.1,89,564,7,127,28,5
CAHILTY,2022-10-20,ACTUAL,4.4,-1.6,65,292,7,0.2,,86.9,89,565,3.9,128,18,5
CAHILTY,2022-10-21,ACTUAL,0.9,-3.5,72,325,7,0.8,,80.1,89,566,1.6,128,9,4
CAHILTY,2022-10-22,ACTUAL,2.6,-4.4,60,323,11,0.2,,81.5,89,567,2.4,128,12,4
CAHILTY,2022-10-23,ACTUAL,0.7,-3.4,74,171,7,0,,81.6,89,568,1.9,128,10,4
CAHILTY,2022-10-24,ACTUAL,2.1,0.5,89,272,5,0,,79.5,90,569,1.4,129,8,4
CAHILTY,2022-10-25,ACTUAL,0.4,-1.4,88,161,5,4.8,,37.1,58,548,0,92,0,2
CAHILTY,2022-10-26,ACTUAL,2.2,-1.6,76,214,5,6.2,,25.9,35,521,0,60,0,2
CAHILTY,2022-10-27,ACTUAL,2.2,0.4,88,173,8,3,,24.4,28,513,0,49,0,2
CAHILTY,2022-10-28,ACTUAL,5,-1.4,63,181,10,6.2,,32.2,17,488,0,30,0,2
CAHILTY,2022-10-29,ACTUAL,3.9,-2.3,64,211,9,0.8,,49.6,17,489,0.3,31,0,2
CAHILTY,2022-10-30,ACTUAL,2.8,1.3,90,209,6,0,,54.6,17,491,0.4,31,0,2
CAHILTY,2022-10-31,ACTUAL,2.6,0.6,87,205,9,0.4,,60.2,17,492,0.6,31,1,2
CLEARWATER HUB,2022-05-01,ACTUAL,18.1,0.6,31,186,5,0,60,91.1,51,92,6.3,51,16,3
CLEARWATER HUB,2022-05-02,ACTUAL,19.7,3.3,34,90,7,0,60,91.1,55,98,7.1,54,18,4
CLEARWATER HUB,2022-05-03,ACTUAL,19.7,3.3,34,198,8,0,60,91.2,58,104,7.5,58,20,4
CLEARWATER HUB,2022-05-04,ACTUAL,16.4,-0.5,32,215,9,0,60,91.2,61,109,8,61,21,4
CLEARWATER HUB,2022-05-05,ACTUAL,14.1,10.4,78,66,4,1.2,60,77.4,62,114,1.1,62,4,3
CLEARWATER HUB,2022-05-06,ACTUAL,9.1,6.9,86,349,3,15.2,60,24.6,28,89,0,32,0,2
CLEARWATER HUB,2022-05-07,ACTUAL,14,1.2,42,187,11,0.8,60,60.4,31,94,0.7,34,1,2
CLEARWATER HUB,2022-05-08,ACTUAL,14.3,-1.9,33,202,12,1,60,77.9,33,99,1.7,36,4,2
CLEARWATER HUB,2022-05-09,ACTUAL,11.7,0.7,47,272,7,0.2,60,83.3,35,104,2.4,38,6,2
CLEARWATER HUB,2022-05-10,ACTUAL,11.9,4.2,59,223,9,2.2,60,69.9,32,108,1,37,2,2
CLEARWATER HUB,2022-05-11,ACTUAL,15.5,-1.7,31,105,5,0,60,83.7,35,114,2.3,40,6,2
CLEARWATER HUB,2022-05-12,ACTUAL,15.4,-2.2,30,201,7,0,60,88.5,38,119,4.8,42,12,3
CLEARWATER HUB,2022-05-13,ACTUAL,11.3,3.4,58,196,10,2.6,60,68.8,33,123,1,39,2,2
CLEARWATER HUB,2022-05-14,ACTUAL,13.6,-0.6,38,254,7,0.2,60,81.7,35,128,2,42,5,2
CLEARWATER HUB,2022-05-15,ACTUAL,12.4,8.5,77,214,6,0.2,60,81.8,36,133,1.9,43,5,2
CLEARWATER HUB,2022-05-16,ACTUAL,20.7,4.2,34,198,11,1,60,86.4,40,139,4.6,46,12,3
CLEARWATER HUB,2022-05-17,ACTUAL,12.2,-0.1,43,237,8,2,60,75.5,38,143,1.2,46,3,3
CLEARWATER HUB,2022-05-18,ACTUAL,10.4,7.8,84,6,4,1.2,60,67.4,38,148,0.7,47,1,3
CLEARWATER HUB,2022-05-19,ACTUAL,14.2,4.5,52,49,4,3,60,61.4,32,149,0.5,42,1,2
CLEARWATER HUB,2022-05-20,ACTUAL,15,2.5,43,320,6,0.6,60,77.6,35,154,1.2,44,3,3
CLEARWATER HUB,2022-05-21,ACTUAL,19.4,-6.3,17,110,9,0,60,90.6,39,160,7.3,49,17,4
CLEARWATER HUB,2022-05-22,ACTUAL,21.6,-3.8,18,171,5,0,60,93.4,44,167,9,53,21,4
CLEARWATER HUB,2022-05-23,ACTUAL,19.2,1.1,30,228,8,0,60,92.8,48,172,9.7,56,23,4
CLEARWATER HUB,2022-05-24,ACTUAL,17.7,4.9,43,216,5,0.2,60,90.8,51,178,6.1,59,17,3
CLEARWATER HUB,2022-05-25,ACTUAL,19.3,4.5,38,103,8,0,60,90.9,54,184,7.1,62,20,4
CLEARWATER HUB,2022-05-26,ACTUAL,20.9,2.1,29,181,7,0,60,91.4,58,190,7.5,66,21,4
CLEARWATER HUB,2022-05-27,ACTUAL,22.3,1.2,25,179,12,1.4,60,88.7,63,196,6.5,70,19,4
CLEARWATER HUB,2022-05-28,ACTUAL,16.3,1.1,36,314,14,0,60,89.2,66,202,7.9,72,23,4
CLEARWATER HUB,2022-05-29,ACTUAL,20,0.3,27,171,7,0,60,91.2,70,208,7.1,76,22,4
CLEARWATER HUB,2022-05-30,ACTUAL,20.1,4.5,36,196,7,0,60,91.3,73,214,7.3,79,23,4
CLEARWATER HUB,2022-05-31,ACTUAL,16.9,7.8,55,174,7,0,60,88.7,75,219,4.9,81,17,4
CLEARWATER HUB,2022-06-01,ACTUAL,21,9.6,48,216,7,4,60,70.9,56,220,0.9,68,3,3
CLEARWATER HUB,2022-06-02,ACTUAL,15.4,8.7,64,359,4,2.4,60,63.2,49,226,0.6,63,2,3
CLEARWATER HUB,2022-06-03,ACTUAL,12.4,11.6,95,335,6,2.4,60,43.5,42,231,0.1,58,0,2
CLEARWATER HUB,2022-06-04,ACTUAL,21.1,8.3,44,295,7,7.4,60,58.5,27,222,0.5,41,1,2
CLEARWATER HUB,2022-06-05,ACTUAL,15.9,11.9,77,236,9,0.6,60,69.6,28,228,1,43,2,2
CLEARWATER HUB,2022-06-06,ACTUAL,17.9,12.6,71,15,4,7.6,60,44.7,17,218,0.1,28,0,2
CLEARWATER HUB,2022-06-07,ACTUAL,19.2,10.8,58,193,5,2.4,60,59.3,16,224,0.5,27,1,2
CLEARWATER HUB,2022-06-08,ACTUAL,22.8,8.8,41,353,6,1.4,60,77.9,19,232,1.3,32,3,2
CLEARWATER HUB,2022-06-09,ACTUAL,18.6,4.3,39,216,6,0,60,86,23,239,3.3,36,8,2
CLEARWATER HUB,2022-06-10,ACTUAL,23.3,11,46,59,6,9.4,60,64.9,15,224,0.7,25,1,2
CLEARWATER HUB,2022-06-11,ACTUAL,20.8,6.3,39,147,7,0,60,83.1,18,231,2.3,31,5,2
CLEARWATER HUB,2022-06-12,ACTUAL,18.3,10,58,43,4,0,60,84.8,20,237,2.5,34,6,2
CLEARWATER HUB,2022-06-13,ACTUAL,16,11,72,127,5,1,60,78.4,22,244,1.3,35,3,2
CLEARWATER HUB,2022-06-14,ACTUAL,18.6,9.2,54,98,5,2,60,73.2,22,250,0.9,35,2,2
CLEARWATER HUB,2022-06-15,ACTUAL,25.6,8.9,35,342,7,0,60,87.8,26,258,4.4,42,11,3
CLEARWATER HUB,2022-06-16,ACTUAL,16.5,12.3,76,341,8,2.8,60,64.4,22,265,0.8,36,1,2
CLEARWATER HUB,2022-06-17,ACTUAL,16.6,8.4,58,337,8,6.8,60,53.4,14,255,0.4,25,0,2
CLEARWATER HUB,2022-06-18,ACTUAL,17.7,11.8,68,151,4,2,60,59,14,261,0.5,24,0,2
CLEARWATER HUB,2022-06-19,ACTUAL,14.8,13.5,92,185,7,2.6,60,43.7,11,267,0.1,20,0,1
CLEARWATER HUB,2022-06-20,ACTUAL,22.4,12.7,54,334,5,7,60,54.2,9,258,0.3,16,0,1
CLEARWATER HUB,2022-06-21,ACTUAL,21.6,9.1,45,206,8,0,60,79.1,12,265,1.5,21,2,2
CLEARWATER HUB,2022-06-22,ACTUAL,20.2,10.7,54,305,3,7.4,60,55.6,9,254,0.3,16,0,1
CLEARWATER HUB,2022-06-23,ACTUAL,14,3.1,48,164,6,5.8,60,52.8,7,247,0.3,13,0,1
CLEARWATER HUB,2022-06-24,ACTUAL,20.2,8.8,48,103,7,0.6,60,76.2,10,254,1.1,18,1,1
CLEARWATER HUB,2022-06-25,ACTUAL,24.8,1.6,22,143,6,0,60,90.7,15,262,6.6,26,12,3
CLEARWATER HUB,2022-06-26,ACTUAL,27.3,6.6,27,204,6,0,60,92.7,20,270,8.6,34,16,3
CLEARWATER HUB,2022-06-27,ACTUAL,29.7,8.6,27,207,6,0,60,93.3,26,279,9.1,43,19,3
CLEARWATER HUB,2022-06-28,ACTUAL,18.7,13.2,70,348,14,0,60,86.7,28,286,5.5,45,13,3
CLEARWATER HUB,2022-06-29,ACTUAL,15.2,12.2,82,164,5,2.6,60,60.9,24,292,0.6,39,1,2
CLEARWATER HUB,2022-06-30,ACTUAL,23.7,10,42,211,7,0,60,82.8,27,300,2.3,44,6,3
CLEARWATER HUB,2022-07-01,ACTUAL,26.8,11.2,38,215,8,0,60,89.5,31,308,5.9,50,15,3
CLEARWATER HUB,2022-07-02,ACTUAL,25.4,10.4,39,213,6,0,60,90.1,35,316,5.9,55,16,3
CLEARWATER HUB,2022-07-03,ACTUAL,21.9,11,50,227,14,0,60,89.4,38,324,7.9,59,20,4
CLEARWATER HUB,2022-07-04,ACTUAL,20.7,14.5,67,228,8,5.8,60,60,25,316,0.6,42,1,2
CLEARWATER HUB,2022-07-05,ACTUAL,17.4,13.6,78,129,4,16.8,60,31.7,11,271,0,21,0,2
CLEARWATER HUB,2022-07-06,ACTUAL,18,13.2,73,204,5,0,60,54.4,13,278,0.3,23,0,2
CLEARWATER HUB,2022-07-07,ACTUAL,24,13.6,52,166,6,14.2,60,56.5,8,247,0.4,16,0,1
CLEARWATER HUB,2022-07-08,ACTUAL,24.8,9,37,155,7,0.8,60,82,12,255,2,22,3,2
CLEARWATER HUB,2022-07-09,ACTUAL,22,11.4,51,321,7,1.6,60,79.7,14,263,1.5,25,3,2
CLEARWATER HUB,2022-07-10,MANUAL,22.9,11.6,49,192,4,0.8,40,83.9,17,270,2.2,29,5,2
CLEARWATER HUB,2022-07-11,ACTUAL,26.4,11.7,40,230,7,0,40,89.2,21,279,5.5,35,12,3
CLEARWATER HUB,2022-07-12,ACTUAL,31.4,8.4,24,255,6,0,40,93.8,27,288,9.7,43,20,4
CLEARWATER HUB,2022-07-13,ACTUAL,26.1,5.6,27,206,7,0,40,93.9,31,297,10.5,50,23,4
CLEARWATER HUB,2022-07-14,ACTUAL,23.5,9.1,40,334,7,0,40,92,35,305,8.1,54,20,4
CLEARWATER HUB,2022-07-15,ACTUAL,27.7,8,29,157,5,0,50,92.6,40,313,7.8,60,20,4
CLEARWATER HUB,2022-07-16,ACTUAL,25.9,10,37,141,5,0,50,92.3,44,322,7.8,65,21,4
CLEARWATER HUB,2022-07-17,ACTUAL,26.1,12.2,42,187,9,0,50,91.6,47,330,8.3,70,23,4
CLEARWATER HUB,2022-07-18,ACTUAL,26.3,9.1,34,279,17,0,60,91.6,52,339,12.9,75,32,5
CLEARWATER HUB,2022-07-19,ACTUAL,25.2,14.7,52,349,4,7,60,66,33,326,0.7,53,2,3
CLEARWATER HUB,2022-07-20,ACTUAL,29.2,10.3,31,181,5,0,60,88.3,38,335,4.3,59,13,3
CLEARWATER HUB,2022-07-21,ACTUAL,29.4,10.4,31,126,6,0,50,92,43,344,7.6,65,21,4
CLEARWATER HUB,2022-07-22,ACTUAL,30.7,10.6,29,133,7,0,50,93,48,354,9.4,72,26,4
CLEARWATER HUB,2022-07-23,ACTUAL,31.5,7.2,22,108,6,0,50,94.6,54,363,11.2,79,30,4
CLEARWATER HUB,2022-07-24,ACTUAL,27.8,11.7,37,339,6,0,50,93.1,58,372,9.1,84,27,4
CLEARWATER HUB,2022-07-25,ACTUAL,30.6,12,32,162,7,0,50,93.1,63,381,9.4,90,29,4
CLEARWATER HUB,2022-07-26,ACTUAL,31.2,13,33,103,6,0,50,93.2,69,390,9.1,95,29,4
CLEARWATER HUB,2022-07-27,ACTUAL,33.3,13.3,30,109,6,0,50,93.4,74,400,9.3,101,30,4
CLEARWATER HUB,2022-07-28,ACTUAL,33.8,12.7,28,161,5,0,60,93.9,80,410,9.4,108,31,5
CLEARWATER HUB,2022-07-29,ACTUAL,32.3,13.9,33,211,6,0,60,93.9,85,419,10.1,113,33,5
CLEARWATER HUB,2022-07-30,ACTUAL,32.4,12.5,30,96,5,0.8,60,92.5,91,429,7.9,119,29,4
CLEARWATER HUB,2022-07-31,ACTUAL,32.8,13.4,31,288,5,0,60,93.1,96,438,8.5,124,31,5
CLEARWATER HUB,2022-08-01,ACTUAL,32.7,11.2,27,186,9,0,60,93.9,101,447,11.6,130,39,5
CLEARWATER HUB,2022-08-02,ACTUAL,26.7,10.3,36,333,5,1.8,60,85.9,95,455,3.1,125,15,4
CLEARWATER HUB,2022-08-03,ACTUAL,18.7,15.2,80,335,6,0.2,60,83.7,96,461,2.4,126,13,4
CLEARWATER HUB,2022-08-04,ACTUAL,16.2,9.7,65,258,9,32.8,70,44.6,42,331,0.1,64,0,2
CLEARWATER HUB,2022-08-05,ACTUAL,21.4,9,45,101,5,0.4,70,74.2,45,338,0.9,67,3,3
CLEARWATER HUB,2022-08-06,ACTUAL,24.1,10.7,43,322,7,0,70,86,48,346,3.4,71,12,4
CLEARWATER HUB,2022-08-07,ACTUAL,27.4,12.2,39,179,6,0,70,89.9,51,354,5.6,75,18,4
CLEARWATER HUB,2022-08-08,ACTUAL,30.6,10,28,348,5,0,70,92.9,56,362,8.2,81,25,4
CLEARWATER HUB,2022-08-09,ACTUAL,29.4,8.9,28,241,5,0,70,93.1,60,370,8.5,86,26,4
CLEARWATER HUB,2022-08-10,ACTUAL,28.2,12.9,39,205,8,0,70,92.5,64,378,8.9,90,28,4
CLEARWATER HUB,2022-08-11,ACTUAL,30.6,16.2,42,153,6,0,70,92.2,68,387,7.8,94,26,4
CLEARWATER HUB,2022-08-12,ACTUAL,29.8,13.9,38,288,5,0,70,92.3,72,395,7.6,99,26,4
CLEARWATER HUB,2022-08-13,ACTUAL,27.8,11.7,37,223,12,0,70,92.3,76,403,10.9,103,34,5
CLEARWATER HUB,2022-08-14,ACTUAL,25,9.2,37,228,8,0,70,92.2,79,411,8.6,107,29,4
CLEARWATER HUB,2022-08-15,ACTUAL,27.9,11,35,196,6,0,70,92.2,83,419,8,111,28,4
CLEARWATER HUB,2022-08-16,ACTUAL,29.5,12.4,35,68,4,0,70,92.3,87,427,7.2,115,27,4
CLEARWATER HUB,2022-08-17,ACTUAL,30.1,12.9,35,327,7,0,70,92.3,91,436,8.5,120,30,5
CLEARWATER HUB,2022-08-18,ACTUAL,31.6,12.8,32,82,5,0,70,92.7,96,444,8,124,30,5
CLEARWATER HUB,2022-08-19,ACTUAL,30.1,15.4,41,106,4,0.2,70,92.3,100,453,7.4,128,29,5
CLEARWATER HUB,2022-08-20,ACTUAL,30.8,14.8,38,105,5,0,70,92.4,104,461,7.8,133,30,5
CLEARWATER HUB,2022-08-21,ACTUAL,24.7,13.9,51,330,5,0,70,90.2,106,469,5.8,136,25,5
CLEARWATER HUB,2022-08-22,ACTUAL,30.5,12.8,34,206,7,0.6,70,91.6,111,477,7.8,140,30,5
CLEARWATER HUB,2022-08-23,ACTUAL,21.1,14.6,66,343,9,0,70,87.4,112,484,4.6,142,21,5
CLEARWATER HUB,2022-08-24,ACTUAL,28.7,13.3,39,11,5,0.2,70,90.3,116,492,5.8,146,25,5
CLEARWATER HUB,2022-08-25,ACTUAL,30.6,11,30,163,7,0,70,92.7,120,501,8.9,150,34,5
CLEARWATER HUB,2022-08-26,ACTUAL,26.9,15.3,49,316,7,1,70,87.1,123,509,4.1,154,20,5
CLEARWATER HUB,2022-08-27,ACTUAL,20.2,7.2,43,253,11,17.2,70,62.4,58,433,0.8,86,3,3
CLEARWATER HUB,2022-08-28,ACTUAL,22.3,9.4,44,212,5,0,70,81.6,60,440,1.7,90,8,3
CLEARWATER HUB,2022-08-29,ACTUAL,25.3,11.1,41,192,6,0,70,88.3,63,448,4.5,94,17,4
CLEARWATER HUB,2022-08-30,ACTUAL,28.2,14.4,43,107,3,0,70,89.7,67,456,4.8,98,19,4
CLEARWATER HUB,2022-08-31,ACTUAL,28.9,13.1,38,215,6,0,70,90.9,71,464,6.4,102,23,4
CLEARWATER HUB,2022-09-01,ACTUAL,31.7,11.9,30,178,6,0,70,92.9,75,471,8.5,107,29,4
CLEARWATER HUB,2022-09-02,ACTUAL,28.8,11.7,35,217,5,0,70,92.9,78,478,8.4,111,29,4
CLEARWATER HUB,2022-09-03,ACTUAL,26.3,11.6,40,235,4,0,70,92.1,81,485,7.1,114,26,4
CLEARWATER HUB,2022-09-04,ACTUAL,19.3,12.4,64,342,8,0,70,87.7,83,490,4.5,116,19,4
CLEARWATER HUB,2022-09-05,ACTUAL,20.5,9.4,49,181,5,1.4,70,81.5,84,495,1.7,118,9,4
CLEARWATER HUB,2022-09-06,ACTUAL,20,6.3,41,333,6,0,70,87.1,87,500,3.8,121,17,5
CLEARWATER HUB,2022-09-07,ACTUAL,25.5,-1.4,17,293,17,0,70,94.2,91,507,18.5,125,51,5
CLEARWATER HUB,2022-09-08,ACTUAL,19.5,3.9,36,288,15,0,70,92.1,93,512,12.1,128,40,5
CLEARWATER HUB,2022-09-09,ACTUAL,20.9,3.5,32,152,5,0,70,92.2,96,517,7.5,131,29,5
CLEARWATER HUB,2022-09-10,ACTUAL,21.5,4.4,33,149,7,0,70,92.2,98,523,8.4,134,32,5
CLEARWATER HUB,2022-09-11,ACTUAL,15.5,8.8,64,166,3,0,70,87.8,99,527,3.7,135,18,5
CLEARWATER HUB,2022-09-12,ACTUAL,19.5,10.3,55,209,4,0,70,87.9,101,533,3.8,137,18,5
CLEARWATER HUB,2022-09-13,ACTUAL,21.4,10.9,51,247,4,0,70,87.9,103,538,3.9,139,19,5
CLEARWATER HUB,2022-09-14,ACTUAL,17.6,12.4,71,167,5,0,100,85.7,104,543,2.9,141,15,4
CLEARWATER HUB,2022-09-15,ACTUAL,20.9,13.4,62,123,5,1.2,100,80.1,105,549,1.5,142,9,4
CLEARWATER HUB,2022-09-16,ACTUAL,16.1,8.4,60,280,12,2.4,100,70.8,85,553,1.2,123,7,3
CLEARWATER HUB,2022-09-17,ACTUAL,13.6,7.4,66,330,5,9.2,100,42.9,47,510,0.1,76,0,2
CLEARWATER HUB,2022-09-18,ACTUAL,15.2,5.1,51,8,6,0,100,67.7,48,515,0.8,78,3,3
CLEARWATER HUB,2022-09-19,ACTUAL,16.9,6.7,51,154,8,0,100,80.5,50,519,1.8,80,8,3
CLEARWATER HUB,2022-09-20,ACTUAL,17.3,3.8,41,339,6,0,100,86.2,52,524,3.3,83,13,4
CLEARWATER HUB,2022-09-21,MANUAL,20,-0.7,25,,7,0,100,90.9,54,530,7,86,23,4
CLEARWATER HUB,2022-09-22,ACTUAL,17.7,5.9,46,249,4,0,100,89.8,56,534,5.1,89,19,4
CLEARWATER HUB,2022-09-23,ACTUAL,17.8,7.5,51,353,4,0,100,88.9,58,539,4.5,91,17,4
CLEARWATER HUB,2022-09-24,ACTUAL,20.7,8.7,46,100,5,1,100,85.1,60,545,2.8,94,12,4
CLEARWATER HUB,2022-09-25,ACTUAL,20.8,8.4,45,190,5,0,100,87.5,62,550,3.9,97,16,4
CLEARWATER HUB,2022-09-26,ACTUAL,21.9,10.4,48,221,3,0,100,87.9,64,556,3.8,100,16,4
CLEARWATER HUB,2022-09-27,ACTUAL,22.1,11.2,50,176,4,0,100,88,66,562,4,102,17,4
CLEARWATER HUB,2022-09-28,ACTUAL,20.2,9.8,51,153,5,0,100,88,68,567,4.2,105,17,4
CLEARWATER HUB,2022-09-29,ACTUAL,22.4,11.5,50,112,5,0.4,100,88.1,70,573,4.2,107,18,4
CLEARWATER HUB,2022-09-30,ACTUAL,21.6,10.1,48,328,6,0,100,88.1,72,578,4.4,110,19,4
CLEARWATER HUB,2022-10-01,ACTUAL,21.3,10.2,49,331,4,0,100,88.2,74,583,4.1,112,18,4
CLEARWATER HUB,2022-10-02,ACTUAL,21.9,10.1,47,79,5,0,100,88.2,76,587,4.3,115,19,4
CLEARWATER HUB,2022-10-03,ACTUAL,21,10.8,52,249,6,0,100,88.3,77,592,4.5,117,19,4
CLEARWATER HUB,2022-10-04,ACTUAL,19.7,10.2,54,236,3,0,100,88.2,79,596,3.9,119,17,4
CLEARWATER HUB,2022-10-05,ACTUAL,21.6,9.8,47,211,5,0,100,88.3,81,601,4.3,121,19,5
CLEARWATER HUB,2022-10-06,ACTUAL,20.6,8.6,46,323,4,0,100,88.3,83,605,4.1,123,19,5
CLEARWATER HUB,2022-10-07,ACTUAL,19.9,8.6,48,98,4,0,100,88.4,84,609,4.2,125,19,5
CLEARWATER HUB,2022-10-08,ACTUAL,18.7,8.1,50,271,4,0,100,88.4,86,614,4.3,127,19,5
CLEARWATER HUB,2022-10-09,ACTUAL,18.2,7.9,51,99,6,0,100,88.5,87,617,4.6,129,20,5
CLEARWATER HUB,2022-10-10,ACTUAL,15.2,9.6,69,83,4,0,100,86,88,621,3,130,15,4
CLEARWATER HUB,2022-10-11,ACTUAL,14.4,0.9,40,129,5,0,100,87.5,89,624,3.8,132,18,5
CLEARWATER HUB,2022-10-12,ACTUAL,15.7,4.1,46,239,4,0,100,87.5,91,628,3.7,133,18,5
CLEARWATER HUB,2022-10-13,ACTUAL,14.6,3.7,48,237,5,0,100,87.6,92,631,3.9,135,18,5
CLEARWATER HUB,2022-10-14,ACTUAL,12.5,6.4,66,205,4,0,100,85.9,93,634,2.9,136,15,4
CLEARWATER HUB,2022-10-15,ACTUAL,16,6.5,53,148,4,0,100,86.1,94,638,3,137,15,4
CLEARWATER HUB,2022-10-16,ACTUAL,14.3,5.4,55,268,5,0,100,86.2,95,641,3.2,138,16,4
CLEARWATER HUB,2022-10-17,ACTUAL,12.8,4.8,58,71,4,0,100,86.2,96,644,3,140,16,4
CLEARWATER HUB,2022-10-18,ACTUAL,13.2,4.9,57,128,4,0,100,86.3,97,647,3.1,141,16,4
CLEARWATER HUB,2022-10-19,ACTUAL,11.1,5.7,69,248,4,0.2,100,85,97,650,2.6,142,14,4
CLEARWATER HUB,2022-10-20,ACTUAL,15,1.1,39,172,11,0,100,87.6,99,653,5.3,143,23,5
CLEARWATER HUB,2022-10-21,ACTUAL,10.3,-1.8,43,162,6,0,100,87.6,100,656,4.1,144,20,5
CLEARWATER HUB,2022-10-22,ACTUAL,9.3,-0.3,51,75,4,0,100,87.3,100,658,3.6,145,18,5
CLEARWATER HUB,2022-10-23,ACTUAL,6.6,-0.3,61,114,4,0,100,86,101,660,2.9,146,15,4
CLEARWATER HUB,2022-10-24,ACTUAL,5.3,4.4,94,1,4,11.6,100,22.7,50,584,0,83,0,2
CLEARWATER HUB,2022-10-25,ACTUAL,4.6,3.1,90,137,5,2.4,100,22.7,43,586,0,73,0,2
CLEARWATER HUB,2022-10-26,ACTUAL,6.9,4,82,102,4,9,100,18.6,23,538,0,41,0,2
CLEARWATER HUB,2022-10-27,ACTUAL,14.2,2.4,45,228,13,0,100,58,24,541,0.7,43,1,3
CLEARWATER HUB,2022-10-28,ACTUAL,13.9,0.4,40,241,10,0,100,78,25,544,1.6,46,4,3
CLEARWATER HUB,2022-10-29,ACTUAL,10,2.9,61,355,3,0,100,80.9,26,547,1.5,47,4,3
CLEARWATER HUB,2022-10-30,ACTUAL,14.3,2.8,46,227,12,0,100,85.3,27,550,4.1,49,11,3
CLEARWATER HUB,2022-10-31,ACTUAL,7.2,3.3,76,123,5,0.2,100,83.5,28,552,2.2,49,6,3
COLDSCAUR LAKE,2022-05-01,ACTUAL,11.1,-1.8,41,192,8,0,,,,,,,,
COLDSCAUR LAKE,2022-05-02,ACTUAL,9.3,5.1,75,326,8,0.4,,,,,,,,
COLDSCAUR LAKE,2022-05-03,ACTUAL,13,2.5,49,191,10,0.6,,,,,,,,
COLDSCAUR LAKE,2022-05-04,ACTUAL,9.5,-0.4,50,140,12,0,,,,,,,,
COLDSCAUR LAKE,2022-05-05,ACTUAL,10.8,5,67,139,10,0.8,,,,,,,,
COLDSCAUR LAKE,2022-05-06,ACTUAL,5.5,3.7,88,145,6,19.4,,,,,,,,
COLDSCAUR LAKE,2022-05-07,ACTUAL,8.3,-4,42,307,8,2.2,,,,,,,,
COLDSCAUR LAKE,2022-05-08,ACTUAL,9.7,-7.2,30,255,12,3.2,,,,,,,,
COLDSCAUR LAKE,2022-05-09,ACTUAL,5.1,1.9,80,323,7,3.2,,,,,,,,
COLDSCAUR LAKE,2022-05-10,ACTUAL,6.9,0.2,62,40,9,3.2,,,,,,,,
COLDSCAUR LAKE,2022-05-11,ACTUAL,8.3,-4.3,41,151,14,0,,,,,,,,
COLDSCAUR LAKE,2022-05-12,ACTUAL,9.2,-5.2,36,150,13,0,,,,,,,,
COLDSCAUR LAKE,2022-05-13,ACTUAL,6.4,2,73,352,7,6,,,,,,,,
COLDSCAUR LAKE,2022-05-14,ACTUAL,7.8,-1.7,51,155,10,1,,,,,,,,
COLDSCAUR LAKE,2022-05-15,ACTUAL,7.7,4.3,79,155,10,0.6,,,,,,,,
COLDSCAUR LAKE,2022-05-16,ACTUAL,14,5.1,55,141,13,1,,,,,,,,
COLDSCAUR LAKE,2022-05-17,ACTUAL,6.9,0.6,64,336,8,4,,,,,,,,
COLDSCAUR LAKE,2022-05-18,ACTUAL,5.9,3.7,86,141,9,2.8,,,,,,,,
COLDSCAUR LAKE,2022-05-19,ACTUAL,6.6,4.1,84,326,8,20.2,,,,,,,,
COLDSCAUR LAKE,2022-05-20,ACTUAL,6.9,1.5,68,153,10,0.6,,,,,,,,
COLDSCAUR LAKE,2022-05-21,ACTUAL,14.4,-7.1,22,302,9,0.2,,,,,,,,
COLDSCAUR LAKE,2022-05-22,ACTUAL,16.6,-7.2,19,340,9,0,,,,,,,,
COLDSCAUR LAKE,2022-05-23,ACTUAL,11.5,-2.1,39,58,4,0,,,,,,,,
COLDSCAUR LAKE,2022-05-24,ACTUAL,12.1,1.4,48,186,12,3,,,,,,,,
COLDSCAUR LAKE,2022-05-25,ACTUAL,12.8,2.6,50,125,12,0.2,,,,,,,,
COLDSCAUR LAKE,2022-05-26,ACTUAL,15.9,-0.5,33,136,12,0,,85,6,15,3.9,6,3,
COLDSCAUR LAKE,2022-05-27,ACTUAL,16.5,-1.3,30,253,10,3.6,,74.1,7,17,1.2,7,1,1
COLDSCAUR LAKE,2022-05-28,ACTUAL,7.9,4,76,203,7,0.2,,77,7,21,1.2,8,1,1
COLDSCAUR LAKE,2022-05-29,ACTUAL,15.8,1,37,294,10,0.4,,85.7,10,26,3.8,10,4,1
COLDSCAUR LAKE,2022-05-30,ACTUAL,16.6,-1.6,29,104,6,0.2,,89.4,13,31,5.4,13,7,2
COLDSCAUR LAKE,2022-05-31,ACTUAL,15.9,3.6,44,189,11,0,,89.3,16,37,6.7,16,9,2
COLDSCAUR LAKE,2022-06-01,ACTUAL,18.4,5.2,42,135,9,1,,85.6,19,43,3.7,19,6,2
COLDSCAUR LAKE,2022-06-02,ACTUAL,15.8,4.2,46,161,11,2.8,,73.3,17,50,1.3,18,1,1
COLDSCAUR LAKE,2022-06-03,ACTUAL,10.1,8.8,92,147,7,6.2,,31.7,10,46,0,13,0,1
COLDSCAUR LAKE,2022-06-04,ACTUAL,16.2,5.5,49,145,9,11.6,,47.4,7,35,0.2,9,0,1
COLDSCAUR LAKE,2022-06-05,ACTUAL,11.8,9.7,87,136,10,1.8,,47.4,6,40,0.2,9,0,1
COLDSCAUR LAKE,2022-06-06,ACTUAL,9.8,7.4,85,271,3,7.6,,24.7,3,34,0,5,0,1
COLDSCAUR LAKE,2022-06-07,ACTUAL,16,6.5,53,150,11,2.6,,53.8,4,41,0.4,6,0,1
COLDSCAUR LAKE,2022-06-08,ACTUAL,17.1,5.7,47,133,10,4,,62,4,43,0.7,7,0,1
COLDSCAUR LAKE,2022-06-09,ACTUAL,13.7,2.2,46,142,12,2.8,,66.2,5,46,1,7,1,1
COLDSCAUR LAKE,2022-06-10,ACTUAL,14.8,8.1,64,132,12,8.4,,50.3,3,40,0.3,6,0,1
COLDSCAUR LAKE,2022-06-11,ACTUAL,16.6,5.2,47,158,15,0,,76.1,6,46,1.7,9,1,1
COLDSCAUR LAKE,2022-06-12,ACTUAL,13,4.5,56,294,6,0.4,,81.5,7,52,1.8,11,2,1
COLDSCAUR LAKE,2022-06-13,ACTUAL,13.3,5.8,60,317,12,0.4,,83.5,9,58,3.2,13,4,1
COLDSCAUR LAKE,2022-06-14,ACTUAL,15.3,5.2,51,312,15,6.6,,62.2,7,55,1,10,1,1
COLDSCAUR LAKE,2022-06-15,ACTUAL,19.8,3.8,35,66,9,0,,83,10,62,2.5,15,3,1
COLDSCAUR LAKE,2022-06-16,ACTUAL,14,7.6,65,166,8,5,,56,7,61,0.5,11,0,1
COLDSCAUR LAKE,2022-06-17,ACTUAL,16.6,5.2,47,299,7,2,,67.8,8,67,0.8,13,1,1
COLDSCAUR LAKE,2022-06-18,ACTUAL,11.6,7.6,76,321,10,1.2,,67.8,9,73,0.9,14,1,1
COLDSCAUR LAKE,2022-06-19,ACTUAL,13.4,11.3,87,318,9,2.8,,50.5,7,76,0.3,11,0,1
COLDSCAUR LAKE,2022-06-20,ACTUAL,20.9,5.2,36,304,11,0.2,,80.5,11,83,2.1,16,3,1
COLDSCAUR LAKE,2022-06-21,ACTUAL,16.2,8,58,160,11,0,,83.9,12,90,3.2,19,5,1
COLDSCAUR LAKE,2022-06-22,ACTUAL,15.6,8.7,63,293,10,13.8,,49.4,7,72,0.2,12,0,1
COLDSCAUR LAKE,2022-06-23,ACTUAL,8.8,2.4,64,319,11,4.2,,47.2,5,71,0.2,9,0,1
COLDSCAUR LAKE,2022-06-24,ACTUAL,16.5,8.3,58,290,8,3.6,,55.9,5,74,0.5,8,0,1
COLDSCAUR LAKE,2022-06-25,ACTUAL,21,1.2,27,158,8,0,,83.4,9,81,2.6,14,3,1
COLDSCAUR LAKE,2022-06-26,ACTUAL,25.7,1,20,160,7,0,,92.7,15,89,9.1,21,13,2
COLDSCAUR LAKE,2022-06-27,ACTUAL,27.7,2.7,20,147,10,0,,94.4,21,97,13.1,27,20,2
COLDSCAUR LAKE,2022-06-28,ACTUAL,15.9,10.9,72,193,5,0.2,,87.1,22,104,3.7,29,7,2
COLDSCAUR LAKE,2022-06-29,ACTUAL,11,10.2,95,170,5,6.8,,30.6,12,98,0,19,0,1
COLDSCAUR LAKE,2022-06-30,ACTUAL,21.2,6.2,38,151,8,1.4,,68.8,16,105,0.9,23,1,1
COLDSCAUR LAKE,2022-07-01,ACTUAL,14.1,12.6,91,338,5,0.6,,69.7,16,111,0.8,24,1,1
COLDSCAUR LAKE,2022-07-02,ACTUAL,22.2,6.3,36,334,5,0.2,,85.3,20,119,2.8,28,6,2
COLDSCAUR LAKE,2022-07-03,ACTUAL,22.7,5.9,34,173,7,0,,89.7,24,127,5.8,32,12,2
COLDSCAUR LAKE,2022-07-04,ACTUAL,17.9,9.1,56,164,10,6.4,,62,16,123,0.7,24,1,1
COLDSCAUR LAKE,2022-07-05,ACTUAL,13.8,11.1,84,153,9,24,,27.9,7,82,0,11,0,1
COLDSCAUR LAKE,2022-07-06,ACTUAL,17.3,9.5,60,132,7,0,,58.5,9,89,0.5,14,0,1
COLDSCAUR LAKE,2022-07-07,ACTUAL,19.6,8.9,50,135,13,2.8,,69.9,8,96,1.2,14,1,1
COLDSCAUR LAKE,2022-07-08,ACTUAL,18.1,7.8,51,119,10,21,,53.3,6,65,0.4,9,0,1
COLDSCAUR LAKE,2022-07-09,ACTUAL,17.7,9.4,58,316,8,8,,51,4,59,0.3,7,0,1
COLDSCAUR LAKE,2022-07-10,ACTUAL,18.3,7.7,50,322,6,5.4,,56.2,4,59,0.4,7,0,1
COLDSCAUR LAKE,2022-07-11,ACTUAL,22.6,9.7,44,133,12,0,,81.7,7,67,2.6,11,3,1
COLDSCAUR LAKE,2022-07-12,ACTUAL,27.1,7.9,30,148,13,0,,91.1,12,75,9.6,17,13,2
COLDSCAUR LAKE,2022-07-13,ACTUAL,19.2,6.3,43,309,11,1,,86.2,15,83,4.2,20,7,2
COLDSCAUR LAKE,2022-07-14,ACTUAL,20.5,6,39,142,11,0,,88.8,18,90,6.3,24,11,2
COLDSCAUR LAKE,2022-07-15,ACTUAL,22.5,4.9,32,138,11,0,,90.8,22,98,8.2,28,14,2
COLDSCAUR LAKE,2022-07-16,ACTUAL,19.8,9.4,51,131,9,3.4,,72.4,18,101,1,25,1,1
COLDSCAUR LAKE,2022-07-17,ACTUAL,19.8,11.4,58,308,11,0,,82.1,20,108,2.4,27,5,1
COLDSCAUR LAKE,2022-07-18,ACTUAL,19.9,9.5,51,296,11,0,,86,23,116,4.2,30,9,2
COLDSCAUR LAKE,2022-07-19,ACTUAL,20.4,13.9,66,310,6,9.6,,53.3,13,106,0.3,20,0,1
COLDSCAUR LAKE,2022-07-20,ACTUAL,24.2,11.2,44,321,8,0,,80.7,16,114,1.8,24,3,1
COLDSCAUR LAKE,2022-07-21,ACTUAL,26,9.3,35,305,10,0,,89.6,20,122,6.7,29,12,2
COLDSCAUR LAKE,2022-07-22,ACTUAL,25,6.1,30,319,10,0,,91.7,25,130,9.1,34,17,2
COLDSCAUR LAKE,2022-07-23,ACTUAL,25,6.1,30,302,8,0,,91.9,29,139,8.5,38,17,2
COLDSCAUR LAKE,2022-07-24,ACTUAL,24.4,5.6,30,308,8,0,,92,33,147,8.5,42,18,2
COLDSCAUR LAKE,2022-07-25,ACTUAL,24.9,12.1,45,278,9,0,,90.9,37,155,7.8,46,18,2
COLDSCAUR LAKE,2022-07-26,ACTUAL,26.7,11.5,39,258,8,0,,91,41,163,7.3,50,18,3
COLDSCAUR LAKE,2022-07-27,ACTUAL,30.7,8.9,26,303,8,0,,93.5,46,173,10.7,55,25,3
COLDSCAUR LAKE,2022-07-28,ACTUAL,32.7,11.8,28,282,6,0,,93.7,52,182,9.5,61,24,3
COLDSCAUR LAKE,2022-07-29,ACTUAL,29.5,13.6,38,164,8,0,,92.9,56,191,9.7,65,25,3
COLDSCAUR LAKE,2022-07-30,ACTUAL,29.9,14,38,301,8,2.6,,85.4,51,200,3.4,62,11,2
COLDSCAUR LAKE,2022-07-31,ACTUAL,30.1,11.5,32,317,10,0,,91.7,56,209,9.1,67,24,3
COLDSCAUR LAKE,2022-08-01,ACTUAL,25.3,11.8,43,320,8,0,,91.2,59,217,7.7,70,22,3
COLDSCAUR LAKE,2022-08-02,ACTUAL,21.7,5.5,35,329,9,4.4,,75.9,44,216,1.3,58,4,2
COLDSCAUR LAKE,2022-08-03,ACTUAL,14.3,12.2,87,138,4,3.2,,49,34,217,0.2,49,0,1
COLDSCAUR LAKE,2022-08-04,ACTUAL,9.9,8.2,89,313,9,23.2,,18.8,12,165,0,21,0,1
COLDSCAUR LAKE,2022-08-05,ACTUAL,15.3,9.1,66,302,4,1.6,,42.4,13,171,0.1,21,0,1
COLDSCAUR LAKE,2022-08-06,ACTUAL,20.6,7.5,43,315,8,0,,74.9,15,177,1.2,25,2,1
COLDSCAUR LAKE,2022-08-07,ACTUAL,25.6,11.3,41,300,9,0,,87.3,18,185,4.6,30,9,2
COLDSCAUR LAKE,2022-08-08,ACTUAL,25,5.1,28,301,7,0,,91.6,22,193,7.5,35,15,2
COLDSCAUR LAKE,2022-08-09,ACTUAL,27.9,9.6,32,170,7,0,,92,26,201,8.3,40,17,2
COLDSCAUR LAKE,2022-08-10,ACTUAL,29.7,8.6,27,159,8,0,,93.3,31,209,10,45,21,2
COLDSCAUR LAKE,2022-08-11,ACTUAL,28,14.6,44,149,8,0.2,,91.7,34,217,8.1,49,19,3
COLDSCAUR LAKE,2022-08-12,ACTUAL,27.7,10.3,34,172,8,0.2,,91.7,38,225,8.3,54,20,3
COLDSCAUR LAKE,2022-08-13,ACTUAL,17.9,16.1,89,97,4,4,,49.2,28,224,0.2,42,0,1
COLDSCAUR LAKE,2022-08-14,ACTUAL,22.2,9.7,45,159,9,0,,78.3,30,231,1.5,46,4,1
COLDSCAUR LAKE,2022-08-15,ACTUAL,24.9,11.1,42,168,9,0,,87.6,33,239,4.9,49,13,2
COLDSCAUR LAKE,2022-08-16,ACTUAL,22.9,11.3,48,338,5,0,,88.1,36,246,4.2,53,12,2
COLDSCAUR LAKE,2022-08-17,ACTUAL,26.3,9.5,35,320,9,0,,90.7,40,254,7.3,57,19,3
COLDSCAUR LAKE,2022-08-18,ACTUAL,30.1,10,29,162,7,0,,92.8,44,262,9,62,23,3
COLDSCAUR LAKE,2022-08-19,ACTUAL,23.7,12.4,49,150,8,0,,90.4,47,269,6.7,65,19,3
COLDSCAUR LAKE,2022-08-20,ACTUAL,24.2,14.1,53,304,8,0,,89.4,49,277,5.9,68,18,3
COLDSCAUR LAKE,2022-08-21,ACTUAL,24.1,14.3,54,178,9,0,,89,52,284,5.9,71,18,3
COLDSCAUR LAKE,2022-08-22,ACTUAL,28,8.2,29,146,8,0,,92.3,56,292,8.9,76,25,3
COLDSCAUR LAKE,2022-08-23,ACTUAL,18.2,13.4,73,344,5,0,,86.5,57,298,3.3,77,12,2
COLDSCAUR LAKE,2022-08-24,ACTUAL,27,11.4,38,134,9,0.2,,90.1,61,306,6.8,81,22,3
COLDSCAUR LAKE,2022-08-25,ACTUAL,29,10.1,31,286,9,0,,92.2,65,314,9.1,86,27,3
COLDSCAUR LAKE,2022-08-26,ACTUAL,24.4,14.3,53,174,9,1.6,,82.9,65,322,2.5,86,10,3
COLDSCAUR LAKE,2022-08-27,ACTUAL,12,8.1,77,332,10,28,,35.1,25,240,0,40,0,1
COLDSCAUR LAKE,2022-08-28,ACTUAL,17.1,9.8,62,143,10,0.6,,63.5,27,246,0.8,42,2,1
COLDSCAUR LAKE,2022-08-29,ACTUAL,21.6,11.1,51,133,11,0.2,,81.5,29,253,2.3,45,7,2
COLDSCAUR LAKE,2022-08-30,MANUAL,26,11.3,40,150,10,0,,88.9,33,261,6,50,15,2
COLDSCAUR LAKE,2022-08-31,ACTUAL,28.3,9.5,31,163,9,0,,91.9,37,269,8.8,55,21,3
COLDSCAUR LAKE,2022-09-01,ACTUAL,25.2,8.1,34,342,9,0,,92,40,275,8.9,59,22,3
COLDSCAUR LAKE,2022-09-02,ACTUAL,27.9,7.1,27,133,11,0,,93,44,282,11.2,63,27,3
COLDSCAUR LAKE,2022-09-03,ACTUAL,28.4,7.5,27,146,9,0,,93.2,47,289,10.7,67,27,3
COLDSCAUR LAKE,2022-09-04,ACTUAL,15.1,9.9,71,142,9,1.4,,78.1,48,293,1.5,68,6,2
COLDSCAUR LAKE,2022-09-05,ACTUAL,13.9,7.9,67,320,5,3,,60.6,39,292,0.6,59,1,2
COLDSCAUR LAKE,2022-09-06,ACTUAL,19.5,4.3,37,134,13,0,,82.8,41,298,3,61,10,2
COLDSCAUR LAKE,2022-09-07,ACTUAL,19.4,2.2,32,313,13,0,,89.1,44,303,7.2,64,20,3
COLDSCAUR LAKE,2022-09-08,ACTUAL,15.3,3.4,45,305,11,0,,89,45,307,6.6,66,19,3
COLDSCAUR LAKE,2022-09-09,ACTUAL,17.3,0.3,32,297,7,0,,90,48,312,6.1,69,18,3
COLDSCAUR LAKE,2022-09-10,ACTUAL,20.5,2.7,31,139,10,0,,90.8,50,318,8,72,23,3
COLDSCAUR LAKE,2022-09-11,ACTUAL,18.9,4.6,39,169,10,0,,90.7,53,323,8,75,23,3
COLDSCAUR LAKE,2022-09-12,ACTUAL,21.4,5.6,36,172,10,0,,90.8,55,328,7.9,78,24,3
COLDSCAUR LAKE,2022-09-13,ACTUAL,21.4,9.6,47,335,9,0,,90,57,334,6.6,80,21,3
COLDSCAUR LAKE,2022-09-14,ACTUAL,16,10.2,68,140,8,0,,86.4,58,338,3.9,81,14,2
COLDSCAUR LAKE,2022-09-15,ACTUAL,15.7,10.9,73,151,9,0.6,,84,59,343,2.8,83,11,2
COLDSCAUR LAKE,2022-09-16,ACTUAL,6.1,5.5,96,313,10,6.2,,30.7,36,328,0,56,0,2
COLDSCAUR LAKE,2022-09-17,ACTUAL,11.9,5.6,65,28,5,3.4,,41,28,325,0.1,46,0,1
COLDSCAUR LAKE,2022-09-18,ACTUAL,14.5,2.3,44,314,7,0,,68.5,29,329,0.8,48,2,1
COLDSCAUR LAKE,2022-09-19,ACTUAL,11.9,4.4,60,312,10,0,,77.8,30,333,1.5,49,5,2
COLDSCAUR LAKE,2022-09-20,ACTUAL,15.1,0.8,38,290,6,3.2,,68.8,25,331,0.8,42,2,1
COLDSCAUR LAKE,2022-09-21,ACTUAL,18.6,0.6,30,132,5,0,,84.7,27,336,2.6,45,7,2
COLDSCAUR LAKE,2022-09-22,ACTUAL,20.6,3.2,32,328,9,0,,89.6,30,342,6.2,49,16,2
COLDSCAUR LAKE,2022-09-23,ACTUAL,12.7,5.2,60,163,5,0,,87.3,31,346,3.7,50,11,2
COLDSCAUR LAKE,2022-09-24,ACTUAL,16.4,5.7,49,264,7,1.6,,78.9,31,351,1.4,51,4,2
COLDSCAUR LAKE,2022-09-25,ACTUAL,19.4,6.4,43,176,9,0,,86.2,33,356,4,54,11,2
COLDSCAUR LAKE,2022-09-26,ACTUAL,23.3,8.1,38,127,9,0,,89.4,36,362,6.3,57,17,3
COLDSCAUR LAKE,2022-09-27,ACTUAL,22.8,7.7,38,144,10,0,,89.9,38,367,7,61,19,3
COLDSCAUR LAKE,2022-09-28,ACTUAL,22.6,6.3,35,129,9,0,,90.5,41,373,7.2,65,20,3
COLDSCAUR LAKE,2022-09-29,ACTUAL,18.8,8.5,51,294,11,0,,89,43,378,6.5,67,19,3
COLDSCAUR LAKE,2022-09-30,ACTUAL,19.1,9.6,54,322,10,0,,88.3,45,383,5.5,69,17,3
COLDSCAUR LAKE,2022-10-01,ACTUAL,20.5,9.4,49,173,8,0,,88.4,46,388,5,71,16,2
COLDSCAUR LAKE,2022-10-02,ACTUAL,23.2,8.4,39,316,8,0,,89.6,49,393,6.2,74,19,3
COLDSCAUR LAKE,2022-10-03,ACTUAL,22.3,8.7,42,183,7,0,,89.7,51,397,5.7,77,19,3
COLDSCAUR LAKE,2022-10-04,ACTUAL,21.4,6.8,39,148,10,0,,89.7,53,402,6.7,79,21,3
COLDSCAUR LAKE,2022-10-05,ACTUAL,22,5.3,34,298,7,0,,90.5,55,407,6.7,82,22,3
COLDSCAUR LAKE,2022-10-06,ACTUAL,20.9,6.7,40,300,6,0,,90.5,57,411,6.4,85,21,3
COLDSCAUR LAKE,2022-10-07,ACTUAL,21.3,6.3,38,164,7,0,,90.6,59,416,6.7,87,22,3
COLDSCAUR LAKE,2022-10-08,ACTUAL,20.2,7.2,43,338,9,0,,90.3,61,420,7.2,89,24,3
COLDSCAUR LAKE,2022-10-09,ACTUAL,19.5,6.2,42,306,8,0,,90.3,63,424,6.5,92,23,3
COLDSCAUR LAKE,2022-10-10,ACTUAL,16.9,6.1,49,227,4,0,,89.2,64,428,4.6,93,18,3
COLDSCAUR LAKE,2022-10-11,ACTUAL,10.3,-1.5,44,328,8,0,,88.7,65,431,5.4,94,20,3
COLDSCAUR LAKE,2022-10-12,ACTUAL,14.5,1.7,42,295,9,0,,88.8,66,434,5.8,96,21,3
COLDSCAUR LAKE,2022-10-13,ACTUAL,16.6,2.9,40,159,8,0,,88.8,68,438,5.4,98,20,3
COLDSCAUR LAKE,2022-10-14,ACTUAL,17.3,4.5,43,321,11,0,,88.9,70,441,6.4,100,23,3
COLDSCAUR LAKE,2022-10-15,ACTUAL,17.1,4.4,43,136,8,0,,88.9,71,445,5.6,102,21,3
COLDSCAUR LAKE,2022-10-16,ACTUAL,18.9,3.4,36,179,12,0,,89.6,73,449,7.5,104,26,3
COLDSCAUR LAKE,2022-10-17,ACTUAL,17.8,1.6,34,146,9,0,,89.9,75,453,6.6,106,24,3
COLDSCAUR LAKE,2022-10-18,ACTUAL,17.7,2.3,36,124,9,0,,89.9,77,457,6.7,108,25,3
COLDSCAUR LAKE,2022-10-19,ACTUAL,17,2.8,39,170,9,0,,90,79,461,6.8,110,25,3
COLDSCAUR LAKE,2022-10-20,ACTUAL,9.6,0.8,54,249,7,0.8,,84,79,463,2.6,111,12,3
COLDSCAUR LAKE,2022-10-21,ACTUAL,4.5,-3,58,304,8,0,,84,80,465,2.7,112,13,3
COLDSCAUR LAKE,2022-10-22,ACTUAL,5.5,-1.2,62,296,11,0,,84,80,466,3.2,112,15,3
COLDSCAUR LAKE,2022-10-23,ACTUAL,2.8,-1.5,73,148,7,1.2,,73.4,80,468,1,112,6,3
COLDSCAUR LAKE,2022-10-24,ACTUAL,2.3,1,91,135,6,4.4,,36,54,454,0,83,0,2
COLDSCAUR LAKE,2022-10-25,ACTUAL,2.1,0.5,89,137,9,5.8,,21.3,34,434,0,57,0,2
COLDSCAUR LAKE,2022-10-26,ACTUAL,4,0.2,76,144,7,7.4,,22.8,19,408,0,33,0,1
COLDSCAUR LAKE,2022-10-27,ACTUAL,8.1,2.6,68,138,12,1.8,,42.2,17,410,0.1,31,0,1
COLDSCAUR LAKE,2022-10-28,ACTUAL,9,-0.9,50,162,10,0,,64.9,18,412,0.8,33,1,1
COLDSCAUR LAKE,2022-10-29,ACTUAL,5.2,-0.2,68,154,9,0,,72.6,18,414,1.1,33,2,1
COLDSCAUR LAKE,2022-10-30,ACTUAL,8,2.1,66,126,12,0,,78,19,416,1.7,34,4,1
COLDSCAUR LAKE,2022-10-31,ACTUAL,0.8,0.1,95,299,8,0.2,,76.2,19,417,1.2,34,3,1
EAST BARRIERE,2022-05-01,ACTUAL,17.1,1,34,244,6,0,,89.7,16,37,5.4,16,8,2
EAST BARRIERE,2022-05-02,ACTUAL,16.9,3.5,41,207,4,0,,89.8,19,42,5,19,8,2
EAST BARRIERE,2022-05-03,ACTUAL,17.4,4.3,42,346,4,0.2,,89.8,22,48,5,22,8,3
EAST BARRIERE,2022-05-04,ACTUAL,15,-0.1,36,314,6,0,,89.9,24,53,5.6,24,10,3
EAST BARRIERE,2022-05-05,ACTUAL,11.3,9.5,89,46,4,2.6,,57,20,57,0.4,21,0,2
EAST BARRIERE,2022-05-06,ACTUAL,12.3,1.6,48,66,5,14,,43.4,11,39,0.1,13,0,1
EAST BARRIERE,2022-05-07,ACTUAL,13.2,-2.1,35,300,9,0.4,,71.6,13,44,1,15,1,1
EAST BARRIERE,2022-05-08,ACTUAL,11.4,-2.5,38,259,11,1.8,,73.7,14,48,1.2,16,1,1
EAST BARRIERE,2022-05-09,MANUAL,12,-0.6,42,300,8,0.6,,81.7,16,53,2.1,18,3,2
EAST BARRIERE,2022-05-10,ACTUAL,13.9,-0.7,37,295,11,2.6,,74,15,58,1.3,18,1,2
EAST BARRIERE,2022-05-11,ACTUAL,13.2,-3.3,32,126,5,0,,84.2,18,63,2.4,21,4,2
EAST BARRIERE,2022-05-12,ACTUAL,15.3,-3.2,28,50,8,0,,89,21,68,5.4,23,9,3
EAST BARRIERE,2022-05-13,ACTUAL,8.9,2.9,66,291,13,4.8,,56,14,65,0.6,18,0,1
EAST BARRIERE,2022-05-14,ACTUAL,11.6,-0.6,43,110,5,0.2,,73.8,16,70,0.9,20,1,2
EAST BARRIERE,2022-05-15,ACTUAL,11.2,7.2,76,12,3,1,,70.7,17,74,0.7,21,1,2
EAST BARRIERE,2022-05-16,ACTUAL,18.9,4.9,40,325,6,2.4,,73.3,17,80,0.9,22,1,2
EAST BARRIERE,2022-05-17,ACTUAL,12.7,-2.5,35,304,7,0,,83.5,19,85,2.5,24,5,2
EAST BARRIERE,2022-05-18,ACTUAL,13.6,0.5,41,289,10,0.6,,85.9,21,90,4,27,8,2
EAST BARRIERE,2022-05-19,ACTUAL,11.4,2.4,54,281,11,3.6,,64.4,17,90,0.9,23,1,2
EAST BARRIERE,2022-05-20,ACTUAL,11.4,7,74,128,5,0.4,,71.9,18,94,0.8,24,1,2
EAST BARRIERE,2022-05-21,ACTUAL,19.1,-3.2,22,290,7,3.4,,75,17,96,1.1,23,1,2
EAST BARRIERE,2022-05-22,ACTUAL,20.7,-4.5,18,184,8,0,,90.2,21,102,6.7,28,12,3
EAST BARRIERE,2022-05-23,ACTUAL,14.3,4,50,268,9,0,,88.7,23,107,5.5,30,11,3
EAST BARRIERE,2022-05-24,ACTUAL,14.9,6,55,72,8,0.6,,86.2,25,113,3.6,32,8,2
EAST BARRIERE,2022-05-25,ACTUAL,18.9,4.9,40,315,8,0,,88.3,28,118,5,36,11,3
EAST BARRIERE,2022-05-26,ACTUAL,19.6,1.9,31,48,6,0,,90.3,32,124,5.9,39,13,3
EAST BARRIERE,2022-05-27,ACTUAL,21.5,1.6,27,309,11,1.8,,86.1,34,131,4.3,41,11,3
EAST BARRIERE,2022-05-28,ACTUAL,18.2,-0.2,29,154,5,0,,89.8,38,136,5.3,45,13,3
EAST BARRIERE,2022-05-29,ACTUAL,18.5,0.5,30,86,8,0,,90.6,41,142,6.9,48,17,3
EAST BARRIERE,2022-05-30,ACTUAL,16.3,4.6,46,284,4,0,,89.6,44,147,4.9,50,13,3
EAST BARRIERE,2022-05-31,ACTUAL,17.3,7.9,54,322,4,0,,88.4,46,153,4.2,53,12,3
EAST BARRIERE,2022-06-01,ACTUAL,20.2,9.5,50,277,3,9.6,,57.3,27,141,0.4,36,1,2
EAST BARRIERE,2022-06-02,ACTUAL,14.3,9.4,72,109,2,0,,68,28,147,0.7,38,1,2
EAST BARRIERE,2022-06-03,ACTUAL,14,12.5,91,17,2,6.8,,28.6,16,141,0,25,0,2
EAST BARRIERE,2022-06-04,ACTUAL,20.4,9.3,49,245,4,12.8,,46.7,10,122,0.1,17,0,1
EAST BARRIERE,2022-06-05,ACTUAL,15.9,12.9,82,288,3,1.6,,49.5,10,129,0.2,17,0,1
EAST BARRIERE,2022-06-06,ACTUAL,16,10.8,71,97,4,5.6,,41.6,7,126,0.1,12,0,1
EAST BARRIERE,2022-06-07,ACTUAL,19.8,8.5,48,48,5,4.6,,57.1,7,126,0.4,12,0,1
EAST BARRIERE,2022-06-08,ACTUAL,21.2,6.2,38,345,7,0.2,,81.2,10,133,1.9,17,3,2
EAST BARRIERE,2022-06-09,ACTUAL,19.5,6.5,43,261,3,0,,86.3,13,140,2.9,22,5,2
EAST BARRIERE,2022-06-10,ACTUAL,23.3,8.9,40,292,8,7,,70.3,11,135,0.9,18,1,1
EAST BARRIERE,2022-06-11,ACTUAL,17.7,10.2,61,50,5,0.4,,79.3,13,142,1.3,21,2,2
EAST BARRIERE,2022-06-12,ACTUAL,19.9,6.9,43,307,5,2.6,,74.1,13,149,1,21,1,2
EAST BARRIERE,2022-06-13,ACTUAL,14.1,9.4,73,338,4,0,,78,14,155,1.1,23,1,2
EAST BARRIERE,2022-06-14,ACTUAL,18.5,8.2,51,296,11,1.2,,80.4,17,162,2.1,26,4,2
EAST BARRIERE,2022-06-15,ACTUAL,25.6,7.1,31,84,5,0,,89.8,21,170,5.3,33,11,3
EAST BARRIERE,2022-06-16,ACTUAL,17.2,9.2,59,117,5,2.4,,71.6,20,176,0.8,31,1,2
EAST BARRIERE,2022-06-17,ACTUAL,14.2,9.5,73,243,4,3.6,,52.5,15,177,0.3,25,0,2
EAST BARRIERE,2022-06-18,ACTUAL,18.5,11.9,65,151,5,1.6,,63.8,16,183,0.7,26,1,2
EAST BARRIERE,2022-06-19,ACTUAL,17,11.8,71,284,9,0,,75.1,17,190,1.2,28,2,2
EAST BARRIERE,2022-06-20,ACTUAL,25.1,10.5,40,266,7,0.2,,87.2,22,198,4,34,9,3
EAST BARRIERE,2022-06-21,ACTUAL,20.8,10.6,52,288,9,0,,87.2,24,205,4.4,37,10,3
EAST BARRIERE,2022-06-22,ACTUAL,16.3,14.5,89,83,5,8.6,,34.8,13,193,0,22,0,2
EAST BARRIERE,2022-06-23,ACTUAL,14.7,2.8,45,292,11,1,,65.1,15,199,0.9,26,1,2
EAST BARRIERE,2022-06-24,ACTUAL,22,6.9,38,269,6,0,,83.6,19,206,2.3,31,5,2
EAST BARRIERE,2022-06-25,ACTUAL,25.3,2.6,23,269,5,0,,91.9,24,214,7.4,38,15,3
EAST BARRIERE,2022-06-26,ACTUAL,28.7,6.1,24,305,7,0,,93.7,30,222,10,45,21,4
EAST BARRIERE,2022-06-27,ACTUAL,30.7,9.5,27,275,7,0,,93.7,37,231,10.3,52,23,4
EAST BARRIERE,2022-06-28,ACTUAL,19.2,14.9,76,235,5,1.2,,79.7,38,238,1.4,54,5,3
EAST BARRIERE,2022-06-29,ACTUAL,14.2,11.9,86,252,5,5.2,,41.9,25,233,0.1,39,0,2
EAST BARRIERE,2022-06-30,ACTUAL,24.1,10,41,257,5,0,,76.4,29,241,1.1,44,3,3
EAST BARRIERE,2022-07-01,ACTUAL,26.3,9.5,35,276,5,0,,88.5,33,250,4.6,49,12,3
EAST BARRIERE,2022-07-02,ACTUAL,28.8,9.4,30,9,4,5.6,,78.9,25,246,1.3,40,3,2
EAST BARRIERE,2022-07-03,ACTUAL,18,13.8,76,309,3,0,,80.6,26,253,1.4,41,4,2
EAST BARRIERE,2022-07-04,ACTUAL,21.7,13.4,59,215,3,7.2,,55.6,17,244,0.3,28,0,2
EAST BARRIERE,2022-07-05,ACTUAL,16.4,13.2,81,80,3,9,,32.2,9,229,0,17,0,1
EAST BARRIERE,2022-07-06,ACTUAL,15.6,13.8,89,265,3,0.6,,41.7,10,235,0.1,17,0,1
EAST BARRIERE,2022-07-07,ACTUAL,24.1,13.4,51,283,5,10.8,,55.2,7,217,0.4,13,0,1
EAST BARRIERE,2022-07-08,ACTUAL,22.6,8.6,41,301,5,0.4,,80.2,11,225,1.5,19,2,2
EAST BARRIERE,2022-07-09,ACTUAL,22.7,8,39,302,8,0,,87.8,14,232,4.6,24,8,3
EAST BARRIERE,2022-07-10,ACTUAL,24.3,9.4,39,167,4,0.2,,89.6,18,240,5.1,30,10,3
EAST BARRIERE,2022-07-11,ACTUAL,27.6,9.8,33,181,6,0,,91.5,22,249,7,36,14,3
EAST BARRIERE,2022-07-12,ACTUAL,32.6,6.7,20,307,5,0,,95.1,28,259,11.4,45,23,4
EAST BARRIERE,2022-07-13,ACTUAL,25.9,8.3,33,298,9,0,,93.5,33,267,11.3,50,24,4
EAST BARRIERE,2022-07-14,ACTUAL,23.1,10.5,45,259,5,0,,91.2,36,275,6.6,54,17,4
EAST BARRIERE,2022-07-15,ACTUAL,24.3,12.9,49,231,3,0.2,,90.2,39,283,5,58,14,3
EAST BARRIERE,2022-07-16,ACTUAL,25.1,9.3,37,263,8,0.6,,90.1,43,291,6.4,63,18,4
EAST BARRIERE,2022-07-17,ACTUAL,25.1,11.3,42,273,8,0.2,,90.2,46,299,6.7,67,19,4
EAST BARRIERE,2022-07-18,ACTUAL,26.9,10.5,36,275,13,0.2,,91,51,308,9.3,72,25,4
EAST BARRIERE,2022-07-19,ACTUAL,28,11.5,36,303,6,0,,91.3,55,317,7,77,22,4
EAST BARRIERE,2022-07-20,ACTUAL,29.5,10,30,245,6,0,,92.6,60,326,8.3,82,25,4
EAST BARRIERE,2022-07-21,ACTUAL,30.6,9.4,27,263,5,0,,93.5,65,335,9.1,88,28,4
EAST BARRIERE,2022-07-22,ACTUAL,30.3,8,25,171,7,0.8,,93,71,344,9.1,94,29,4
EAST BARRIERE,2022-07-23,ACTUAL,30.2,7.9,25,296,9,0,,93.8,76,353,11.3,99,34,5
EAST BARRIERE,2022-07-24,ACTUAL,29.8,10.3,30,289,7,0,,93.9,82,362,10.4,104,33,5
EAST BARRIERE,2022-07-25,ACTUAL,30.8,12.1,32,248,6,0,,93.9,87,372,10,109,33,5
EAST BARRIERE,2022-07-26,ACTUAL,30.4,12.7,34,251,5,0,,93.7,91,381,9.4,114,32,5
EAST BARRIERE,2022-07-27,ACTUAL,33.2,15.6,35,273,6,0,,93.7,97,390,9.8,119,34,5
EAST BARRIERE,2022-07-28,ACTUAL,34.8,14.1,29,245,5,0,,93.9,103,400,9.6,125,34,5
EAST BARRIERE,2022-07-29,ACTUAL,31.4,17.3,43,47,5,1.6,,87.2,101,410,3.7,125,17,5
EAST BARRIERE,2022-07-30,ACTUAL,32.8,14.4,33,259,6,1.8,,88.9,96,419,4.9,122,21,5
EAST BARRIERE,2022-07-31,ACTUAL,33.8,11.6,26,202,5,0,,93.8,102,429,9.4,128,34,5
EAST BARRIERE,2022-08-01,ACTUAL,30.3,18.1,48,14,3,0,,91.6,105,438,6.2,132,26,5
EAST BARRIERE,2022-08-02,ACTUAL,27.7,9.4,32,336,6,2.2,,85.7,91,446,3.1,120,15,4
EAST BARRIERE,2022-08-03,ACTUAL,21.4,16.2,72,281,4,0,,85.4,92,452,2.7,122,13,4
EAST BARRIERE,2022-08-04,ACTUAL,12.3,11.8,97,5,2,12.8,,19.6,46,404,0,71,0,2
EAST BARRIERE,2022-08-05,ACTUAL,19.2,9.1,52,265,4,1.4,,53,48,411,0.3,74,1,2
EAST BARRIERE,2022-08-06,ACTUAL,25.3,11.1,41,281,4,0,,80.4,51,418,1.4,78,6,3
EAST BARRIERE,2022-08-07,ACTUAL,29.6,14.1,39,280,6,0,,89.4,55,427,5.2,83,18,4
EAST BARRIERE,2022-08-08,ACTUAL,30.4,6.9,23,273,6,0,,93.9,60,435,10.2,89,30,4
EAST BARRIERE,2022-08-09,ACTUAL,30.1,10,29,249,5,0,,93.9,64,444,9.7,94,30,4
EAST BARRIERE,2022-08-10,ACTUAL,25.7,13.6,47,275,3,0,,91.3,67,451,6,98,22,4
EAST BARRIERE,2022-08-11,ACTUAL,30.5,16.1,42,217,4,0,,91.4,71,460,6.4,102,24,4
EAST BARRIERE,2022-08-12,ACTUAL,30.5,13.2,35,316,3,1,,89.9,75,468,5,107,20,4
EAST BARRIERE,2022-08-13,ACTUAL,26,10.1,37,320,7,0.4,,90.6,79,476,6.5,111,25,4
EAST BARRIERE,2022-08-14,ACTUAL,24.6,9.7,39,263,4,0,,90.7,82,483,5.9,115,23,4
EAST BARRIERE,2022-08-15,ACTUAL,29,11.5,34,62,6,0,,91.7,86,492,7.2,120,27,5
EAST BARRIERE,2022-08-16,ACTUAL,30.1,9,27,205,5,0,,93.3,91,500,9,125,32,5
EAST BARRIERE,2022-08-17,ACTUAL,30.7,12.5,33,263,6,0,,93.3,95,508,9.3,130,34,5
EAST BARRIERE,2022-08-18,ACTUAL,31.4,13.1,33,274,5,0,,93.4,100,517,9.1,135,33,5
EAST BARRIERE,2022-08-19,ACTUAL,30.8,17.5,45,254,5,0,,92,103,526,7.1,139,29,5
EAST BARRIERE,2022-08-20,ACTUAL,30.7,13,34,291,6,0,,92.1,108,534,7.9,143,31,5
EAST BARRIERE,2022-08-21,ACTUAL,29.1,15.6,44,262,5,0,,91.7,111,542,6.9,147,28,5
EAST BARRIERE,2022-08-22,ACTUAL,31.1,14.7,37,238,5,0,,91.7,115,551,7.1,151,29,5
EAST BARRIERE,2022-08-23,ACTUAL,22.7,13,54,262,2,0,,89.5,118,558,4.5,154,21,5
EAST BARRIERE,2022-08-24,ACTUAL,28.1,18,54,272,7,0,,89.6,120,566,5.7,157,26,5
EAST BARRIERE,2022-08-25,ACTUAL,30.3,11.7,32,257,5,0,,92.1,125,575,7.5,162,31,5
EAST BARRIERE,2022-08-26,ACTUAL,28.8,14.2,41,90,5,0,,92.1,128,583,7.3,166,30,5
EAST BARRIERE,2022-08-27,ACTUAL,16.9,7.3,53,272,9,27.6,,52.3,55,438,0.3,84,1,2
EAST BARRIERE,2022-08-28,ACTUAL,23.2,9.5,42,292,5,0,,79,58,445,1.3,88,6,3
EAST BARRIERE,2022-08-29,ACTUAL,26.1,13.2,45,225,4,0,,87,61,453,3.3,92,14,4
EAST BARRIERE,2022-08-30,ACTUAL,29.4,14.4,40,263,2,0,,90.1,65,461,4.8,96,19,4
EAST BARRIERE,2022-08-31,ACTUAL,30.7,14.7,38,174,5,0,,91.2,69,470,6.5,101,24,4
EAST BARRIERE,2022-09-01,ACTUAL,28.7,14.1,41,262,5,0.4,,91.3,72,477,6.4,105,24,4
EAST BARRIERE,2022-09-02,ACTUAL,31.3,16.5,41,132,5,0,,91.3,76,484,6.5,109,24,4
EAST BARRIERE,2022-09-03,ACTUAL,30.5,9.9,28,231,4,0,,93.1,80,491,8.3,113,29,4
EAST BARRIERE,2022-09-04,ACTUAL,17.9,14.1,78,49,4,0.2,,85.8,80,496,2.9,115,14,4
EAST BARRIERE,2022-09-05,ACTUAL,21.5,7.6,41,126,5,3,,75.3,64,494,1,97,5,3
EAST BARRIERE,2022-09-06,ACTUAL,23.2,8.8,40,147,4,0,,86.3,67,500,3.1,100,14,4
EAST BARRIERE,2022-09-07,ACTUAL,24.6,3.2,25,268,12,0,,92.1,70,506,10.5,104,33,5
EAST BARRIERE,2022-09-08,ACTUAL,19,3.9,37,275,9,0,,91.4,73,511,8,107,28,4
EAST BARRIERE,2022-09-09,ACTUAL,20.9,3.5,32,273,6,0,,91.5,75,516,7.2,110,26,4
EAST BARRIERE,2022-09-10,ACTUAL,23.3,6,33,121,4,0,,91.5,78,522,6.4,114,25,4
EAST BARRIERE,2022-09-11,MANUAL,18,11.4,65,240,3,0,,87.6,79,527,3.5,115,16,4
EAST BARRIERE,2022-09-12,ACTUAL,20.8,8.4,45,179,5,0,,88.2,81,533,4.2,118,18,4
EAST BARRIERE,2022-09-13,ACTUAL,19.6,12,61,278,6,0,,87.3,83,538,3.9,120,18,5
EAST BARRIERE,2022-09-14,ACTUAL,16.7,13.6,82,245,5,1.8,,68.7,76,543,0.8,113,4,3
EAST BARRIERE,2022-09-15,ACTUAL,19.7,15,74,153,5,1.8,,66.2,71,548,0.7,107,4,3
EAST BARRIERE,2022-09-16,ACTUAL,16,13.8,87,309,3,0,,70.1,71,552,0.7,108,4,3
EAST BARRIERE,2022-09-17,ACTUAL,13.2,5.7,60,282,8,1.8,,68.5,67,556,0.9,103,4,3
EAST BARRIERE,2022-09-18,ACTUAL,16.3,4,44,261,6,0,,81.4,69,561,1.8,105,9,4
EAST BARRIERE,2022-09-19,ACTUAL,18.6,5.7,43,266,8,0,,86.6,71,566,4,108,17,4
EAST BARRIERE,2022-09-20,ACTUAL,17.5,2.1,36,286,7,0,,88.8,73,571,5.2,110,21,4
EAST BARRIERE,2022-09-21,ACTUAL,18.1,2.3,35,235,4,0,,89.5,75,576,5,113,21,4
EAST BARRIERE,2022-09-22,ACTUAL,19.8,5.4,39,294,7,0,,89.6,77,581,5.8,116,23,4
EAST BARRIERE,2022-09-23,ACTUAL,18.7,9.5,55,78,5,0,,88.4,79,586,4.3,118,19,4
EAST BARRIERE,2022-09-24,ACTUAL,21.3,7.1,40,258,4,0.2,,89.2,81,592,4.7,121,20,5
EAST BARRIERE,2022-09-25,ACTUAL,22.8,11.6,49,256,5,0,,89.2,83,598,4.8,124,21,5
EAST BARRIERE,2022-09-26,ACTUAL,23.4,9.7,42,237,4,0,,89.4,86,604,4.7,127,21,5
EAST BARRIERE,2022-09-27,ACTUAL,24.8,10.6,41,265,5,0,,89.7,89,610,5.3,130,23,5
EAST BARRIERE,2022-09-28,ACTUAL,22.2,9,43,233,4,0,,89.8,91,615,5,133,22,5
EAST BARRIERE,2022-09-29,ACTUAL,20.6,10.7,53,146,3,0,,88.9,93,621,4.2,135,20,5
EAST BARRIERE,2022-09-30,ACTUAL,22.4,10.2,46,190,4,0,,89,95,627,4.6,138,21,5
EAST BARRIERE,2022-10-01,ACTUAL,21.5,10,48,262,6,0,,89,97,631,5.1,140,23,5
EAST BARRIERE,2022-10-02,ACTUAL,21.5,10,48,269,6,0,,89.1,99,636,4.9,142,22,5
EAST BARRIERE,2022-10-03,ACTUAL,23.5,10.2,43,260,4,0,,89.2,101,641,4.7,145,22,5
EAST BARRIERE,2022-10-04,ACTUAL,21.7,10.2,48,245,3,0,,89.2,102,645,4.6,147,21,5
EAST BARRIERE,2022-10-05,ACTUAL,23.3,7.3,36,247,5,0,,90.2,105,650,5.6,149,25,5
EAST BARRIERE,2022-10-06,ACTUAL,20.2,8.8,48,250,6,0,,89.6,107,654,5.4,151,24,5
EAST BARRIERE,2022-10-07,ACTUAL,20.4,8,45,266,4,0,,89.6,108,659,5,154,23,5
EAST BARRIERE,2022-10-08,ACTUAL,19.3,8.3,49,263,4,0,,89.2,110,663,4.7,155,22,5
EAST BARRIERE,2022-10-09,ACTUAL,19,7.4,47,253,4,0,,89.3,112,667,4.7,157,22,5
EAST BARRIERE,2022-10-10,ACTUAL,14.8,11.4,80,277,3,0,,84.5,112,671,2.3,158,13,4
EAST BARRIERE,2022-10-11,ACTUAL,16.7,0.2,33,33,4,0.2,,88.3,114,674,4.1,160,20,5
EAST BARRIERE,2022-10-12,ACTUAL,17.7,3.1,38,199,4,0,,88.9,116,678,4.5,162,22,5
EAST BARRIERE,2022-10-13,ACTUAL,16.1,4.8,47,246,6,0,,88.9,117,682,4.8,164,23,5
EAST BARRIERE,2022-10-14,ACTUAL,16.7,6.8,52,194,4,0,,88.3,118,685,4,165,20,5
EAST BARRIERE,2022-10-15,ACTUAL,16.8,6.6,51,256,5,0,,88.3,120,689,4.2,167,21,5
EAST BARRIERE,2022-10-16,ACTUAL,18,8.3,53,241,3,0,,88.2,121,693,3.8,168,19,5
EAST BARRIERE,2022-10-17,ACTUAL,17,5.9,48,266,5,0.2,,88.2,122,697,4.2,170,21,5
EAST BARRIERE,2022-10-18,ACTUAL,15.9,3.6,44,253,4,0,,88.3,124,700,4,172,20,5
EAST BARRIERE,2022-10-19,ACTUAL,15.1,4.5,49,193,3,0,,88.3,125,704,3.9,173,20,5
EAST BARRIERE,2022-10-20,ACTUAL,13.1,0.7,43,282,8,0.2,,88.3,126,707,5.1,175,24,5
EAST BARRIERE,2022-10-21,ACTUAL,8.4,-2.3,47,252,5,0,,87.9,127,709,4.1,175,21,5
EAST BARRIERE,2022-10-22,ACTUAL,8.5,-0.5,53,256,5,0,,87.1,128,711,3.7,176,19,5
EAST BARRIERE,2022-10-23,ACTUAL,7.3,-0.2,59,146,4,0,,86.1,128,713,3,177,17,4
EAST BARRIERE,2022-10-24,ACTUAL,6.5,3.3,80,57,3,8.6,,34.3,64,652,0,103,0,2
EAST BARRIERE,2022-10-25,ACTUAL,7.1,2,70,74,5,0.6,,49.9,65,654,0.2,104,1,2
EAST BARRIERE,2022-10-26,ACTUAL,7.5,2.8,72,131,4,12.4,,27.7,31,574,0,55,0,2
EAST BARRIERE,2022-10-27,ACTUAL,11.6,1.5,50,305,6,0,,55.9,32,577,0.4,56,1,2
EAST BARRIERE,2022-10-28,ACTUAL,12.5,1.8,48,260,5,0,,73,33,580,0.9,58,3,3
EAST BARRIERE,2022-10-29,ACTUAL,8.9,2.7,65,97,2,0,,77.3,34,582,1,59,3,3
EAST BARRIERE,2022-10-30,ACTUAL,11.9,3.2,55,319,5,0,,81.8,35,585,1.7,60,6,3
EAST BARRIERE,2022-10-31,ACTUAL,10.6,3,59,46,6,0,,83.2,35,587,2.2,61,8,3
HARBOUR LAKE,2022-05-01,ACTUAL,9.2,-5.2,36,145,6,0.2,,,,,,,,
HARBOUR LAKE,2022-05-02,ACTUAL,10.8,-0.1,47,55,7,15.8,,,,,,,,
HARBOUR LAKE,2022-05-03,ACTUAL,9.3,1.2,57,130,8,27.6,,,,,,,,
HARBOUR LAKE,2022-05-04,ACTUAL,7.4,-1.6,53,146,9,26.6,,,,,,,,
HARBOUR LAKE,2022-05-05,ACTUAL,6.5,5.3,92,129,5,40.8,,,,,,,,
HARBOUR LAKE,2022-05-06,ACTUAL,3,1.2,88,137,7,31.2,,,,,,,,
HARBOUR LAKE,2022-05-07,ACTUAL,6.1,0.1,65,322,5,1.4,,,,,,,,
HARBOUR LAKE,2022-05-08,ACTUAL,4.5,-3.3,57,217,6,4.8,,,,,,,,
HARBOUR LAKE,2022-05-09,ACTUAL,5.3,-1.1,63,285,8,6.4,,,,,,,,
HARBOUR LAKE,2022-05-10,ACTUAL,4.8,0.6,74,5,6,2.8,,,,,,,,
HARBOUR LAKE,2022-05-11,ACTUAL,7.5,-5.7,39,173,13,4.6,,,,,,,,
HARBOUR LAKE,2022-05-12,ACTUAL,7.2,-7.4,35,137,11,11.4,,,,,,,,
HARBOUR LAKE,2022-05-13,ACTUAL,5.9,0.1,66,178,7,10.4,,,,,,,,
HARBOUR LAKE,2022-05-14,ACTUAL,4.1,-3.4,58,126,11,2.2,,,,,,,,
HARBOUR LAKE,2022-05-15,ACTUAL,6,2.5,78,134,9,7.4,,,,,,,,
HARBOUR LAKE,2022-05-16,ACTUAL,10.6,3.2,60,147,10,41.6,,,,,,,,
HARBOUR LAKE,2022-05-17,ACTUAL,5.9,-3.8,50,139,8,24,,,,,,,,
HARBOUR LAKE,2022-05-18,ACTUAL,5.1,0.9,74,174,9,10.4,,,,,,,,
HARBOUR LAKE,2022-05-19,ACTUAL,4.1,2.3,88,352,4,6.4,,,,,,,,
HARBOUR LAKE,2022-05-20,ACTUAL,5.8,1,71,300,6,4.6,,,,,,,,
HARBOUR LAKE,2022-05-21,ACTUAL,12.5,-12.7,16,330,9,25.8,,,,,,,,
HARBOUR LAKE,2022-05-22,ACTUAL,13.5,-6.8,24,354,7,0,,,,,,,,
HARBOUR LAKE,2022-05-23,ACTUAL,6.7,0.8,66,118,4,0.2,,,,,,,,
HARBOUR LAKE,2022-05-24,ACTUAL,7.4,2.5,71,164,10,4.8,,,,,,,,
HARBOUR LAKE,2022-05-25,ACTUAL,9,1.7,60,160,8,0.8,,,,,,,,
HARBOUR LAKE,2022-05-26,ACTUAL,13.5,-5.3,27,161,10,0.6,,,,,,,,
HARBOUR LAKE,2022-05-27,ACTUAL,8.8,5.7,81,148,8,8.4,,,,,,,,
HARBOUR LAKE,2022-05-28,ACTUAL,8.8,-2.9,44,141,5,0,,,,,,,,
HARBOUR LAKE,2022-05-29,ACTUAL,11.4,-1.8,40,25,5,0,,,,,,,,
HARBOUR LAKE,2022-05-30,ACTUAL,13.7,-1.6,35,117,9,0,,,,,,,,
HARBOUR LAKE,2022-05-31,ACTUAL,9.7,2.1,59,218,3,0.8,,,,,,,,
HARBOUR LAKE,2022-06-01,ACTUAL,14.9,1.3,40,138,8,1,,,,,,,,
HARBOUR LAKE,2022-06-02,ACTUAL,11.2,0.9,49,134,8,0,,,,,,,,
HARBOUR LAKE,2022-06-03,ACTUAL,9.6,6.2,79,143,8,1,,,,,,,,
HARBOUR LAKE,2022-06-04,ACTUAL,12.7,6.4,65,337,5,4.4,,,,,,,,
HARBOUR LAKE,2022-06-05,ACTUAL,8.7,7.8,94,152,8,3.2,,,,,,,,
HARBOUR LAKE,2022-06-06,ACTUAL,5.6,5.6,100,147,3,25.8,,,,,,,,
HARBOUR LAKE,2022-06-07,ACTUAL,12.2,7.4,72,105,4,6.6,,,,,,,,
HARBOUR LAKE,2022-06-08,ACTUAL,10.3,5.1,70,140,7,7,,,,,,,,
HARBOUR LAKE,2022-06-09,ACTUAL,13,1,44,149,14,0.2,,,,,,,,
HARBOUR LAKE,2022-06-10,ACTUAL,13.2,5.2,58,132,10,7.8,,,,,,,,
HARBOUR LAKE,2022-06-11,ACTUAL,5.7,5.7,100,182,5,7.2,,,,,,,,
HARBOUR LAKE,2022-06-12,ACTUAL,11.1,0.8,49,157,4,10,,,,,,,,
HARBOUR LAKE,2022-06-13,ACTUAL,5.7,5.7,100,320,7,4.2,,,,,,,,
HARBOUR LAKE,2022-06-14,ACTUAL,6,6,100,314,7,18.6,,,,,,,,
HARBOUR LAKE,2022-06-15,ACTUAL,15.7,2.7,42,106,5,0,,,,,,,,
HARBOUR LAKE,2022-06-16,ACTUAL,9,7.4,90,144,7,13,,,,,,,,
HARBOUR LAKE,2022-06-17,ACTUAL,10.1,6.6,79,317,2,4.8,,,,,,,,
HARBOUR LAKE,2022-06-18,ACTUAL,9.5,8.4,93,27,3,6.4,,,,,,,,
HARBOUR LAKE,2022-06-19,ACTUAL,8.2,8.2,100,341,4,10.8,,,,,,,,
HARBOUR LAKE,2022-06-20,ACTUAL,13.2,7.9,70,295,5,1.2,,85,6,15,2.7,6,2,
HARBOUR LAKE,2022-06-21,ACTUAL,13.9,7.3,64,147,10,0,,85,7,21,3.5,8,3,2
HARBOUR LAKE,2022-06-22,ACTUAL,11.5,7.1,74,332,6,16.4,,36.6,4,5,0,4,0,1
HARBOUR LAKE,2022-06-23,ACTUAL,3,2.9,99,319,7,20.6,,4.6,1,4,0,1,0,1
HARBOUR LAKE,2022-06-24,ACTUAL,12.2,4,57,328,7,2.2,,35.1,2,10,0,3,0,1
HARBOUR LAKE,2022-06-25,ACTUAL,16.8,0.3,33,341,7,0,,70.4,5,16,0.9,6,0,1
HARBOUR LAKE,2022-06-26,ACTUAL,20,0.8,28,122,10,0,,87,9,23,4.6,9,5,2
HARBOUR LAKE,2022-06-27,ACTUAL,22.1,0.5,24,124,8,0,,91.8,14,30,8.3,14,10,2
HARBOUR LAKE,2022-06-28,ACTUAL,11.4,11.4,100,229,2,3.2,,44.9,10,33,0.1,11,0,1
HARBOUR LAKE,2022-06-29,ACTUAL,8.6,7.7,94,318,6,8.4,,17.4,5,26,0,7,0,1
HARBOUR LAKE,2022-06-30,ACTUAL,15.6,7.2,57,1,6,11.6,,38.3,4,15,0,5,0,1
HARBOUR LAKE,2022-07-01,ACTUAL,17.3,4.5,43,144,7,1,,67.7,6,22,0.8,7,0,1
HARBOUR LAKE,2022-07-02,ACTUAL,20.1,1.9,30,20,9,3.8,,73.1,7,25,1.1,8,1,1
HARBOUR LAKE,2022-07-03,ACTUAL,17.1,5,45,125,8,0.4,,83.4,9,32,2.6,11,3,2
HARBOUR LAKE,2022-07-04,ACTUAL,9.5,8.9,96,132,7,6.6,,29.4,5,28,0,7,0,1
HARBOUR LAKE,2022-07-05,ACTUAL,11.8,7.7,76,143,10,13.8,,29.1,3,13,0,3,0,1
HARBOUR LAKE,2022-07-06,ACTUAL,18.2,6.4,46,119,5,0,,63.5,5,20,0.6,6,0,1
HARBOUR LAKE,2022-07-07,ACTUAL,12.8,11.3,91,304,8,3.8,,39.2,3,22,0,4,0,1
HARBOUR LAKE,2022-07-08,ACTUAL,14,6.2,59,138,6,9.2,,40.8,2,16,0.1,3,0,1
HARBOUR LAKE,2022-07-09,ACTUAL,12.7,6.8,67,172,9,1.4,,56.8,3,22,0.5,5,0,1
HARBOUR LAKE,2022-07-10,ACTUAL,14.1,7.2,63,169,5,6.8,,44.6,3,19,0.1,4,0,1
HARBOUR LAKE,2022-07-11,ACTUAL,20.1,8.8,48,135,9,0,,74.2,5,26,1.1,7,1,1
HARBOUR LAKE,2022-07-12,ACTUAL,24.8,0.3,20,164,11,0,,91.4,10,34,9.2,12,10,2
HARBOUR LAKE,2022-07-13,ACTUAL,17.3,3.8,41,341,7,0,,90.5,13,41,6.6,14,8,2
HARBOUR LAKE,2022-07-14,ACTUAL,17.9,4,40,151,8,0,,90.4,15,48,6.8,17,9,2
HARBOUR LAKE,2022-07-15,ACTUAL,21.7,2.3,28,161,10,0,,91.6,19,56,8.7,21,13,3
HARBOUR LAKE,2022-07-16,ACTUAL,17.5,8.1,54,161,10,5.2,,64.9,14,56,0.9,17,1,1
HARBOUR LAKE,2022-07-17,ACTUAL,17.7,9.4,58,16,6,0.2,,78,16,63,1.3,19,2,2
HARBOUR LAKE,2022-07-18,ACTUAL,19.3,7.7,47,329,9,1,,82.2,18,70,2.3,22,4,2
HARBOUR LAKE,2022-07-19,ACTUAL,18.8,9.6,55,248,6,4.4,,64.2,14,71,0.7,19,1,1
HARBOUR LAKE,2022-07-20,ACTUAL,21.3,8.2,43,262,7,0,,82.5,17,79,2.2,22,4,2
HARBOUR LAKE,2022-07-21,ACTUAL,23,10.4,45,236,5,0,,87.3,20,87,3.8,25,7,2
HARBOUR LAKE,2022-07-22,ACTUAL,22.6,6.3,35,347,8,0,,90,24,94,6.5,29,12,3
HARBOUR LAKE,2022-07-23,ACTUAL,22,3,29,320,7,0,,91.4,27,102,7.2,33,14,3
HARBOUR LAKE,2022-07-24,ACTUAL,21.9,6.1,36,315,7,0,,91.4,31,110,7.5,36,15,3
HARBOUR LAKE,2022-07-25,ACTUAL,21.1,10,49,308,9,0,,89.8,34,117,6.6,39,14,3
HARBOUR LAKE,2022-07-26,ACTUAL,22.3,10.1,46,347,7,0,,89.8,37,125,6,42,14,3
HARBOUR LAKE,2022-07-27,ACTUAL,26.5,12.1,41,311,8,0,,90.1,40,133,6.4,46,15,3
HARBOUR LAKE,2022-07-28,ACTUAL,29.1,8.7,28,305,7,0,,92.7,45,142,8.9,51,21,4
HARBOUR LAKE,2022-07-29,ACTUAL,23.3,11.7,48,277,8,2,,81.3,44,150,1.9,51,6,3
HARBOUR LAKE,2022-07-30,ACTUAL,26.9,10.9,37,325,7,8.6,,72.8,28,142,1,37,2,2
HARBOUR LAKE,2022-07-31,ACTUAL,26.4,9.2,34,42,6,0,,88.1,32,151,4.3,42,11,3
HARBOUR LAKE,2022-08-01,ACTUAL,22.5,11.3,49,201,6,0,,88.1,34,158,4.3,45,11,3
HARBOUR LAKE,2022-08-02,ACTUAL,18.8,8.5,51,337,6,6.4,,61.9,22,153,0.6,32,1,2
HARBOUR LAKE,2022-08-03,ACTUAL,14.2,9.9,75,156,7,0.6,,70.9,23,158,0.9,33,2,2
HARBOUR LAKE,2022-08-04,ACTUAL,7.3,7.1,99,286,4,24.2,,10.6,9,111,0,15,0,1
HARBOUR LAKE,2022-08-05,ACTUAL,11.7,8.7,82,8,5,5.2,,21,5,108,0,9,0,1
HARBOUR LAKE,2022-08-06,ACTUAL,17.6,6.5,48,47,6,0.2,,58.4,7,114,0.5,13,0,1
HARBOUR LAKE,2022-08-07,ACTUAL,22,9.2,44,344,8,0,,81.1,10,121,1.9,17,3,2
HARBOUR LAKE,2022-08-08,ACTUAL,22.5,2.5,27,241,6,0,,89.9,14,128,5.7,21,9,3
HARBOUR LAKE,2022-08-09,ACTUAL,25.5,5.6,28,140,8,0,,92.1,18,136,8.7,27,15,3
HARBOUR LAKE,2022-08-10,ACTUAL,24.5,9.6,39,153,7,0,,91.8,21,143,7.9,30,15,3
HARBOUR LAKE,2022-08-11,ACTUAL,25.1,8.9,36,307,7,0,,91.8,24,151,7.8,35,15,3
HARBOUR LAKE,2022-08-12,ACTUAL,25.2,11.3,42,183,6,2,,83.1,25,159,2.3,36,5,2
HARBOUR LAKE,2022-08-13,ACTUAL,17.9,9.6,58,139,12,0,,85,26,165,3.7,38,9,3
HARBOUR LAKE,2022-08-14,ACTUAL,15.6,10.2,70,54,4,0,,84.8,27,171,2.6,39,6,2
HARBOUR LAKE,2022-08-15,ACTUAL,21.5,8,42,156,10,0,,88.2,30,177,5.4,42,13,3
HARBOUR LAKE,2022-08-16,ACTUAL,22.1,8.5,42,62,6,0,,88.9,33,184,4.9,45,12,3
HARBOUR LAKE,2022-08-17,ACTUAL,23.4,10.4,44,338,7,0,,89,36,192,5.2,49,13,3
HARBOUR LAKE,2022-08-18,ACTUAL,26.2,6.7,29,314,8,0,,91.9,40,199,8.3,53,20,4
HARBOUR LAKE,2022-08-19,ACTUAL,23.7,18.9,74,43,3,0.4,,86.6,41,207,3.1,55,9,3
HARBOUR LAKE,2022-08-20,ACTUAL,23.8,11.8,47,340,7,0.4,,88.1,44,214,4.6,58,13,3
HARBOUR LAKE,2022-08-21,ACTUAL,22.2,13.4,57,339,4,0,,88.1,46,221,4.1,60,13,3
HARBOUR LAKE,2022-08-22,ACTUAL,23.3,13.3,53,342,6,0.2,,88.2,48,228,4.5,63,14,3
HARBOUR LAKE,2022-08-23,ACTUAL,14.8,10.3,74,339,8,2.2,,68.5,43,234,0.9,59,3,3
HARBOUR LAKE,2022-08-24,ACTUAL,21.6,8.4,43,151,5,0,,83.4,46,241,2.2,62,8,3
HARBOUR LAKE,2022-08-25,ACTUAL,24.1,9.2,39,358,8,0,,88.8,49,248,5.5,65,16,3
HARBOUR LAKE,2022-08-26,ACTUAL,20,14.5,70,141,6,6.2,,55.9,31,241,0.4,47,1,2
HARBOUR LAKE,2022-08-27,ACTUAL,8,7.2,95,354,5,36.4,,10.6,10,153,0,17,0,1
HARBOUR LAKE,2022-08-28,ACTUAL,12.7,6.1,64,174,6,1.4,,37,11,158,0,19,0,1
HARBOUR LAKE,2022-08-29,ACTUAL,19.2,9.4,53,142,10,0,,69.2,13,164,1,22,1,2
HARBOUR LAKE,2022-08-30,ACTUAL,24.4,9.1,38,137,8,0,,86.1,16,172,3.7,26,7,2
HARBOUR LAKE,2022-08-31,ACTUAL,26.3,7.7,31,148,8,0,,91.1,20,180,7.5,32,14,3
HARBOUR LAKE,2022-09-01,ACTUAL,22.7,8,39,10,6,0,,91.2,23,185,7,35,14,3
HARBOUR LAKE,2022-09-02,ACTUAL,25.2,5.3,28,152,13,0,,92.3,26,192,11.3,39,21,3
HARBOUR LAKE,2022-09-03,ACTUAL,26.7,5,25,156,9,0,,93.2,30,198,10.7,43,22,4
HARBOUR LAKE,2022-09-04,ACTUAL,12.9,11.4,91,310,2,0.4,,83.1,30,202,1.8,44,5,3
HARBOUR LAKE,2022-09-05,ACTUAL,10.2,7.1,81,325,3,9,,34.6,16,186,0,26,0,2
HARBOUR LAKE,2022-09-06,ACTUAL,18.3,1.2,32,149,13,0.2,,74.5,18,191,1.4,29,3,2
HARBOUR LAKE,2022-09-07,ACTUAL,17,3.6,41,300,7,0,,84.3,20,196,2.8,32,6,2
HARBOUR LAKE,2022-09-08,ACTUAL,10.6,2.7,58,328,8,0,,84.5,21,199,3,33,7,2
HARBOUR LAKE,2022-09-09,ACTUAL,13.7,1.9,45,355,7,0,,86.3,22,203,3.6,35,8,3
HARBOUR LAKE,2022-09-10,ACTUAL,18,7.1,49,6,5,0,,87,24,208,3.6,37,9,3
HARBOUR LAKE,2022-09-11,ACTUAL,18.1,3.1,37,159,8,0,,88.8,26,213,5.3,40,12,3
HARBOUR LAKE,2022-09-12,ACTUAL,19.1,4.7,39,145,9,0,,89.1,28,219,6,43,14,3
HARBOUR LAKE,2022-09-13,ACTUAL,15.5,9.7,68,1,5,0,,86.3,29,223,3.2,44,9,3
HARBOUR LAKE,2022-09-14,ACTUAL,11.5,11.2,98,36,4,4.6,,35.1,19,218,0,32,0,2
HARBOUR LAKE,2022-09-15,ACTUAL,10,9.2,95,143,4,5.2,,17.6,12,211,0,21,0,2
HARBOUR LAKE,2022-09-16,ACTUAL,9.2,8.3,94,147,9,8.4,,11.6,6,196,0,11,0,1
HARBOUR LAKE,2022-09-17,ACTUAL,6.6,2.5,75,292,5,6,,22.2,3,187,0,6,0,1
HARBOUR LAKE,2022-09-18,ACTUAL,11.6,2.4,53,329,5,0,,50.4,4,191,0.2,8,0,1
HARBOUR LAKE,2022-09-19,ACTUAL,4.6,4.3,98,14,4,1,,45.6,4,194,0.1,8,0,1
HARBOUR LAKE,2022-09-20,ACTUAL,11,-1.8,41,337,6,0.2,,68.7,6,197,0.8,10,0,1
HARBOUR LAKE,2022-09-21,ACTUAL,16,-1.3,31,16,6,0,,83.5,8,202,2.3,14,3,2
HARBOUR LAKE,2022-09-22,ACTUAL,16.1,3.5,43,335,6,0.2,,86.6,9,207,3.5,17,5,2
HARBOUR LAKE,2022-09-23,ACTUAL,9.2,4.7,73,143,7,0.6,,83.5,10,210,2.4,18,4,2
HARBOUR LAKE,2022-09-24,ACTUAL,12.1,3.6,56,339,6,1.4,,76.1,11,214,1.1,19,1,1
HARBOUR LAKE,2022-09-25,ACTUAL,17.1,6.6,50,128,8,0,,83.6,13,219,2.6,22,4,2
HARBOUR LAKE,2022-09-26,ACTUAL,21.2,7.7,42,129,8,0,,87.8,15,224,4.6,26,8,3
HARBOUR LAKE,2022-09-27,ACTUAL,21.4,3.5,31,173,9,0,,90.5,18,230,7.1,30,13,3
HARBOUR LAKE,2022-09-28,ACTUAL,20.5,4.4,35,155,7,0,,90.6,20,235,6.6,33,13,3
HARBOUR LAKE,2022-09-29,ACTUAL,13.8,8.3,69,310,7,0,,86.4,21,239,3.6,34,8,3
HARBOUR LAKE,2022-09-30,ACTUAL,15.3,9.1,66,316,6,0,,85.7,22,244,3.2,36,7,2
HARBOUR LAKE,2022-10-01,ACTUAL,18.9,6.7,45,177,8,0.2,,87.5,24,248,4.4,38,10,3
HARBOUR LAKE,2022-10-02,ACTUAL,18.4,8.1,51,343,8,0,,87.5,25,252,4.5,40,11,3
HARBOUR LAKE,2022-10-03,ACTUAL,19.2,9.1,52,329,7,0.2,,87.6,27,256,4.2,42,11,3
HARBOUR LAKE,2022-10-04,ACTUAL,20.1,4.5,36,169,7,0,,89.4,29,260,5.6,45,14,3
HARBOUR LAKE,2022-10-05,ACTUAL,17.4,4.3,42,328,7,0,,89.5,30,264,5.7,47,14,3
HARBOUR LAKE,2022-10-06,ACTUAL,17.7,4.9,43,317,7,0,,89.5,32,268,5.6,49,14,3
HARBOUR LAKE,2022-10-07,ACTUAL,18.3,4.7,41,299,6,0,,89.6,34,272,5.4,51,14,3
HARBOUR LAKE,2022-10-08,ACTUAL,16.7,5.6,48,343,5,0,,89,35,276,4.8,53,13,3
HARBOUR LAKE,2022-10-09,ACTUAL,15,4.1,48,343,5,0.2,,88.7,36,279,4.6,55,13,3
HARBOUR LAKE,2022-10-10,ACTUAL,8.7,6.3,85,121,4,0.4,,83.2,37,281,2.1,55,7,3
HARBOUR LAKE,2022-10-11,ACTUAL,5.3,-1.4,62,25,4,0,,83.2,37,283,2,56,7,3
HARBOUR LAKE,2022-10-12,ACTUAL,9.7,-0.2,50,328,7,0.2,,84.7,38,285,2.8,57,9,3
HARBOUR LAKE,2022-10-13,ACTUAL,15.5,3.2,44,43,5,0,,86.7,39,289,3.4,58,11,3
HARBOUR LAKE,2022-10-14,ACTUAL,13.2,4.4,55,295,7,0,,86.8,40,292,3.8,60,12,3
HARBOUR LAKE,2022-10-15,ACTUAL,14.5,4.8,52,115,6,0.2,,86.8,41,295,3.7,61,12,3
HARBOUR LAKE,2022-10-16,ACTUAL,18.3,1.2,32,107,6,0,,89.5,43,299,5.3,64,16,3
HARBOUR LAKE,2022-10-17,ACTUAL,17,-3.3,25,131,8,0,,91.2,45,303,7.7,66,21,4
HARBOUR LAKE,2022-10-18,ACTUAL,17.7,-1.2,28,135,8,0,,91.3,47,307,7.6,68,21,4
HARBOUR LAKE,2022-10-19,ACTUAL,16,3.7,44,136,6,0,,90,49,311,5.8,70,18,4
HARBOUR LAKE,2022-10-20,ACTUAL,6.3,-0.4,62,286,5,0.4,,87,49,312,3.6,71,12,4
HARBOUR LAKE,2022-10-21,ACTUAL,1.3,-4.9,63,334,5,0,,85.3,49,313,2.8,71,10,4
HARBOUR LAKE,2022-10-22,ACTUAL,2,-4.3,63,333,9,0,,84.5,50,314,3.1,71,11,4
HARBOUR LAKE,2022-10-23,ACTUAL,1.6,-3.4,69,157,5,0,,83.6,50,315,2.2,71,8,4
HARBOUR LAKE,2022-10-24,ACTUAL,-0.3,-1,95,144,4,0,,78.8,50,316,1.2,71,5,3
HARBOUR LAKE,2022-10-25,ACTUAL,0.8,-1.8,83,144,7,0,,78.8,50,317,1.4,71,6,3
HARBOUR LAKE,2022-10-26,ACTUAL,0.5,-2.1,83,196,7,3.6,,45.6,37,310,0.1,57,0,2
HARBOUR LAKE,2022-10-27,ACTUAL,1.1,-0.4,90,143,11,1.2,,45.4,37,311,0.2,57,0,2
HARBOUR LAKE,2022-10-28,ACTUAL,3,1,87,170,7,2.8,,35.3,30,308,0,48,0,2
HARBOUR LAKE,2022-10-29,ACTUAL,2.6,-0.8,78,136,5,5.6,,26,18,295,0,32,0,2
HARBOUR LAKE,2022-10-30,ACTUAL,1.4,0.7,95,178,7,3.4,,17.5,13,290,0,24,0,2
HARBOUR LAKE,2022-10-31,ACTUAL,0.7,0.6,99,135,6,3.4,,10,9,284,0,17,0,1
LEIGHTON LAKE,2022-05-01,ACTUAL,11.7,-0.5,43,178,16,5.2,,63.9,18,309,1.1,32,2,1
LEIGHTON LAKE,2022-05-02,ACTUAL,9.4,2.8,63,88,12,0,,74.6,19,313,1.3,33,3,1
LEIGHTON LAKE,2022-05-03,ACTUAL,14.1,1,41,215,15,0,,84.2,22,318,3.9,37,9,2
LEIGHTON LAKE,2022-05-04,ACTUAL,7.8,-0.7,55,176,16,0,,84.5,23,321,4.4,39,10,2
LEIGHTON LAKE,2022-05-05,ACTUAL,9.1,3.6,68,162,11,0,,84.2,24,325,3.3,40,8,2
LEIGHTON LAKE,2022-05-06,ACTUAL,9,-5.8,35,183,12,0.2,,87,25,329,5.1,42,12,2
LEIGHTON LAKE,2022-05-07,ACTUAL,5.4,0.8,72,172,20,0,,84.1,26,333,5.2,43,13,2
LEIGHTON LAKE,2022-05-08,ACTUAL,5,-2.8,57,332,12,5.2,,53,17,323,0.4,30,0,1
LEIGHTON LAKE,2022-05-09,ACTUAL,6.8,-1.9,54,244,15,0.8,,68.1,18,326,1.3,31,2,1
LEIGHTON LAKE,2022-05-10,ACTUAL,7.4,-4.1,44,259,9,0,,78.6,19,330,1.6,33,3,1
LEIGHTON LAKE,2022-05-11,ACTUAL,8.2,-5.4,38,190,20,0,,84.7,21,334,5.6,36,12,2
LEIGHTON LAKE,2022-05-12,ACTUAL,8.7,-5.3,37,156,14,0,,86.8,22,338,5.4,38,12,2
LEIGHTON LAKE,2022-05-13,ACTUAL,5.6,-7.4,39,205,12,0.4,,87,23,341,5.2,40,12,2
LEIGHTON LAKE,2022-05-14,ACTUAL,8.5,-0.8,52,166,15,0,,86.8,24,345,5.7,42,13,2
LEIGHTON LAKE,2022-05-15,ACTUAL,10.5,2.6,58,170,14,0.8,,82.7,26,349,3.1,43,8,2
LEIGHTON LAKE,2022-05-16,ACTUAL,12.1,1.7,49,217,16,0.6,,84.4,28,354,4.3,46,11,2
LEIGHTON LAKE,2022-05-17,ACTUAL,7.5,-6.8,36,268,8,0,,86.5,29,358,3.8,48,10,2
LEIGHTON LAKE,2022-05-18,ACTUAL,7.7,-3.3,46,188,32,0,,86.6,30,362,13.4,50,27,2
LEIGHTON LAKE,2022-05-19,ACTUAL,4.2,-0.4,72,324,15,1,,78,31,365,2,51,6,2
LEIGHTON LAKE,2022-05-20,ACTUAL,7.9,1.1,62,336,19,0.2,,81.3,32,369,3.3,52,10,2
LEIGHTON LAKE,2022-05-21,ACTUAL,10.6,-1.2,44,69,14,1.2,,79.9,33,373,2.3,54,7,2
LEIGHTON LAKE,2022-05-22,ACTUAL,14.3,-7.8,21,356,13,0,,89.1,36,378,7.1,59,19,3
LEIGHTON LAKE,2022-05-23,ACTUAL,8.6,2,63,120,6,0,,86.5,37,382,3.5,60,11,2
LEIGHTON LAKE,2022-05-24,ACTUAL,13,-1.1,38,183,14,2.4,,75.9,34,387,1.6,56,5,2
LEIGHTON LAKE,2022-05-25,ACTUAL,13.8,-0.4,38,201,17,0,,85.2,36,391,5.1,59,15,2
LEIGHTON LAKE,2022-05-26,ACTUAL,15.9,-3.7,26,176,15,0,,90,40,397,9,64,23,3
LEIGHTON LAKE,2022-05-27,ACTUAL,12.7,-2.5,35,196,30,0,,90,42,401,19.8,67,41,3
LEIGHTON LAKE,2022-05-28,ACTUAL,11.7,-3.8,34,6,7,0,,90.1,44,406,6.2,70,19,3
LEIGHTON LAKE,2022-05-29,ACTUAL,11.9,0,44,10,10,0,,89.2,46,410,6.3,72,19,3
LEIGHTON LAKE,2022-05-30,ACTUAL,13.2,1.8,46,77,9,0.2,,88.7,48,415,5.7,75,18,3
LEIGHTON LAKE,2022-05-31,ACTUAL,10.8,7.9,82,304,10,0.2,,83.5,49,420,2.8,76,11,2
LEIGHTON LAKE,2022-06-01,ACTUAL,9.7,8.8,94,48,13,9.8,,27.6,25,388,0,44,0,1
LEIGHTON LAKE,2022-06-02,ACTUAL,14,9.3,73,54,15,4.6,,42.1,18,381,0.1,32,0,1
LEIGHTON LAKE,2022-06-03,ACTUAL,13.1,10.5,84,51,17,7,,35.1,10,364,0,19,0,1
LEIGHTON LAKE,2022-06-04,ACTUAL,13.6,7.7,67,44,14,8,,42.4,6,345,0.1,12,0,1
LEIGHTON LAKE,2022-06-05,ACTUAL,11.4,7.5,77,180,16,5.2,,41.2,4,336,0.1,8,0,1
LEIGHTON LAKE,2022-06-06,ACTUAL,10.6,7,78,70,12,2.4,,46.4,3,341,0.2,6,0,1
LEIGHTON LAKE,2022-06-07,ACTUAL,14.8,5.3,53,37,12,11.2,,48.6,3,312,0.2,6,0,1
LEIGHTON LAKE,2022-06-08,ACTUAL,14.1,2.3,45,217,15,0,,74.4,5,318,1.6,10,1,1
LEIGHTON LAKE,2022-06-09,ACTUAL,11.4,2.2,53,192,18,0,,81.9,7,323,3.5,13,4,1
LEIGHTON LAKE,2022-06-10,ACTUAL,16,5,48,183,22,1.8,,79.2,8,330,3.2,15,4,1
LEIGHTON LAKE,2022-06-11,ACTUAL,15.9,1.1,37,204,13,0,,86.6,11,336,5,20,8,2
LEIGHTON LAKE,2022-06-12,ACTUAL,11.5,1.4,50,95,10,0,,86.6,12,341,4.3,23,7,2
LEIGHTON LAKE,2022-06-13,ACTUAL,10.7,3.3,60,288,11,2.2,,70.6,11,347,1.1,21,1,1
LEIGHTON LAKE,2022-06-14,ACTUAL,11.8,3.1,55,326,18,21,,48.6,6,283,0.3,12,0,1
LEIGHTON LAKE,2022-06-15,ACTUAL,18.2,3.2,37,18,12,0,,78.1,9,290,1.7,18,2,1
LEIGHTON LAKE,2022-06-16,ACTUAL,12.6,6,64,172,12,2.2,,68.4,9,295,1.1,16,1,1
LEIGHTON LAKE,2022-06-17,ACTUAL,13,5.2,59,55,8,0,,78,10,301,1.4,19,2,1
LEIGHTON LAKE,2022-06-18,ACTUAL,13.6,6.8,63,339,11,0,,81.8,12,307,2.5,21,4,1
LEIGHTON LAKE,2022-06-19,ACTUAL,13.4,6.1,61,348,15,1.2,,78.2,13,313,2,24,4,1
LEIGHTON LAKE,2022-06-20,ACTUAL,18.2,7,48,4,13,3,,72.9,12,314,1.4,22,2,1
LEIGHTON LAKE,2022-06-21,ACTUAL,15.2,7.3,59,223,9,0,,80.6,14,320,1.9,25,3,1
LEIGHTON LAKE,2022-06-22,ACTUAL,18.7,3.6,37,210,18,0.8,,86.5,17,327,6.5,30,12,2
LEIGHTON LAKE,2022-06-23,ACTUAL,11.6,-3.9,34,307,14,0.4,,88.2,19,333,6.6,34,13,2
LEIGHTON LAKE,2022-06-24,ACTUAL,14.2,5.9,57,349,16,2.2,,74.5,18,338,1.6,32,4,1
LEIGHTON LAKE,2022-06-25,ACTUAL,19.2,2.4,33,56,13,0,,87.1,22,345,5.5,38,12,2
LEIGHTON LAKE,2022-06-26,ACTUAL,23.2,4.6,30,44,12,0,,91,26,353,9.1,44,20,2
LEIGHTON LAKE,2022-06-27,ACTUAL,27.1,-0.9,16,154,17,0,,95.1,33,361,20.5,53,37,3
LEIGHTON LAKE,2022-06-28,ACTUAL,21.8,4.3,32,233,15,0,,93.2,37,369,14.2,59,31,3
LEIGHTON LAKE,2022-06-29,ACTUAL,12.2,8.9,80,178,13,2.6,,65.1,31,374,1,51,3,2
LEIGHTON LAKE,2022-06-30,ACTUAL,14.7,8,64,126,4,3.8,,53.7,24,371,0.3,41,0,1
LEIGHTON LAKE,2022-07-01,ACTUAL,21.3,6.7,39,271,9,0.4,,80.5,27,378,1.9,45,5,2
LEIGHTON LAKE,2022-07-02,ACTUAL,22,7.3,39,309,8,0,,87.7,30,386,4.6,50,12,2
LEIGHTON LAKE,2022-07-03,ACTUAL,12.1,11.1,94,348,4,4.4,,40.2,20,380,0,36,0,1
LEIGHTON LAKE,2022-07-04,ACTUAL,15.6,6.9,56,175,17,14.2,,49.2,11,336,0.3,20,0,1
LEIGHTON LAKE,2022-07-05,ACTUAL,15.3,8.1,62,47,12,0,,70.4,12,343,1.1,23,1,1
LEIGHTON LAKE,2022-07-06,ACTUAL,17.7,10.9,64,125,5,0.6,,78.1,14,349,1.2,25,2,1
LEIGHTON LAKE,2022-07-07,ACTUAL,15.1,8.9,66,197,8,1.6,,72.3,14,356,1,26,1,1
LEIGHTON LAKE,2022-07-08,ACTUAL,18.8,5.2,41,198,16,0.2,,85.2,17,363,4.7,31,10,2
LEIGHTON LAKE,2022-07-09,ACTUAL,18.8,4.1,38,197,13,0,,88.5,20,370,6.6,35,14,2
LEIGHTON LAKE,2022-07-10,ACTUAL,18.8,5.9,43,220,12,0,,88.5,23,377,6.3,39,14,2
LEIGHTON LAKE,2022-07-11,ACTUAL,24.8,7.3,33,184,11,0,,90.9,27,385,8.5,46,19,2
LEIGHTON LAKE,2022-07-12,ACTUAL,26.2,2.8,22,200,24,0,,93.7,32,394,24.3,53,42,3
LEIGHTON LAKE,2022-07-13,ACTUAL,20.1,5.2,38,62,5,0,,92,35,401,7.2,57,19,3
LEIGHTON LAKE,2022-07-14,ACTUAL,23.1,4,29,179,12,0,,92,39,409,10.5,63,26,3
LEIGHTON LAKE,2022-07-15,ACTUAL,22.4,4.8,32,180,19,0,,92.1,43,417,15.2,68,34,3
LEIGHTON LAKE,2022-07-16,ACTUAL,18.4,6.9,47,204,13,0,,89.9,45,424,8.2,71,23,3
LEIGHTON LAKE,2022-07-17,ACTUAL,18.2,9.1,55,341,13,0,,88.3,47,431,6.4,74,20,3
LEIGHTON LAKE,2022-07-18,ACTUAL,21.5,6.5,38,310,13,7,,72.3,31,413,1.3,52,4,2
LEIGHTON LAKE,2022-07-19,ACTUAL,21.9,9.8,46,15,9,0,,84.6,34,420,3.1,56,10,2
LEIGHTON LAKE,2022-07-20,ACTUAL,24.7,10.5,41,216,8,0,,88.9,37,429,5.5,61,16,2
LEIGHTON LAKE,2022-07-21,ACTUAL,26.1,7.6,31,321,7,0,,91.5,42,437,7.4,67,21,3
LEIGHTON LAKE,2022-07-22,ACTUAL,24.8,6,30,206,7,0,,91.9,46,445,7.9,73,23,3
LEIGHTON LAKE,2022-07-23,ACTUAL,24.2,3.4,26,335,13,0,,92.6,50,453,11.6,79,31,3
LEIGHTON LAKE,2022-07-24,ACTUAL,24.5,7.5,34,348,13,0,,92.6,54,461,11.9,84,33,3
LEIGHTON LAKE,2022-07-25,ACTUAL,23.8,8.9,39,314,16,0,,91.7,58,469,12.4,88,34,3
LEIGHTON LAKE,2022-07-26,ACTUAL,25,9.6,38,349,13,0,,91.8,62,478,10.9,93,32,4
LEIGHTON LAKE,2022-07-27,ACTUAL,30.2,9.1,27,101,9,0,,93.3,67,487,10.8,100,33,4
LEIGHTON LAKE,2022-07-28,ACTUAL,31.9,10.5,27,282,8,0,,93.8,73,496,10.9,106,34,4
LEIGHTON LAKE,2022-07-29,ACTUAL,30.3,9.2,27,284,7,0.4,,93.8,78,505,10.2,113,34,4
LEIGHTON LAKE,2022-07-30,ACTUAL,29.6,10.1,30,328,8,0,,93.9,83,514,11.2,118,36,4
LEIGHTON LAKE,2022-07-31,ACTUAL,30.2,6.7,23,310,10,0,,94.3,89,523,12.7,125,40,4
LEIGHTON LAKE,2022-08-01,ACTUAL,24.9,7,32,195,20,0,,93.3,92,531,18.2,129,51,5
LEIGHTON LAKE,2022-08-02,ACTUAL,23.5,6.2,33,160,8,0,,92.8,96,538,9.5,133,34,4
LEIGHTON LAKE,2022-08-03,ACTUAL,17.2,5.1,45,197,20,0,,90.1,98,544,11.9,135,40,4
LEIGHTON LAKE,2022-08-04,ACTUAL,9,8.1,94,33,9,4.4,,41.5,64,531,0.1,98,0,2
LEIGHTON LAKE,2022-08-05,ACTUAL,14.3,4.3,51,347,14,3.6,,57.8,49,524,0.7,79,3,2
LEIGHTON LAKE,2022-08-06,ACTUAL,20.6,3.2,32,292,6,0,,82.2,52,531,2,83,8,2
LEIGHTON LAKE,2022-08-07,ACTUAL,26.8,6.2,27,29,11,0,,91.6,56,539,9.4,89,29,3
LEIGHTON LAKE,2022-08-08,ACTUAL,24.7,6.3,31,315,9,0,,91.7,59,546,8.8,93,28,3
LEIGHTON LAKE,2022-08-09,ACTUAL,29.3,0.9,16,178,10,0,,95.5,65,554,15,100,41,4
LEIGHTON LAKE,2022-08-10,ACTUAL,24.7,9.8,39,59,8,0,,92.6,68,562,9.2,104,30,4
LEIGHTON LAKE,2022-08-11,ACTUAL,21.6,12.2,55,53,13,0,,89.1,70,569,7.2,107,26,3
LEIGHTON LAKE,2022-08-12,ACTUAL,25.8,13.3,46,64,12,20.2,,69.3,33,466,1.1,56,4,2
LEIGHTON LAKE,2022-08-13,ACTUAL,20.2,7.5,44,199,18,7.2,,68.4,21,444,1.5,37,3,1
LEIGHTON LAKE,2022-08-14,ACTUAL,21.2,7,40,175,5,0,,83.6,23,451,2.2,41,6,2
LEIGHTON LAKE,2022-08-15,ACTUAL,24.5,9.2,38,160,11,0,,89.3,27,459,6.8,47,16,2
LEIGHTON LAKE,2022-08-16,ACTUAL,25.8,8.7,34,87,5,0,,91,30,466,6.3,52,16,2
LEIGHTON LAKE,2022-08-17,ACTUAL,27.2,9.4,33,26,8,0,,91.6,34,474,8.2,58,21,3
LEIGHTON LAKE,2022-08-18,ACTUAL,28.2,8.9,30,51,12,0,,92.4,39,482,10.8,64,27,3
LEIGHTON LAKE,2022-08-19,ACTUAL,26.3,10,36,182,21,0,,92.5,42,490,17.3,69,38,3
LEIGHTON LAKE,2022-08-20,ACTUAL,25.9,9.6,36,29,10,0,,92.5,46,498,10.1,74,27,3
LEIGHTON LAKE,2022-08-21,ACTUAL,26.7,12.3,41,89,7,0,,91.8,49,506,8,79,24,3
LEIGHTON LAKE,2022-08-22,ACTUAL,24.2,6.8,33,178,6,0,,91.9,53,513,7.7,84,24,3
LEIGHTON LAKE,2022-08-23,ACTUAL,21.7,10.5,49,358,17,0,,89.8,55,520,10.1,87,30,3
LEIGHTON LAKE,2022-08-24,ACTUAL,24.9,10.3,40,96,10,0,,90,58,527,7.2,91,24,3
LEIGHTON LAKE,2022-08-25,ACTUAL,25.9,8.3,33,93,5,0,,91.3,62,535,6.6,96,23,3
LEIGHTON LAKE,2022-08-26,ACTUAL,23.4,9.3,41,183,13,0,,91.1,65,542,9.5,100,30,4
LEIGHTON LAKE,2022-08-27,ACTUAL,15.7,3.4,44,340,17,3.6,,73.3,49,535,1.7,80,7,2
LEIGHTON LAKE,2022-08-28,ACTUAL,18.2,5.7,44,169,15,0,,84.6,52,541,4.2,83,16,2
LEIGHTON LAKE,2022-08-29,ACTUAL,23.4,11.1,46,173,18,0,,88,54,549,7.9,87,25,3
LEIGHTON LAKE,2022-08-30,ACTUAL,28.6,7.7,27,144,13,0,,92.7,59,557,12,93,34,4
LEIGHTON LAKE,2022-08-31,ACTUAL,29.2,7.7,26,59,14,0,,93.5,64,565,14.1,99,39,4
LEIGHTON LAKE,2022-09-01,ACTUAL,26.3,8.2,32,314,8,0,,93.3,67,571,10.2,103,33,4
LEIGHTON LAKE,2022-09-02,ACTUAL,29.5,-3,12,166,18,0,,96.6,72,578,27.1,109,62,5
LEIGHTON LAKE,2022-09-03,ACTUAL,26.5,5.9,27,175,16,0,,94.8,75,585,19.2,114,51,5
LEIGHTON LAKE,2022-09-04,ACTUAL,19.4,7.1,45,194,20,0,,90.7,77,590,12.9,116,40,4
LEIGHTON LAKE,2022-09-05,ACTUAL,17.8,-0.6,29,45,12,0,,90.9,80,595,8.8,119,31,4
LEIGHTON LAKE,2022-09-06,ACTUAL,21.8,-2.2,20,181,16,0,,93.3,83,601,15.2,123,45,4
LEIGHTON LAKE,2022-09-07,ACTUAL,20.7,-3.1,20,353,16,0,,93.5,86,606,15.3,127,46,4
LEIGHTON LAKE,2022-09-08,ACTUAL,13.3,1.2,44,335,15,0,,90.3,87,610,9.5,129,34,4
LEIGHTON LAKE,2022-09-09,ACTUAL,15.8,-0.2,34,335,10,0,,90.3,89,615,7.4,131,29,4
LEIGHTON LAKE,2022-09-10,ACTUAL,21.9,2.5,28,79,8,0,,91.6,92,620,8.2,135,31,4
LEIGHTON LAKE,2022-09-11,ACTUAL,20.1,3.2,33,64,8,0,,91.7,95,626,8,138,31,4
LEIGHTON LAKE,2022-09-12,ACTUAL,18.6,4.3,39,30,4,0,,91,97,631,6.2,140,26,3
LEIGHTON LAKE,2022-09-13,ACTUAL,19.7,8.4,48,69,10,1.2,,84.3,99,636,3.2,142,16,3
LEIGHTON LAKE,2022-09-14,ACTUAL,11.8,10,89,215,4,2.6,,54.6,78,640,0.3,119,1,2
LEIGHTON LAKE,2022-09-15,ACTUAL,14.3,11.1,81,112,2,0.2,,62.8,78,644,0.5,120,3,2
LEIGHTON LAKE,2022-09-16,ACTUAL,12.6,5.3,61,182,24,0.6,,76.6,79,648,2.8,121,14,3
LEIGHTON LAKE,2022-09-17,ACTUAL,9.2,4.5,72,85,9,4,,52.5,56,632,0.3,91,1,2
LEIGHTON LAKE,2022-09-18,ACTUAL,13.5,2.1,46,22,7,0,,73,57,636,1,93,5,2
LEIGHTON LAKE,2022-09-19,ACTUAL,13.1,0.4,42,5,11,0,,82.9,59,640,2.7,95,12,3
LEIGHTON LAKE,2022-09-20,ACTUAL,13.8,-1.1,36,315,8,0,,87.1,60,644,4.2,98,17,3
LEIGHTON LAKE,2022-09-21,ACTUAL,17.1,-3.2,25,73,10,0,,90.7,63,649,7.8,101,27,3
LEIGHTON LAKE,2022-09-22,ACTUAL,20.5,-2,22,148,9,0,,92.6,66,654,9.8,105,32,4
LEIGHTON LAKE,2022-09-23,ACTUAL,14.2,3.6,49,215,13,0,,89.4,67,658,7.8,107,27,3
LEIGHTON LAKE,2022-09-24,ACTUAL,16.4,4.4,45,93,9,0,,89.3,69,663,6,109,23,3
LEIGHTON LAKE,2022-09-25,ACTUAL,19,5.7,42,50,16,0,,89.3,71,668,8.7,112,30,4
LEIGHTON LAKE,2022-09-26,ACTUAL,22.2,6.3,36,58,11,0,,90.1,74,674,7.8,116,28,4
LEIGHTON LAKE,2022-09-27,ACTUAL,24.5,4.2,27,107,8,0,,92.2,77,680,8.6,120,31,4
LEIGHTON LAKE,2022-09-28,ACTUAL,22.4,0.8,24,223,9,0,,92.7,80,686,10,124,34,4
LEIGHTON LAKE,2022-09-29,ACTUAL,15.9,8.2,60,341,13,0.4,,88.1,81,690,6.2,126,25,3
LEIGHTON LAKE,2022-09-30,ACTUAL,18.5,6.6,46,342,15,0.2,,88.1,83,695,6.8,128,27,3
LEIGHTON LAKE,2022-10-01,ACTUAL,21,7.2,41,66,9,0,,88.9,85,700,5.7,131,24,3
LEIGHTON LAKE,2022-10-02,ACTUAL,22.3,5.6,34,28,7,0,,90.4,88,704,6.4,134,26,3
LEIGHTON LAKE,2022-10-03,ACTUAL,20.4,5.9,39,50,10,0,,90.4,90,709,7.6,136,30,4
LEIGHTON LAKE,2022-10-04,ACTUAL,23.7,-1.3,19,164,13,0,,93.7,93,714,14.3,140,45,4
LEIGHTON LAKE,2022-10-05,ACTUAL,20.8,2.9,31,351,12,0,,92.9,95,718,11.8,143,40,4
LEIGHTON LAKE,2022-10-06,ACTUAL,19.9,4.7,37,55,10,0,,91.7,97,723,9,145,34,4
LEIGHTON LAKE,2022-10-07,ACTUAL,16.1,5.7,50,62,9,0,,89.3,98,726,6.1,147,26,4
LEIGHTON LAKE,2022-10-08,ACTUAL,19.8,3.4,34,350,14,0,,90.1,100,730,8.7,149,33,4
LEIGHTON LAKE,2022-10-09,ACTUAL,20,3.1,33,83,10,0,,90.5,102,735,7.5,152,31,4
LEIGHTON LAKE,2022-10-10,ACTUAL,20.7,1.9,29,246,21,0,,91.3,105,739,14.9,155,48,5
LEIGHTON LAKE,2022-10-11,ACTUAL,14.4,-2.6,31,319,7,0,,91.4,106,742,7.5,157,31,4
LEIGHTON LAKE,2022-10-12,ACTUAL,16,3,42,63,7,0,,90.3,108,746,6.5,158,28,4
LEIGHTON LAKE,2022-10-13,ACTUAL,16.6,2.5,39,61,10,0,,90.3,109,750,7.5,160,31,4
LEIGHTON LAKE,2022-10-14,ACTUAL,18.2,1.1,32,359,17,0,,90.4,111,754,10.8,163,39,4
LEIGHTON LAKE,2022-10-15,ACTUAL,17.2,3,39,56,10,0,,90.4,113,758,7.4,165,31,4
LEIGHTON LAKE,2022-10-16,ACTUAL,17.4,2.8,38,52,8,0,,90.5,115,761,6.7,167,29,4
LEIGHTON LAKE,2022-10-17,ACTUAL,16.2,-0.6,32,55,12,0,,90.5,117,765,8.3,169,34,4
LEIGHTON LAKE,2022-10-18,ACTUAL,17.1,-0.3,31,61,11,0,,90.6,119,769,7.9,171,32,4
LEIGHTON LAKE,2022-10-19,ACTUAL,15.3,1.3,39,62,11,0,,90.3,120,772,7.8,173,32,4
LEIGHTON LAKE,2022-10-20,ACTUAL,7.5,-2,51,13,11,0,,88.1,121,774,5.7,174,26,4
LEIGHTON LAKE,2022-10-21,ACTUAL,2.1,-1,80,184,5,1.8,,66.2,106,775,0.7,158,5,2
LEIGHTON LAKE,2022-10-22,ACTUAL,3.6,-1.9,67,357,11,0.6,,72.3,106,777,1.2,158,7,3
LEIGHTON LAKE,2022-10-23,ACTUAL,5,-5.4,47,189,14,0.6,,79,106,778,2,159,12,3
LEIGHTON LAKE,2022-10-24,ACTUAL,8.4,-3.9,42,230,16,0,,84.2,107,781,4.3,160,21,4
LEIGHTON LAKE,2022-10-25,ACTUAL,5.4,-6,44,189,17,0,,85.4,108,782,5.1,160,24,4
LEIGHTON LAKE,2022-10-26,ACTUAL,2.8,-0.5,79,187,14,3.4,,53.6,75,762,0.5,121,2,2
LEIGHTON LAKE,2022-10-27,ACTUAL,10.3,-0.9,46,193,35,1.4,,72.6,76,765,4.1,122,18,3
LEIGHTON LAKE,2022-10-28,ACTUAL,8,-4.9,40,206,15,0,,82,77,767,3.1,123,15,3
LEIGHTON LAKE,2022-10-29,ACTUAL,5.4,-0.8,64,185,26,0,,82.4,77,769,5.5,124,23,3
LEIGHTON LAKE,2022-10-30,ACTUAL,9.2,-1,49,192,16,0,,84.7,78,771,4.5,125,20,3
LEIGHTON LAKE,2022-10-31,ACTUAL,8,-0.5,55,194,24,0,,84.7,79,773,6.9,125,27,3
MAYSON,2022-05-01,ACTUAL,9.8,-2.3,43,166,10,0,,,,,,,,
MAYSON,2022-05-02,ACTUAL,11.8,1.1,48,81,7,0,,,,,,,,
MAYSON,2022-05-03,ACTUAL,13.9,-0.7,37,153,13,0,,,,,,,,
MAYSON,2022-05-04,ACTUAL,6.3,-1.6,57,163,13,0,,,,,,,,
MAYSON,2022-05-05,ACTUAL,8.7,4.7,76,115,9,0.8,,,,,,,,
MAYSON,2022-05-06,ACTUAL,5.7,0.3,68,155,13,4.4,,,,,,,,
MAYSON,2022-05-07,ACTUAL,7.1,-4.1,45,332,9,0.6,,,,,,,,
MAYSON,2022-05-08,ACTUAL,6.8,-6,40,305,11,2.4,,,,,,,,
MAYSON,2022-05-09,ACTUAL,5.7,-6,43,292,13,0.4,,,,,,,,
MAYSON,2022-05-10,ACTUAL,6.8,-2.9,50,252,10,5.4,,,,,,,,
MAYSON,2022-05-11,ACTUAL,7.6,-5.3,40,157,17,0,,,,,,,,
MAYSON,2022-05-12,ACTUAL,7.1,-5.7,40,132,14,0,,,,,,,,
MAYSON,2022-05-13,ACTUAL,6,0,65,232,8,10.8,,,,,,,,
MAYSON,2022-05-14,ACTUAL,6.1,-2.3,55,167,14,0,,,,,,,,
MAYSON,2022-05-15,ACTUAL,5.2,4.4,95,108,8,1,,,,,,,,
MAYSON,2022-05-16,ACTUAL,12.3,3.5,55,170,14,0.8,,,,,,,,
MAYSON,2022-05-17,ACTUAL,4.9,-5,49,165,9,0,,,,,,,,
MAYSON,2022-05-18,ACTUAL,7.9,-4,43,196,14,1.2,,,,,,,,
MAYSON,2022-05-19,ACTUAL,5.6,2.1,78,303,13,11.2,,,,,,,,
MAYSON,2022-05-20,ACTUAL,6.9,-0.8,58,316,11,0,,,,,,,,
MAYSON,2022-05-21,ACTUAL,10.6,-7.7,27,300,6,2.4,,,,,,,,
MAYSON,2022-05-22,ACTUAL,13.9,-7,23,329,11,0,,,,,,,,
MAYSON,2022-05-23,ACTUAL,7,4.3,83,162,5,2.8,,,,,,,,
MAYSON,2022-05-24,ACTUAL,10.5,-0.1,48,165,14,1.8,,,,,,,,
MAYSON,2022-05-25,ACTUAL,13.1,1.7,46,172,12,0,,,,,,,,
MAYSON,2022-05-26,ACTUAL,15.1,-2.5,30,157,12,0,,,,,,,,
MAYSON,2022-05-27,ACTUAL,14,-3.4,30,222,13,0.4,,85,6,15,4,6,3,
MAYSON,2022-05-28,ACTUAL,7.5,-1.7,52,318,4,0.8,,81.6,7,19,1.6,7,1,1
MAYSON,2022-05-29,MANUAL,12.2,-0.1,43,293,13,0,60,85.6,9,23,4.4,9,5,1
MAYSON,2022-05-30,ACTUAL,13.3,0.6,42,44,9,0,60,87,11,28,4.3,11,5,1
MAYSON,2022-05-31,ACTUAL,8.8,6.7,87,251,12,0.6,60,81,12,32,2.4,12,3,1
MAYSON,2022-06-01,ACTUAL,15.2,5.7,53,61,12,11.8,60,54.6,7,20,0.5,8,0,1
MAYSON,2022-06-02,ACTUAL,13.4,5.4,58,93,13,0.4,60,73.3,9,26,1.4,10,1,1
MAYSON,2022-06-03,ACTUAL,8,8,100,88,10,3.8,60,32.8,6,27,0,7,0,1
MAYSON,2022-06-04,ACTUAL,14.8,4.8,51,134,13,10,60,48.5,4,19,0.3,5,0,1
MAYSON,2022-06-05,ACTUAL,10.6,7.3,80,147,7,0.4,60,60.1,5,24,0.6,7,0,1
MAYSON,2022-06-06,ACTUAL,7.9,5.9,87,195,14,3.4,60,43,3,26,0.1,5,0,1
MAYSON,2022-06-07,ACTUAL,13.6,5.5,58,112,9,1.6,60,60.2,4,31,0.6,6,0,1
MAYSON,2022-06-08,ACTUAL,16.1,3.8,44,184,13,1.2,60,75.9,7,38,1.5,9,1,1
MAYSON,2022-06-09,ACTUAL,13.1,-1,38,176,16,0,60,84.9,9,44,4.5,12,5,2
MAYSON,2022-06-10,ACTUAL,16.3,4,44,213,11,11.8,60,59.2,7,32,0.7,9,0,1
MAYSON,2022-06-11,ACTUAL,15.3,2.7,43,235,5,0,60,77.1,9,38,1.1,11,1,1
MAYSON,2022-06-12,ACTUAL,10.7,8.3,85,280,7,3,60,51.9,7,40,0.3,9,0,1
MAYSON,2022-06-13,ACTUAL,9.6,5.6,76,296,10,5.2,60,40.6,4,39,0.1,6,0,1
MAYSON,2022-06-14,ACTUAL,12.4,4.9,60,311,17,6.6,60,48.2,3,36,0.3,5,0,1
MAYSON,2022-06-15,ACTUAL,19.2,3.3,35,106,10,0,60,78.5,7,42,1.6,9,1,1
MAYSON,2022-06-16,ACTUAL,6,5.2,95,278,6,5.6,60,31.2,3,40,0,6,0,1
MAYSON,2022-06-17,ACTUAL,14,4.3,52,82,10,0,60,61.8,5,46,0.7,8,0,1
MAYSON,2022-06-18,ACTUAL,13.5,6.2,61,298,14,0,60,76,7,51,1.6,10,1,1
MAYSON,2022-06-19,ACTUAL,10.7,8.1,84,304,8,1,60,71.1,7,57,1,11,1,1
MAYSON,2022-06-20,ACTUAL,18.1,4.6,41,307,14,1,60,82,10,63,2.9,15,4,1
MAYSON,2022-06-21,ACTUAL,15.6,6.6,55,253,7,0,60,84.5,12,70,2.8,17,4,1
MAYSON,2022-06-22,ACTUAL,16.2,7.7,57,246,10,3.2,60,68.3,10,73,1,15,1,1
MAYSON,2022-06-23,ACTUAL,9.1,0.3,54,292,14,1.4,60,71.6,12,78,1.4,17,1,1
MAYSON,2022-06-24,ACTUAL,12.9,4.9,58,313,12,0.4,60,80,13,83,2,19,3,1
MAYSON,2022-06-25,ACTUAL,19.1,2.3,33,112,8,0,60,87.9,17,90,4.7,23,8,2
MAYSON,2022-06-26,ACTUAL,23.3,3.2,27,41,10,0,60,91.6,22,98,9,28,15,2
MAYSON,2022-06-27,ACTUAL,26.2,4.6,25,154,13,0,60,93.1,27,106,12.4,33,21,2
MAYSON,2022-06-28,ACTUAL,17.1,10.1,63,108,14,0,60,87.7,29,113,6.1,35,13,2
MAYSON,2022-06-29,ACTUAL,9.7,8.4,92,228,4,2.6,60,54.1,24,118,0.3,32,0,1
MAYSON,2022-06-30,ACTUAL,18.4,6.5,46,119,9,1.4,60,73,26,124,1.1,35,2,1
MAYSON,2022-07-01,ACTUAL,18.3,12.8,70,64,5,16,60,42.3,12,100,0.1,19,0,1
MAYSON,2022-07-02,ACTUAL,16.3,14.5,89,241,3,2.4,60,37.4,10,107,0,17,0,1
MAYSON,2022-07-03,ACTUAL,14.8,8.8,67,211,9,0.2,60,61.1,11,113,0.7,18,1,1
MAYSON,2022-07-04,ACTUAL,15.5,9,65,142,9,4.8,60,53.2,8,113,0.4,14,0,1
MAYSON,2022-07-05,ACTUAL,10.8,9.2,90,97,6,7.2,60,25.9,4,106,0,8,0,1
MAYSON,2022-07-06,ACTUAL,13.9,10,77,175,9,0,60,48.3,5,113,0.2,9,0,1
MAYSON,2022-07-07,ACTUAL,15.7,11.5,76,122,4,3.2,60,45.4,4,115,0.1,7,0,1
MAYSON,2022-07-08,ACTUAL,16.8,8.8,59,103,11,6.4,60,51.6,3,112,0.3,6,0,1
MAYSON,2022-07-09,ACTUAL,16.5,6.9,53,205,6,0,60,72.5,5,118,0.9,9,1,1
MAYSON,2022-07-10,MANUAL,18,5.2,43,258,7,1.6,40,77.1,7,125,1.2,13,1,1
MAYSON,2022-07-11,ACTUAL,22.8,9.9,44,150,12,0,40,86.6,10,133,4.7,17,7,2
MAYSON,2022-07-12,ACTUAL,26.2,4.6,25,212,17,0,40,92.6,15,142,14.2,24,20,2
MAYSON,2022-07-13,ACTUAL,18.9,4.2,38,301,10,0,40,91.4,18,149,8.6,28,15,2
MAYSON,2022-07-14,ACTUAL,19.9,6.5,42,120,11,0,40,90.6,21,156,8,31,15,2
MAYSON,2022-07-15,ACTUAL,22.8,6,34,154,13,0,40,90.8,25,164,9.4,36,18,2
MAYSON,2022-07-16,ACTUAL,17.7,8.3,54,357,5,0.6,40,88,27,171,4.1,38,10,2
MAYSON,2022-07-17,ACTUAL,16.9,9.2,60,324,11,0,40,87,28,177,4.8,40,11,2
MAYSON,2022-07-18,ACTUAL,19,8.7,51,329,12,0,60,87.1,31,185,5.1,43,12,2
MAYSON,2022-07-19,ACTUAL,19.1,10.2,56,111,9,0,60,87.1,33,192,4.4,46,11,2
MAYSON,2022-07-20,ACTUAL,22.3,10.1,46,37,7,0,60,88.2,36,199,4.7,49,12,2
MAYSON,2022-07-21,ACTUAL,24.7,8.1,35,313,8,0,60,90.5,40,208,6.8,54,17,3
MAYSON,2022-07-22,ACTUAL,22.8,8.1,39,294,13,0,60,90.5,43,215,8.8,57,22,3
MAYSON,2022-07-23,ACTUAL,23.1,4.9,31,346,11,0,60,91.3,47,223,9,62,23,3
MAYSON,2022-07-24,ACTUAL,22.1,5.8,35,300,11,0,60,91.4,50,231,9.3,65,24,3
MAYSON,2022-07-25,ACTUAL,22.5,11.9,51,295,13,0,60,89.6,53,239,7.8,68,22,3
MAYSON,2022-07-26,ACTUAL,23.7,11.7,47,312,10,0,60,89.6,56,247,6.7,72,20,3
MAYSON,2022-07-27,ACTUAL,29.3,9.9,30,9,7,0,60,92.4,61,256,8.6,77,25,3
MAYSON,2022-07-28,ACTUAL,30.6,12,32,89,9,0,60,92.5,66,265,9.8,82,28,3
MAYSON,2022-07-29,ACTUAL,27.3,12.9,41,92,9,0.2,60,91.9,70,273,9,86,27,3
MAYSON,2022-07-30,ACTUAL,29.2,10.7,32,1,7,0,60,92.2,75,282,8.4,90,27,3
MAYSON,2022-07-31,ACTUAL,28.9,9,29,350,9,0,60,92.8,80,291,9.9,95,30,4
MAYSON,2022-08-01,ACTUAL,25.3,8.2,34,250,6,0,60,92.7,84,299,8.6,98,28,4
MAYSON,2022-08-02,ACTUAL,21.5,4,32,354,10,1.6,60,86.1,83,306,4,99,16,3
MAYSON,2022-08-03,ACTUAL,16,11.6,75,34,3,0.2,60,84.5,84,312,2.3,100,11,3
MAYSON,2022-08-04,ACTUAL,7.1,5.7,91,297,11,8.4,60,31.5,46,292,0,66,0,2
MAYSON,2022-08-05,ACTUAL,12.4,6.1,65,306,7,3,60,44.2,37,292,0.1,57,0,2
MAYSON,2022-08-06,ACTUAL,19.3,6.7,44,331,8,0,60,74.1,40,299,1.1,60,4,2
MAYSON,2022-08-07,ACTUAL,24.5,9.2,38,332,9,0,60,87.4,43,306,4.6,64,14,2
MAYSON,2022-08-08,ACTUAL,23.6,4.4,29,298,9,0,60,91.2,47,314,8,68,22,3
MAYSON,2022-08-09,ACTUAL,26.2,9,34,76,11,0,60,91.4,50,321,9.1,72,25,3
MAYSON,2022-08-10,ACTUAL,24.9,10.7,41,72,7,0,60,91.4,54,329,7.4,76,22,3
MAYSON,2022-08-11,ACTUAL,26,8.4,33,290,6,0,60,91.5,57,336,7.3,80,23,3
MAYSON,2022-08-12,ACTUAL,26.5,11.8,40,100,11,0,60,91.6,61,344,9.2,84,27,3
MAYSON,2022-08-13,ACTUAL,20.7,8.3,45,172,14,2.8,60,78.5,51,346,2,75,8,2
MAYSON,2022-08-14,ACTUAL,20.5,9.7,50,251,7,0,60,85,54,353,3,78,11,2
MAYSON,2022-08-15,ACTUAL,23.4,9.3,41,98,12,0,60,88.8,57,360,6.5,81,21,3
MAYSON,2022-08-16,ACTUAL,22.3,8,40,51,8,0,60,89.4,59,367,5.9,85,20,3
MAYSON,2022-08-17,ACTUAL,26.3,8.7,33,48,10,0,60,91.3,63,375,8.6,89,27,3
MAYSON,2022-08-18,ACTUAL,29.1,6.4,24,95,10,0,60,93.7,68,383,11.9,94,34,4
MAYSON,2022-08-19,ACTUAL,25.9,11.2,40,97,9,0,60,92.1,71,391,9.3,98,30,4
MAYSON,2022-08-20,ACTUAL,24.9,10.7,41,56,8,0.2,60,91.5,74,398,8,102,27,3
MAYSON,2022-08-21,ACTUAL,24.7,13,48,90,12,0.4,60,90.3,77,406,8.4,105,29,4
MAYSON,2022-08-22,ACTUAL,26.9,4,23,137,11,0.4,60,93.4,82,413,12.3,109,38,4
MAYSON,2022-08-23,ACTUAL,17.9,12,68,306,9,0,60,87.2,83,420,4.6,111,19,3
MAYSON,2022-08-24,ACTUAL,24.5,9.2,38,117,8,0,60,89.8,86,427,6.2,115,24,3
MAYSON,2022-08-25,ACTUAL,23.7,10,42,31,8,0,60,89.8,89,434,6.1,118,24,3
MAYSON,2022-08-26,ACTUAL,22.8,11.2,48,147,12,0,60,89.8,92,441,7.4,121,28,3
MAYSON,2022-08-27,ACTUAL,10.9,4.4,64,307,15,11.4,60,49.3,47,401,0.3,73,1,2
MAYSON,2022-08-28,ACTUAL,15.6,7.9,60,82,8,0,60,70.1,49,406,1,75,4,2
MAYSON,2022-08-29,ACTUAL,21.9,9.1,44,123,13,0,60,85,51,413,4.1,78,15,2
MAYSON,2022-08-30,ACTUAL,26.8,9.5,34,149,10,0,60,90.6,55,421,7.5,83,24,3
MAYSON,2022-08-31,ACTUAL,28.9,7.4,26,164,13,0,60,93.2,60,429,13.2,89,36,3
MAYSON,2022-09-01,ACTUAL,21.5,9,45,316,7,0,60,90.9,62,435,6.9,91,23,3
MAYSON,2022-09-02,ACTUAL,27.4,3.8,22,135,13,0,60,93.8,66,442,14,96,39,4
MAYSON,2022-09-03,ACTUAL,28.2,5.1,23,172,9,0,60,94,70,448,12.1,101,36,4
MAYSON,2022-09-04,ACTUAL,16,7.5,57,177,13,0,60,88.8,71,453,6.9,102,25,3
MAYSON,2022-09-05,ACTUAL,14.6,4,49,5,10,1.2,60,82,73,457,2.3,104,11,3
MAYSON,2022-09-06,ACTUAL,19.7,1.1,29,145,13,0,60,89.5,75,463,7.7,107,27,3
MAYSON,2022-09-07,ACTUAL,18.2,0.2,30,283,11,0,60,90.6,78,467,8.1,110,29,4
MAYSON,2022-09-08,ACTUAL,12.6,1.8,48,308,17,0,60,88.8,79,471,8.4,111,29,4
MAYSON,2022-09-09,ACTUAL,16.2,0.2,34,6,8,0,60,89.5,81,476,6,114,23,3
MAYSON,2022-09-10,ACTUAL,20.5,1.3,28,120,12,0,60,91.3,84,481,9.4,117,32,4
MAYSON,2022-09-11,ACTUAL,19.5,1.8,31,152,6,0,60,91.3,86,487,6.9,120,26,3
MAYSON,2022-09-12,ACTUAL,19.5,4.3,37,71,9,0,60,91.2,89,492,7.9,122,29,4
MAYSON,2022-09-13,ACTUAL,16.9,9.2,60,34,5,0,60,88,90,497,4.2,124,19,3
MAYSON,2022-09-14,ACTUAL,12.2,10.6,90,114,2,0.4,85,81.9,90,501,1.6,124,9,3
MAYSON,2022-09-15,ACTUAL,15.6,8.4,62,136,4,0.2,85,83.5,91,505,2.2,126,11,3
MAYSON,2022-09-16,ACTUAL,7.5,5.8,89,302,17,1.2,85,71.4,91,508,1.5,126,9,3
MAYSON,2022-09-17,ACTUAL,10.9,2.7,57,166,6,10.8,85,43.8,48,461,0.1,76,0,2
MAYSON,2022-09-18,ACTUAL,13.6,1.2,43,116,6,0,85,68.9,49,465,0.8,78,3,2
MAYSON,2022-09-19,ACTUAL,11.3,2.3,54,309,14,0.2,85,79.3,50,469,2.2,79,9,2
MAYSON,2022-09-20,ACTUAL,14.4,-1.4,34,310,6,0.2,85,86.2,52,473,3.3,82,13,2
MAYSON,2022-09-21,ACTUAL,18.4,-1,27,113,7,0.2,85,90.3,55,478,6.2,85,21,3
MAYSON,2022-09-22,ACTUAL,19.2,-3.1,22,313,12,0,85,92.3,58,484,11,89,32,3
MAYSON,2022-09-23,ACTUAL,13.7,4.3,53,56,5,0,85,89.1,59,488,4.9,90,18,3
MAYSON,2022-09-24,ACTUAL,14.7,3.5,47,192,6,0,85,88.8,60,492,4.9,92,18,3
MAYSON,2022-09-25,ACTUAL,18.5,6,44,71,11,0,85,88.8,62,497,6.3,95,22,3
MAYSON,2022-09-26,ACTUAL,22,6.9,38,103,11,0,85,89.7,65,503,7,98,24,3
MAYSON,2022-09-27,ACTUAL,22.9,4.8,31,144,9,0,85,91.1,68,509,8,102,27,3
MAYSON,2022-09-28,ACTUAL,21.5,4,32,173,9,0,85,91.2,70,514,8.1,105,28,3
MAYSON,2022-09-29,ACTUAL,14.9,8.7,66,308,8,1.8,85,74.9,66,519,1.2,100,6,3
MAYSON,2022-09-30,ACTUAL,18.2,8.2,52,312,9,0,85,83.3,68,524,2.7,102,12,3
MAYSON,2022-10-01,ACTUAL,20.7,7.6,43,165,8,0,85,87.5,69,528,4.4,105,18,3
MAYSON,2022-10-02,ACTUAL,22.1,7,38,43,7,0,85,89.4,72,533,5.6,107,22,3
MAYSON,2022-10-03,ACTUAL,22,6.6,37,48,7,0,85,90,74,537,6.1,110,23,3
MAYSON,2022-10-04,ACTUAL,20.9,6.7,40,98,11,0,85,90,76,542,7.3,112,27,3
MAYSON,2022-10-05,ACTUAL,19.7,3.7,35,295,7,0,85,90.1,78,546,6.1,115,24,3
MAYSON,2022-10-06,ACTUAL,20.1,5.6,39,352,6,0,85,90.1,80,550,5.8,117,23,3
MAYSON,2022-10-07,ACTUAL,19.6,5.9,41,80,9,0,85,90.2,82,555,6.8,119,26,3
MAYSON,2022-10-08,ACTUAL,19.6,4.8,38,308,10,0,85,90.2,84,559,7.3,122,28,3
MAYSON,2022-10-09,ACTUAL,18.6,4.7,40,288,11,0,85,90.3,85,563,7.6,124,29,4
MAYSON,2022-10-10,ACTUAL,17.2,4.4,43,261,14,0,85,89.9,87,567,8.6,126,31,4
MAYSON,2022-10-11,ACTUAL,10.9,-1.9,41,301,12,0.2,85,89.3,88,569,7.2,127,28,3
MAYSON,2022-10-12,ACTUAL,13.1,2,47,291,11,0,85,88.7,89,572,6.2,128,25,3
MAYSON,2022-10-13,ACTUAL,16.4,2.7,40,62,9,0,85,88.7,91,576,5.5,130,24,3
MAYSON,2022-10-14,ACTUAL,16.8,4.4,44,283,12,0,85,88.8,92,580,6.5,132,27,3
MAYSON,2022-10-15,ACTUAL,16.8,3.4,41,90,10,0,85,88.8,94,583,6,134,25,3
MAYSON,2022-10-16,ACTUAL,17.4,2.1,36,89,12,0,85,89.4,96,587,7,136,28,4
MAYSON,2022-10-17,ACTUAL,17.5,0.5,32,76,10,0,85,90.1,98,591,7.2,138,29,4
MAYSON,2022-10-18,ACTUAL,18.2,1.1,32,71,9,0,85,90.4,100,595,7.1,140,29,4
MAYSON,2022-10-19,ACTUAL,17.2,1.5,35,65,9,0,85,90.4,101,599,7.1,143,29,4
MAYSON,2022-10-20,ACTUAL,6.4,-1,59,321,6,0,85,87.4,102,601,3.9,143,19,4
MAYSON,2022-10-21,ACTUAL,2.3,-3.4,66,307,8,0,85,85.2,102,602,3.2,143,16,3
MAYSON,2022-10-22,ACTUAL,2.1,-2.6,71,313,12,0.2,85,83.6,102,603,3.3,144,17,3
MAYSON,2022-10-23,ACTUAL,3.4,-3.4,61,100,7,0,85,83.6,102,604,2.5,144,13,3
MAYSON,2022-10-24,ACTUAL,4.4,0,73,235,4,3,85,55.1,76,595,0.3,115,1,2
MAYSON,2022-10-25,ACTUAL,3,-1.7,71,150,10,2.6,85,49,62,596,0.2,98,1,2
MAYSON,2022-10-26,ACTUAL,4.2,-2.6,61,131,5,5.2,85,38.4,40,572,0,68,0,2
MAYSON,2022-10-27,ACTUAL,6.6,1.2,68,175,15,0,85,58.2,40,574,0.8,69,3,2
MAYSON,2022-10-28,ACTUAL,5.8,-2.5,55,164,10,0,85,71.4,41,576,1.1,70,4,2
MAYSON,2022-10-29,ACTUAL,5.4,-2.2,58,183,11,0,85,77.9,41,577,1.7,70,6,2
MAYSON,2022-10-30,ACTUAL,7.1,1.2,66,104,6,0,85,80.2,42,579,1.6,71,6,2
MAYSON,2022-10-31,ACTUAL,6,-1.1,60,226,12,0,85,82,42,581,2.6,71,10,2
MCLEAN LAKE,2022-05-01,ACTUAL,14.8,0.1,37,92,10,0.6,,86.9,25,268,4.6,41,11,2
MCLEAN LAKE,2022-05-02,ACTUAL,10.1,2.7,60,272,7,0.2,,86.1,27,272,3.6,43,9,2
MCLEAN LAKE,2022-05-03,ACTUAL,13.8,0.7,41,143,12,0,,87.5,29,277,5.5,46,14,2
MCLEAN LAKE,2022-05-04,ACTUAL,7.3,-1.9,52,164,11,0,,86.9,30,281,4.7,47,12,2
MCLEAN LAKE,2022-05-05,ACTUAL,8.7,4.9,77,94,7,0,,83.9,31,284,2.6,48,7,2
MCLEAN LAKE,2022-05-06,ACTUAL,10.7,-4.7,34,123,10,0.6,,86.4,33,289,4.3,51,12,2
MCLEAN LAKE,2022-05-07,ACTUAL,2,1,93,248,5,1.2,,71.3,33,292,0.9,51,2,2
MCLEAN LAKE,2022-05-08,ACTUAL,5.8,-1.3,60,283,8,3.2,,55.6,26,289,0.4,42,1,1
MCLEAN LAKE,2022-05-09,ACTUAL,7.7,-5.5,39,244,16,0.6,,74.2,27,293,1.6,44,4,1
MCLEAN LAKE,2022-05-10,ACTUAL,7.6,-2.8,48,201,13,0,,81.2,28,297,2.5,46,7,2
MCLEAN LAKE,2022-05-11,ACTUAL,8.2,-4.4,41,139,12,0,,84.9,30,301,3.7,48,10,2
MCLEAN LAKE,2022-05-12,ACTUAL,9.6,-3.5,40,134,9,0,,86.6,31,305,4,50,11,2
MCLEAN LAKE,2022-05-13,ACTUAL,5.8,-6.9,40,234,10,2,,73.1,29,308,1.1,47,3,1
MCLEAN LAKE,2022-05-14,ACTUAL,11.2,-1,43,96,12,0,,82.3,31,313,2.7,50,8,2
MCLEAN LAKE,2022-05-15,ACTUAL,11.7,4.2,60,86,10,0,,83.6,32,317,2.8,52,8,2
MCLEAN LAKE,2022-05-16,ACTUAL,13.9,1.1,42,157,17,0.6,,86.1,35,322,5.6,55,15,2
MCLEAN LAKE,2022-05-17,ACTUAL,7.9,-5,40,165,8,0,,86.8,36,326,4,57,12,2
MCLEAN LAKE,2022-05-18,MANUAL,9,-1.8,47,155,15,0,60,86.8,38,330,5.8,58,16,2
MCLEAN LAKE,2022-05-19,ACTUAL,3.7,-0.1,76,257,10,0,,83.7,38,333,2.9,59,9,2
MCLEAN LAKE,2022-05-20,ACTUAL,7.3,-1.4,54,239,7,0.2,,84.3,39,337,2.7,60,9,2
MCLEAN LAKE,2022-05-21,ACTUAL,11,-5.6,31,235,7,0.4,,87.7,41,341,4.3,63,13,2
MCLEAN LAKE,2022-05-22,ACTUAL,16.9,-6.3,20,89,11,0,,91.8,45,347,9.5,68,25,3
MCLEAN LAKE,2022-05-23,ACTUAL,9.4,0.8,55,240,11,0.2,,88.3,46,351,5.8,69,18,3
MCLEAN LAKE,2022-05-24,ACTUAL,13.5,1.1,43,109,9,0,,88.3,48,356,5.4,72,17,3
MCLEAN LAKE,2022-05-25,ACTUAL,16.7,2.6,39,101,9,0,,88.7,51,361,5.6,76,18,3
MCLEAN LAKE,2022-05-26,ACTUAL,16.4,0.8,35,92,12,0,,89.3,54,366,7.1,79,22,3
MCLEAN LAKE,2022-05-27,ACTUAL,12.8,-1.7,37,107,12,0.2,,89.4,56,371,7.1,82,22,3
MCLEAN LAKE,2022-05-28,ACTUAL,14.4,-3.5,29,77,12,0,,90.2,59,376,7.9,85,25,3
MCLEAN LAKE,2022-05-29,ACTUAL,14.4,1.9,43,289,12,0,,89.5,62,381,7.5,88,24,3
MCLEAN LAKE,2022-05-30,ACTUAL,14.9,3,45,15,7,0,,89.2,64,386,5.4,91,20,3
MCLEAN LAKE,2022-05-31,ACTUAL,13.9,6.8,62,264,9,0,,86.9,66,391,4.2,92,16,3
MCLEAN LAKE,2022-06-01,ACTUAL,13.9,8.6,70,87,8,9,,47.7,36,366,0.2,58,0,2
MCLEAN LAKE,2022-06-02,ACTUAL,14.4,10.7,78,94,8,2.8,,48.2,30,367,0.2,50,0,1
MCLEAN LAKE,2022-06-03,ACTUAL,11.7,11.5,99,98,6,2.2,,32.6,26,372,0,44,0,1
MCLEAN LAKE,2022-06-04,ACTUAL,15,7.4,60,84,9,2.8,,51.5,22,373,0.3,39,0,1
MCLEAN LAKE,2022-06-05,ACTUAL,10.1,10.1,100,93,6,6.6,,15.4,13,358,0,23,0,1
MCLEAN LAKE,2022-06-06,ACTUAL,12.6,6.5,66,75,8,0.4,,44,14,363,0.1,25,0,1
MCLEAN LAKE,2022-06-07,ACTUAL,17.4,3.6,40,93,8,0.2,,73.8,17,370,1.1,30,2,1
MCLEAN LAKE,2022-06-08,ACTUAL,15.6,4.3,47,148,13,1.6,,76.7,18,376,1.6,32,4,1
MCLEAN LAKE,2022-06-09,ACTUAL,10.2,5.4,72,135,11,0.2,,79.5,19,381,1.9,34,4,1
MCLEAN LAKE,2022-06-10,ACTUAL,18.5,3,36,140,13,1.2,,84,22,388,3.6,39,9,2
MCLEAN LAKE,2022-06-11,ACTUAL,16.4,3.7,43,214,11,0,,87,25,395,4.9,43,12,2
MCLEAN LAKE,2022-06-12,ACTUAL,13.5,1.1,43,165,4,0.2,,87.4,27,400,3.6,46,10,2
MCLEAN LAKE,2022-06-13,ACTUAL,11.2,4.9,65,47,6,3.6,,59.4,21,397,0.5,37,1,1
MCLEAN LAKE,2022-06-14,ACTUAL,15,2.1,42,249,15,3.4,,66.8,18,395,1.2,32,2,1
MCLEAN LAKE,2022-06-15,ACTUAL,20.1,6.4,41,82,9,0,,83.5,21,402,2.8,37,7,2
MCLEAN LAKE,2022-06-16,ACTUAL,12.5,9,79,87,8,7.6,,42.6,12,381,0.1,22,0,1
MCLEAN LAKE,2022-06-17,ACTUAL,15.1,6.2,55,106,7,0,,67.2,14,387,0.8,25,1,1
MCLEAN LAKE,2022-06-18,ACTUAL,12.8,7.1,68,263,4,4.8,,48,10,379,0.2,18,0,1
MCLEAN LAKE,2022-06-19,ACTUAL,14.4,8.4,67,135,8,1.8,,58.3,10,385,0.5,18,0,1
MCLEAN LAKE,2022-06-20,ACTUAL,18.9,6.7,45,115,8,1.8,,72.3,11,392,1,21,1,1
MCLEAN LAKE,2022-06-21,ACTUAL,13.3,7.8,69,204,16,0.2,,78.9,13,398,2.2,23,4,1
MCLEAN LAKE,2022-06-22,ACTUAL,18.4,0.4,30,237,20,0.2,,88.7,16,404,9.9,29,17,2
MCLEAN LAKE,2022-06-23,ACTUAL,13.2,-2.1,35,310,11,0,,88.9,19,410,6.4,33,13,2
MCLEAN LAKE,2022-06-24,ACTUAL,17.4,3.6,40,45,11,0,,89,22,417,6.5,38,14,2
MCLEAN LAKE,2022-06-25,ACTUAL,20.6,3.7,33,70,11,0,,90.3,25,424,7.8,44,17,2
MCLEAN LAKE,2022-06-26,ACTUAL,24.6,3.2,25,89,9,0,,92.6,30,432,9.5,52,22,3
MCLEAN LAKE,2022-06-27,ACTUAL,26.5,4.8,25,81,10,0,,93.2,36,440,11.1,60,26,3
MCLEAN LAKE,2022-06-28,ACTUAL,24.7,0.9,21,142,15,0,,93.8,41,448,15.5,67,35,3
MCLEAN LAKE,2022-06-29,ACTUAL,11.2,9.8,91,126,4,8.2,,32.7,23,421,0,40,0,1
MCLEAN LAKE,2022-06-30,ACTUAL,19,5.7,42,132,9,0.8,,68.8,26,428,0.9,45,2,1
MCLEAN LAKE,2022-07-01,ACTUAL,23,7.8,38,86,10,0,,85.9,29,436,4,50,11,2
MCLEAN LAKE,2022-07-02,ACTUAL,23.4,7,35,96,7,0,,89.8,33,444,6,56,16,2
MCLEAN LAKE,2022-07-03,ACTUAL,14.8,12,83,126,8,3,,59.2,26,443,0.6,46,1,1
MCLEAN LAKE,2022-07-04,ACTUAL,17.6,11,65,91,10,18,,45.3,12,376,0.1,23,0,1
MCLEAN LAKE,2022-07-05,ACTUAL,15.6,9.6,67,81,10,2.6,,55.5,11,382,0.5,20,0,1
MCLEAN LAKE,2022-07-06,ACTUAL,16.3,11.9,75,93,10,0.6,,69,12,389,1,22,1,1
MCLEAN LAKE,2022-07-07,ACTUAL,19,8.4,50,143,12,0,,82.4,14,396,2.7,26,5,2
MCLEAN LAKE,2022-07-08,ACTUAL,16,6.2,52,197,15,0.2,,85.3,16,402,4.8,29,9,2
MCLEAN LAKE,2022-07-09,ACTUAL,19.8,6.1,41,109,8,0.2,,88.1,19,410,4.9,34,10,2
MCLEAN LAKE,2022-07-10,ACTUAL,20,7.3,44,196,9,0,,88.4,22,417,5.2,38,12,2
MCLEAN LAKE,2022-07-11,ACTUAL,22.2,9,43,77,12,0,,88.9,25,425,6.7,43,15,2
MCLEAN LAKE,2022-07-12,ACTUAL,27.3,6.1,26,142,12,0,,92.8,30,433,11.7,51,25,2
MCLEAN LAKE,2022-07-13,ACTUAL,21.5,5.3,35,83,8,0,,92.1,33,441,8.8,56,22,3
MCLEAN LAKE,2022-07-14,ACTUAL,23.9,5.6,31,79,12,0,,92.2,37,449,10.9,61,26,3
MCLEAN LAKE,2022-07-15,ACTUAL,23.5,4.3,29,175,15,0,,92.2,41,457,12.4,67,30,3
MCLEAN LAKE,2022-07-16,ACTUAL,20.7,7.3,42,162,12,0,,90.9,44,464,8.7,71,24,3
MCLEAN LAKE,2022-07-17,ACTUAL,16.8,8.3,57,271,11,0,,88.2,46,471,5.6,74,18,3
MCLEAN LAKE,2022-07-18,ACTUAL,22.9,8.5,40,36,10,0,,89.4,49,479,6.4,78,20,3
MCLEAN LAKE,2022-07-19,ACTUAL,23.6,8.4,38,135,10,0,,90,53,487,7,83,22,3
MCLEAN LAKE,2022-07-20,ACTUAL,24.7,10.1,40,71,14,0,,90.1,57,495,8.8,88,27,3
MCLEAN LAKE,2022-07-21,ACTUAL,26.2,7.2,30,116,7,0,,91.9,61,503,8,94,26,3
MCLEAN LAKE,2022-07-22,ACTUAL,25.8,6.8,30,58,10,0,,92.1,65,512,9.7,99,31,4
MCLEAN LAKE,2022-07-23,ACTUAL,25.6,4,25,220,6,0,,93,70,520,8.7,105,29,4
MCLEAN LAKE,2022-07-24,ACTUAL,26,6.5,29,258,8,0,,93,75,528,9.7,110,32,4
MCLEAN LAKE,2022-07-25,ACTUAL,26.4,10.1,36,322,10,0,,92.6,79,537,10.5,115,35,4
MCLEAN LAKE,2022-07-26,ACTUAL,27.4,9.6,33,312,8,0,,92.7,83,545,9.6,121,33,4
MCLEAN LAKE,2022-07-27,ACTUAL,31.5,9.1,25,78,10,0,,94,89,555,12.4,127,40,4
MCLEAN LAKE,2022-07-28,ACTUAL,31.9,11.6,29,118,8,0,,94.1,95,564,11.2,133,38,4
MCLEAN LAKE,2022-07-29,ACTUAL,31.7,8.6,24,74,11,0,,94.4,100,574,13.9,140,45,4
MCLEAN LAKE,2022-07-30,ACTUAL,30.8,8.5,25,71,9,0,,94.4,106,583,12.3,146,42,4
MCLEAN LAKE,2022-07-31,ACTUAL,30.7,6.5,22,86,11,0,,94.7,112,592,14.4,152,47,4
MCLEAN LAKE,2022-08-01,ACTUAL,26.5,7.4,30,197,15,0,,93.9,116,600,15.8,156,50,5
MCLEAN LAKE,2022-08-02,ACTUAL,21.4,7.5,41,162,8,0,,91.6,119,607,7.9,159,32,4
MCLEAN LAKE,2022-08-03,ACTUAL,17.6,7.1,50,179,10,0,,89.4,121,613,6.5,162,28,4
MCLEAN LAKE,2022-08-04,ACTUAL,9.3,7.6,89,280,7,8,,34.4,63,572,0,99,0,2
MCLEAN LAKE,2022-08-05,ACTUAL,16.7,7.9,56,119,8,1,,61.8,64,578,0.7,101,3,2
MCLEAN LAKE,2022-08-06,ACTUAL,21.8,5.6,35,82,9,0,,84,68,584,2.9,105,13,3
MCLEAN LAKE,2022-08-07,ACTUAL,26.1,8,32,97,8,0,,90.6,71,592,7,110,26,3
MCLEAN LAKE,2022-08-08,ACTUAL,27.2,6.5,27,74,10,0,,92.7,76,600,10.4,115,34,4
MCLEAN LAKE,2022-08-09,ACTUAL,27.1,7.5,29,95,9,0,,92.8,80,608,10.1,120,34,4
MCLEAN LAKE,2022-08-10,ACTUAL,25.3,8.2,34,92,7,0,,92.7,83,615,9.1,125,32,4
MCLEAN LAKE,2022-08-11,ACTUAL,26.7,12.7,42,113,8,0,,91.7,87,623,8.2,129,31,4
MCLEAN LAKE,2022-08-12,ACTUAL,26.1,10.2,37,105,7,0,,91.8,90,631,8,133,31,4
MCLEAN LAKE,2022-08-13,ACTUAL,20.6,5.3,37,171,13,0.8,,88.7,93,638,6.7,136,27,3
MCLEAN LAKE,2022-08-14,ACTUAL,21.2,7,40,81,11,0,,89.3,96,645,6.8,140,28,3
MCLEAN LAKE,2022-08-15,ACTUAL,25,8.8,36,73,8,0,,90.5,99,652,6.9,144,28,4
MCLEAN LAKE,2022-08-16,ACTUAL,27,7.9,30,110,8,0,,92.1,103,660,8.7,148,33,4
MCLEAN LAKE,2022-08-17,ACTUAL,28.2,7.9,28,76,9,0,,92.9,108,668,10.3,153,38,4
MCLEAN LAKE,2022-08-18,ACTUAL,30,7.2,24,121,8,0,,94,113,676,11.5,159,41,4
MCLEAN LAKE,2022-08-19,ACTUAL,26.3,9.5,35,81,10,0,,93,116,684,10.6,163,39,4
MCLEAN LAKE,2022-08-20,ACTUAL,27,9.7,34,130,9,0.6,,91.4,120,692,8.2,167,33,4
MCLEAN LAKE,2022-08-21,ACTUAL,26.9,11.3,38,93,8,0,,91.4,124,700,7.9,172,32,4
MCLEAN LAKE,2022-08-22,ACTUAL,24.8,9,37,86,6,0,,91.5,127,707,7.3,175,31,4
MCLEAN LAKE,2022-08-23,ACTUAL,22.3,9.4,44,311,8,0,,90.6,130,714,7,178,30,4
MCLEAN LAKE,2022-08-24,ACTUAL,26.7,11.9,40,126,7,0,,90.7,133,722,6.7,182,30,4
MCLEAN LAKE,2022-08-25,ACTUAL,27.6,8.9,31,91,8,0,,92,137,730,8.7,187,35,4
MCLEAN LAKE,2022-08-26,ACTUAL,25.7,11.4,41,153,9,0,,91.6,140,738,8.3,190,34,4
MCLEAN LAKE,2022-08-27,ACTUAL,15.4,2.8,43,251,11,0.6,,89,142,744,6.3,193,29,4
MCLEAN LAKE,2022-08-28,ACTUAL,20.1,6,40,87,11,0,,89.2,145,750,6.6,196,29,4
MCLEAN LAKE,2022-08-29,ACTUAL,21.8,9.3,45,84,11,0,,89.2,148,757,6.6,199,29,4
MCLEAN LAKE,2022-08-30,ACTUAL,25.3,9.1,36,73,11,0,,90.6,151,765,8,202,34,4
MCLEAN LAKE,2022-08-31,ACTUAL,26.6,6,27,81,11,0,,92.6,155,772,10.7,207,41,4
MCLEAN LAKE,2022-09-01,ACTUAL,28.1,8.3,29,94,10,0,,92.7,159,779,10.2,211,40,4
MCLEAN LAKE,2022-09-02,ACTUAL,26.5,6.9,29,100,9,0,,92.8,163,786,10,214,39,4
MCLEAN LAKE,2022-09-03,ACTUAL,26.6,6,27,143,10,0,,92.9,166,792,10.6,218,41,4
MCLEAN LAKE,2022-09-04,ACTUAL,21.2,7,40,153,17,0,,91.3,168,798,12.1,221,44,4
MCLEAN LAKE,2022-09-05,ACTUAL,17.6,-2.8,25,274,10,0,,91.7,171,803,9.1,223,37,4
MCLEAN LAKE,2022-09-06,ACTUAL,18,2.6,36,82,12,0,,91.3,173,807,9.3,225,38,4
MCLEAN LAKE,2022-09-07,ACTUAL,21.7,-3,19,283,13,0,,93.5,176,813,13.7,229,48,5
MCLEAN LAKE,2022-09-08,ACTUAL,14.2,1,41,338,10,0,,90.9,178,817,7.9,231,34,4
MCLEAN LAKE,2022-09-09,ACTUAL,18,-0.9,28,213,7,0,,91.2,181,822,7,233,31,4
MCLEAN LAKE,2022-09-10,ACTUAL,19.1,0.5,29,79,10,0,,91.2,183,827,8.3,236,35,4
MCLEAN LAKE,2022-09-11,ACTUAL,15.1,0,36,91,7,0,,90.9,185,832,6.7,238,30,4
MCLEAN LAKE,2022-09-12,ACTUAL,15.1,4.8,50,89,8,0,,89,186,836,5.7,239,27,4
MCLEAN LAKE,2022-09-13,ACTUAL,20,9.9,52,91,8,0,,88.7,188,842,5.3,241,26,4
MCLEAN LAKE,2022-09-14,ACTUAL,12.2,11.7,97,158,4,1.6,,65.6,157,845,0.7,214,5,3
MCLEAN LAKE,2022-09-15,ACTUAL,14.9,10.9,77,192,3,0.8,,69,157,850,0.7,215,5,3
MCLEAN LAKE,2022-09-16,ACTUAL,5.4,5.1,98,264,19,0.2,,69.3,157,853,1.6,215,10,3
MCLEAN LAKE,2022-09-17,ACTUAL,8.3,6.9,91,54,5,0,,70.9,158,856,0.8,216,6,3
MCLEAN LAKE,2022-09-18,ACTUAL,13.5,3.8,52,81,7,0,,80.2,159,860,1.6,217,11,3
MCLEAN LAKE,2022-09-19,ACTUAL,16.2,-0.2,33,258,10,0,,87.4,161,864,5,220,25,4
MCLEAN LAKE,2022-09-20,ACTUAL,14.7,0.4,38,121,8,0,,88.3,163,869,5.1,222,25,4
MCLEAN LAKE,2022-09-21,MANUAL,15.7,0.5,36,86,6,0,85,89,165,873,5,224,25,4
MCLEAN LAKE,2022-09-22,ACTUAL,18.6,1.5,32,73,7,0,,90.1,167,878,6.2,226,29,4
MCLEAN LAKE,2022-09-23,ACTUAL,12.9,5.1,59,206,24,0,,87.2,168,882,9.6,228,38,4
MCLEAN LAKE,2022-09-24,ACTUAL,15.4,5,50,89,8,0,,87.2,169,887,4.3,229,22,4
MCLEAN LAKE,2022-09-25,ACTUAL,16.4,5,47,88,8,0,,87.3,171,892,4.4,231,23,4
MCLEAN LAKE,2022-09-26,ACTUAL,19,6.8,45,86,10,0,,87.9,173,897,5.4,233,26,4
MCLEAN LAKE,2022-09-27,ACTUAL,18.8,6.9,46,84,10,0,,88,175,902,5.3,236,26,4
MCLEAN LAKE,2022-09-28,ACTUAL,18,4.8,42,49,5,0,,88.3,177,907,4.3,238,22,4
MCLEAN LAKE,2022-09-29,ACTUAL,17,8.2,56,17,6,0,,87.7,178,911,4.3,240,22,4
MCLEAN LAKE,2022-09-30,ACTUAL,19.3,6.7,44,247,11,0,,88.2,180,917,5.9,242,28,4
MCLEAN LAKE,2022-10-01,ACTUAL,18.2,6.7,47,94,8,0,,88.3,182,921,5.1,244,25,4
MCLEAN LAKE,2022-10-02,ACTUAL,21.5,6.9,39,45,6,0,,89.3,184,925,5.2,246,26,4
MCLEAN LAKE,2022-10-03,ACTUAL,19,4.6,39,131,5,0,,89.4,186,929,5,248,25,4
MCLEAN LAKE,2022-10-04,ACTUAL,16.7,3.7,42,67,11,0,,89.4,187,933,7,250,31,4
MCLEAN LAKE,2022-10-05,ACTUAL,21.7,4.6,33,41,6,0,,90.5,190,938,6.1,252,29,4
MCLEAN LAKE,2022-10-06,ACTUAL,20.8,5.9,38,67,5,0,,90.6,192,942,6,254,28,4
MCLEAN LAKE,2022-10-07,ACTUAL,17.2,5.4,46,78,6,0,,89.6,193,946,5.4,256,26,4
MCLEAN LAKE,2022-10-08,ACTUAL,19.4,5,39,265,10,0,,89.7,195,950,6.8,258,31,4
MCLEAN LAKE,2022-10-09,ACTUAL,19.3,4.1,37,51,6,0,,89.7,197,954,5.5,260,27,4
MCLEAN LAKE,2022-10-10,ACTUAL,20.4,3,32,251,26,0,,90.7,199,959,17.1,262,56,5
MCLEAN LAKE,2022-10-11,ACTUAL,12.6,-3.4,33,101,4,0,,90.7,201,962,5.9,264,28,4
MCLEAN LAKE,2022-10-12,ACTUAL,15.3,3.1,44,59,5,0,,89.8,202,965,5.4,265,26,4
MCLEAN LAKE,2022-10-13,ACTUAL,13.2,2.4,48,95,8,0,,88.7,203,968,5.2,267,26,4
MCLEAN LAKE,2022-10-14,ACTUAL,17.9,1.3,33,250,14,0,,89.9,205,972,8.5,269,36,4
MCLEAN LAKE,2022-10-15,ACTUAL,15.4,4.4,48,74,6,0,,89,207,976,5,270,25,4
MCLEAN LAKE,2022-10-16,ACTUAL,14.1,3.8,50,87,10,0,,88.3,208,979,5.7,271,27,4
MCLEAN LAKE,2022-10-17,ACTUAL,12.9,0.9,44,84,9,0,,88.3,209,982,5.4,273,26,4
MCLEAN LAKE,2022-10-18,ACTUAL,13.3,0.6,42,90,7,0,,88.4,210,985,4.8,274,24,4
MCLEAN LAKE,2022-10-19,ACTUAL,12.7,1,45,55,6,0,,88.4,211,988,4.7,275,24,4
MCLEAN LAKE,2022-10-20,ACTUAL,7.8,3.1,72,80,7,0,,85.1,212,990,3,276,17,4
MCLEAN LAKE,2022-10-21,ACTUAL,3.4,1.4,87,77,7,0.4,,81.3,212,991,1.8,276,12,3
MCLEAN LAKE,2022-10-22,ACTUAL,4.4,-1.1,67,282,8,0.4,,81.7,212,993,2.1,276,13,3
MCLEAN LAKE,2022-10-23,ACTUAL,3.2,-3.3,62,116,9,0,,82.2,212,994,2.3,277,14,3
MCLEAN LAKE,2022-10-24,ACTUAL,6.9,-2.3,52,211,9,0,,83.8,213,996,2.8,277,16,3
MCLEAN LAKE,2022-10-25,ACTUAL,5.1,-1.3,63,88,10,0,,83.8,213,998,3,278,17,4
MCLEAN LAKE,2022-10-26,ACTUAL,2.3,0.8,90,155,8,0.6,,79.1,213,999,1.6,278,10,3
MCLEAN LAKE,2022-10-27,ACTUAL,11.1,0.2,47,167,13,6,,58.8,87,921,0.7,141,5,2
MCLEAN LAKE,2022-10-28,ACTUAL,9,-1.8,47,130,10,0,,74.6,88,924,1.3,142,8,3
MCLEAN LAKE,2022-10-29,ACTUAL,5.2,-0.2,68,178,24,0,,78.8,88,925,3.4,143,17,4
MCLEAN LAKE,2022-10-30,ACTUAL,10.2,0.2,50,208,22,0,,83.6,89,928,5.3,144,24,4
MCLEAN LAKE,2022-10-31,ACTUAL,10,1.1,54,94,8,0,,84.5,90,930,2.9,145,15,3
MUDPIT,2022-05-01,ACTUAL,12.4,0.1,43,304,5,0,,,,,,,,
MUDPIT,2022-05-02,ACTUAL,15.8,1.8,39,199,7,0,,,,,,,,
MUDPIT,2022-05-03,ACTUAL,14.6,4,49,297,6,0,,,,,,,,
MUDPIT,2022-05-04,ACTUAL,13.2,-0.6,39,270,11,0,,,,,,,,
MUDPIT,2022-05-05,ACTUAL,7.7,7.7,100,320,3,6.6,,,,,,,,
MUDPIT,2022-05-06,ACTUAL,8,2.1,66,42,10,12,,,,,,,,
MUDPIT,2022-05-07,ACTUAL,8.6,-0.7,52,201,7,2,,,,,,,,
MUDPIT,2022-05-08,ACTUAL,6.9,0.8,65,130,5,1.8,,,,,,,,
MUDPIT,2022-05-09,ACTUAL,7.8,0.6,60,252,9,0.2,,,,,,,,
MUDPIT,2022-05-10,ACTUAL,9,-0.1,53,220,9,0.8,,,,,,,,
MUDPIT,2022-05-11,ACTUAL,11.3,0.7,48,272,12,1.2,,,,,,,,
MUDPIT,2022-05-12,ACTUAL,12,-3.5,34,333,6,0,,,,,,,,
MUDPIT,2022-05-13,ACTUAL,8.5,4.9,78,247,9,2.4,,,,,,,,
MUDPIT,2022-05-14,[object Object],,,,,,,,,,,,,,
MUDPIT,2022-05-15,ACTUAL,8.9,6,82,312,4,0.8,,,,,,,,
MUDPIT,2022-05-16,ACTUAL,16,7,55,275,9,1.4,,,,,,,,
MUDPIT,2022-05-17,ACTUAL,9.2,-1.3,48,297,4,0,,,,,,,,
MUDPIT,2022-05-18,ACTUAL,8.5,3,68,273,5,0.8,,,,,,,,
MUDPIT,2022-05-19,ACTUAL,9.4,2.8,63,236,9,4.8,,,,,,,,
MUDPIT,2022-05-20,ACTUAL,8.5,3,68,271,6,0,,,,,,,,
MUDPIT,2022-05-21,ACTUAL,14.6,-0.4,36,242,9,0,,,,,,,,
MUDPIT,2022-05-22,ACTUAL,16.8,0.3,33,242,8,0,,,,,,,,
MUDPIT,2022-05-23,ACTUAL,11.6,3.4,57,264,7,0,,,,,,,,
MUDPIT,2022-05-24,ACTUAL,12.5,5.2,61,39,10,0.6,,85,6,15,3.4,6,3,
MUDPIT,2022-05-25,ACTUAL,14,4.6,53,197,6,0.2,,85.6,8,20,3.1,8,3,2
MUDPIT,2022-05-26,ACTUAL,17.3,2.4,37,275,8,0,,88.4,11,25,5.2,11,6,2
MUDPIT,2022-05-27,ACTUAL,15.9,3.6,44,174,13,6.6,,65,8,22,1,9,1,1
MUDPIT,2022-05-28,ACTUAL,13.9,1.5,43,327,4,0,,78.8,11,27,1.3,11,1,1
MUDPIT,2022-05-29,ACTUAL,19.5,0.4,28,264,10,0,,88.8,14,33,6.1,14,8,2
MUDPIT,2022-05-30,ACTUAL,15,5.5,53,296,2,0,,88.1,16,38,3.6,16,5,2
MUDPIT,2022-05-31,ACTUAL,14.8,5.3,53,149,6,0,,87.8,18,43,4.2,18,7,2
MUDPIT,2022-06-01,ACTUAL,15,11.4,79,286,4,10,,39,10,34,0,11,0,1
MUDPIT,2022-06-02,ACTUAL,14.7,4.7,51,20,5,0,,64.5,12,40,0.7,14,0,1
MUDPIT,2022-06-03,ACTUAL,11.8,9.2,84,28,4,1.6,,57.6,12,46,0.4,14,0,1
MUDPIT,2022-06-04,ACTUAL,14.7,11.3,80,356,2,3,,45.1,9,49,0.1,12,0,1
MUDPIT,2022-06-05,ACTUAL,11.6,10.2,91,268,6,0.4,,52,9,54,0.3,13,0,1
MUDPIT,2022-06-06,ACTUAL,15.2,8,62,277,5,2.2,,58.6,9,61,0.5,13,0,1
MUDPIT,2022-06-07,ACTUAL,15.1,9.5,69,254,3,0.4,,70.4,10,67,0.7,15,1,1
MUDPIT,2022-06-08,ACTUAL,15.7,7.3,57,61,7,3.2,,63.1,9,70,0.7,14,1,1
MUDPIT,2022-06-09,ACTUAL,16.6,3.2,41,356,1,0.2,,77.7,12,76,1,17,1,1
MUDPIT,2022-06-10,ACTUAL,17.5,10.5,63,277,4,4.6,,56.8,9,77,0.4,14,0,1
MUDPIT,2022-06-11,ACTUAL,19.6,6.6,43,267,10,0,,79.9,12,84,1.8,18,2,2
MUDPIT,2022-06-12,ACTUAL,15.7,5.9,52,156,1,4.6,,55.4,9,84,0.3,15,0,1
MUDPIT,2022-06-13,ACTUAL,10.6,9.7,94,300,4,1.4,,48.3,10,89,0.2,15,0,1
MUDPIT,2022-06-14,ACTUAL,14.2,9.5,73,273,4,13.2,,31.2,5,72,0,9,0,1
MUDPIT,2022-06-15,ACTUAL,20.3,9.3,49,284,6,0,,66.3,8,79,0.7,13,1,1
MUDPIT,2022-06-16,ACTUAL,13.2,11.7,91,266,4,3.2,,41.9,6,81,0.1,10,0,1
MUDPIT,2022-06-17,ACTUAL,13.6,8.9,73,310,3,8.2,,31.8,3,74,0,6,0,1
MUDPIT,2022-06-18,ACTUAL,16.6,10.3,66,255,8,1.8,,53,4,80,0.3,7,0,1
MUDPIT,2022-06-19,ACTUAL,13.3,11.5,89,336,3,13.4,,20.2,2,63,0,4,0,1
MUDPIT,2022-06-20,ACTUAL,19.3,11.7,61,282,8,3.8,,49,3,66,0.2,5,0,1
MUDPIT,2022-06-21,ACTUAL,18.1,8.7,54,258,2,1,,66.5,5,72,0.6,8,0,1
MUDPIT,2022-06-22,ACTUAL,15.2,12.2,82,239,3,12.6,,29.8,3,57,0,5,0,1
MUDPIT,2022-06-23,ACTUAL,11.3,3.9,60,259,8,4.2,,42.3,2,58,0.1,4,0,1
MUDPIT,2022-06-24,ACTUAL,17.6,7.4,51,322,5,0.2,,68.4,5,64,0.8,8,0,1
MUDPIT,2022-06-25,ACTUAL,21.5,4.9,34,270,6,0,,85.2,9,72,2.9,13,4,2
MUDPIT,2022-06-26,ACTUAL,24.6,4.8,28,265,5,0,,91,13,80,6.4,19,10,2
MUDPIT,2022-06-27,ACTUAL,26.8,7.7,30,270,4,0,,92.1,19,88,7.2,24,12,3
MUDPIT,2022-06-28,ACTUAL,15.5,14.4,93,274,1,3.8,,44.9,13,89,0.1,19,0,1
MUDPIT,2022-06-29,ACTUAL,13.6,8.7,72,208,7,8.8,,36.7,8,81,0,12,0,1
MUDPIT,2022-06-30,ACTUAL,20.5,12,58,274,6,1,,64.6,10,88,0.7,16,1,1
MUDPIT,2022-07-01,ACTUAL,23.5,9.8,42,240,3,0,,82.4,13,96,1.7,20,3,2
MUDPIT,2022-07-02,ACTUAL,25,9.6,38,250,6,0,,88.9,17,104,5,24,9,3
MUDPIT,2022-07-03,ACTUAL,17.7,9.4,58,329,3,0,,87.7,19,111,3.6,27,7,2
MUDPIT,2022-07-04,ACTUAL,13.5,11.9,90,60,16,8.2,,38,10,103,0.1,16,0,1
MUDPIT,2022-07-05,ACTUAL,13.7,12.4,92,266,1,10.2,,14.3,5,91,0,9,0,1
MUDPIT,2022-07-06,ACTUAL,18.9,11.1,60,286,4,0,,48.5,7,98,0.2,12,0,1
MUDPIT,2022-07-07,ACTUAL,18.3,14.1,76,43,3,3.6,,44.2,5,101,0.1,9,0,1
MUDPIT,2022-07-08,ACTUAL,19.7,8.1,47,337,3,0,,70.7,8,108,0.7,13,1,1
MUDPIT,2022-07-09,ACTUAL,20.2,8.8,48,246,7,0,,82.9,10,115,2.2,17,3,2
MUDPIT,2022-07-10,ACTUAL,20.2,13,63,287,9,0.8,,82.4,12,123,2.3,20,4,2
MUDPIT,2022-07-11,ACTUAL,23.6,12,48,287,8,0,,87,15,131,4.1,24,7,2
MUDPIT,2022-07-12,ACTUAL,29.1,7.6,26,283,7,0,,92.8,21,140,9.1,30,16,3
MUDPIT,2022-07-13,ACTUAL,24,6.2,32,296,9,0,,92.8,25,148,10.3,35,19,3
MUDPIT,2022-07-14,ACTUAL,22.3,8.4,41,253,5,0,,91.5,28,155,6.7,38,14,3
MUDPIT,2022-07-15,ACTUAL,24.1,5.3,30,215,4,0,,91.8,32,163,6.7,43,15,3
MUDPIT,2022-07-16,ACTUAL,23.2,9.5,42,239,9,1.6,,84.4,34,171,3,45,8,3
MUDPIT,2022-07-17,ACTUAL,22.1,9.6,45,302,6,0.2,,87.6,37,179,4.2,49,11,3
MUDPIT,2022-07-18,ACTUAL,24.7,11.3,43,276,5,0.2,,89.1,40,187,4.8,52,13,3
MUDPIT,2022-07-19,ACTUAL,24.3,13.6,51,260,6,0,,89.1,43,195,5.2,56,14,3
MUDPIT,2022-07-20,ACTUAL,26.5,9.7,35,284,8,0,,90.9,48,204,7.3,60,20,4
MUDPIT,2022-07-21,ACTUAL,27.5,11,36,289,6,0,,91.2,52,212,6.9,64,19,4
MUDPIT,2022-07-22,ACTUAL,27.2,10.3,35,292,6,0,,91.3,56,221,7,69,20,4
MUDPIT,2022-07-23,ACTUAL,27.5,3.9,22,319,5,0,,93.8,61,230,9.4,74,26,4
MUDPIT,2022-07-24,ACTUAL,27.4,7.7,29,235,8,0,,93.8,66,238,10.8,78,29,4
MUDPIT,2022-07-25,ACTUAL,27,11,37,299,8,0,,92.7,70,247,9.7,82,28,4
MUDPIT,2022-07-26,ACTUAL,28.3,10.4,33,245,6,0,,92.8,75,256,8.7,86,27,4
MUDPIT,2022-07-27,ACTUAL,30.7,13.9,36,287,6,0,,92.8,80,265,8.7,91,27,4
MUDPIT,2022-07-28,ACTUAL,31.1,14.2,36,279,5,0,,92.9,85,274,8.4,95,27,4
MUDPIT,2022-07-29,ACTUAL,27,14.4,46,299,5,7.2,,70.8,52,265,0.8,70,3,3
MUDPIT,2022-07-30,ACTUAL,29,16.2,46,259,4,0.2,,85.9,56,274,2.9,74,11,4
MUDPIT,2022-07-31,ACTUAL,29.5,11.5,33,289,4,0,,91.2,61,283,6.3,79,20,4
MUDPIT,2022-08-01,ACTUAL,28,11,35,259,7,0,,91.5,65,291,7.4,83,23,4
MUDPIT,2022-08-02,ACTUAL,24.6,8.9,37,258,7,4.2,,77,48,289,1.2,68,5,3
MUDPIT,2022-08-03,ACTUAL,19.9,8.6,48,231,5,0,,84.6,50,296,2.6,71,10,4
MUDPIT,2022-08-04,ACTUAL,10.4,9.9,97,179,4,26.4,,14.8,20,224,0,32,0,2
MUDPIT,2022-08-05,ACTUAL,16.5,7.7,56,247,2,2.2,,40.7,18,229,0,30,0,2
MUDPIT,2022-08-06,ACTUAL,21.4,9.6,47,253,6,0,,72.5,21,236,0.9,34,2,2
MUDPIT,2022-08-07,ACTUAL,25.1,13.4,48,296,5,0,,84.7,24,244,2.6,38,6,2
MUDPIT,2022-08-08,ACTUAL,26.9,11.3,38,248,6,0,,89.7,27,252,5.5,43,13,3
MUDPIT,2022-08-09,ACTUAL,26.8,11.6,39,271,5,0,,90.4,31,260,5.7,47,14,3
MUDPIT,2022-08-10,ACTUAL,26,12.1,42,254,1,0,,90.4,34,267,4.7,51,13,3
MUDPIT,2022-08-11,ACTUAL,27.9,15.9,48,291,4,0,,90.5,37,275,5.5,55,15,3
MUDPIT,2022-08-12,ACTUAL,26.8,13.5,44,291,4,0.2,,90.5,40,283,5.7,59,16,3
MUDPIT,2022-08-13,ACTUAL,23.9,10.5,43,244,11,0.2,,90.6,43,290,8.2,63,22,4
MUDPIT,2022-08-14,ACTUAL,22.7,10.1,45,268,6,0,,90.4,46,297,6.1,66,18,4
MUDPIT,2022-08-15,ACTUAL,25.3,9.5,37,294,6,0,,90.6,49,305,6.2,70,19,4
MUDPIT,2022-08-16,ACTUAL,27.6,11.5,37,254,5,0,,91,53,313,6.5,74,20,4
MUDPIT,2022-08-17,ACTUAL,28.6,8.7,29,287,4,0,,92.5,57,321,7.6,79,23,4
MUDPIT,2022-08-18,ACTUAL,29.5,11.5,33,252,5,0,,92.6,62,329,7.8,84,24,4
MUDPIT,2022-08-19,ACTUAL,27.5,13,41,273,3,0,,92,65,337,6.5,88,22,4
MUDPIT,2022-08-20,ACTUAL,27.8,13.3,41,273,7,0,,91.9,69,345,8,92,26,4
MUDPIT,2022-08-21,ACTUAL,26.3,12,41,260,5,0,,91.7,72,353,7,95,24,4
MUDPIT,2022-08-22,ACTUAL,29,14,40,326,5,0,,91.7,76,361,7.1,99,25,4
MUDPIT,2022-08-23,ACTUAL,20.1,12.4,61,327,4,0,,88.3,77,368,4.1,101,17,4
MUDPIT,2022-08-24,ACTUAL,26.2,13.7,46,248,4,0,,89,80,376,4.6,105,19,4
MUDPIT,2022-08-25,ACTUAL,27.9,12.6,39,256,5,0,,90.4,84,384,5.8,109,22,4
MUDPIT,2022-08-26,ACTUAL,24.2,15.8,59,268,6,1.6,,80.6,82,391,1.7,108,8,4
MUDPIT,2022-08-27,ACTUAL,15.1,5.9,54,245,8,22.4,,48.5,38,315,0.2,58,0,2
MUDPIT,2022-08-28,ACTUAL,18,8,52,57,8,0.2,,72.9,40,321,1,61,3,3
MUDPIT,2022-08-29,ACTUAL,22.2,11.6,51,215,3,0,,83,42,328,1.9,64,7,3
MUDPIT,2022-08-30,ACTUAL,25.6,14.1,49,276,3,0,,87.2,45,336,3.4,67,11,3
MUDPIT,2022-08-31,ACTUAL,27.9,15.2,46,289,5,0,,89,48,344,4.7,71,15,4
MUDPIT,2022-09-01,ACTUAL,27,11.8,39,302,5,0,,90.3,51,351,5.9,75,19,4
MUDPIT,2022-09-02,ACTUAL,28.5,13.2,39,288,5,0,,90.7,54,357,6,79,19,4
MUDPIT,2022-09-03,ACTUAL,28.4,11.4,35,325,2,0,,91.4,58,364,5.8,83,20,4
MUDPIT,2022-09-04,ACTUAL,17.7,10.7,63,160,0,0,,88.3,59,369,3.4,84,13,4
MUDPIT,2022-09-05,ACTUAL,17.7,8,53,302,7,0.8,,84.7,61,374,2.8,86,12,4
MUDPIT,2022-09-06,ACTUAL,20.3,6.6,41,264,4,0,,87.9,63,379,3.9,89,15,4
MUDPIT,2022-09-07,ACTUAL,23.8,3.1,26,283,6,0,,91.8,66,385,7.4,93,25,4
MUDPIT,2022-09-08,ACTUAL,17.2,3,39,272,7,0,,90.9,68,390,6.8,95,24,4
MUDPIT,2022-09-09,ACTUAL,18.3,3.6,38,276,6,0,,90.8,70,395,6.5,97,23,4
MUDPIT,2022-09-10,ACTUAL,20.1,3.2,33,280,4,0,,90.9,73,400,6,100,22,4
MUDPIT,2022-09-11,ACTUAL,20.1,6,40,275,3,0,,90.8,75,406,5.5,103,21,4
MUDPIT,2022-09-12,ACTUAL,17.7,10.9,64,282,1,0,,87.7,76,411,3.3,104,15,4
MUDPIT,2022-09-13,ACTUAL,17.7,11.6,67,337,4,0,,86.2,77,416,3.1,106,14,4
MUDPIT,2022-09-14,ACTUAL,14.6,13.5,93,306,1,4.2,,40.6,53,408,0,80,0,2
MUDPIT,2022-09-15,ACTUAL,15.9,12.5,80,173,3,0.4,,54.9,54,412,0.3,81,1,2
MUDPIT,2022-09-16,ACTUAL,16.5,10.7,68,257,5,0.4,,70,55,417,0.8,83,3,3
MUDPIT,2022-09-17,ACTUAL,13.3,3.7,52,243,4,1.4,,71.7,56,421,0.8,84,3,3
MUDPIT,2022-09-18,ACTUAL,14.9,4.6,50,303,5,0,,81,58,425,1.7,86,7,3
MUDPIT,2022-09-19,ACTUAL,11.3,4.8,64,328,15,0,,82.6,58,429,3.3,87,13,4
MUDPIT,2022-09-20,ACTUAL,15.4,1.8,40,280,6,0,,86.6,60,434,3.6,89,14,4
MUDPIT,2022-09-21,ACTUAL,16.3,1.8,38,276,4,0,,88.2,62,438,4,92,16,4
MUDPIT,2022-09-22,ACTUAL,16.4,6.8,53,306,4,0,,88,64,443,3.8,94,15,4
MUDPIT,2022-09-23,ACTUAL,14.8,5.9,55,304,3,0,,87.5,65,447,3.5,95,14,4
MUDPIT,2022-09-24,ACTUAL,17.9,6.7,48,284,4,0,,87.6,67,452,3.7,97,15,4
MUDPIT,2022-09-25,ACTUAL,18.5,7,47,261,4,0,,87.7,68,457,3.7,100,16,4
MUDPIT,2022-09-26,ACTUAL,20.9,9.8,49,263,3,0,,87.7,70,463,3.5,102,15,4
MUDPIT,2022-09-27,ACTUAL,21.1,10,49,270,3,0,,87.8,72,468,3.7,105,16,4
MUDPIT,2022-09-28,ACTUAL,20.2,8.2,46,243,3,0,,88,75,474,3.7,107,16,4
MUDPIT,2022-09-29,ACTUAL,18.2,9.6,57,274,3,0,,87.6,76,479,3.5,109,16,4
MUDPIT,2022-09-30,ACTUAL,19.4,10.5,56,255,4,0,,87.7,78,484,3.7,111,16,4
MUDPIT,2022-10-01,ACTUAL,19.2,10.8,58,281,4,0,,87.5,79,488,3.7,112,16,4
MUDPIT,2022-10-02,ACTUAL,20,10.7,55,271,3,0,,87.6,80,492,3.5,114,16,4
MUDPIT,2022-10-03,ACTUAL,20.2,11.2,56,303,4,0,,87.6,82,497,3.7,116,17,4
MUDPIT,2022-10-04,ACTUAL,19.5,10.3,55,281,3,0,,87.7,83,501,3.6,118,16,4
MUDPIT,2022-10-05,ACTUAL,20.3,9.6,50,270,4,0,,87.7,85,505,3.8,119,17,5
MUDPIT,2022-10-06,ACTUAL,19.9,8.6,48,275,4,0,,87.8,86,509,3.7,121,17,5
MUDPIT,2022-10-07,ACTUAL,18.1,8.4,53,275,3,0,,87.8,88,513,3.7,123,17,5
MUDPIT,2022-10-08,ACTUAL,18,9.4,57,283,3,0,,87.6,89,517,3.4,125,16,4
MUDPIT,2022-10-09,ACTUAL,17.6,8.2,54,245,2,0,,87.6,90,521,3.4,126,16,4
MUDPIT,2022-10-10,ACTUAL,14,7.8,66,175,7,0,,85.9,91,524,3.5,127,17,4
MUDPIT,2022-10-11,ACTUAL,11.5,-1.4,41,334,5,0,,87,92,527,3.6,128,17,5
MUDPIT,2022-10-12,ACTUAL,15.5,3.2,44,261,5,0,,87.5,94,531,3.8,130,18,5
MUDPIT,2022-10-13,ACTUAL,14.7,3.8,48,264,4,0,,87.5,95,534,3.8,131,18,5
MUDPIT,2022-10-14,ACTUAL,15.4,6.2,54,262,3,0,,87.5,96,538,3.4,133,17,4
MUDPIT,2022-10-15,ACTUAL,15.2,7,58,270,4,0,,87.1,97,541,3.4,134,17,4
MUDPIT,2022-10-16,ACTUAL,16.3,6.2,51,266,3,0,,87.1,98,545,3.3,136,16,4
MUDPIT,2022-10-17,ACTUAL,14.9,4.9,51,279,3,0,,87.2,100,548,3.4,137,17,4
MUDPIT,2022-10-18,ACTUAL,14.2,4.5,52,305,2,0,,87.2,101,551,3.2,138,16,4
MUDPIT,2022-10-19,ACTUAL,14.2,5.6,56,266,1,0,,87.1,102,555,3,139,15,4
MUDPIT,2022-10-20,ACTUAL,13,1.9,47,244,9,0.2,,87.1,103,558,4.4,141,21,5
MUDPIT,2022-10-21,ACTUAL,6.8,-2.9,50,241,8,0,,86.9,103,560,4.1,142,20,5
MUDPIT,2022-10-22,ACTUAL,8.1,-2,49,215,4,0,,87,104,562,3.5,142,17,5
MUDPIT,2022-10-23,ACTUAL,4.1,-2.7,61,186,1,0,,85.8,104,563,2.5,143,13,4
MUDPIT,2022-10-24,ACTUAL,3,2,93,5,2,11,,22.8,52,506,0,83,0,2
MUDPIT,2022-10-25,ACTUAL,4.3,2.1,86,275,2,1.6,,25.8,51,507,0,81,0,2
MUDPIT,2022-10-26,ACTUAL,5.8,1.2,72,270,3,6.8,,23.9,30,479,0,52,0,2
MUDPIT,2022-10-27,ACTUAL,6.6,-0.1,62,144,11,0,,48.3,30,481,0.2,53,0,2
MUDPIT,2022-10-28,ACTUAL,10.9,-0.3,46,237,8,0.2,,69.8,31,484,0.9,54,3,3
MUDPIT,2022-10-29,ACTUAL,9.1,-1.7,47,224,6,0,,79,32,486,1.4,55,5,3
MUDPIT,2022-10-30,ACTUAL,8.9,1.1,58,170,9,0.4,,82,33,489,2.2,56,7,3
MUDPIT,2022-10-31,ACTUAL,6.4,3.2,80,310,3,0.2,,81.6,33,490,1.5,57,5,3
PASKA LAKE,2022-05-01,ACTUAL,8.4,-2,48,172,14,0.2,,,,,,,,
PASKA LAKE,2022-05-02,ACTUAL,5.9,3.2,83,356,9,0.8,,,,,,,,
PASKA LAKE,2022-05-03,ACTUAL,10.1,-0.5,48,201,15,0.4,,,,,,,,
PASKA LAKE,2022-05-04,ACTUAL,5.1,-2.2,59,200,10,0,,,,,,,,
PASKA LAKE,2022-05-05,ACTUAL,5.7,2.9,82,222,13,0,,,,,,,,
PASKA LAKE,2022-05-06,ACTUAL,7.2,-7.4,35,208,12,2,,,,,,,,
PASKA LAKE,2022-05-07,ACTUAL,3.5,-2.8,63,217,16,0.2,,,,,,,,
PASKA LAKE,2022-05-08,ACTUAL,1.4,-2.3,76,306,8,4.2,,,,,,,,
PASKA LAKE,2022-05-09,ACTUAL,3.2,-3.6,61,225,12,2.4,,,,,,,,
PASKA LAKE,2022-05-10,ACTUAL,4,-5.3,51,226,13,0,,,,,,,,
PASKA LAKE,2022-05-11,ACTUAL,5.8,-7.9,37,186,22,0,,,,,,,,
PASKA LAKE,2022-05-12,ACTUAL,5.4,-6.6,42,146,15,0,,,,,,,,
PASKA LAKE,2022-05-13,ACTUAL,2.7,-7,49,214,13,2,,,,,,,,
PASKA LAKE,2022-05-14,ACTUAL,7.5,-1.5,53,206,15,0,,,,,,,,
PASKA LAKE,2022-05-15,ACTUAL,9.2,1.9,60,168,20,0,,,,,,,,
PASKA LAKE,2022-05-16,ACTUAL,8.9,-0.4,52,206,23,1.8,,,,,,,,
PASKA LAKE,2022-05-17,ACTUAL,3.9,-8,42,227,9,0,,,,,,,,
PASKA LAKE,2022-05-18,ACTUAL,5.6,-3.2,53,213,31,0.4,,,,,,,,
PASKA LAKE,2022-05-19,ACTUAL,1.7,-0.4,86,321,16,2.4,,,,,,,,
PASKA LAKE,2022-05-20,ACTUAL,5.9,-4.3,48,352,22,0,,,,,,,,
PASKA LAKE,2022-05-21,ACTUAL,7.4,-3.2,47,29,8,2.4,,,,,,,,
PASKA LAKE,2022-05-22,ACTUAL,12.2,-7.9,24,250,9,0,,,,,,,,
PASKA LAKE,2022-05-23,ACTUAL,6.4,0.3,65,242,11,0,,,,,,,,
PASKA LAKE,2022-05-24,ACTUAL,9.3,-1.2,48,194,13,3.4,,,,,,,,
PASKA LAKE,2022-05-25,ACTUAL,10.6,-1.2,44,218,23,0,,,,,,,,
PASKA LAKE,2022-05-26,ACTUAL,13.7,-6.1,25,192,14,0,,,,,,,,
PASKA LAKE,2022-05-27,ACTUAL,9.4,-0.8,49,209,26,0.2,,85,6,232,7.6,11,9,
PASKA LAKE,2022-05-28,ACTUAL,7.5,-2.9,48,313,6,0,,85.4,7,235,3,13,4,1
PASKA LAKE,2022-05-29,ACTUAL,9.6,-0.3,50,352,8,0,,85.6,9,240,3.5,16,5,1
PASKA LAKE,2022-05-30,ACTUAL,10.9,2.5,56,356,11,1.6,,75.6,9,244,1.4,17,1,1
PASKA LAKE,2022-05-31,ACTUAL,9.2,7,86,87,5,0.2,,76.5,10,248,1.1,18,1,1
PASKA LAKE,2022-06-01,ACTUAL,11.5,5.6,67,355,11,15.8,,42.5,5,212,0.1,10,0,1
PASKA LAKE,2022-06-02,ACTUAL,13.8,7.4,65,149,11,2,,56.9,5,218,0.6,10,0,1
PASKA LAKE,2022-06-03,ACTUAL,13.4,7,65,127,14,3.8,,55.7,4,218,0.6,8,0,1
PASKA LAKE,2022-06-04,ACTUAL,13,4.5,56,169,11,6.2,,51.4,3,211,0.3,7,0,1
PASKA LAKE,2022-06-05,ACTUAL,9.7,7.5,86,211,14,4.8,,36.5,2,207,0,3,0,1
PASKA LAKE,2022-06-06,ACTUAL,10,1.7,56,270,10,0,,60.9,3,212,0.7,6,0,1
PASKA LAKE,2022-06-07,ACTUAL,13.3,3.9,53,139,11,1.4,,70.7,5,218,1.1,9,1,1
PASKA LAKE,2022-06-08,ACTUAL,11.7,1.6,50,226,21,0.2,,81.3,7,223,3.8,12,5,1
PASKA LAKE,2022-06-09,ACTUAL,10.1,0.1,50,162,16,0,,84.3,8,228,4.2,15,6,2
PASKA LAKE,2022-06-10,ACTUAL,14.1,2,44,208,20,1.8,,79.2,9,234,2.9,17,4,1
PASKA LAKE,2022-06-11,ACTUAL,14.2,2.4,45,227,15,0,,85.1,11,240,4.6,20,7,2
PASKA LAKE,2022-06-12,ACTUAL,10.2,1.3,54,232,11,0,,85.1,13,246,3.7,22,6,2
PASKA LAKE,2022-06-13,ACTUAL,8,3.7,74,315,17,0.4,,83.5,13,250,4.1,23,7,2
PASKA LAKE,2022-06-14,ACTUAL,9,3.7,69,333,20,20.4,,42.8,6,202,0.2,12,0,1
PASKA LAKE,2022-06-15,ACTUAL,14.9,2.4,43,108,6,0,,69.8,9,208,0.9,16,1,1
PASKA LAKE,2022-06-16,ACTUAL,10,5.2,72,236,13,2,,63.5,8,213,0.9,15,1,1
PASKA LAKE,2022-06-17,ACTUAL,10.8,3.2,59,119,8,0,,75,9,218,1.2,17,1,1
PASKA LAKE,2022-06-18,ACTUAL,12,3,54,244,10,0,,81.5,11,224,2.2,19,3,1
PASKA LAKE,2022-06-19,ACTUAL,10.8,7.1,78,308,10,0.4,,81.5,12,229,2.2,21,4,1
PASKA LAKE,2022-06-20,ACTUAL,15.4,3.8,46,292,11,5,,64.7,9,225,0.9,17,1,1
PASKA LAKE,2022-06-21,ACTUAL,13.3,6.2,62,207,15,0,,77,11,231,1.9,19,3,1
PASKA LAKE,2022-06-22,ACTUAL,14.4,4.4,51,205,20,2.2,,74.3,10,237,2.1,19,3,1
PASKA LAKE,2022-06-23,ACTUAL,10.2,-2.9,40,301,11,2,,72.2,11,242,1.2,19,1,1
PASKA LAKE,2022-06-24,ACTUAL,13.6,3.9,52,357,12,1,,77.9,12,248,1.7,22,3,1
PASKA LAKE,2022-06-25,ACTUAL,18.1,1.9,34,28,5,0,,86.6,16,255,3.5,27,7,2
PASKA LAKE,2022-06-26,ACTUAL,21.1,3.2,31,98,8,0,,90.2,20,262,6.7,33,13,2
PASKA LAKE,2022-06-27,ACTUAL,25.1,3.1,24,182,12,0,,92.9,25,270,11.7,41,22,2
PASKA LAKE,2022-06-28,ACTUAL,19.6,4.4,37,246,20,0,,91.6,28,277,15,45,28,3
PASKA LAKE,2022-06-29,ACTUAL,9.8,7.9,88,218,10,6.2,,40.9,17,267,0.1,29,0,1
PASKA LAKE,2022-06-30,ACTUAL,14.2,6.6,60,109,3,0.8,,59.7,19,273,0.5,32,1,1
PASKA LAKE,2022-07-01,ACTUAL,18.5,6,44,259,10,0,,80.1,21,280,1.9,36,4,1
PASKA LAKE,2022-07-02,ACTUAL,20.8,6.6,40,254,8,0,,87.2,24,288,4.4,40,11,2
PASKA LAKE,2022-07-03,ACTUAL,10.5,9.7,95,44,5,5.2,,35.5,15,281,0,27,0,1
PASKA LAKE,2022-07-04,ACTUAL,13.6,7.2,65,216,13,10.2,,41.4,9,260,0.1,16,0,1
PASKA LAKE,2022-07-05,ACTUAL,14.5,5.1,53,183,9,0,,67.5,10,266,0.9,19,1,1
PASKA LAKE,2022-07-06,ACTUAL,15.3,10.1,71,177,9,0.4,,76.2,11,272,1.3,21,2,1
PASKA LAKE,2022-07-07,ACTUAL,13.1,8.8,75,212,10,2.4,,62.7,10,278,0.8,18,1,1
PASKA LAKE,2022-07-08,ACTUAL,16.6,5.2,47,199,15,0,,80.4,12,285,2.5,22,4,1
PASKA LAKE,2022-07-09,ACTUAL,14.7,6.1,56,296,7,0,,83.6,14,292,2.4,24,5,1
PASKA LAKE,2022-07-10,ACTUAL,17.2,4.8,44,220,17,0,,87,16,298,6.5,28,12,2
PASKA LAKE,2022-07-11,ACTUAL,22.8,3.7,29,223,13,0,,91.1,20,306,9.4,34,18,2
PASKA LAKE,2022-07-12,ACTUAL,23.7,1.3,23,197,25,0,,93.1,24,314,23.1,41,36,3
PASKA LAKE,2022-07-13,ACTUAL,18.5,3,36,229,9,0,,91.8,27,321,8.5,45,19,2
PASKA LAKE,2022-07-14,ACTUAL,20.6,2.3,30,238,11,0,,91.9,31,329,9.9,50,22,2
PASKA LAKE,2022-07-15,ACTUAL,21.3,2.9,30,233,13,0,,91.9,35,336,11.1,55,25,3
PASKA LAKE,2022-07-16,ACTUAL,16.2,6.9,54,204,16,0.2,,88.6,37,343,7.9,58,20,3
PASKA LAKE,2022-07-17,ACTUAL,14.4,7.5,63,319,7,0,,86.7,38,349,3.8,60,12,2
PASKA LAKE,2022-07-18,ACTUAL,19.6,5.9,41,288,15,3.4,,76.3,31,349,1.7,51,5,2
PASKA LAKE,2022-07-19,ACTUAL,19.7,6.7,43,192,11,0,,85.7,34,356,4,55,12,2
PASKA LAKE,2022-07-20,ACTUAL,22.3,7.6,39,229,11,0,,89,37,364,6.6,60,18,3
PASKA LAKE,2022-07-21,ACTUAL,23.7,5.9,32,261,11,0,,91,41,372,8.5,65,23,3
PASKA LAKE,2022-07-22,ACTUAL,22.9,5.7,33,282,8,0,,91,45,380,7.3,70,21,3
PASKA LAKE,2022-07-23,ACTUAL,22.8,4.2,30,345,9,0,,91.5,49,388,8.3,75,24,3
PASKA LAKE,2022-07-24,ACTUAL,23.4,5.2,31,307,10,0,,91.6,53,395,8.9,80,26,3
PASKA LAKE,2022-07-25,ACTUAL,22.8,8.4,40,359,12,0,,91.3,56,403,9.3,84,27,3
PASKA LAKE,2022-07-26,ACTUAL,23.1,9.1,41,331,10,0,,91.1,60,411,8.3,88,26,3
PASKA LAKE,2022-07-27,ACTUAL,28.7,9.3,30,250,10,0,,92.5,65,420,9.8,93,30,4
PASKA LAKE,2022-07-28,ACTUAL,29.9,11.3,32,160,10,0,,92.5,70,429,9.9,99,31,4
PASKA LAKE,2022-07-29,ACTUAL,28.8,6.8,25,222,10,0,,93.6,75,438,11.8,105,36,4
PASKA LAKE,2022-07-30,ACTUAL,26.8,10,35,180,10,0,,93,79,447,10.8,110,35,4
PASKA LAKE,2022-07-31,ACTUAL,28.3,5.2,23,216,11,0,,93.9,85,455,13,115,40,4
PASKA LAKE,2022-08-01,ACTUAL,21.5,7.6,41,230,14,0,,91.5,87,462,10.9,119,36,4
PASKA LAKE,2022-08-02,ACTUAL,21.1,6.5,39,257,13,0,,91.2,90,469,9.7,122,34,4
PASKA LAKE,2022-08-03,ACTUAL,15.1,4.1,48,211,19,0,,89.2,92,475,9.8,124,34,4
PASKA LAKE,2022-08-04,ACTUAL,6,5.1,94,357,16,1.2,,73.2,92,479,1.5,124,9,3
PASKA LAKE,2022-08-05,ACTUAL,11.6,3.7,58,45,10,3.4,,60.8,67,474,0.7,99,3,2
PASKA LAKE,2022-08-06,ACTUAL,18.6,2.7,35,136,6,0,,81.3,70,480,1.8,103,9,3
PASKA LAKE,2022-08-07,ACTUAL,25.2,5.3,28,189,13,0,,91,74,488,9.5,107,31,4
PASKA LAKE,2022-08-08,ACTUAL,24.4,6.1,31,189,11,0,,91.6,78,495,9.1,112,31,4
PASKA LAKE,2022-08-09,ACTUAL,27.8,2.8,20,190,11,0,,94.3,82,503,13.6,117,41,4
PASKA LAKE,2022-08-10,ACTUAL,23.2,7.2,36,174,11,0,,92.6,86,510,10.6,121,35,4
PASKA LAKE,2022-08-11,ACTUAL,24.9,5.6,29,90,11,0.8,,91.1,89,518,8.7,125,31,4
PASKA LAKE,2022-08-12,ACTUAL,23.7,-0.6,20,217,11,1.2,,90.9,94,525,8.4,129,31,4
PASKA LAKE,2022-08-13,ACTUAL,16.5,5.4,48,212,17,5,,68.9,61,511,1.4,94,7,3
PASKA LAKE,2022-08-14,ACTUAL,18.4,4.1,39,246,9,0,,83.8,64,517,2.8,97,12,3
PASKA LAKE,2022-08-15,ACTUAL,22.4,7.3,38,194,10,0,,88.8,67,524,6,101,22,3
PASKA LAKE,2022-08-16,ACTUAL,23.5,6.2,33,189,7,0,,90.7,70,531,6.7,105,25,3
PASKA LAKE,2022-08-17,ACTUAL,25.7,6.2,29,96,8,0,,92.1,74,539,8.5,110,29,4
PASKA LAKE,2022-08-18,ACTUAL,28.4,6.4,25,239,7,0,,93.4,78,547,9.8,115,33,4
PASKA LAKE,2022-08-19,ACTUAL,23.6,9.5,41,216,17,0,,91.6,81,554,12.5,119,39,4
PASKA LAKE,2022-08-20,ACTUAL,23.9,10.5,43,1,7,0,,91,84,561,7.1,123,27,3
PASKA LAKE,2022-08-21,ACTUAL,24.6,10.8,42,179,11,0,,91.1,87,569,8.8,126,32,4
PASKA LAKE,2022-08-22,ACTUAL,21.6,4.1,32,261,9,0,,91.1,91,576,8,130,30,4
PASKA LAKE,2022-08-23,ACTUAL,21.7,8.5,43,352,14,0.2,,90.6,93,583,9.5,133,34,4
PASKA LAKE,2022-08-24,ACTUAL,23.6,7.6,36,72,9,0,,90.6,97,590,7.5,137,29,4
PASKA LAKE,2022-08-25,ACTUAL,25.1,7.2,32,69,6,0,,91.4,100,597,7.2,141,29,4
PASKA LAKE,2022-08-26,ACTUAL,22.7,9.4,43,218,12,0,,90.8,103,605,8.8,145,33,4
PASKA LAKE,2022-08-27,ACTUAL,13.5,2.1,46,318,17,1.4,,82,105,610,3.3,147,17,3
PASKA LAKE,2022-08-28,ACTUAL,17,4.3,43,192,13,0,,86.6,107,616,5,149,23,4
PASKA LAKE,2022-08-29,ACTUAL,22.5,8.9,42,224,12,0,,88.8,110,623,6.4,152,27,4
PASKA LAKE,2022-08-30,ACTUAL,27,7.4,29,176,12,0,,92.1,114,631,10.4,157,38,4
PASKA LAKE,2022-08-31,ACTUAL,29.2,2.4,18,198,16,0,,95.1,119,639,19.4,162,57,5
PASKA LAKE,2022-09-01,ACTUAL,24.8,5.5,29,326,7,0,,94.1,122,645,11,166,40,4
PASKA LAKE,2022-09-02,ACTUAL,28.3,-1.8,14,192,16,0,,96,127,652,22,171,62,5
PASKA LAKE,2022-09-03,ACTUAL,24.7,2.7,24,181,10,0,,95.1,130,658,14.2,174,48,5
PASKA LAKE,2022-09-04,ACTUAL,14.8,6.7,58,212,13,0,,88.9,131,663,6.9,176,30,4
PASKA LAKE,2022-09-05,ACTUAL,15.4,-2.7,29,278,12,0,,90.2,133,667,7.9,178,33,4
PASKA LAKE,2022-09-06,ACTUAL,20.6,-8.9,13,229,21,0,,94.7,137,673,23.2,181,65,5
PASKA LAKE,2022-09-07,ACTUAL,20.2,-2.3,22,259,10,0,,94.4,140,678,13.1,184,46,4
PASKA LAKE,2022-09-08,ACTUAL,12.3,0.3,44,346,18,0,,90.5,141,682,11.2,186,41,4
PASKA LAKE,2022-09-09,ACTUAL,15.2,-1.5,32,45,9,0,,90.5,143,686,7.3,188,31,4
PASKA LAKE,2022-09-10,ACTUAL,21.2,-2,21,139,9,0,,92.8,146,692,10,191,39,4
PASKA LAKE,2022-09-11,ACTUAL,22.5,-0.3,22,229,15,0,,93.3,149,698,14.4,195,49,5
PASKA LAKE,2022-09-12,ACTUAL,19.9,5.4,39,239,12,0,,91.5,152,703,9.8,197,38,4
PASKA LAKE,2022-09-13,ACTUAL,16.4,8.9,61,151,7,2,,74.8,119,708,1.1,168,7,3
PASKA LAKE,2022-09-14,ACTUAL,10,8.9,93,230,5,10.8,,23.3,58,631,0,95,0,2
PASKA LAKE,2022-09-15,ACTUAL,14.5,7.1,61,317,8,0,,53.4,59,635,0.4,96,1,2
PASKA LAKE,2022-09-16,ACTUAL,9.3,3.5,67,210,18,0,,69.6,60,639,1.6,97,7,3
PASKA LAKE,2022-09-17,ACTUAL,7.4,-0.1,59,47,13,3.8,,55.9,44,624,0.6,75,2,2
PASKA LAKE,2022-09-18,ACTUAL,12.4,0.4,44,182,9,0,,75.2,45,628,1.2,77,5,2
PASKA LAKE,2022-09-19,ACTUAL,10.2,0.5,51,333,17,0,,82.1,46,631,3.4,78,13,2
PASKA LAKE,2022-09-20,ACTUAL,12.4,-3.2,34,38,12,0,,87,48,635,5.1,81,18,3
PASKA LAKE,2022-09-21,ACTUAL,16.4,-1.3,30,146,7,0,,89.6,50,640,5.8,84,20,3
PASKA LAKE,2022-09-22,ACTUAL,18.1,-3.4,23,257,12,0,,91.8,53,645,10.2,87,30,3
PASKA LAKE,2022-09-23,ACTUAL,10,5.4,73,229,17,0,,85.6,53,648,5.3,88,19,3
PASKA LAKE,2022-09-24,ACTUAL,14.8,4.5,50,180,13,0,,86.3,55,653,4.8,90,18,3
PASKA LAKE,2022-09-25,ACTUAL,21,6.1,38,205,9,0,,89,57,658,5.7,94,21,3
PASKA LAKE,2022-09-26,ACTUAL,22.2,5.1,33,162,8,0,,90.6,60,664,7,98,24,3
PASKA LAKE,2022-09-27,ACTUAL,24.1,1.6,23,180,13,0,,93,63,670,12.3,102,37,4
PASKA LAKE,2022-09-28,ACTUAL,20.3,2,30,213,9,0,,92.8,66,675,10.1,106,33,4
PASKA LAKE,2022-09-29,ACTUAL,15.1,6.7,57,346,15,0,,88.4,67,680,7.2,108,26,3
PASKA LAKE,2022-09-30,ACTUAL,17.7,4.9,43,352,14,0,,88.4,69,684,6.9,110,26,3
PASKA LAKE,2022-10-01,ACTUAL,20.1,5.2,38,158,13,0,,89.4,71,689,7.7,113,28,3
PASKA LAKE,2022-10-02,ACTUAL,21.3,5.5,36,264,10,0,,90,73,693,6.9,116,26,3
PASKA LAKE,2022-10-03,ACTUAL,21.9,3,29,229,9,0,,91.4,76,698,8.3,119,30,4
PASKA LAKE,2022-10-04,ACTUAL,21.5,0.6,25,191,16,0,,92.3,78,703,13.4,122,42,4
PASKA LAKE,2022-10-05,ACTUAL,19.9,2.6,32,244,11,0,,92.2,80,707,10.2,125,35,4
PASKA LAKE,2022-10-06,ACTUAL,19.6,4.4,37,156,7,0,,91.5,82,711,7.7,128,29,4
PASKA LAKE,2022-10-07,ACTUAL,18.5,3,36,178,9,0,,91.3,84,715,8,130,30,4
PASKA LAKE,2022-10-08,ACTUAL,19.3,2.5,33,343,11,0,,91.4,86,719,8.9,133,33,4
PASKA LAKE,2022-10-09,ACTUAL,18.9,0.4,29,336,9,0,,91.4,89,723,8.4,136,32,4
PASKA LAKE,2022-10-10,ACTUAL,18,1.4,33,251,22,0,,91.5,91,727,15.9,138,48,5
PASKA LAKE,2022-10-11,ACTUAL,14.2,-1.6,34,303,8,0,,91.1,92,731,7.5,140,30,4
PASKA LAKE,2022-10-12,ACTUAL,15.5,-1.7,31,339,11,0,,91.1,94,734,8.8,142,33,4
PASKA LAKE,2022-10-13,ACTUAL,19.8,1.1,29,229,8,0,,91.3,96,738,7.8,145,31,4
PASKA LAKE,2022-10-14,ACTUAL,16.6,0.5,34,12,17,0,,91.3,98,742,12.3,147,42,4
PASKA LAKE,2022-10-15,ACTUAL,17.6,1,33,182,8,0,,91.3,100,746,7.6,149,31,4
PASKA LAKE,2022-10-16,ACTUAL,19,-3.3,22,160,14,0,,92.5,102,750,12.3,152,42,4
PASKA LAKE,2022-10-17,ACTUAL,20.1,-3,21,212,10,0,,93,105,754,11.2,155,40,4
PASKA LAKE,2022-10-18,ACTUAL,20.1,-5,18,216,15,0,,93.8,107,759,15.5,158,49,5
PASKA LAKE,2022-10-19,ACTUAL,18.5,-1.5,26,231,10,0,,93.4,109,763,11.6,161,41,4
PASKA LAKE,2022-10-20,ACTUAL,4.8,-2.3,60,351,9,0,,88.3,110,764,5.3,162,24,4
PASKA LAKE,2022-10-21,ACTUAL,0,-2.1,86,345,7,0,,82.8,110,765,2.3,162,13,3
PASKA LAKE,2022-10-22,ACTUAL,2,-1.6,77,330,15,1.2,,72.8,110,766,1.5,162,9,3
PASKA LAKE,2022-10-23,ACTUAL,2.7,-6.5,51,193,11,1.2,,72,110,767,1.1,162,7,3
PASKA LAKE,2022-10-24,ACTUAL,5.9,-3,53,236,15,0,,79.2,111,769,2.2,163,13,3
PASKA LAKE,2022-10-25,ACTUAL,2.5,-5.4,56,216,15,0,,81.6,111,770,2.9,163,16,3
PASKA LAKE,2022-10-26,ACTUAL,0.7,-1.5,85,211,12,1.8,,62.7,98,771,0.9,149,6,3
PASKA LAKE,2022-10-27,ACTUAL,6.9,-0.5,59,206,27,0.2,,75.6,99,773,3.1,150,16,3
PASKA LAKE,2022-10-28,ACTUAL,4.8,-4.2,52,230,17,0,,80.8,99,774,2.9,150,15,3
PASKA LAKE,2022-10-29,ACTUAL,2.7,-2,71,182,17,0,,81,100,776,3,151,16,3
PASKA LAKE,2022-10-30,ACTUAL,6.8,-0.6,59,219,15,0,,82.6,100,778,3.3,151,17,3
PASKA LAKE,2022-10-31,ACTUAL,6.5,-0.7,60,219,25,0,,83.2,100,779,5.7,152,25,4
SPARKS LAKE,2022-05-01,ACTUAL,14,-0.6,37,158,14,0,60,88.3,40,316,7,61,19,3
SPARKS LAKE,2022-05-02,ACTUAL,11.6,3.9,59,228,8,0,60,86.8,41,321,4.1,63,13,2
SPARKS LAKE,2022-05-03,ACTUAL,16.1,-0.3,33,207,11,1.4,60,83.7,45,326,3.2,66,11,2
SPARKS LAKE,2022-05-04,ACTUAL,8.8,-0.8,51,168,11,0,60,84.8,46,330,3.6,68,12,2
SPARKS LAKE,2022-05-05,ACTUAL,11.3,3.6,59,162,11,0,60,84.8,47,334,3.5,70,12,2
SPARKS LAKE,2022-05-06,ACTUAL,9.7,-2,44,203,6,2,60,72.8,44,338,0.9,67,3,2
SPARKS LAKE,2022-05-07,ACTUAL,5.5,0.9,72,323,9,0.4,60,76.6,45,342,1.4,67,5,2
SPARKS LAKE,2022-05-08,ACTUAL,7.8,-3.5,45,277,6,3.2,60,61.5,36,339,0.6,57,1,2
SPARKS LAKE,2022-05-09,ACTUAL,8.3,-4,42,347,6,1.2,60,69.8,37,343,0.8,59,3,2
SPARKS LAKE,2022-05-10,ACTUAL,8.2,-1.9,49,166,7,1.6,60,69.3,37,347,0.9,58,3,2
SPARKS LAKE,2022-05-11,ACTUAL,9.5,-3.9,39,159,14,0,60,81.2,39,351,2.6,61,9,2
SPARKS LAKE,2022-05-12,ACTUAL,10.8,-3.8,36,150,15,0,60,86.2,41,355,5.3,63,16,2
SPARKS LAKE,2022-05-13,ACTUAL,7.6,-3.1,47,148,9,1.6,60,75.8,40,359,1.3,63,4,2
SPARKS LAKE,2022-05-14,ACTUAL,11.3,-0.9,43,159,16,0,60,83.6,42,364,4,65,13,2
SPARKS LAKE,2022-05-15,ACTUAL,10.9,5.1,67,164,12,0.6,60,82.3,43,368,2.8,67,10,2
SPARKS LAKE,2022-05-16,ACTUAL,16.6,0.5,34,185,17,1,60,85.6,46,373,5.5,71,17,3
SPARKS LAKE,2022-05-17,ACTUAL,9.9,-6.6,31,197,10,0,60,88.1,48,378,5.5,73,18,3
SPARKS LAKE,2022-05-18,ACTUAL,10.5,-4.5,35,215,14,0.2,60,88.4,50,382,7,76,21,3
SPARKS LAKE,2022-05-19,ACTUAL,7.1,1.2,66,316,14,0.6,60,84.7,51,386,4.1,77,14,2
SPARKS LAKE,2022-05-20,ACTUAL,11.1,-2.1,40,351,11,0.4,60,86.8,53,390,4.7,79,16,2
SPARKS LAKE,2022-05-21,ACTUAL,12.3,-3.7,33,232,6,4,60,66.7,40,384,0.8,64,3,2
SPARKS LAKE,2022-05-22,ACTUAL,17.3,-4.7,22,227,11,0,60,86.2,44,390,4.2,69,14,2
SPARKS LAKE,2022-05-23,ACTUAL,10.6,1.7,54,4,7,0,60,86.2,45,394,3.5,70,12,2
SPARKS LAKE,2022-05-24,ACTUAL,14,1.2,42,159,13,2.6,60,74.3,40,399,1.4,64,5,2
SPARKS LAKE,2022-05-25,ACTUAL,16.3,1.5,37,183,13,0,60,85.4,43,404,4.4,68,14,2
SPARKS LAKE,2022-05-26,ACTUAL,17.9,-2,26,170,12,0,60,90.4,47,410,8.4,72,24,3
SPARKS LAKE,2022-05-27,ACTUAL,15.4,-2.2,30,221,13,2.6,60,78.8,42,415,1.9,67,7,2
SPARKS LAKE,2022-05-28,ACTUAL,12.8,-3.2,33,233,6,0,60,85.7,44,420,3.1,70,11,2
SPARKS LAKE,2022-05-29,ACTUAL,13.7,0.6,41,321,11,0,60,87.3,46,425,5,73,16,2
SPARKS LAKE,2022-05-30,ACTUAL,14.3,3.7,49,178,11,0,60,87.4,48,430,5.2,76,17,3
SPARKS LAKE,2022-05-31,ACTUAL,15.7,5.9,52,171,10,0,60,87.4,51,435,4.8,78,17,2
SPARKS LAKE,2022-06-01,ACTUAL,17.3,10.3,63,263,9,5.8,60,59.2,33,421,0.6,56,1,2
SPARKS LAKE,2022-06-02,ACTUAL,18.5,7,47,170,10,0.2,60,79.3,36,428,1.8,60,6,2
SPARKS LAKE,2022-06-03,ACTUAL,16,11,72,159,14,2.6,60,66.3,31,434,1.1,53,3,2
SPARKS LAKE,2022-06-04,ACTUAL,17.8,6.6,48,171,9,12,60,55.8,17,393,0.5,30,1,1
SPARKS LAKE,2022-06-05,ACTUAL,13.9,9.2,73,148,12,1.2,60,65.1,18,399,1,32,2,1
SPARKS LAKE,2022-06-06,ACTUAL,16.6,5.8,49,213,9,0,60,79.8,20,405,1.7,36,4,1
SPARKS LAKE,2022-06-07,ACTUAL,18,4.5,41,113,9,0,60,86.4,23,412,4,40,10,2
SPARKS LAKE,2022-06-08,ACTUAL,18.2,4.3,40,189,14,1.6,60,82.5,25,419,3.1,43,8,2
SPARKS LAKE,2022-06-09,ACTUAL,11.6,7.2,74,168,12,0,60,82.6,26,424,2.8,45,8,2
SPARKS LAKE,2022-06-10,ACTUAL,19.2,2.8,34,168,16,5.8,60,72.7,19,411,1.5,34,3,1
SPARKS LAKE,2022-06-11,ACTUAL,18.2,2.4,35,250,10,0,60,85.6,22,418,3.9,39,9,2
SPARKS LAKE,2022-06-12,ACTUAL,16.1,3.8,44,32,9,0,60,87.2,25,424,4.5,43,11,2
SPARKS LAKE,2022-06-13,ACTUAL,12.2,4,57,287,10,1.6,60,76.3,25,430,1.4,44,4,1
SPARKS LAKE,2022-06-14,ACTUAL,15.8,3.8,45,328,15,2.4,60,74.4,24,436,1.6,42,4,1
SPARKS LAKE,2022-06-15,ACTUAL,20,4,35,252,8,0,60,86.4,27,443,3.8,47,10,2
SPARKS LAKE,2022-06-16,ACTUAL,13.6,8.1,69,154,7,5,60,54.4,19,432,0.4,33,0,1
SPARKS LAKE,2022-06-17,ACTUAL,15.2,6.8,57,154,6,0,60,72.4,20,438,0.9,36,2,1
SPARKS LAKE,2022-06-18,ACTUAL,14.2,6.4,59,344,14,0,60,80.7,22,444,2.5,39,6,2
SPARKS LAKE,2022-06-19,ACTUAL,15.1,9.1,67,270,6,5.6,60,53.1,15,431,0.3,27,0,1
SPARKS LAKE,2022-06-20,ACTUAL,19.4,4.2,37,344,10,2.2,60,73.1,16,438,1.2,29,2,1
SPARKS LAKE,2022-06-21,ACTUAL,17,8.5,57,225,10,0,60,81.6,18,444,2.2,32,5,1
SPARKS LAKE,2022-06-22,ACTUAL,20.4,4.3,35,235,12,3.6,60,76.3,16,441,1.5,29,3,1
SPARKS LAKE,2022-06-23,ACTUAL,12.7,-0.7,40,320,14,0,60,84.5,18,447,4,33,9,2
SPARKS LAKE,2022-06-24,ACTUAL,16.5,5.4,48,348,13,0,60,86.5,21,453,4.9,37,11,2
SPARKS LAKE,2022-06-25,ACTUAL,21.4,2,28,123,6,0,60,90.7,25,460,6.4,44,15,2
SPARKS LAKE,2022-06-26,ACTUAL,26,2.6,22,186,11,0,60,93.5,30,468,12.3,52,26,3
SPARKS LAKE,2022-06-27,ACTUAL,28.7,4.2,21,152,12,0,60,94.5,37,477,15,61,33,3
SPARKS LAKE,2022-06-28,ACTUAL,21,14,64,164,8,2,60,77.2,35,484,1.3,59,5,2
SPARKS LAKE,2022-06-29,ACTUAL,12.3,9.3,82,173,6,2.8,60,55,29,483,0.4,50,1,1
SPARKS LAKE,2022-06-30,ACTUAL,17.6,8.5,55,247,5,0.8,60,72.1,31,490,0.9,53,3,2
SPARKS LAKE,2022-07-01,ACTUAL,23.9,5.6,31,200,12,0,60,88.4,35,498,6.1,60,17,3
SPARKS LAKE,2022-07-02,ACTUAL,24.8,8.6,36,313,9,0.4,60,90.4,39,506,7.1,65,20,3
SPARKS LAKE,2022-07-03,ACTUAL,13.8,11.5,86,120,8,1.4,60,73.4,39,512,1.1,66,4,2
SPARKS LAKE,2022-07-04,ACTUAL,18.8,9.1,53,172,12,18.8,60,55.9,18,429,0.6,33,1,1
SPARKS LAKE,2022-07-05,ACTUAL,15.4,9.2,66,170,6,8.8,60,43.3,11,402,0.1,20,0,1
SPARKS LAKE,2022-07-06,ACTUAL,16.1,12.7,80,244,7,0.4,60,59.2,11,408,0.5,21,1,1
SPARKS LAKE,2022-07-07,ACTUAL,16.6,11.4,71,234,11,0.4,60,73.1,13,415,1.2,23,2,1
SPARKS LAKE,2022-07-08,ACTUAL,20.9,7.8,43,196,11,1.4,60,81,15,423,2.2,28,4,1
SPARKS LAKE,2022-07-09,ACTUAL,20.1,4.1,35,224,9,0,60,88.2,19,430,5.2,34,11,2
SPARKS LAKE,2022-07-10,MANUAL,21.4,5.6,36,266,10,0,40,89.8,22,437,6.9,39,15,2
SPARKS LAKE,2022-07-11,ACTUAL,24.8,9,37,184,11,0,40,90.4,26,446,8,45,18,2
SPARKS LAKE,2022-07-12,ACTUAL,28.6,0.3,16,223,19,0,40,95.4,32,454,23.8,54,41,3
SPARKS LAKE,2022-07-13,ACTUAL,22.3,3.8,30,4,9,0,40,93.7,36,462,11.1,60,26,3
SPARKS LAKE,2022-07-14,ACTUAL,22.4,6.5,36,197,10,0,40,92.3,39,470,10,65,25,3
SPARKS LAKE,2022-07-15,ACTUAL,25.5,5.1,27,166,13,0,60,92.7,44,478,11.7,71,30,3
SPARKS LAKE,2022-07-16,ACTUAL,22.4,6.5,36,169,13,0,60,92,47,486,11,76,29,3
SPARKS LAKE,2022-07-17,ACTUAL,19.6,8.9,50,345,9,0,60,89.7,50,493,6.5,79,21,3
SPARKS LAKE,2022-07-18,ACTUAL,24.4,7,33,309,13,2.2,60,85.2,47,501,4.2,77,15,2
SPARKS LAKE,2022-07-19,ACTUAL,23.6,8.8,39,198,9,0,60,89.1,51,509,5.9,82,20,3
SPARKS LAKE,2022-07-20,ACTUAL,26.9,7.3,29,195,12,0,60,92.1,56,518,10.4,88,30,3
SPARKS LAKE,2022-07-21,ACTUAL,27.7,8,29,257,9,0,60,92.6,60,526,9.9,94,30,4
SPARKS LAKE,2022-07-22,ACTUAL,26.6,6,27,317,9,0,60,92.9,65,535,10.3,100,32,4
SPARKS LAKE,2022-07-23,ACTUAL,26.7,5.5,26,319,10,0,60,93.1,70,543,11,106,34,4
SPARKS LAKE,2022-07-24,ACTUAL,26.6,6,27,14,9,0,60,93.1,75,552,10.5,112,34,4
SPARKS LAKE,2022-07-25,ACTUAL,26.4,10.5,37,321,13,0,60,92.5,79,560,12,117,38,4
SPARKS LAKE,2022-07-26,ACTUAL,27.3,10,34,344,11,0,60,92.5,83,569,10.9,122,36,4
SPARKS LAKE,2022-07-27,ACTUAL,32.3,9.1,24,28,10,0,60,94.4,89,579,13.1,129,42,4
SPARKS LAKE,2022-07-28,ACTUAL,33.5,10.1,24,304,8,0,70,94.7,95,588,12.1,136,40,4
SPARKS LAKE,2022-07-29,ACTUAL,32.7,8.2,22,281,9,0,70,95,102,598,13.5,143,44,4
SPARKS LAKE,2022-07-30,ACTUAL,32.5,9.9,25,252,7,0,70,95,108,607,12.2,149,42,4
SPARKS LAKE,2022-07-31,ACTUAL,32.6,6.7,20,270,10,0,70,95.4,114,617,14.8,156,48,5
SPARKS LAKE,2022-08-01,ACTUAL,28.5,7.1,26,199,10,0,70,95,118,625,14.3,161,47,5
SPARKS LAKE,2022-08-02,ACTUAL,26,4.9,26,226,9,0,70,94.6,123,633,12.6,165,44,4
SPARKS LAKE,2022-08-03,ACTUAL,18.8,5.9,43,176,7,0,70,91.4,125,639,7.4,168,31,4
SPARKS LAKE,2022-08-04,ACTUAL,9.4,8,91,222,4,6.6,80,34.7,67,605,0,105,0,2
SPARKS LAKE,2022-08-05,ACTUAL,16.5,4.8,46,305,6,1.4,80,61.6,69,611,0.6,108,3,2
SPARKS LAKE,2022-08-06,ACTUAL,22.8,7.3,37,243,7,0,80,83.6,73,618,2.5,112,12,3
SPARKS LAKE,2022-08-07,ACTUAL,28,8.2,29,268,9,0,80,91.6,77,626,8.3,118,30,4
SPARKS LAKE,2022-08-08,ACTUAL,26.5,5.9,27,303,6,0,80,92.7,81,634,8.6,123,31,4
SPARKS LAKE,2022-08-09,ACTUAL,29.4,6.1,23,119,10,0,80,94.1,86,642,12.4,129,40,4
SPARKS LAKE,2022-08-10,ACTUAL,26.6,8.5,32,203,6,0,80,93.5,90,650,9.7,133,35,4
SPARKS LAKE,2022-08-11,ACTUAL,23.7,12.1,48,167,18,0,80,90.5,92,657,11.2,137,38,4
SPARKS LAKE,2022-08-12,ACTUAL,29.3,7.2,25,212,7,0.4,80,93.4,97,665,9.9,142,36,4
SPARKS LAKE,2022-08-13,ACTUAL,22.5,7,37,210,14,1,80,88.6,100,672,6.9,146,28,4
SPARKS LAKE,2022-08-14,ACTUAL,22.6,6.7,36,204,9,0,80,90.1,103,680,6.8,150,28,4
SPARKS LAKE,2022-08-15,ACTUAL,26.3,9.1,34,238,9,0,80,91.2,107,687,8,154,32,4
SPARKS LAKE,2022-08-16,ACTUAL,26.9,6.8,28,348,6,0,80,92.5,111,695,8.2,159,33,4
SPARKS LAKE,2022-08-17,ACTUAL,29.4,7.8,26,283,11,0,80,93.5,116,703,12.1,164,42,4
SPARKS LAKE,2022-08-18,ACTUAL,31.9,8.2,23,153,10,0,80,94.6,121,712,13.4,170,46,4
SPARKS LAKE,2022-08-19,ACTUAL,30.9,8.5,25,188,12,0,80,94.6,126,721,15,175,49,5
SPARKS LAKE,2022-08-20,ACTUAL,28.2,9.9,32,183,10,0,80,93.8,130,729,12.1,180,43,4
SPARKS LAKE,2022-08-21,ACTUAL,28.6,11.6,35,206,11,0,80,93.2,134,737,11.7,184,43,4
SPARKS LAKE,2022-08-22,ACTUAL,27.4,8.2,30,224,9,0,80,93.3,138,745,10.7,189,40,4
SPARKS LAKE,2022-08-23,ACTUAL,21.8,11.3,51,337,11,0,80,89.9,141,752,7.3,192,31,4
SPARKS LAKE,2022-08-24,ACTUAL,28,10.1,33,263,8,0,80,91.6,145,760,8.2,196,34,4
SPARKS LAKE,2022-08-25,ACTUAL,29.9,7.7,25,233,10,0,80,93.7,149,768,12,201,44,4
SPARKS LAKE,2022-08-26,ACTUAL,28.3,9.9,32,266,11,0,80,93.6,153,776,12.2,205,44,4
SPARKS LAKE,2022-08-27,ACTUAL,14.4,2.6,45,347,15,10.6,80,60.3,70,690,0.9,111,5,2
SPARKS LAKE,2022-08-28,ACTUAL,20.5,6,39,207,13,0,80,82.8,72,697,3,115,14,3
SPARKS LAKE,2022-08-29,ACTUAL,24.3,9.4,39,173,14,0,80,89,75,704,7.4,119,28,3
SPARKS LAKE,2022-08-30,ACTUAL,29.1,8.1,27,202,10,0,80,92.9,80,712,10.7,125,36,4
SPARKS LAKE,2022-08-31,ACTUAL,29.5,9,28,235,7,0,80,93.1,85,721,9.3,131,34,4
SPARKS LAKE,2022-09-01,ACTUAL,28,8.2,29,338,8,0,80,93.2,88,728,10.2,135,36,4
SPARKS LAKE,2022-09-02,ACTUAL,30.7,2.8,17,185,13,0,80,95.6,93,735,17.9,141,52,5
SPARKS LAKE,2022-09-03,ACTUAL,28.7,4.9,22,267,9,0,80,95.7,97,742,15.3,146,48,5
SPARKS LAKE,2022-09-04,ACTUAL,22,7.3,39,166,16,0,80,92.2,100,747,12.8,149,43,4
SPARKS LAKE,2022-09-05,ACTUAL,19.8,-0.4,26,227,10,0,80,92.2,102,753,9.7,153,36,4
SPARKS LAKE,2022-09-06,ACTUAL,22.2,1.7,26,172,10,0,80,92.3,105,758,10.1,156,37,4
SPARKS LAKE,2022-09-07,ACTUAL,22.2,0,23,338,11,0,80,92.9,109,764,11.1,160,40,4
SPARKS LAKE,2022-09-08,ACTUAL,15,1.1,39,337,12,0,80,91,110,768,9.2,162,35,4
SPARKS LAKE,2022-09-09,ACTUAL,18.6,-0.4,28,335,8,0,80,91.3,113,773,7.7,165,32,4
SPARKS LAKE,2022-09-10,ACTUAL,23,1.3,24,180,12,0,80,92.7,116,779,11.5,169,41,4
SPARKS LAKE,2022-09-11,ACTUAL,18.3,3.3,37,242,5,0,80,91.6,118,784,7.1,172,30,4
SPARKS LAKE,2022-09-12,ACTUAL,18.1,5.6,44,161,7,0,80,90.3,120,789,6.4,174,28,4
SPARKS LAKE,2022-09-13,ACTUAL,19.5,9.1,51,247,7,0,80,89.1,122,794,5.3,176,25,4
SPARKS LAKE,2022-09-14,ACTUAL,14.9,10.9,77,222,3,0.6,95,84.2,123,799,2.3,177,13,3
SPARKS LAKE,2022-09-15,ACTUAL,18.7,10.9,60,93,5,1.8,95,74.9,108,804,1,162,6,3
SPARKS LAKE,2022-09-16,ACTUAL,8.7,5.5,80,339,13,2,95,62.1,93,807,0.9,144,5,3
SPARKS LAKE,2022-09-17,ACTUAL,11.1,5.5,68,279,9,7.6,95,43,53,742,0.1,89,0,2
SPARKS LAKE,2022-09-18,ACTUAL,14.6,3.7,48,282,8,0,95,69.1,54,747,0.9,92,4,2
SPARKS LAKE,2022-09-19,ACTUAL,15,-0.5,35,313,18,0,95,84.2,56,751,4.6,94,18,3
SPARKS LAKE,2022-09-20,ACTUAL,16.2,-1.5,30,344,10,0,95,88.9,58,756,6,97,22,3
SPARKS LAKE,2022-09-21,ACTUAL,17.2,-0.2,31,280,7,0,95,90.1,60,761,6.2,101,23,3
SPARKS LAKE,2022-09-22,ACTUAL,18.7,-0.8,27,291,7,0,95,91.2,63,766,7.2,104,26,3
SPARKS LAKE,2022-09-23,ACTUAL,16.3,4,44,218,8,0,95,90,65,770,6.4,107,24,3
SPARKS LAKE,2022-09-24,ACTUAL,17.1,5.7,47,268,7,0,95,89.3,66,775,5.5,109,22,3
SPARKS LAKE,2022-09-25,ACTUAL,20.1,6,40,251,6,0,95,89.3,69,780,5.4,112,22,3
SPARKS LAKE,2022-09-26,ACTUAL,23.3,7.3,36,311,7,0,95,90.3,71,786,6.2,116,24,3
SPARKS LAKE,2022-09-27,ACTUAL,23,7.4,37,253,9,0,95,90.3,74,792,7.1,120,27,3
SPARKS LAKE,2022-09-28,ACTUAL,20.9,6.3,39,297,5,0,95,90.4,76,798,5.9,123,24,3
SPARKS LAKE,2022-09-29,ACTUAL,18.2,8.8,54,352,12,0.2,95,88.5,78,803,6.4,126,26,3
SPARKS LAKE,2022-09-30,ACTUAL,21.3,7.1,40,328,10,0,95,89.2,80,808,6.2,129,25,3
SPARKS LAKE,2022-10-01,ACTUAL,21.2,7.7,42,246,8,0,95,89.3,82,813,5.7,131,24,3
SPARKS LAKE,2022-10-02,ACTUAL,21.7,7.8,41,277,7,0,95,89.3,84,817,5.6,134,24,3
SPARKS LAKE,2022-10-03,ACTUAL,20.2,6.1,40,250,6,0,95,89.4,86,822,5.2,137,23,3
SPARKS LAKE,2022-10-04,ACTUAL,20,7.3,44,244,7,0,95,89.4,88,826,5.5,139,24,3
SPARKS LAKE,2022-10-05,ACTUAL,22,5.3,34,278,7,0,95,90.4,90,831,6.6,142,27,4
SPARKS LAKE,2022-10-06,ACTUAL,20.2,6.5,41,268,7,0,95,90.5,92,835,6.5,145,27,4
SPARKS LAKE,2022-10-07,ACTUAL,18.7,6.2,44,284,5,0,95,90,94,839,5.6,147,25,4
SPARKS LAKE,2022-10-08,ACTUAL,20.3,7.3,43,255,8,0,95,90.1,96,843,6.3,149,27,4
SPARKS LAKE,2022-10-09,ACTUAL,19.9,4.7,37,266,5,0,95,90.1,98,848,5.7,152,25,4
SPARKS LAKE,2022-10-10,ACTUAL,22.2,3.2,29,251,14,0,95,91.5,100,852,10.6,155,39,4
SPARKS LAKE,2022-10-11,ACTUAL,15.5,-2.6,29,251,8,0,95,91.5,102,856,8.1,157,32,4
SPARKS LAKE,2022-10-12,ACTUAL,16.9,3.8,42,29,9,0,95,90.4,104,860,7.1,159,30,4
SPARKS LAKE,2022-10-13,ACTUAL,16.5,3.1,41,266,6,0,95,90.1,105,863,5.9,161,26,4
SPARKS LAKE,2022-10-14,ACTUAL,18.9,2.6,34,259,7,0,95,90.1,107,867,6.2,164,27,4
SPARKS LAKE,2022-10-15,ACTUAL,16.9,4.2,43,272,6,0,95,89.8,109,871,5.6,166,26,4
SPARKS LAKE,2022-10-16,ACTUAL,17.4,4.3,42,239,5,0,95,89.9,111,875,5.4,168,25,4
SPARKS LAKE,2022-10-17,ACTUAL,16.4,2.7,40,273,6,0,95,89.9,112,879,5.8,170,26,4
SPARKS LAKE,2022-10-18,ACTUAL,15,2.8,44,271,6,0,95,89.4,113,882,5.4,172,25,4
SPARKS LAKE,2022-10-19,ACTUAL,15.1,2.2,42,277,6,0,95,89.5,115,885,5.3,174,25,4
SPARKS LAKE,2022-10-20,ACTUAL,9.4,0,52,345,9,0,95,87.9,116,888,4.9,175,24,4
SPARKS LAKE,2022-10-21,ACTUAL,4.4,-0.4,71,270,6,0.2,95,85,116,889,2.8,175,16,3
SPARKS LAKE,2022-10-22,ACTUAL,5.9,-1.2,60,317,10,0.2,95,85,116,891,3.5,175,19,4
SPARKS LAKE,2022-10-23,ACTUAL,6.2,-3.2,51,212,7,0.8,95,81.8,117,893,2,176,12,3
SPARKS LAKE,2022-10-24,ACTUAL,8.2,-2.5,47,233,9,0,95,84.3,118,895,3,177,17,3
SPARKS LAKE,2022-10-25,ACTUAL,8.1,-2.3,48,181,12,0.6,95,84.3,118,897,3.5,178,19,4
SPARKS LAKE,2022-10-26,ACTUAL,4.2,0.4,76,191,7,8.2,95,37.6,62,807,0,104,0,2
SPARKS LAKE,2022-10-27,ACTUAL,12.9,-0.8,39,179,22,0.2,95,71.6,63,810,1.9,105,10,3
SPARKS LAKE,2022-10-28,ACTUAL,9.9,-1.9,44,157,9,0,95,80.9,64,813,2,107,10,3
SPARKS LAKE,2022-10-29,ACTUAL,7.4,-1,55,166,15,0,95,83.1,64,815,3.6,108,16,3
SPARKS LAKE,2022-10-30,ACTUAL,10,0.6,52,164,14,0,95,84.6,65,817,4.1,109,18,3
SPARKS LAKE,2022-10-31,ACTUAL,9.9,-0.3,49,155,9,0,95,85.5,66,820,3.6,110,16,3
WELLS GRAY,2022-05-01,ACTUAL,16.6,-3.6,25,166,8,0,,,,,,,,
WELLS GRAY,2022-05-02,ACTUAL,11.4,3,56,4,8,2,,,,,,,,
WELLS GRAY,2022-05-03,ACTUAL,10,4.8,70,92,2,0,,,,,,,,
WELLS GRAY,2022-05-04,ACTUAL,9.2,5.2,76,191,4,6.8,,,,,,,,
WELLS GRAY,2022-05-05,ACTUAL,9.6,6,78,138,3,3.4,,,,,,,,
WELLS GRAY,2022-05-06,ACTUAL,9.3,4.8,73,186,7,14.4,,,,,,,,
WELLS GRAY,2022-05-07,ACTUAL,10.7,-1.8,42,166,7,1,,,,,,,,
WELLS GRAY,2022-05-08,ACTUAL,11.8,-7.2,26,259,8,0,,,,,,,,
WELLS GRAY,2022-05-09,ACTUAL,7.7,-1.5,52,149,11,0,,,,,,,,
WELLS GRAY,2022-05-10,ACTUAL,9.5,0.1,52,178,7,0.2,,,,,,,,
WELLS GRAY,2022-05-11,ACTUAL,10.5,-2.3,41,177,10,0.4,,,,,,,,
WELLS GRAY,2022-05-12,ACTUAL,9.5,-3.2,41,4,8,0,,,,,,,,
WELLS GRAY,2022-05-13,ACTUAL,10.5,1.1,52,190,7,1.4,,,,,,,,
WELLS GRAY,2022-05-14,ACTUAL,7.9,-1.4,52,167,7,0,,,,,,,,
WELLS GRAY,2022-05-15,ACTUAL,8.3,5.6,83,217,4,0.8,,,,,,,,
WELLS GRAY,2022-05-16,ACTUAL,14.4,6.8,60,159,7,3.6,,,,,,,,
WELLS GRAY,2022-05-17,ACTUAL,5.2,3.8,91,151,6,10.4,,,,,,,,
WELLS GRAY,2022-05-18,ACTUAL,2.9,2.3,96,85,3,10.2,,,,,,,,
WELLS GRAY,2022-05-19,ACTUAL,11.5,2.8,55,310,8,3.6,,,,,,,,
WELLS GRAY,2022-05-20,ACTUAL,14.7,-3.7,28,317,9,0,,,,,,,,
WELLS GRAY,2022-05-21,ACTUAL,13.8,-5.5,26,22,4,0,,,,,,,,
WELLS GRAY,2022-05-22,ACTUAL,18.7,-4.8,20,230,7,0,,,,,,,,
WELLS GRAY,2022-05-23,ACTUAL,15.3,-2.8,29,183,8,0,,,,,,,,
WELLS GRAY,2022-05-24,ACTUAL,12.6,4.1,56,224,4,0.8,,,,,,,,
WELLS GRAY,2022-05-25,ACTUAL,11.4,4.9,64,352,9,4.2,,,,,,,,
WELLS GRAY,2022-05-26,ACTUAL,17.7,1.9,35,141,9,0.4,,85,6,15,3.4,6,3,
WELLS GRAY,2022-05-27,ACTUAL,9.1,7.4,89,10,11,8,,34.9,3,8,0,3,0,1
WELLS GRAY,2022-05-28,ACTUAL,14.5,1.7,42,176,6,0.6,,64.7,5,13,0.7,5,0,1
WELLS GRAY,2022-05-29,MANUAL,18.4,-0.1,29,293,8,0.6,60,83.7,9,19,2.6,9,2,2
WELLS GRAY,2022-05-30,ACTUAL,19.8,-2.6,22,42,8,0,60,91,13,25,7.2,13,9,2
WELLS GRAY,2022-05-31,ACTUAL,20.5,1.3,28,331,8,0,60,91.5,17,31,7.8,17,11,2
WELLS GRAY,2022-06-01,ACTUAL,17.5,3.7,40,328,7,0,60,90.7,20,38,6.7,20,10,3
WELLS GRAY,2022-06-02,ACTUAL,15.7,4.1,46,144,7,3,60,71.6,18,41,0.9,18,1,1
WELLS GRAY,2022-06-03,ACTUAL,9,8.7,98,195,2,6.4,60,23.7,10,37,0,12,0,1
WELLS GRAY,2022-06-04,ACTUAL,18.5,4.2,39,187,7,8,60,52.6,8,33,0.3,10,0,1
WELLS GRAY,2022-06-05,ACTUAL,12.9,9.4,79,270,0,0.4,60,58.8,9,38,0.4,11,0,1
WELLS GRAY,2022-06-06,ACTUAL,13.1,10.3,83,171,5,22.8,60,24.6,4,8,0,4,0,1
WELLS GRAY,2022-06-07,ACTUAL,17.6,8.8,56,157,7,2.6,60,51.5,5,14,0.3,5,0,1
WELLS GRAY,2022-06-08,ACTUAL,11.6,9.5,87,357,11,8,60,29.8,2,9,0,3,0,1
WELLS GRAY,2022-06-09,ACTUAL,16.5,5.7,49,168,9,9.2,60,48.1,3,6,0.2,3,0,1
WELLS GRAY,2022-06-10,ACTUAL,14.8,11.2,79,348,7,11.2,60,32.1,2,6,0,2,0,1
WELLS GRAY,2022-06-11,ACTUAL,18.2,3.9,39,72,8,1,60,67.5,5,13,0.9,5,0,1
WELLS GRAY,2022-06-12,ACTUAL,12.9,9.9,82,151,7,4,60,46.1,3,14,0.1,4,0,1
WELLS GRAY,2022-06-13,ACTUAL,16,8.8,62,184,7,1.8,60,60.3,4,21,0.6,5,0,1
WELLS GRAY,2022-06-14,ACTUAL,17.7,8.6,55,307,10,4.8,60,60,4,22,0.7,5,0,1
WELLS GRAY,2022-06-15,ACTUAL,21.3,6.3,38,192,5,0,60,81.6,8,29,1.8,9,1,2
WELLS GRAY,2022-06-16,ACTUAL,10,8.9,93,328,8,15.6,60,22.9,3,10,0,4,0,1
WELLS GRAY,2022-06-17,ACTUAL,19.3,9.5,53,316,5,6.4,60,46.9,4,9,0.1,4,0,1
WELLS GRAY,2022-06-18,ACTUAL,15.1,10.4,73,242,2,5.4,60,37.4,3,9,0,3,0,1
WELLS GRAY,2022-06-19,ACTUAL,15.3,8.1,62,210,6,0.2,60,61.4,4,15,0.6,5,0,1
WELLS GRAY,2022-06-20,ACTUAL,22.1,7.4,39,200,6,0,60,82.4,8,22,2,8,1,2
WELLS GRAY,2022-06-21,ACTUAL,12.6,11.5,93,44,5,1.6,60,63.7,8,28,0.7,9,0,1
WELLS GRAY,2022-06-22,ACTUAL,13.4,10.4,82,346,3,19.2,60,25.5,4,6,0,4,0,1
WELLS GRAY,2022-06-23,ACTUAL,8.4,6.5,88,175,5,3.6,60,23.3,2,7,0,2,0,1
WELLS GRAY,2022-06-24,ACTUAL,16,7.5,57,175,5,1,60,52.4,4,14,0.3,5,0,1
WELLS GRAY,2022-06-25,ACTUAL,22.7,2.1,26,178,7,0,60,83.4,9,21,2.4,9,2,2
WELLS GRAY,2022-06-26,ACTUAL,27.8,2.8,20,172,6,0,60,93.2,15,29,9.3,15,11,2
WELLS GRAY,2022-06-27,ACTUAL,30.1,1.5,16,188,6,0,60,95.7,22,38,12.6,22,17,3
WELLS GRAY,2022-06-28,ACTUAL,21.4,8.6,44,189,5,0,60,91.8,25,46,7.1,25,12,3
WELLS GRAY,2022-06-29,ACTUAL,13,10.2,83,176,6,1.2,60,76.9,26,51,1.2,26,2,2
WELLS GRAY,2022-06-30,ACTUAL,24.2,7.3,34,167,7,0,60,88.4,30,59,4.9,30,10,3
WELLS GRAY,2022-07-01,ACTUAL,27.1,7.9,30,175,10,0,60,91.9,35,68,9.3,35,17,3
WELLS GRAY,2022-07-02,ACTUAL,24,6.2,32,166,12,0,60,91.9,39,76,10.2,39,20,3
WELLS GRAY,2022-07-03,ACTUAL,27.5,6.2,26,215,7,0,60,93.1,44,84,9.4,44,20,4
WELLS GRAY,2022-07-04,ACTUAL,19.3,13.8,70,132,4,5.8,60,54.8,29,83,0.3,31,0,2
WELLS GRAY,2022-07-05,ACTUAL,13.2,10.7,85,76,4,21.2,60,22.5,11,51,0,15,0,1
WELLS GRAY,2022-07-06,ACTUAL,21.4,13.7,61,171,3,0.4,60,54.4,13,59,0.3,17,0,1
WELLS GRAY,2022-07-07,ACTUAL,18.9,11.3,61,28,9,4,60,58.6,11,61,0.6,15,0,1
WELLS GRAY,2022-07-08,ACTUAL,17.5,12.9,74,178,7,12.4,60,39.7,6,48,0,9,0,1
WELLS GRAY,2022-07-09,ACTUAL,17.7,12.2,70,131,5,6.2,60,41.5,4,46,0.1,7,0,1
WELLS GRAY,2022-07-10,MANUAL,17.8,12.3,70,187,7,2.4,40,53.6,4,53,0.3,7,0,1
WELLS GRAY,2022-07-11,ACTUAL,25.4,10,38,148,8,0,40,82.9,8,62,2.4,12,3,2
WELLS GRAY,2022-07-12,ACTUAL,27.4,5.6,25,145,9,0,40,92.2,13,70,9.4,18,13,2
WELLS GRAY,2022-07-13,MANUAL,20.8,3.8,33,124,6,2.4,40,80.7,14,78,1.7,19,2,2
WELLS GRAY,2022-07-14,ACTUAL,20.9,6.3,39,184,9,0,40,87.6,17,85,4.9,22,8,3
WELLS GRAY,2022-07-15,ACTUAL,25.3,2.6,23,164,12,0,40,92.8,21,93,11.4,27,18,3
WELLS GRAY,2022-07-16,ACTUAL,19.1,14.2,73,165,3,6.2,40,50.9,14,91,0.2,20,0,1
WELLS GRAY,2022-07-17,ACTUAL,25.1,10.5,40,160,6,0,40,80.8,17,99,1.7,24,3,2
WELLS GRAY,2022-07-18,ACTUAL,19.9,9.2,50,233,7,0,60,85.6,20,107,3.3,27,7,2
WELLS GRAY,2022-07-19,ACTUAL,21.6,10.8,50,235,3,0.6,60,86.3,23,114,3,30,6,2
WELLS GRAY,2022-07-20,ACTUAL,26.2,7.6,31,166,7,0,60,91.1,27,123,7.2,35,14,3
WELLS GRAY,2022-07-21,ACTUAL,28.8,7.3,26,166,7,0,50,93.2,32,131,9.8,40,19,3
WELLS GRAY,2022-07-22,ACTUAL,28.9,6.3,24,178,7,0,50,93.8,38,140,10.2,45,21,4
WELLS GRAY,2022-07-23,ACTUAL,28.9,5.7,23,297,6,0,50,94.1,43,149,10.2,50,23,4
WELLS GRAY,2022-07-24,ACTUAL,22.6,8.3,40,200,5,0,50,92,46,157,7.4,53,18,4
WELLS GRAY,2022-07-25,ACTUAL,25.5,10.5,39,175,4,0,50,91.9,50,165,6.8,57,18,4
WELLS GRAY,2022-07-26,ACTUAL,31.2,8.2,24,178,7,0,50,94.1,56,175,10.9,62,26,4
WELLS GRAY,2022-07-27,ACTUAL,33.1,10.4,25,198,7,0,50,94.4,62,184,11.3,67,28,4
WELLS GRAY,2022-07-28,ACTUAL,33.8,10.4,24,165,7,0,50,94.7,68,194,12,73,30,4
WELLS GRAY,2022-07-29,ACTUAL,31.9,10.5,27,139,6,0,50,94.8,74,204,11.5,77,31,4
WELLS GRAY,2022-07-30,ACTUAL,31.9,10.5,27,157,7,0,50,94.8,79,213,12.2,82,33,5
WELLS GRAY,2022-07-31,ACTUAL,28.9,12.3,36,186,5,0,50,93.4,84,222,9,86,27,4
WELLS GRAY,2022-08-01,ACTUAL,25.1,12.7,46,165,7,0,50,91.1,87,229,7.2,89,24,4
WELLS GRAY,2022-08-02,ACTUAL,22.4,8.8,42,156,6,7.8,50,67.4,51,219,0.8,65,3,3
WELLS GRAY,2022-08-03,ACTUAL,13.6,13.1,97,196,5,2.4,60,43.8,44,224,0.1,59,0,2
WELLS GRAY,2022-08-04,ACTUAL,11.1,9.7,91,158,4,29.6,70,13.2,16,156,0,26,0,2
WELLS GRAY,2022-08-05,ACTUAL,18.1,8.7,54,217,6,0.6,70,50.6,18,162,0.2,28,0,2
WELLS GRAY,2022-08-06,ACTUAL,20.8,8.1,44,180,6,0,70,77,21,169,1.2,32,2,2
WELLS GRAY,2022-08-07,ACTUAL,26.7,13.1,43,135,8,0,70,87.6,24,177,4.5,36,10,3
WELLS GRAY,2022-08-08,ACTUAL,27.5,6.2,26,196,7,0,70,92.5,28,185,8.8,41,18,3
WELLS GRAY,2022-08-09,ACTUAL,29.5,6.2,23,184,6,0,70,94.1,33,193,10.3,46,22,4
WELLS GRAY,2022-08-10,ACTUAL,32.8,11.3,27,167,5,0,70,94.1,38,202,9.7,52,22,4
WELLS GRAY,2022-08-11,ACTUAL,23.9,17.8,68,181,5,21.6,70,50.7,16,158,0.2,26,0,2
WELLS GRAY,2022-08-12,ACTUAL,29.4,10.9,32,160,6,0.6,70,85.2,21,167,2.9,31,6,2
WELLS GRAY,2022-08-13,ACTUAL,20.3,16,76,217,3,2.6,70,64.2,17,173,0.6,28,1,2
WELLS GRAY,2022-08-14,ACTUAL,23.2,10.9,46,190,7,0.2,70,82.5,20,180,2.1,32,5,2
WELLS GRAY,2022-08-15,ACTUAL,24.8,10.6,41,170,7,0,70,88.4,23,188,4.8,36,11,3
WELLS GRAY,2022-08-16,ACTUAL,22.7,12.7,53,220,3,0,70,88.5,26,195,4,39,10,3
WELLS GRAY,2022-08-17,ACTUAL,29.1,11.1,33,230,5,0,70,91.6,30,203,7,44,16,3
WELLS GRAY,2022-08-18,ACTUAL,30.4,8.1,25,149,6,0,70,93.7,35,212,10,49,22,4
WELLS GRAY,2022-08-19,ACTUAL,27.5,13,41,145,7,0,70,92.2,38,220,8.3,53,20,4
WELLS GRAY,2022-08-20,ACTUAL,26.7,13.1,43,185,7,0,70,91.5,41,227,7.4,57,19,4
WELLS GRAY,2022-08-21,ACTUAL,22.6,12.6,53,177,7,0,70,89.5,44,235,5.6,60,16,3
WELLS GRAY,2022-08-22,ACTUAL,29.7,14.2,39,171,7,0,70,90.8,48,243,6.7,64,19,4
WELLS GRAY,2022-08-23,ACTUAL,19.4,14.1,71,187,6,0,70,86.4,49,249,3.5,66,12,3
WELLS GRAY,2022-08-24,ACTUAL,28.6,12.8,38,176,7,0,70,90.4,53,258,6.3,70,19,4
WELLS GRAY,2022-08-25,ACTUAL,29.4,9.9,30,150,7,0,70,92.5,57,266,8.4,74,24,4
WELLS GRAY,2022-08-26,ACTUAL,18.6,16.9,90,175,3,5.4,70,41.7,37,260,0.1,54,0,2
WELLS GRAY,2022-08-27,ACTUAL,18,8,52,174,7,20.8,70,46.4,16,210,0.1,27,0,2
WELLS GRAY,2022-08-28,ACTUAL,15.7,8.5,62,193,5,0,70,66.7,17,216,0.7,29,1,2
WELLS GRAY,2022-08-29,ACTUAL,24.3,12.9,49,154,5,0.2,70,82.7,20,223,2,32,4,2
WELLS GRAY,2022-08-30,ACTUAL,27.4,13,41,183,6,0,70,89,23,231,5.1,37,11,3
WELLS GRAY,2022-08-31,ACTUAL,27.7,11.6,37,197,6,0,70,90.7,27,239,6.6,42,15,3
WELLS GRAY,2022-09-01,ACTUAL,27.9,8.6,30,184,7,0,70,92.3,31,246,8.2,47,19,4
WELLS GRAY,2022-09-02,ACTUAL,28.4,10,32,179,6,0,70,92.3,34,253,7.8,51,19,4
WELLS GRAY,2022-09-03,ACTUAL,26.9,10.9,37,165,5,0,70,92.4,37,259,7.7,55,19,4
WELLS GRAY,2022-09-04,ACTUAL,15.2,13.2,88,137,3,4,70,48.3,27,256,0.2,42,0,2
WELLS GRAY,2022-09-05,ACTUAL,16.6,10.3,66,290,4,8.4,70,40.2,15,240,0,26,0,2
WELLS GRAY,2022-09-06,ACTUAL,17.7,6.9,49,185,5,0,70,68.5,17,245,0.8,29,1,2
WELLS GRAY,2022-09-07,ACTUAL,22.1,-3.4,18,162,8,0,70,89.3,20,251,5.9,33,12,3
WELLS GRAY,2022-09-08,ACTUAL,16,5,48,162,4,0,70,88.9,22,255,4.4,36,10,3
WELLS GRAY,2022-09-09,ACTUAL,17.6,3.4,39,176,6,0,70,89,24,260,5.1,39,12,3
WELLS GRAY,2022-09-10,ACTUAL,21.4,3.9,32,180,6,0,70,90.6,26,266,6.4,42,15,3
WELLS GRAY,2022-09-11,ACTUAL,18.4,8.7,53,202,4,0,70,88.9,28,271,4.4,45,11,3
WELLS GRAY,2022-09-12,ACTUAL,20.5,6.4,40,162,6,0,70,89.2,30,276,5.2,48,13,3
WELLS GRAY,2022-09-13,ACTUAL,20.8,9.1,47,180,8,0,70,89.2,32,282,5.7,50,15,3
WELLS GRAY,2022-09-14,ACTUAL,16.3,10,66,139,5,0,95,86.7,34,286,3.4,52,10,3
WELLS GRAY,2022-09-15,ACTUAL,15.1,13.1,88,223,3,9.4,95,32.6,17,265,0,29,0,2
WELLS GRAY,2022-09-16,ACTUAL,9.6,9,96,230,4,3.4,95,20.4,12,263,0,21,0,2
WELLS GRAY,2022-09-17,ACTUAL,10.9,6.1,72,216,6,9.8,95,27.6,6,241,0,12,0,1
WELLS GRAY,2022-09-18,ACTUAL,10.2,4.8,69,185,7,0,95,49.3,7,245,0.2,13,0,1
WELLS GRAY,2022-09-19,ACTUAL,14.3,2.5,45,29,9,0,95,72.9,8,249,1.1,16,1,1
WELLS GRAY,2022-09-20,ACTUAL,15.5,0.8,37,173,5,0,95,83.7,10,253,2.3,19,3,2
WELLS GRAY,2022-09-21,ACTUAL,17,3.6,41,196,5,0,95,87.1,12,258,3.7,22,6,2
WELLS GRAY,2022-09-22,ACTUAL,17.3,4.2,42,206,7,0,95,88,14,263,4.5,25,8,3
WELLS GRAY,2022-09-23,ACTUAL,12.4,7.1,70,161,6,0,95,85.5,15,267,3,26,6,2
WELLS GRAY,2022-09-24,ACTUAL,14.7,10.6,76,179,5,4.6,95,52,10,262,0.3,18,0,1
WELLS GRAY,2022-09-25,ACTUAL,20.5,6,39,170,6,0,95,78.5,12,267,1.3,22,2,2
WELLS GRAY,2022-09-26,ACTUAL,21,10.2,50,161,6,0,95,85.1,14,273,2.9,25,5,2
WELLS GRAY,2022-09-27,ACTUAL,22,9.2,44,157,6,0,95,87.9,17,278,4.3,29,9,3
WELLS GRAY,2022-09-28,ACTUAL,20.9,7.8,43,150,5,0,95,88.6,19,284,4.5,32,9,3
WELLS GRAY,2022-09-29,ACTUAL,19.8,9.7,52,161,8,1.2,95,82.8,21,289,2.3,35,5,2
WELLS GRAY,2022-09-30,ACTUAL,19.2,10,55,150,5,0.2,95,85.3,22,294,2.9,37,7,2
WELLS GRAY,2022-10-01,ACTUAL,19.6,9.5,52,144,5,0,95,86.5,24,298,3.4,40,8,3
WELLS GRAY,2022-10-02,ACTUAL,19.9,6.9,43,145,6,0,95,88.1,26,303,4.4,42,11,3
WELLS GRAY,2022-10-03,ACTUAL,20.6,9.5,49,153,6,0,95,88.1,27,307,4.5,45,11,3
WELLS GRAY,2022-10-04,ACTUAL,20.1,8.4,47,162,7,0,95,88.2,29,311,4.7,47,12,3
WELLS GRAY,2022-10-05,ACTUAL,21,7.9,43,186,6,0,95,88.7,31,316,4.8,50,13,3
WELLS GRAY,2022-10-06,ACTUAL,18.9,7.3,47,174,6,0,95,88.7,32,320,4.9,52,13,3
WELLS GRAY,2022-10-07,ACTUAL,18,7.1,49,165,5,0,95,88.8,34,324,4.7,54,13,3
WELLS GRAY,2022-10-08,ACTUAL,17.4,7.8,53,179,5,0,95,88.2,35,328,4.2,56,12,3
WELLS GRAY,2022-10-09,ACTUAL,15.9,6.9,55,188,6,0,95,87.7,36,331,4.1,57,12,3
WELLS GRAY,2022-10-10,ACTUAL,10.3,9,92,212,4,2,95,61,33,334,0.5,53,1,2
WELLS GRAY,2022-10-11,ACTUAL,7.8,1.2,63,199,4,0.2,95,70.7,33,336,0.8,53,2,3
WELLS GRAY,2022-10-12,ACTUAL,12.6,4.3,57,166,6,0,95,78.9,34,339,1.4,55,4,3
WELLS GRAY,2022-10-13,ACTUAL,12,5.7,65,152,4,0,95,81.3,35,342,1.6,56,5,3
WELLS GRAY,2022-10-14,ACTUAL,11.5,7.6,77,354,4,0,95,81.4,35,345,1.6,56,5,3
WELLS GRAY,2022-10-15,ACTUAL,14.3,5.4,55,140,7,0,95,84,36,348,2.6,58,8,3
WELLS GRAY,2022-10-16,ACTUAL,15.4,6.2,54,133,7,0,95,85.3,38,351,3.2,59,10,3
WELLS GRAY,2022-10-17,ACTUAL,15.1,3.5,46,170,5,0,95,86.6,39,355,3.4,61,11,3
WELLS GRAY,2022-10-18,ACTUAL,15.1,7.2,59,178,5,0,95,86.6,40,358,3.3,62,11,3
WELLS GRAY,2022-10-19,ACTUAL,15.2,4.5,49,130,5,0,95,86.7,41,362,3.4,64,11,3
WELLS GRAY,2022-10-20,ACTUAL,9.7,2.6,61,254,3,1.2,95,77.2,42,364,1,65,4,3
WELLS GRAY,2022-10-21,ACTUAL,6.2,-1,60,175,8,0,95,80.4,42,366,1.8,66,7,3
WELLS GRAY,2022-10-22,ACTUAL,7.9,0.2,58,171,7,0,95,82.4,43,368,2.1,66,8,3
WELLS GRAY,2022-10-23,ACTUAL,2.6,-1.2,76,199,4,0.2,95,82,43,369,1.8,67,6,3
WELLS GRAY,2022-10-24,ACTUAL,0.7,0.3,97,300,0,0.4,95,78.1,43,370,1,67,3,3
WELLS GRAY,2022-10-25,ACTUAL,3.7,1.4,85,267,2,17.8,95,21.8,18,309,0,32,0,2
WELLS GRAY,2022-10-26,ACTUAL,4.1,1.3,82,180,9,11.2,95,18.8,9,278,0,16,0,1
WELLS GRAY,2022-10-27,ACTUAL,6.6,1,67,162,15,2.2,95,39.4,7,280,0.1,14,0,1
WELLS GRAY,2022-10-28,ACTUAL,9.7,5.7,76,169,6,6,95,32.7,4,268,0,8,0,1
WELLS GRAY,2022-10-29,ACTUAL,3.5,2,90,30,10,0.8,95,39.1,4,269,0,8,0,1
WELLS GRAY,2022-10-30,ACTUAL,8.9,0.4,55,171,16,0.2,95,63.8,5,271,1.1,9,1,1
WELLS GRAY,2022-10-31,ACTUAL,0.4,-0.3,95,75,5,0.2,95,64.8,5,272,0.7,9,0,1
