STATION,DATE,TYPE,TEMP,DEW PNT,RH,W.DIR,W.SPEED,PRECIP,GC,FFMC,DMC,DC,ISI,BUI,FWI,DGR
AFTON,2023-05-01,ACTUAL,14.7,8,64,253,28,2.6,80,73.8,56,560,3,90,12,2
AFTON,2023-05-02,ACTUAL,21.3,7.8,42,269,13,0,80,85.9,60,566,4.6,94,18,3
AFTON,2023-05-03,ACTUAL,16.5,12.3,76,29,5,0.2,80,84.3,61,571,2.5,96,11,3
AFTON,2023-05-04,ACTUAL,23.2,9.5,42,359,9,0,80,88.4,64,578,5.3,101,20,3
AFTON,2023-05-05,ACTUAL,20.2,9.2,49,327,10,0,80,88.4,67,584,5.6,104,22,3
AFTON,2023-05-06,ACTUAL,9.5,8.6,94,345,9,6.4,80,33.7,40,555,0,68,0,2
AFTON,2023-05-07,ACTUAL,10.8,7,77,264,17,2.4,80,45.9,35,560,0.2,61,0,2
AFTON,2023-05-08,ACTUAL,14.2,9.1,71,329,14,4.2,80,49.5,25,547,0.3,45,0,1
AFTON,2023-05-09,ACTUAL,14.5,6.1,57,18,12,2.6,80,60.6,22,552,0.8,41,1,1
AFTON,2023-05-10,ACTUAL,17.2,5.4,46,6,9,0,80,79.1,25,558,1.6,45,4,1
AFTON,2023-05-11,ACTUAL,19.3,3.3,35,9,9,0,80,87.5,28,564,4.6,50,13,2
AFTON,2023-05-12,ACTUAL,21.4,4.4,33,5,15,0,80,90.2,32,570,9.5,57,23,3
AFTON,2023-05-13,ACTUAL,23.9,5.2,30,32,18,0,80,91.6,37,577,13.4,64,31,3
AFTON,2023-05-14,ACTUAL,26.1,3.9,24,2,7,0,80,93.2,42,584,9.7,72,26,3
AFTON,2023-05-15,ACTUAL,26.3,4.6,25,19,8,0,80,93.3,48,591,10.3,80,29,3
AFTON,2023-05-16,ACTUAL,26.9,9.2,33,26,9,0,80,93.2,53,598,10.5,86,30,3
AFTON,2023-05-17,ACTUAL,25.4,7,31,343,7,0,80,93.3,58,605,9.7,93,30,4
AFTON,2023-05-18,ACTUAL,23.6,10.3,43,8,14,0,80,91.3,61,612,10.3,98,32,4
AFTON,2023-05-19,ACTUAL,27.2,7.5,29,14,9,0,55,92.4,67,619,9.7,105,32,4
AFTON,2023-05-20,ACTUAL,26,9.3,35,10,11,0,55,92.5,71,626,10.5,111,34,4
AFTON,2023-05-21,ACTUAL,22.2,11.9,52,90,18,0,55,89.5,74,633,9.7,115,33,4
AFTON,2023-05-22,ACTUAL,15.8,4.8,48,323,15,0.8,55,85.7,76,638,5,118,21,3
AFTON,2023-05-23,ACTUAL,10.6,9.2,91,354,6,3.8,55,45.3,55,624,0.1,90,0,2
AFTON,2023-05-24,ACTUAL,13,8.1,72,109,4,2.8,55,46.4,45,629,0.1,77,0,2
AFTON,2023-05-25,ACTUAL,19.2,8.2,49,354,8,0,55,73.7,48,635,1.1,81,5,2
AFTON,2023-05-26,ACTUAL,23.4,4.3,29,9,14,0,55,89.1,53,641,7.5,87,24,3
AFTON,2023-05-27,ACTUAL,25.8,7.8,32,226,12,0,55,91.4,57,648,9.8,94,30,4
AFTON,2023-05-28,ACTUAL,24.8,5.5,29,253,12,0,55,92.1,62,655,10.5,101,33,4
AFTON,2023-05-29,ACTUAL,23.8,6,32,341,10,0,55,92.1,67,662,9.8,107,32,4
AFTON,2023-05-30,ACTUAL,22.3,0.1,23,350,17,0,55,92.9,71,668,15.4,113,44,4
AFTON,2023-05-31,ACTUAL,20.1,0.9,28,312,16,0,55,93,75,674,15,118,44,4
AFTON,2023-06-01,ACTUAL,21.9,-0.2,23,7,13,0,55,93,80,682,12.8,124,40,4
AFTON,2023-06-02,ACTUAL,23.6,5.4,31,15,13,0,55,93,85,689,12.9,129,41,4
AFTON,2023-06-03,ACTUAL,24.6,0.1,20,28,14,0,55,94,90,697,15.4,136,47,5
AFTON,2023-06-04,ACTUAL,22.6,2,26,353,16,0,55,93.9,95,705,16.8,142,50,5
AFTON,2023-06-05,ACTUAL,18,-3,24,287,15,0,70,93.6,98,711,15.3,146,48,5
AFTON,2023-06-06,ACTUAL,23.2,-3.2,17,18,6,0,70,94.5,104,719,10.7,153,39,4
AFTON,2023-06-07,ACTUAL,27.3,-2.6,14,33,13,0,70,95.9,110,727,18.9,160,56,5
AFTON,2023-06-08,ACTUAL,29.1,0.7,16,354,9,0,70,95.9,117,736,15.2,167,49,5
AFTON,2023-06-09,MANUAL,28.3,8,28,357,8,0,50,94.8,122,744,12.6,174,44,4
AFTON,2023-06-10,ACTUAL,21.9,15.1,65,328,13,0,50,88,125,752,6,176,27,4
AFTON,2023-06-11,ACTUAL,23.8,11.1,45,275,17,9,50,72.5,66,687,1.6,106,8,3
AFTON,2023-06-12,ACTUAL,28.7,5.5,23,44,8,0,50,91.4,72,695,7.8,114,28,4
AFTON,2023-06-13,ACTUAL,22.8,6.9,36,215,18,0,50,91.5,76,703,13.4,120,41,4
AFTON,2023-06-14,ACTUAL,14,3.7,50,298,21,0,50,88.8,78,709,10.4,122,35,4
AFTON,2023-06-15,ACTUAL,22.5,5.8,34,33,11,0,50,90.4,82,716,8.1,128,30,4
AFTON,2023-06-16,ACTUAL,18.4,9.5,56,5,12,0,50,88.3,84,723,6,130,25,3
AFTON,2023-06-17,MANUAL,19.7,3.3,34,119,8,0,50,89.9,88,730,6.3,135,26,3
AFTON,2023-06-18,ACTUAL,13.8,-0.4,38,318,23,0,50,89.9,90,736,13.5,138,43,4
AFTON,2023-06-19,ACTUAL,9.3,8,92,301,14,1,50,77.6,91,741,1.8,139,10,3
AFTON,2023-06-20,ACTUAL,12.5,9.7,83,295,16,5,50,48.3,58,712,0.3,97,1,2
AFTON,2023-06-21,ACTUAL,14.1,10.2,77,275,9,4.2,50,44.1,42,693,0.1,72,0,2
AFTON,2023-06-22,ACTUAL,20.5,5.6,38,13,8,0,50,76.7,45,700,1.3,78,5,2
AFTON,2023-06-23,ACTUAL,23.2,6.8,35,23,9,0,50,88.1,49,707,5.2,84,18,3
AFTON,2023-06-24,ACTUAL,15.6,12.7,83,16,14,1.2,50,76.2,50,714,1.6,85,7,2
AFTON,2023-06-25,ACTUAL,18.3,13.7,74,221,4,0.2,50,79.8,51,720,1.4,87,6,2
AFTON,2023-06-26,ACTUAL,26.6,11.5,39,350,10,0,50,88.9,56,728,6.1,94,22,3
AFTON,2023-06-27,ACTUAL,29.4,10.4,31,331,12,0,50,92.2,61,737,10.6,102,33,4
AFTON,2023-06-28,MANUAL,28.5,10.6,33,8,9,1.6,50,88.6,64,746,5.5,105,21,3
AFTON,2023-06-29,ACTUAL,26.7,10.7,37,357,14,0,50,90.6,69,754,9.7,112,32,4
AFTON,2023-06-30,ACTUAL,27.3,6.6,27,4,14,0,50,92.8,74,762,12.7,119,40,4
AFTON,2023-07-01,ACTUAL,25.8,3.1,23,326,7,0,50,93.5,79,771,10.2,126,35,4
AFTON,2023-07-02,ACTUAL,21.4,-0.1,24,223,12,0,50,93.6,83,778,12.8,131,41,4
AFTON,2023-07-03,ACTUAL,22.4,1.3,25,314,22,0,50,93.6,87,786,21.9,136,59,5
AFTON,2023-07-04,ACTUAL,26.7,5,25,340,14,0,50,93.7,92,794,14.2,143,45,4
AFTON,2023-07-05,ACTUAL,28.8,4.3,21,2,13,0,50,94.5,98,803,15.2,150,48,5
AFTON,2023-07-06,ACTUAL,28.9,3.7,20,15,10,0,70,94.8,103,812,13.7,157,46,4
AFTON,2023-07-07,ACTUAL,28.4,7,26,1,9,0,70,94.8,108,821,13.4,163,45,4
AFTON,2023-07-08,ACTUAL,29,6.9,25,358,12,0,70,94.9,114,830,15.4,169,50,5
AFTON,2023-07-09,ACTUAL,29.7,6.9,24,319,14,0,70,94.9,119,839,17.5,176,54,5
AFTON,2023-07-10,ACTUAL,28.9,9,29,27,10,2.4,80,87.8,97,848,5.1,151,23,4
AFTON,2023-07-11,ACTUAL,27.9,8.6,30,292,11,0,80,92,102,857,10.1,157,37,4
AFTON,2023-07-12,ACTUAL,26.9,9.2,33,10,11,0,80,92,106,865,10.1,163,38,4
AFTON,2023-07-13,ACTUAL,23.7,12.1,48,246,8,0.4,80,90.4,109,873,6.7,166,29,4
AFTON,2023-07-14,ACTUAL,25.8,9.1,35,19,12,0,80,91,113,881,9,172,35,4
AFTON,2023-07-15,ACTUAL,28,8.2,29,344,10,0,80,92.5,118,890,10.3,178,39,4
AFTON,2023-07-16,ACTUAL,31.9,3.8,17,206,17,0,80,95.8,125,900,22.7,185,64,5
AFTON,2023-07-17,ACTUAL,25.2,5.3,28,249,13,0,80,94.4,129,908,15.2,191,50,5
AFTON,2023-07-18,ACTUAL,23.6,7.6,36,1,10,1,80,89,133,916,6,195,28,4
AFTON,2023-07-19,ACTUAL,28.4,5.8,24,5,15,0,80,93.4,138,925,14.4,201,49,5
AFTON,2023-07-20,ACTUAL,31.9,8.2,23,24,18,0,80,94.6,144,934,19.7,208,60,5
AFTON,2023-07-21,ACTUAL,31.3,7.7,23,4,13,0,80,94.6,150,943,15.7,215,52,5
AFTON,2023-07-22,ACTUAL,29.3,5.4,22,41,14,0,80,94.7,156,952,17,221,55,5
AFTON,2023-07-23,ACTUAL,27.3,3.7,22,21,17,0,80,94.7,161,961,19.8,227,60,5
AFTON,2023-07-24,ACTUAL,20,8,46,165,24,0,80,90.5,163,968,15.3,230,52,5
AFTON,2023-07-25,ACTUAL,21.1,4.1,33,205,19,1,80,88.7,167,976,9.2,234,37,4
AFTON,2023-07-26,ACTUAL,22.1,3.1,29,75,7,0,80,91.1,171,983,7.1,238,31,4
AFTON,2023-07-27,ACTUAL,24.9,6.5,31,25,11,0,80,91.7,175,992,9.4,243,38,4
AFTON,2023-07-28,ACTUAL,25.7,7.2,31,348,11,0,80,91.9,179,1000,9.9,248,39,4
AFTON,2023-07-29,ACTUAL,27.9,8.1,29,0,11,0,80,92.6,184,1009,11,253,42,4
AFTON,2023-07-30,ACTUAL,25.4,5.5,28,23,15,0,80,92.7,189,1017,13,258,47,4
AFTON,2023-07-31,ACTUAL,24.9,6,30,357,14,0,80,92.7,193,1025,12.6,262,46,4
AFTON,2023-08-01,ACTUAL,26.3,4.6,25,359,12,0,80,93.2,197,1033,12.4,267,46,4
AFTON,2023-08-02,ACTUAL,26.1,3.3,23,353,8,0,100,93.6,201,1041,10.9,272,42,4
AFTON,2023-08-03,ACTUAL,25.5,2.8,23,339,11,0,100,93.7,206,1048,12.8,276,47,4
AFTON,2023-08-04,ACTUAL,28.5,4,21,3,14,0,100,94.5,211,1056,16.4,281,55,5
AFTON,2023-08-05,ACTUAL,28.8,4.9,22,13,8,0,100,94.5,215,1065,12,286,45,4
AFTON,2023-08-06,ACTUAL,30.4,6.3,22,355,10,0,100,94.6,220,1073,13.5,291,48,5
AFTON,2023-08-07,ACTUAL,27.7,9.9,33,258,11,0,100,93.6,224,1081,12.1,295,45,4
AFTON,2023-08-08,ACTUAL,23.8,10.4,43,334,14,0,100,91.3,227,1088,10.7,299,42,4
AFTON,2023-08-09,ACTUAL,20,13.8,67,5,11,1.4,100,79.8,229,1095,1.9,301,12,3
AFTON,2023-08-10,ACTUAL,20.3,8,45,232,8,0.2,100,86.2,231,1102,3.8,303,21,4
AFTON,2023-08-11,ACTUAL,23.2,8.8,40,345,13,0,100,89.2,234,1109,7.5,307,33,4
AFTON,2023-08-12,ACTUAL,26.1,7.1,30,344,14,0,100,91.8,238,1116,11.4,311,43,4
AFTON,2023-08-13,ACTUAL,29.1,8.7,28,339,10,0,100,93,243,1125,11,315,43,4
AFTON,2023-08-14,ACTUAL,32.6,9.4,24,344,11,0,100,94.4,248,1134,13.7,321,49,5
AFTON,2023-08-15,ACTUAL,31.7,9.2,25,359,10,0,100,94.5,253,1142,13.2,326,48,5
AFTON,2023-08-16,ACTUAL,30.6,1.9,16,227,16,0,100,95.9,258,1151,21.6,331,65,5
AFTON,2023-08-17,ACTUAL,29.6,9.6,29,18,9,0,100,94.8,263,1159,13.1,336,47,5
AFTON,2023-08-18,ACTUAL,19.7,0.6,28,255,29,0,100,93.4,266,1166,29.5,339,78,5
AFTON,2023-08-19,MANUAL,21.2,1.9,28,17,11,0,100,93.3,269,1172,11.8,342,45,4
AFTON,2023-08-20,ACTUAL,22.6,0.4,23,36,8,0,100,93.3,273,1180,10.5,346,41,4
AFTON,2023-08-21,ACTUAL,19.5,3.1,34,18,7,0,100,92.3,276,1186,8.6,349,36,4
AFTON,2023-08-22,MANUAL,23,6.6,35,20,15,0,100,92.2,279,1193,12.4,352,46,4
AFTON,2023-08-23,MANUAL,14,7.4,64,34,12,6.4,100,57.1,90,1066,0.6,149,4,2
AFTON,2023-08-24,ACTUAL,19.6,9.8,53,359,11,0,100,78,92,1073,1.6,152,10,3
AFTON,2023-08-25,MANUAL,20.9,8.8,46,48,9,0,100,85.8,95,1080,3.7,156,19,4
AFTON,2023-08-26,MANUAL,23.8,8.9,39,357,9,0,100,89.3,98,1087,6.1,160,27,4
AFTON,2023-08-27,MANUAL,25.1,8.5,35,16,9,0,100,90.7,102,1094,7.5,165,31,4
AFTON,2023-08-28,ACTUAL,26.3,8.2,32,339,8,0,100,91.6,105,1102,7.9,170,32,4
AFTON,2023-08-29,ACTUAL,22.6,9,42,11,9,0,100,91,108,1109,7.7,174,32,4
AFTON,2023-08-30,ACTUAL,22.3,8,40,256,29,0,100,91,111,1116,21.1,178,61,5
AFTON,2023-08-31,ACTUAL,13.5,11.4,87,267,10,8.4,100,38.8,59,971,0,102,0,2
AFTON,2023-09-01,ACTUAL,18.6,11.5,63,15,11,4,100,54.2,43,933,0.4,77,1,2
AFTON,2023-09-02,ACTUAL,22.1,11.5,51,44,7,0,100,77.9,45,938,1.3,81,6,2
AFTON,2023-09-03,ACTUAL,20.4,5.5,38,263,18,0,100,87.5,48,944,7.5,84,24,3
AFTON,2023-09-04,ACTUAL,20.3,8.9,48,298,13,0,100,87.7,50,949,6.1,88,21,3
AFTON,2023-09-05,ACTUAL,20.1,6.4,41,17,10,0,100,88.7,52,955,5.9,91,21,3
AFTON,2023-09-06,ACTUAL,19.3,6,42,11,10,0,100,88.8,54,960,6,94,22,3
AFTON,2023-09-07,ACTUAL,20.4,4.7,36,359,10,0,100,89.8,56,965,6.7,98,24,3
AFTON,2023-09-08,ACTUAL,20.2,4.9,37,349,8,0,100,89.8,59,970,6.2,102,23,3
AFTON,2023-09-09,ACTUAL,22.3,3.8,30,28,13,0,100,91.3,62,976,10,106,32,4
AFTON,2023-09-10,ACTUAL,24,6.2,32,27,12,0,100,91.4,65,982,9.3,111,32,4
AFTON,2023-09-11,ACTUAL,22.4,5.2,33,351,8,0,100,91.4,67,988,8,115,29,4
AFTON,2023-09-12,ACTUAL,20.5,6.7,41,3,9,0,100,90.8,70,993,7.5,119,28,4
AFTON,2023-09-13,ACTUAL,19.5,7.9,47,329,12,0.8,100,86.8,72,998,4.8,122,21,3
AFTON,2023-09-14,ACTUAL,19.5,4.7,38,24,10,0,100,88.9,74,1004,5.9,125,24,3
AFTON,2023-09-15,ACTUAL,21.7,5.9,36,351,9,0,100,90,77,1009,6.6,129,26,3
AFTON,2023-09-16,ACTUAL,22,2.6,28,14,8,0,100,91.6,79,1015,8,133,30,4
AFTON,2023-09-17,ACTUAL,23.8,0.8,22,347,8,0,100,93.2,83,1021,10.1,138,36,4
AFTON,2023-09-18,ACTUAL,12.4,2.8,52,265,13,0.2,100,89.1,84,1025,7.4,140,29,4
AFTON,2023-09-19,ACTUAL,11.9,5.1,63,27,16,0,100,86.4,85,1029,5.9,141,25,3
AFTON,2023-09-20,ACTUAL,13.4,2.9,49,275,19,1.8,100,78.2,79,1033,2.5,132,13,3
AFTON,2023-09-21,ACTUAL,15.1,4.5,49,45,8,0,100,84,80,1037,2.7,135,14,3
AFTON,2023-09-22,ACTUAL,16.4,2.3,39,19,13,0,100,87.6,82,1042,5.9,137,25,3
AFTON,2023-09-23,ACTUAL,11.7,9.3,85,22,18,1.4,100,72.9,83,1046,1.7,138,10,3
AFTON,2023-09-24,ACTUAL,15.5,3.2,44,25,19,0,100,84,84,1050,4.7,140,21,3
AFTON,2023-09-25,ACTUAL,14.1,10.7,80,76,15,0,100,82.8,85,1054,3.3,141,17,3
AFTON,2023-09-26,ACTUAL,18.5,2.2,34,180,21,0.4,100,88.8,87,1060,10.3,144,37,4
AFTON,2023-09-27,ACTUAL,11.8,6.8,71,33,6,0,100,85.5,88,1063,3.1,145,16,3
AFTON,2023-09-28,ACTUAL,11.9,6.7,70,156,4,3.8,100,55.6,62,1017,0.4,108,1,2
AFTON,2023-09-29,ACTUAL,10.1,7,81,350,7,14.4,100,27.4,29,816,0,53,0,2
AFTON,2023-09-30,ACTUAL,12.6,4.3,57,261,14,0,100,58.9,30,820,0.8,55,2,2
AFTON,2023-10-01,ACTUAL,11.8,3.8,58,7,7,0,100,73.1,31,823,1,56,3,2
AFTON,2023-10-02,ACTUAL,11.8,7,72,29,12,0,100,78.1,31,826,1.7,57,6,2
AFTON,2023-10-03,ACTUAL,14.3,7.4,63,329,8,0,100,81.8,32,829,2,58,7,2
AFTON,2023-10-04,ACTUAL,16.8,7.8,55,251,12,0,100,84.8,33,833,3.8,60,12,2
AFTON,2023-10-05,ACTUAL,17.3,8.8,57,260,12,0,100,85.5,34,837,4,62,13,2
AFTON,2023-10-06,ACTUAL,14.3,7.4,63,23,8,0,100,85.5,35,840,3.5,64,11,2
AFTON,2023-10-07,ACTUAL,15.4,8.5,63,42,15,0,100,85.6,36,843,4.8,65,15,2
AFTON,2023-10-08,ACTUAL,18.4,9,54,27,12,0,100,86.2,38,847,4.5,68,15,2
AFTON,2023-10-09,ACTUAL,17.6,9.8,60,0,10,0,100,86.3,39,851,4.2,69,14,2
AFTON,2023-10-10,ACTUAL,10.7,5.7,71,110,7,0.4,100,84.6,39,854,2.8,70,10,2
AFTON,2023-10-11,ACTUAL,12.7,7.8,72,6,6,0.8,100,80,40,857,1.5,71,6,2
AFTON,2023-10-12,ACTUAL,11.3,5,65,43,10,0,100,82,40,860,2.3,72,9,2
AFTON,2023-10-13,ACTUAL,11.5,6.9,73,352,20,0,100,82.1,41,862,3.9,73,13,2
AFTON,2023-10-14,ACTUAL,13.3,6.2,62,39,19,0,100,83.6,42,865,4.5,75,15,2
AFTON,2023-10-15,ACTUAL,14.4,7.8,64,18,13,0.2,100,83.9,43,869,3.6,76,13,2
AFTON,2023-10-16,ACTUAL,13.5,9.4,76,6,12,0.4,100,83.4,43,872,3.2,77,12,2
AFTON,2023-10-17,ACTUAL,13.5,1.7,45,345,13,0,100,86.1,44,875,4.8,79,17,2
AFTON,2023-10-18,ACTUAL,12.6,8.1,74,66,19,0.4,100,84.1,45,878,4.9,80,17,3
AFTON,2023-10-19,ACTUAL,17.6,10.3,62,338,6,0,100,84.7,46,882,2.7,81,11,2
AFTON,2023-10-20,ACTUAL,16.1,2.4,40,342,6,0.4,100,87.4,48,885,4,84,15,2
AFTON,2023-10-21,ACTUAL,9.2,3,65,13,5,0,100,85.7,48,888,3,85,12,2
AFTON,2023-10-22,ACTUAL,9.7,2.6,61,15,8,0,100,85.5,49,890,3.4,86,13,2
AFTON,2023-10-23,ACTUAL,9.1,-0.8,50,232,11,0,100,85.6,50,893,4.1,87,15,2
AFTON,2023-10-24,ACTUAL,1.1,-7.7,52,284,14,0.2,100,85.6,50,894,4.6,87,17,2
AFTON,2023-10-25,ACTUAL,-0.5,-13.5,37,252,26,0,100,86.1,50,894,9.3,87,28,3
AFTON,2023-10-26,ACTUAL,2,-11.3,37,248,21,0,100,86.5,50,895,7.6,88,24,3
AFTON,2023-10-27,ACTUAL,2.8,-13.2,30,255,15,0,100,87.6,50,896,6.6,88,22,3
AFTON,2023-10-28,ACTUAL,0.7,-10.3,44,5,7,0,100,87.3,51,897,4.2,89,16,2
AFTON,2023-10-29,ACTUAL,1.3,-7.5,52,32,7,0,100,86.4,51,898,3.6,89,14,2
AFTON,2023-10-30,ACTUAL,2.3,-5.1,58,25,13,0,100,85.5,51,899,4.4,89,17,2
AFTON,2023-10-31,ACTUAL,2.1,-3.4,67,30,16,0,100,84.1,51,900,4.1,90,16,2
CAHILTY,2023-05-01,ACTUAL,17.5,7.3,51,284,6,0,,,,,,,,
CAHILTY,2023-05-02,ACTUAL,18.5,7,47,254,6,0,,,,,,,,
CAHILTY,2023-05-03,ACTUAL,14.4,7.5,63,182,7,0,,,,,,,,
CAHILTY,2023-05-04,ACTUAL,21.2,5,35,104,7,19.6,,,,,,,,
CAHILTY,2023-05-05,ACTUAL,17.4,4.3,42,148,7,0,,,,,,,,
CAHILTY,2023-05-06,ACTUAL,6.6,6,96,166,4,13.8,,,,,,,,
CAHILTY,2023-05-07,ACTUAL,5.6,4.7,94,251,5,0.6,,,,,,,,
CAHILTY,2023-05-08,ACTUAL,8.2,5.8,85,222,4,4.8,,,,,,,,
CAHILTY,2023-05-09,ACTUAL,6.6,4.9,89,291,5,4,,,,,,,,
CAHILTY,2023-05-10,ACTUAL,10.3,4.7,68,290,5,1,,,,,,,,
CAHILTY,2023-05-11,ACTUAL,14.3,-1.5,34,162,7,0,,85,6,15,3.1,6,2,
CAHILTY,2023-05-12,ACTUAL,17.7,-2.1,26,119,7,0,,90,10,21,6.1,10,6,2
CAHILTY,2023-05-13,ACTUAL,20.4,-0.4,25,155,8,0,,91.8,14,27,8.2,14,10,2
CAHILTY,2023-05-14,ACTUAL,21.2,-1.4,22,112,8,0,,92.9,18,33,9.7,18,13,2
CAHILTY,2023-05-15,ACTUAL,22.3,1.2,25,144,8,0,,92.9,23,39,9.6,23,15,3
CAHILTY,2023-05-16,ACTUAL,21.7,9.9,47,113,7,0,,90.6,26,46,6.5,26,12,3
CAHILTY,2023-05-17,ACTUAL,18.8,7.2,47,198,5,0,,89.7,29,51,5.3,29,10,3
CAHILTY,2023-05-18,ACTUAL,20.1,7.4,44,183,6,0,,89.7,32,57,5.5,32,11,3
CAHILTY,2023-05-19,ACTUAL,19.9,6.2,41,183,8,0,,89.8,35,63,6.2,35,13,3
CAHILTY,2023-05-20,ACTUAL,21.6,7.7,41,161,9,0,,89.8,39,70,6.5,39,14,3
CAHILTY,2023-05-21,ACTUAL,14.3,10.4,77,115,6,1.6,,73.1,38,75,1,38,2,2
CAHILTY,2023-05-22,ACTUAL,8.5,3.4,70,313,14,0.6,,76.9,39,79,1.7,39,4,2
CAHILTY,2023-05-23,ACTUAL,4.5,4.5,100,272,7,5.6,,26,24,74,0,27,0,2
CAHILTY,2023-05-24,ACTUAL,6,5.4,96,142,1,1.2,,24.7,24,77,0,27,0,2
CAHILTY,2023-05-25,ACTUAL,13.7,5.4,57,135,7,0,,54.2,26,82,0.4,29,0,2
CAHILTY,2023-05-26,ACTUAL,17.6,3.8,40,120,7,0,,77.5,29,88,1.3,32,3,2
CAHILTY,2023-05-27,ACTUAL,14.1,10.2,77,319,4,11.6,,36.4,14,73,0,19,0,1
CAHILTY,2023-05-28,ACTUAL,15.8,6.5,54,224,6,0,,63.6,16,78,0.7,21,1,2
CAHILTY,2023-05-29,ACTUAL,14,5.7,57,136,4,0,,75.6,18,83,1,23,1,2
CAHILTY,2023-05-30,ACTUAL,14.3,-0.3,37,199,9,0,,84.7,21,88,3.1,26,6,2
CAHILTY,2023-05-31,ACTUAL,13.4,2.3,47,210,5,0,,86.1,23,93,3.2,28,6,2
CAHILTY,2023-06-01,ACTUAL,15,3.4,46,231,6,0,,86.9,25,99,3.7,31,8,2
CAHILTY,2023-06-02,ACTUAL,18.2,1.1,32,179,9,0,,89.6,28,105,6.5,34,13,3
CAHILTY,2023-06-03,ACTUAL,19.1,0.1,28,161,9,0,,91,32,112,7.9,38,16,3
CAHILTY,2023-06-04,ACTUAL,16.5,-2.7,27,171,10,0,,91.2,36,119,8.5,41,18,3
CAHILTY,2023-06-05,ACTUAL,11.8,-5.4,30,303,9,0,,91.2,38,124,8.2,43,18,4
CAHILTY,2023-06-06,ACTUAL,18.2,-5.8,19,98,6,0,,92.9,42,131,8.9,47,20,4
CAHILTY,2023-06-07,ACTUAL,22.1,-11.1,10,131,8,0,,95.8,48,138,14.4,51,29,4
CAHILTY,2023-06-08,ACTUAL,26.2,-3.5,14,145,8,0,,95.9,54,146,14.8,56,31,4
CAHILTY,2023-06-09,ACTUAL,22.5,8.5,41,155,5,0,,92.4,57,154,7.7,59,20,4
CAHILTY,2023-06-10,ACTUAL,14.3,13,92,149,7,4.4,,44.8,40,153,0.1,48,0,2
CAHILTY,2023-06-11,ACTUAL,15.8,11.6,76,329,8,2.4,,50.9,35,159,0.3,45,0,2
CAHILTY,2023-06-12,ACTUAL,22.4,8.4,41,154,7,0,,79.3,39,167,1.5,49,4,3
CAHILTY,2023-06-13,ACTUAL,18.5,7.9,50,210,8,0,,84.9,41,173,3.1,52,9,3
CAHILTY,2023-06-14,ACTUAL,5.5,4.1,91,308,17,0.2,,79.7,41,178,2.7,52,8,3
CAHILTY,2023-06-15,ACTUAL,13.4,4.8,56,207,5,0,,83,43,184,2.1,54,7,3
CAHILTY,2023-06-16,ACTUAL,10.2,8.1,87,215,10,1.2,,71.7,43,189,1.1,55,3,3
CAHILTY,2023-06-17,ACTUAL,13.4,2,46,167,11,0,,82,45,195,2.5,57,8,3
CAHILTY,2023-06-18,ACTUAL,7.4,2.5,71,298,9,0.8,,78.4,46,199,1.6,58,5,3
CAHILTY,2023-06-19,ACTUAL,4.5,4,97,270,6,2,,53.6,42,204,0.3,55,1,2
CAHILTY,2023-06-20,ACTUAL,6.5,5,90,15,8,4.6,,30.9,28,200,0,42,0,2
CAHILTY,2023-06-21,ACTUAL,5.2,4.7,97,74,3,3.2,,18.6,21,200,0,34,0,2
CAHILTY,2023-06-22,ACTUAL,14.9,3.7,47,137,8,1.4,,53.4,24,206,0.4,37,0,2
CAHILTY,2023-06-23,ACTUAL,15.6,6.9,56,180,5,0,,71.6,26,212,0.8,39,2,2
CAHILTY,2023-06-24,ACTUAL,15.3,10.6,73,284,7,8.2,,44.1,15,200,0.1,25,0,2
CAHILTY,2023-06-25,ACTUAL,13.5,11.4,87,182,6,0.4,,54.5,15,206,0.4,26,0,2
CAHILTY,2023-06-26,ACTUAL,16.7,14.5,87,333,4,0.2,,62.4,16,212,0.6,27,1,2
CAHILTY,2023-06-27,ACTUAL,20.8,10.6,52,150,5,0.4,,79.2,19,220,1.4,31,3,2
CAHILTY,2023-06-28,ACTUAL,21.6,9.8,47,174,5,0.4,,85.8,22,227,3.1,35,7,2
CAHILTY,2023-06-29,ACTUAL,20.3,10.7,54,189,7,0,,86.5,24,234,3.7,39,9,3
CAHILTY,2023-06-30,ACTUAL,21.5,3.6,31,259,7,0,,90.3,28,241,6.5,44,15,3
CAHILTY,2023-07-01,ACTUAL,17.6,3.4,39,237,7,0,,90.3,31,248,6.3,47,15,3
CAHILTY,2023-07-02,ACTUAL,12.1,0.8,46,7,7,0,,89.1,33,254,5.3,50,14,3
CAHILTY,2023-07-03,ACTUAL,15.4,-0.5,34,335,8,0,,89.4,35,260,5.8,53,15,3
CAHILTY,2023-07-04,ACTUAL,19.6,3.6,35,264,7,0,,89.9,38,268,6.1,57,17,3
CAHILTY,2023-07-05,ACTUAL,19.6,5.9,41,84,5,0,,90,41,275,5.4,60,16,3
CAHILTY,2023-07-06,ACTUAL,20.1,6.7,42,135,1,0,,90,44,282,4.6,64,14,3
CAHILTY,2023-07-07,ACTUAL,23.6,3.9,28,181,5,0,,91.8,48,290,7,68,20,4
CAHILTY,2023-07-08,ACTUAL,24.4,10.3,41,242,6,0.2,,91.4,52,298,7,72,21,4
CAHILTY,2023-07-09,ACTUAL,26.5,6.9,29,156,8,0,,92.3,57,307,8.9,77,26,4
CAHILTY,2023-07-10,ACTUAL,24,10.6,43,245,8,0,,91.2,60,315,7.6,81,23,4
CAHILTY,2023-07-11,ACTUAL,20.3,8.3,46,188,7,0,,90.1,63,322,6,84,20,4
CAHILTY,2023-07-12,ACTUAL,20.9,8.5,45,172,10,0,,90,65,330,6.9,87,23,4
CAHILTY,2023-07-13,ACTUAL,19.3,10.1,55,236,6,0,,88.5,68,337,4.6,90,17,4
CAHILTY,2023-07-14,ACTUAL,21.7,8.2,42,335,4,0,,89,71,344,4.5,93,17,4
CAHILTY,2023-07-15,ACTUAL,22.1,8.2,41,206,6,0,,89.3,74,352,5.2,97,20,4
CAHILTY,2023-07-16,ACTUAL,23.9,5.2,30,202,9,0,,91.4,78,360,8.4,101,28,4
CAHILTY,2023-07-17,ACTUAL,15.4,5.9,53,261,8,0,,88.8,80,367,5.4,103,21,4
CAHILTY,2023-07-18,MANUAL,15,8.6,65,150,6,0,,86.5,81,373,3.5,105,15,4
CAHILTY,2023-07-19,ACTUAL,19.4,8.4,49,48,4,0,,87.2,84,380,3.6,108,16,4
CAHILTY,2023-07-20,ACTUAL,25.3,7.3,32,160,8,0,,90.9,88,388,7.4,112,27,4
CAHILTY,2023-07-21,ACTUAL,25.3,5.9,29,185,8,0,,92.1,92,397,8.4,117,30,4
CAHILTY,2023-07-22,ACTUAL,22,4.9,33,211,11,0,,92.1,96,404,10.2,120,35,5
CAHILTY,2023-07-23,ACTUAL,20.9,5.2,36,174,10,0,,91.7,99,412,9.1,124,33,5
CAHILTY,2023-07-24,ACTUAL,16.2,6.6,53,234,9,0,,88.9,101,418,5.7,126,24,5
CAHILTY,2023-07-25,ACTUAL,11.9,5.1,63,160,9,2.4,,69.2,82,424,1,111,5,3
CAHILTY,2023-07-26,ACTUAL,12.1,5.3,63,171,4,0,,76.7,84,430,1,112,6,3
CAHILTY,2023-07-27,ACTUAL,15.9,8.5,61,24,4,0,,81.4,85,437,1.6,114,8,4
CAHILTY,2023-07-28,ACTUAL,16.5,10.4,67,25,3,0,,82.8,86,443,1.8,116,9,4
CAHILTY,2023-07-29,ACTUAL,23,4.9,31,180,10,1.2,,87,90,451,4.5,120,20,5
CAHILTY,2023-07-30,ACTUAL,19,2.2,33,162,10,0,,89.6,93,458,6.8,124,27,5
CAHILTY,2023-07-31,ACTUAL,19,6.4,44,239,6,0,,89.7,96,465,5.5,127,23,5
CAHILTY,2023-08-01,ACTUAL,19.6,1.9,31,172,9,0,,90.6,99,472,7.3,130,28,5
CAHILTY,2023-08-02,ACTUAL,21.1,1.3,27,196,9,0,,91.7,102,479,8.6,133,32,5
CAHILTY,2023-08-03,ACTUAL,18.8,6.2,44,335,5,0,,90.4,105,485,5.9,136,25,5
CAHILTY,2023-08-04,ACTUAL,22.2,1.2,25,301,10,0,,92.2,108,492,9.6,140,35,5
CAHILTY,2023-08-05,ACTUAL,23.4,4.3,29,225,5,0,,92.3,112,499,7.7,143,31,5
CAHILTY,2023-08-06,ACTUAL,25,4.6,27,160,8,0,,92.6,116,507,9.2,147,35,5
CAHILTY,2023-08-07,ACTUAL,22.2,8.3,41,289,8,0,,91.3,119,514,7.8,151,31,5
CAHILTY,2023-08-08,ACTUAL,15.7,10.9,73,154,6,0,,86.1,120,520,3.4,152,17,5
CAHILTY,2023-08-09,ACTUAL,14.3,10.7,79,182,7,1,,77.7,120,525,1.3,153,8,3
CAHILTY,2023-08-10,ACTUAL,12.8,9.1,78,261,6,5.2,,46.1,71,509,0.1,105,0,2
CAHILTY,2023-08-11,ACTUAL,17.4,7.8,53,193,9,0,,71.6,73,515,1,107,5,3
CAHILTY,2023-08-12,ACTUAL,18.9,7,46,332,9,0,,83.4,75,521,2.7,110,13,4
CAHILTY,2023-08-13,ACTUAL,23.6,11,45,118,4,0,,87.5,78,529,3.6,114,16,4
CAHILTY,2023-08-14,ACTUAL,26.5,7.4,30,198,4,0,,91.4,82,536,6.3,118,25,4
CAHILTY,2023-08-15,ACTUAL,27.6,8.4,30,276,8,0,,92.3,86,544,9.1,123,32,5
CAHILTY,2023-08-16,ACTUAL,24.2,5.4,30,293,7,0,,92.4,90,552,8.7,127,32,5
CAHILTY,2023-08-17,ACTUAL,26.8,9.1,33,261,7,0,,92.4,93,560,8.7,132,32,5
CAHILTY,2023-08-18,ACTUAL,14.4,2.2,44,295,17,0,,90,95,565,10.2,134,36,5
CAHILTY,2023-08-19,ACTUAL,14.5,3,46,155,8,0,,89.2,97,571,5.7,136,24,5
CAHILTY,2023-08-20,ACTUAL,17.7,1.1,33,165,5,0,,89.9,100,577,5.5,139,24,5
CAHILTY,2023-08-21,ACTUAL,20.5,0.2,26,125,6,0,,91.6,103,584,7.2,143,29,5
CAHILTY,2023-08-22,ACTUAL,14,11.7,86,90,6,0,,83.5,103,589,2.4,144,13,4
CAHILTY,2023-08-23,ACTUAL,7.4,5.8,90,260,4,20.4,,21.2,47,478,0,75,0,2
CAHILTY,2023-08-24,ACTUAL,10.6,8.3,86,56,3,0.6,,32.3,47,483,0,76,0,2
CAHILTY,2023-08-25,ACTUAL,18,7.7,51,171,7,0,,64.7,49,489,0.7,78,3,3
CAHILTY,2023-08-26,ACTUAL,20.6,9.2,48,171,5,0,,80.8,51,495,1.6,82,7,3
CAHILTY,2023-08-27,ACTUAL,23,7,36,167,8,0,,88.6,55,503,5.1,86,18,4
CAHILTY,2023-08-28,ACTUAL,25,5.6,29,186,9,0,,91.7,58,510,8.4,91,27,4
CAHILTY,2023-08-29,ACTUAL,21,6.8,40,267,6,0,,91.1,61,517,6.8,94,23,4
CAHILTY,2023-08-30,ACTUAL,14.7,8.9,68,297,11,0,,86.5,62,523,4.5,96,18,4
CAHILTY,2023-08-31,ACTUAL,9.7,9.7,100,305,4,8.8,,21.3,33,486,0,57,0,2
CAHILTY,2023-09-01,ACTUAL,12.9,11.3,90,185,4,0.2,,31.6,33,490,0,57,0,2
CAHILTY,2023-09-02,ACTUAL,20.8,11.5,55,207,6,0.2,,64.8,35,495,0.7,60,2,3
CAHILTY,2023-09-03,ACTUAL,14.4,7.5,63,283,6,0,,75.7,36,499,1.1,61,4,3
CAHILTY,2023-09-04,ACTUAL,13.4,9.5,77,171,7,2,,63.6,33,504,0.7,57,2,3
CAHILTY,2023-09-05,ACTUAL,10.9,5.9,71,153,4,0,,71.6,34,507,0.8,58,2,3
CAHILTY,2023-09-06,ACTUAL,11,5.4,68,151,3,0,,76.6,34,511,1,59,3,3
CAHILTY,2023-09-07,MANUAL,12.2,4.7,60,309,6,0,90,81.1,35,515,1.7,60,6,3
CAHILTY,2023-09-08,ACTUAL,15.5,4.2,47,248,4,0,90,85,37,519,2.6,63,9,3
CAHILTY,2023-09-09,ACTUAL,19.8,3.8,35,173,10,0,,89,39,525,6,66,18,4
CAHILTY,2023-09-10,ACTUAL,20.9,1.6,28,146,9,0,,91.2,42,530,7.8,70,22,4
CAHILTY,2023-09-11,ACTUAL,17.8,4.3,41,224,6,0,,90.5,44,535,6.2,73,19,4
CAHILTY,2023-09-12,ACTUAL,13.6,6.8,63,209,9,0.2,90,87.1,45,539,4.3,75,15,4
CAHILTY,2023-09-13,ACTUAL,13.1,4.3,55,240,5,2.2,90,71.1,41,543,0.8,69,3,3
CAHILTY,2023-09-14,ACTUAL,17.1,4,42,149,7,0,90,83,43,548,2.3,71,9,4
CAHILTY,2023-09-15,ACTUAL,21,0.1,25,166,9,0,90,90.6,46,553,7.4,76,22,4
CAHILTY,2023-09-16,ACTUAL,21.5,-1.8,21,172,10,0,90,92.9,49,559,10.6,80,29,4
CAHILTY,2023-09-17,ACTUAL,17.2,-0.2,31,256,8,0,90,92.3,51,564,8.9,83,26,4
CAHILTY,2023-09-18,ACTUAL,7.2,1.1,65,300,10,2.2,90,69.5,45,567,1,75,4,3
CAHILTY,2023-09-19,ACTUAL,3.6,3.6,100,240,3,1,90,60.8,45,569,0.5,75,2,3
CAHILTY,2023-09-20,ACTUAL,6.3,3.3,81,266,5,11.2,90,26.8,22,511,0,40,0,2
CAHILTY,2023-09-21,ACTUAL,13,1.6,46,190,6,0,90,57.6,24,515,0.5,42,1,2
CAHILTY,2023-09-22,ACTUAL,16.1,2.8,41,195,8,0,90,78.1,25,520,1.4,45,4,3
CAHILTY,2023-09-23,ACTUAL,6.2,6.2,100,239,3,4.6,90,30.3,17,505,0,31,0,2
CAHILTY,2023-09-24,ACTUAL,9.8,1.7,57,169,8,4.8,90,41.1,11,490,0.1,21,0,2
CAHILTY,2023-09-25,ACTUAL,6.9,6.9,100,128,6,9.2,90,9,5,452,0,11,0,1
CAHILTY,2023-09-26,ACTUAL,9.4,5.6,77,178,7,11.2,90,21.9,3,409,0,5,0,1
CAHILTY,2023-09-27,ACTUAL,7.8,4.2,78,116,5,0.2,90,37.5,3,413,0,6,0,1
CAHILTY,2023-09-28,ACTUAL,6.2,2.8,79,144,6,1.6,90,43,3,415,0.1,5,0,1
CAHILTY,2023-09-29,ACTUAL,3,2.7,98,55,4,12.8,90,8.9,1,369,0,1,0,1
CAHILTY,2023-09-30,ACTUAL,5.3,4.2,93,286,5,1.6,90,13,0,371,0,1,0,1
CAHILTY,2023-10-01,ACTUAL,11.2,2.3,54,234,7,0.8,90,43.4,1,374,0.1,2,0,1
CAHILTY,2023-10-02,ACTUAL,6.2,5,92,178,4,0.6,90,47.4,1,376,0.1,3,0,1
CAHILTY,2023-10-03,ACTUAL,8.9,7,88,122,4,1.6,90,44.5,1,378,0.1,2,0,1
CAHILTY,2023-10-04,ACTUAL,11.2,3.5,59,298,10,3,90,53,1,375,0.4,2,0,1
CAHILTY,2023-10-05,ACTUAL,9,6.8,86,308,9,0.6,90,60,1,377,0.6,2,0,1
CAHILTY,2023-10-06,ACTUAL,15.1,7.9,62,211,6,0,90,73.7,2,381,0.9,4,0,1
CAHILTY,2023-10-07,ACTUAL,16,4.3,46,156,7,0.2,90,83,3,384,2.3,7,2,2
CAHILTY,2023-10-08,ACTUAL,16.5,7.2,54,129,8,0,90,85.1,5,388,3.1,9,3,2
CAHILTY,2023-10-09,ACTUAL,15.2,5.7,53,141,6,0,90,85.8,6,391,3.2,11,4,2
CAHILTY,2023-10-10,ACTUAL,6.2,6.2,100,149,7,17.6,90,14.1,2,329,0,4,0,1
CAHILTY,2023-10-11,ACTUAL,6.5,5.3,92,172,4,7,90,10.9,1,311,0,1,0,1
CAHILTY,2023-10-12,ACTUAL,10.6,4.8,67,165,5,1.6,90,32.7,1,313,0,2,0,1
CAHILTY,2023-10-13,ACTUAL,10.4,3.9,64,135,8,0.2,90,55.4,1,316,0.4,3,0,1
CAHILTY,2023-10-14,ACTUAL,9.7,3.9,67,142,5,0,90,67.6,2,318,0.8,4,0,1
CAHILTY,2023-10-15,ACTUAL,10.3,3.6,63,223,8,2,90,63.7,2,321,0.7,3,0,1
CAHILTY,2023-10-16,ACTUAL,9.3,6.4,82,144,8,2.4,90,52.1,1,323,0.3,2,0,1
CAHILTY,2023-10-17,ACTUAL,6.8,1.1,67,161,9,6,90,40.1,0,309,0.1,1,0,1
CAHILTY,2023-10-18,ACTUAL,7.9,7.9,100,215,5,6,90,12.7,0,296,0,0,0,1
CAHILTY,2023-10-19,ACTUAL,11.4,10.4,94,159,6,4.4,90,13,0,289,0,0,0,1
CAHILTY,2023-10-20,ACTUAL,9.6,-1.5,46,316,9,0.6,90,46,1,291,0.2,2,0,1
CAHILTY,2023-10-21,ACTUAL,7.2,1.3,66,221,3,0,90,59.6,1,293,0.5,3,0,1
CAHILTY,2023-10-22,ACTUAL,8.5,-1.1,51,269,5,0,90,72.7,2,296,0.9,4,0,1
CAHILTY,2023-10-23,ACTUAL,2.9,-1.1,75,279,7,0,90,75.6,2,297,1.2,4,0,1
CAHILTY,2023-10-24,ACTUAL,-2.3,-6.5,73,267,3,0,90,76.9,2,297,1,4,0,1
CAHILTY,2023-10-25,ACTUAL,-2.2,-10.5,53,230,7,1,90,73.6,2,297,1,4,0,1
CAHILTY,2023-10-26,ACTUAL,-3,-11.3,53,249,4,0.2,90,77.3,2,298,1.1,4,0,1
CAHILTY,2023-10-27,ACTUAL,-2.7,-16.5,34,315,11,0,90,81.9,2,298,2.4,4,1,1
CAHILTY,2023-10-28,ACTUAL,1.4,-14,31,240,6,0.2,90,85,3,299,2.9,5,2,2
CAHILTY,2023-10-29,ACTUAL,2,-8.8,45,158,7,0,90,85.2,3,300,3.1,5,2,2
CAHILTY,2023-10-30,ACTUAL,4.8,-7.5,41,158,7,0,90,86,3,301,3.4,6,3,2
CAHILTY,2023-10-31,ACTUAL,2.5,-7.7,47,99,5,0,90,86,4,303,3,7,2,2
CLEARWATER HUB,2023-05-01,ACTUAL,22.3,7.2,38,89,6,0,80,91.9,37,103,7.6,39,16,3
CLEARWATER HUB,2023-05-02,ACTUAL,22.8,8.4,40,103,7,0.6,80,89.6,40,110,5.7,42,13,3
CLEARWATER HUB,2023-05-03,ACTUAL,25.2,9,36,246,8,0,80,90.6,45,117,7,46,16,3
CLEARWATER HUB,2023-05-04,ACTUAL,27.2,9,32,342,9,0,80,91.8,50,124,8.5,50,20,4
CLEARWATER HUB,2023-05-05,ACTUAL,28.6,8.2,28,179,8,0,80,92.9,56,132,9.6,56,23,4
CLEARWATER HUB,2023-05-06,ACTUAL,12.4,10.5,88,211,7,0.4,80,83.2,56,136,2.4,56,8,3
CLEARWATER HUB,2023-05-07,ACTUAL,13.2,10.4,83,217,6,8.2,80,38.4,31,126,0,39,0,2
CLEARWATER HUB,2023-05-08,ACTUAL,19,4.6,39,166,6,1,80,69.5,35,132,0.8,42,2,2
CLEARWATER HUB,2023-05-09,ACTUAL,16.1,9.6,65,188,7,0.4,80,78.3,36,137,1.4,44,4,3
CLEARWATER HUB,2023-05-10,ACTUAL,18.4,7.8,50,176,6,0,80,84.4,39,143,2.6,46,7,3
CLEARWATER HUB,2023-05-11,ACTUAL,23.3,5.1,31,131,7,0,80,90.2,43,150,6.4,50,16,3
CLEARWATER HUB,2023-05-12,ACTUAL,24.1,3.9,27,231,7,0,80,92.1,48,156,8.2,54,20,4
CLEARWATER HUB,2023-05-13,ACTUAL,27.3,2.4,20,245,5,0,80,94.2,54,164,9.9,59,24,4
CLEARWATER HUB,2023-05-14,ACTUAL,29.3,3.3,19,216,6,0,80,95,61,171,11.6,64,28,4
CLEARWATER HUB,2023-05-15,ACTUAL,28.9,3.7,20,252,6,0,80,95.1,67,179,11.6,69,29,4
CLEARWATER HUB,2023-05-16,ACTUAL,28.8,7.9,27,223,6,0,80,94.8,73,186,11.5,74,30,4
CLEARWATER HUB,2023-05-17,ACTUAL,25.9,9.2,35,233,5,2.4,80,83.4,65,194,2.2,71,8,4
CLEARWATER HUB,2023-05-18,ACTUAL,25.2,8.6,35,185,6,0,80,89.6,70,200,5.5,75,18,4
CLEARWATER HUB,2023-05-19,ACTUAL,29.8,9.8,29,224,7,0,55,92.6,76,208,9,79,26,4
CLEARWATER HUB,2023-05-20,ACTUAL,28.7,6.7,25,168,4,0,55,93.5,82,216,8.6,84,26,4
CLEARWATER HUB,2023-05-21,ACTUAL,22.8,12.8,53,35,4,0,55,90.1,85,222,5.2,87,19,4
CLEARWATER HUB,2023-05-22,ACTUAL,15,7.4,60,237,13,12.4,55,53.5,44,198,0.5,56,1,2
CLEARWATER HUB,2023-05-23,ACTUAL,12.5,10,85,215,6,5.8,55,33.6,28,191,0,41,0,2
CLEARWATER HUB,2023-05-24,ACTUAL,15.2,9.6,69,18,4,4.4,55,40.1,20,189,0,32,0,2
CLEARWATER HUB,2023-05-25,ACTUAL,22.3,9.4,44,223,7,0,55,74.4,23,195,1,36,2,2
CLEARWATER HUB,2023-05-26,ACTUAL,25.4,9.2,36,222,9,0,55,88.1,28,202,5.1,41,12,3
CLEARWATER HUB,2023-05-27,ACTUAL,28,10.1,33,99,7,0,55,91.4,33,209,7.4,47,17,4
CLEARWATER HUB,2023-05-28,ACTUAL,25.3,6.4,30,152,4,0,55,91.9,38,216,6.8,53,17,4
CLEARWATER HUB,2023-05-29,ACTUAL,25.9,4.3,25,235,12,0,55,93.1,43,223,11.9,58,27,4
CLEARWATER HUB,2023-05-30,ACTUAL,25,3,24,216,11,0,55,93.2,48,230,11.5,63,28,4
CLEARWATER HUB,2023-05-31,ACTUAL,23.7,2.4,25,152,10,0,55,93.3,53,237,11.2,68,28,4
CLEARWATER HUB,2023-06-01,ACTUAL,25.3,2,22,138,5,0,55,93.7,59,245,9.4,73,26,4
CLEARWATER HUB,2023-06-02,ACTUAL,23.9,5.2,30,250,5,0,55,93.4,63,253,8.9,78,26,4
CLEARWATER HUB,2023-06-03,ACTUAL,27.4,3.8,22,187,9,0,55,94,69,261,12,83,33,5
CLEARWATER HUB,2023-06-04,ACTUAL,25.9,1.9,21,226,8,0,55,94.1,75,269,11.5,88,33,5
CLEARWATER HUB,2023-06-05,ACTUAL,20.6,0.3,26,109,6,0,70,93.7,79,276,10.1,92,30,4
CLEARWATER HUB,2023-06-06,ACTUAL,25.8,-2,16,106,7,0,70,95.1,85,284,12.7,97,36,5
CLEARWATER HUB,2023-06-07,ACTUAL,28.8,-1.4,14,241,7,0,70,96.1,92,293,14.2,103,40,5
CLEARWATER HUB,2023-06-08,ACTUAL,31.7,2.8,16,175,6,0,70,96.2,99,302,13.9,109,41,5
CLEARWATER HUB,2023-06-09,ACTUAL,29.6,10.1,30,206,6,0,60,94.7,105,311,11.4,114,36,5
CLEARWATER HUB,2023-06-10,ACTUAL,23.7,16.6,64,209,8,0.2,60,88.4,107,318,5.1,116,21,4
CLEARWATER HUB,2023-06-11,ACTUAL,24.1,13.4,51,214,5,14.2,60,60.7,54,283,0.6,73,2,3
CLEARWATER HUB,2023-06-12,ACTUAL,29.2,9.8,30,275,5,0,60,87.4,60,291,3.7,79,14,4
CLEARWATER HUB,2023-06-13,ACTUAL,22.3,11.4,50,190,3,0,60,87.7,63,299,3.6,82,14,4
CLEARWATER HUB,2023-06-14,ACTUAL,14.1,6.8,61,177,9,2.6,60,69.2,53,305,1,74,4,3
CLEARWATER HUB,2023-06-15,ACTUAL,21.2,9.8,48,167,5,0,60,82.5,56,312,1.9,78,8,3
CLEARWATER HUB,2023-06-16,ACTUAL,20.5,11.5,56,104,7,0.6,60,84.6,59,319,2.8,80,11,4
CLEARWATER HUB,2023-06-17,ACTUAL,21.3,5.5,36,77,4,0.2,60,88.8,63,326,4.4,85,16,4
CLEARWATER HUB,2023-06-18,ACTUAL,13.9,5.8,58,255,10,8.4,60,54.3,36,308,0.4,55,1,2
CLEARWATER HUB,2023-06-19,ACTUAL,12.9,8.8,76,184,4,4.4,60,41,25,303,0.1,41,0,2
CLEARWATER HUB,2023-06-20,ACTUAL,15.2,10,71,203,6,0.6,60,59.7,26,309,0.5,43,1,2
CLEARWATER HUB,2023-06-21,ACTUAL,13.8,12.3,91,12,0,3.4,60,33.5,20,309,0,34,0,2
CLEARWATER HUB,2023-06-22,ACTUAL,22.3,8,40,269,7,1.8,60,68.8,22,316,0.9,37,2,2
CLEARWATER HUB,2023-06-23,ACTUAL,25.9,9.2,35,125,5,0,60,86.8,26,324,3.5,44,9,3
CLEARWATER HUB,2023-06-24,ACTUAL,24.5,12.8,48,195,10,1,60,85.9,30,332,3.9,49,11,3
CLEARWATER HUB,2023-06-25,ACTUAL,22.3,14,59,93,4,3.2,60,68.9,25,333,0.7,42,1,2
CLEARWATER HUB,2023-06-26,ACTUAL,28.8,13.4,39,228,9,0,60,87.7,30,342,4.7,49,13,3
CLEARWATER HUB,2023-06-27,ACTUAL,28.8,12.6,37,132,6,0,60,90.7,35,350,6.3,56,17,3
CLEARWATER HUB,2023-06-28,ACTUAL,30.9,11.7,31,187,6,0.4,60,92.6,41,359,8.1,64,22,4
CLEARWATER HUB,2023-06-29,ACTUAL,28.8,13.8,40,206,7,0,60,92.3,45,368,8.4,69,23,4
CLEARWATER HUB,2023-06-30,ACTUAL,30.4,9.2,27,180,8,0,60,93.4,52,377,10.1,77,28,4
CLEARWATER HUB,2023-07-01,ACTUAL,27.5,5.7,25,187,9,0,60,93.5,57,386,11.1,83,31,4
CLEARWATER HUB,2023-07-02,ACTUAL,23,2.4,26,207,8,0,60,93.5,61,393,10.3,88,30,4
CLEARWATER HUB,2023-07-03,ACTUAL,26.5,2.4,21,85,7,0,60,94.1,66,402,10.7,93,32,5
CLEARWATER HUB,2023-07-04,ACTUAL,29.5,7.4,25,102,8,0,60,94.2,71,411,11.3,99,34,5
CLEARWATER HUB,2023-07-05,ACTUAL,30,6.6,23,179,6,0,60,94.3,77,420,10.7,105,34,5
CLEARWATER HUB,2023-07-06,ACTUAL,30,5.9,22,97,6,0,60,94.5,83,429,11.2,112,36,5
CLEARWATER HUB,2023-07-07,ACTUAL,29,10.1,31,226,6,0,60,94.1,87,438,10.2,117,34,5
CLEARWATER HUB,2023-07-08,ACTUAL,30.4,10.3,29,218,6,0,60,94.1,93,447,10.6,122,36,5
CLEARWATER HUB,2023-07-09,ACTUAL,33.6,7.5,20,266,8,0,60,95.5,99,457,13.7,129,43,5
CLEARWATER HUB,2023-07-10,ACTUAL,28.5,11.5,35,207,7,0.4,80,93.6,104,466,10.2,133,36,5
CLEARWATER HUB,2023-07-11,ACTUAL,28.7,11.2,34,195,9,0,80,93.4,108,475,10.7,138,38,5
CLEARWATER HUB,2023-07-12,ACTUAL,25.3,10.7,40,154,3,0,80,92.1,112,483,6.8,142,28,5
CLEARWATER HUB,2023-07-13,ACTUAL,24,12,47,77,4,0,80,90.7,115,491,5.8,145,25,5
CLEARWATER HUB,2023-07-14,ACTUAL,20.5,11.8,57,201,4,0,80,88.6,117,498,4.3,148,20,5
CLEARWATER HUB,2023-07-15,ACTUAL,26.6,12.2,41,253,5,0,80,89.8,121,507,5.4,152,24,5
CLEARWATER HUB,2023-07-16,ACTUAL,31.8,8.1,23,154,7,0,80,94.2,127,516,11.3,157,40,5
CLEARWATER HUB,2023-07-17,ACTUAL,25,7.1,32,230,10,0,80,93.3,131,524,11.6,162,41,5
CLEARWATER HUB,2023-07-18,ACTUAL,25,7.5,33,199,9,0.2,80,93,135,533,10.1,166,38,5
CLEARWATER HUB,2023-07-19,ACTUAL,31.5,7.2,22,204,6,0,80,94.6,141,542,10.9,171,40,5
CLEARWATER HUB,2023-07-20,ACTUAL,33.9,8.5,21,157,6,0,80,95.4,148,552,12.2,177,43,5
CLEARWATER HUB,2023-07-21,ACTUAL,31.1,10.4,28,198,5,0,80,95,153,561,11.2,182,41,5
CLEARWATER HUB,2023-07-22,ACTUAL,31.5,7.2,22,238,12,0,80,95.1,159,570,15.9,188,52,5
CLEARWATER HUB,2023-07-23,ACTUAL,29.5,1.9,17,244,8,0,80,95.6,165,579,14,193,48,5
CLEARWATER HUB,2023-07-24,ACTUAL,26.3,6.8,29,175,5,0,80,94.4,170,588,10.1,197,39,5
CLEARWATER HUB,2023-07-25,ACTUAL,18.8,9.6,55,191,5,1.4,80,81.6,172,595,1.8,200,11,4
CLEARWATER HUB,2023-07-26,ACTUAL,17.5,11.8,69,357,5,5.2,80,54.7,86,576,0.4,125,2,3
CLEARWATER HUB,2023-07-27,ACTUAL,20.5,11.8,57,344,5,0,80,74.8,88,584,1,127,6,3
CLEARWATER HUB,2023-07-28,ACTUAL,27,8.3,31,88,6,0,80,89.3,92,592,5.2,133,23,5
CLEARWATER HUB,2023-07-29,ACTUAL,29.5,9.5,29,125,6,0,80,92.5,97,601,8.4,139,32,5
CLEARWATER HUB,2023-07-30,MANUAL,29,9.1,29,145,6,0,80,92.8,102,610,8.7,144,33,5
CLEARWATER HUB,2023-07-31,ACTUAL,28.7,7.2,26,147,9,0,80,93.4,108,619,10.7,150,39,5
CLEARWATER HUB,2023-08-01,ACTUAL,29,6.3,24,170,7,0,80,93.9,112,627,10.4,155,38,5
CLEARWATER HUB,2023-08-02,ACTUAL,28.8,7.3,26,171,6,0,90,93.9,117,635,9.9,160,37,5
CLEARWATER HUB,2023-08-03,ACTUAL,28.5,7.1,26,83,5,0,90,94,121,643,9.8,165,37,5
CLEARWATER HUB,2023-08-04,ACTUAL,31,3.1,17,125,8,0,90,95.7,127,652,13.9,171,47,5
CLEARWATER HUB,2023-08-05,ACTUAL,29.9,5.9,22,346,7,0,90,95.8,132,660,13.4,176,46,5
CLEARWATER HUB,2023-08-06,ACTUAL,30.6,5.8,21,302,7,0,90,95.8,137,669,13.6,181,47,5
CLEARWATER HUB,2023-08-07,ACTUAL,30.9,11.2,30,156,9,0,90,94.7,142,678,13.3,186,46,5
CLEARWATER HUB,2023-08-08,ACTUAL,25.1,12,44,5,5,0,90,91.8,145,685,7.2,189,31,5
CLEARWATER HUB,2023-08-09,ACTUAL,21.2,18,82,45,4,32.8,90,34.3,58,478,0,89,0,2
CLEARWATER HUB,2023-08-10,ACTUAL,21.8,12.4,55,156,5,9,90,50,33,446,0.2,56,0,2
CLEARWATER HUB,2023-08-11,ACTUAL,22,10.5,48,78,4,0,90,75.5,35,453,1,59,3,3
CLEARWATER HUB,2023-08-12,ACTUAL,24.9,12.5,46,59,4,0,90,85.6,38,461,2.8,63,9,3
CLEARWATER HUB,2023-08-13,ACTUAL,29,10.6,32,65,6,0,90,91.4,43,469,7.2,69,21,4
CLEARWATER HUB,2023-08-14,ACTUAL,29.8,12.6,35,323,5,0,90,91.7,47,477,7.1,75,22,4
CLEARWATER HUB,2023-08-15,ACTUAL,30.2,13.9,37,159,6,0,90,91.8,51,486,7.6,80,23,4
CLEARWATER HUB,2023-08-16,ACTUAL,31.2,6.3,21,147,7,0,90,94.7,56,494,11.7,87,33,5
CLEARWATER HUB,2023-08-17,ACTUAL,27.5,12.3,39,311,6,0,90,92.7,60,502,8.6,92,27,4
CLEARWATER HUB,2023-08-18,ACTUAL,20.2,2.9,32,277,19,0,90,92.4,63,509,15.2,96,41,5
CLEARWATER HUB,2023-08-19,ACTUAL,22.6,3.6,29,118,8,0,90,92.4,66,516,8.9,100,29,4
CLEARWATER HUB,2023-08-20,ACTUAL,23.8,4.6,29,346,5,0,90,92.5,70,523,7.9,105,28,4
CLEARWATER HUB,2023-08-21,ACTUAL,21,7.5,42,246,3,0,90,91.2,72,530,5.9,108,23,4
CLEARWATER HUB,2023-08-22,ACTUAL,18.1,14.6,80,206,3,1.2,90,77.5,73,536,1.1,109,6,3
CLEARWATER HUB,2023-08-23,MANUAL,15.5,8.3,62,222,8,6,90,55.1,46,515,0.4,75,1,2
CLEARWATER HUB,2023-08-24,ACTUAL,21.2,10.4,50,199,8,0,90,78.2,48,522,1.4,79,6,3
CLEARWATER HUB,2023-08-25,MANUAL,20.2,11.8,58,202,5,0,90,83.5,50,529,2.2,81,9,4
CLEARWATER HUB,2023-08-26,MANUAL,24.8,11,42,176,4,0,90,88.3,53,536,4.1,85,15,4
CLEARWATER HUB,2023-08-27,MANUAL,27.6,8.9,31,77,4,0,90,91.6,57,544,6.6,91,23,4
CLEARWATER HUB,2023-08-28,ACTUAL,27.8,8.1,29,117,4,0,90,92.5,62,552,7.6,96,26,4
CLEARWATER HUB,2023-08-29,ACTUAL,24.5,10.3,41,218,6,0,90,91.6,65,560,7.3,100,25,4
CLEARWATER HUB,2023-08-30,ACTUAL,21.1,12.1,56,198,10,0,90,88.8,67,566,6,103,23,4
CLEARWATER HUB,2023-08-31,ACTUAL,13.9,13.6,98,213,8,10.6,90,22.4,34,515,0,58,0,2
CLEARWATER HUB,2023-09-01,ACTUAL,20,12.6,62,307,7,2.8,90,50.6,29,520,0.2,50,0,2
CLEARWATER HUB,2023-09-02,ACTUAL,21.9,13.1,57,200,6,0,90,74.2,30,526,1,53,3,3
CLEARWATER HUB,2023-09-03,ACTUAL,16.4,14.7,90,348,3,0.2,90,75.3,31,531,0.9,53,3,3
CLEARWATER HUB,2023-09-04,ACTUAL,18.9,11.6,62,144,4,1,90,77.3,32,536,1.1,56,3,3
CLEARWATER HUB,2023-09-05,ACTUAL,18.5,9.1,54,345,3,0,90,83.1,34,541,1.9,58,6,3
CLEARWATER HUB,2023-09-06,ACTUAL,19.9,7.2,44,349,6,0.8,90,85.1,36,546,2.9,61,10,3
CLEARWATER HUB,2023-09-07,ACTUAL,17.6,9.6,59,19,4,0.2,90,85.4,37,551,2.8,63,9,3
CLEARWATER HUB,2023-09-08,ACTUAL,22.8,6,34,18,6,0,90,89.7,40,557,5.5,68,17,3
CLEARWATER HUB,2023-09-09,ACTUAL,23.1,5.4,32,176,6,0,90,91,43,563,6.6,72,20,4
CLEARWATER HUB,2023-09-10,ACTUAL,24.5,7.1,33,234,4,0,90,91.2,46,569,6.4,76,20,4
CLEARWATER HUB,2023-09-11,ACTUAL,21.3,8.9,45,109,3,0,90,90.4,48,574,5.3,79,18,4
CLEARWATER HUB,2023-09-12,ACTUAL,20.9,9.8,49,179,4,0,90,89.6,50,580,4.9,82,17,4
CLEARWATER HUB,2023-09-13,ACTUAL,22.8,4.2,30,300,8,1.6,90,86.2,51,585,3.7,84,14,4
CLEARWATER HUB,2023-09-14,ACTUAL,20.6,4.9,36,278,4,0,90,89.1,53,591,4.7,87,17,4
CLEARWATER HUB,2023-09-15,ACTUAL,22.2,5.9,35,115,6,0,90,90.2,56,597,6,91,21,4
CLEARWATER HUB,2023-09-16,ACTUAL,22,4.4,32,234,5,0,90,90.9,59,602,6.3,95,22,4
CLEARWATER HUB,2023-09-17,ACTUAL,24.6,2,23,176,6,0,90,93,62,608,9,99,29,4
CLEARWATER HUB,2023-09-18,ACTUAL,18.4,2.1,34,121,6,2.2,90,80.3,57,613,1.6,92,7,3
CLEARWATER HUB,2023-09-19,ACTUAL,8.5,7.4,93,11,2,2.4,90,51.4,48,617,0.2,81,0,2
CLEARWATER HUB,2023-09-20,ACTUAL,14.3,5.7,56,138,7,1,90,67.7,49,621,0.8,82,3,3
CLEARWATER HUB,2023-09-21,ACTUAL,16.6,5.5,48,76,5,0,90,80.3,51,626,1.5,85,7,3
CLEARWATER HUB,2023-09-22,ACTUAL,16.9,5.5,47,56,4,0,90,84.9,53,630,2.5,87,11,4
CLEARWATER HUB,2023-09-23,ACTUAL,14.6,10.5,76,163,11,2.4,90,66.1,45,635,1,77,4,3
CLEARWATER HUB,2023-09-24,ACTUAL,15.3,7.1,58,195,5,8.6,90,47.5,26,586,0.2,46,0,2
CLEARWATER HUB,2023-09-25,ACTUAL,15.8,12,78,241,7,0.2,90,62.7,26,591,0.7,47,1,3
CLEARWATER HUB,2023-09-26,ACTUAL,18.6,9.4,55,139,5,8.2,90,52.4,15,551,0.3,29,0,2
CLEARWATER HUB,2023-09-27,ACTUAL,16.5,6,50,297,7,0,90,73.8,17,556,1,32,2,2
CLEARWATER HUB,2023-09-28,ACTUAL,14.6,9,69,113,6,8,90,45.5,10,520,0.1,19,0,1
CLEARWATER HUB,2023-09-29,ACTUAL,13.5,6.4,62,254,4,3.6,90,48,7,511,0.2,14,0,1
CLEARWATER HUB,2023-09-30,ACTUAL,14.8,5.6,54,35,6,0.2,90,69.4,9,516,0.8,16,1,1
CLEARWATER HUB,2023-10-01,ACTUAL,12.3,5.5,63,311,5,0,90,77,9,519,1.1,18,1,1
CLEARWATER HUB,2023-10-02,ACTUAL,11.1,10,93,119,3,0.4,90,77.1,9,521,1,18,1,1
CLEARWATER HUB,2023-10-03,ACTUAL,14.5,9.6,72,103,5,2,90,65.5,8,525,0.7,16,1,1
CLEARWATER HUB,2023-10-04,ACTUAL,17.8,3.2,38,253,14,6.8,90,65.7,6,498,1.1,12,1,1
CLEARWATER HUB,2023-10-05,ACTUAL,14.4,7,61,327,5,0,90,76.1,7,501,1,13,1,1
CLEARWATER HUB,2023-10-06,ACTUAL,14.6,7,60,194,5,0,90,81.2,8,505,1.7,15,2,2
CLEARWATER HUB,2023-10-07,ACTUAL,13.6,8.9,73,194,4,0,90,81.8,8,508,1.7,16,2,2
CLEARWATER HUB,2023-10-08,ACTUAL,15.2,9.4,68,204,3,0.2,90,82.7,9,511,1.8,18,3,2
CLEARWATER HUB,2023-10-09,ACTUAL,16.5,11.1,70,127,3,0,90,83.1,10,515,1.9,19,3,2
CLEARWATER HUB,2023-10-10,ACTUAL,13.1,13.1,100,202,3,6.4,90,25.4,5,490,0,10,0,1
CLEARWATER HUB,2023-10-11,ACTUAL,14.5,9,69,143,5,0.8,90,48.1,6,493,0.2,12,0,1
CLEARWATER HUB,2023-10-12,ACTUAL,9.7,7,83,173,2,0,90,56,6,496,0.3,12,0,1
CLEARWATER HUB,2023-10-13,ACTUAL,9.9,6.6,80,210,6,0.2,90,64.9,7,498,0.7,13,0,1
CLEARWATER HUB,2023-10-14,ACTUAL,12.9,8.6,75,104,2,0,90,71.3,7,501,0.7,14,1,1
CLEARWATER HUB,2023-10-15,ACTUAL,17.7,7.7,52,246,4,0.2,90,81,9,505,1.5,16,2,2
CLEARWATER HUB,2023-10-16,ACTUAL,11.9,10,88,279,3,1.6,90,64.2,8,508,0.6,16,0,1
CLEARWATER HUB,2023-10-17,ACTUAL,14.4,4.1,50,175,3,4.4,90,55.2,6,495,0.3,11,0,1
CLEARWATER HUB,2023-10-18,ACTUAL,10.7,10.2,97,78,2,3.8,90,27.8,3,485,0,6,0,1
CLEARWATER HUB,2023-10-19,ACTUAL,14.6,12.1,85,67,2,0.4,90,40.1,4,488,0,7,0,1
CLEARWATER HUB,2023-10-20,ACTUAL,16.9,4.8,45,108,4,0.8,90,66.6,5,492,0.7,10,0,1
CLEARWATER HUB,2023-10-21,ACTUAL,10.7,4.4,65,358,4,0,90,74.4,6,495,0.9,11,1,1
CLEARWATER HUB,2023-10-22,ACTUAL,8.2,3.3,71,33,6,0.2,90,77.8,6,497,1.2,12,1,1
CLEARWATER HUB,2023-10-23,ACTUAL,7.5,1.8,67,284,4,0,90,79.9,7,499,1.4,13,1,1
CLEARWATER HUB,2023-10-24,ACTUAL,5.6,-5.2,46,92,5,0,90,83,7,501,2.1,14,2,2
CLEARWATER HUB,2023-10-25,ACTUAL,3,-8.8,42,93,4,0,90,84.5,7,502,2.4,14,3,2
CLEARWATER HUB,2023-10-26,ACTUAL,3.1,-9.3,40,158,5,0,90,85.5,8,503,2.8,15,4,2
CLEARWATER HUB,2023-10-27,ACTUAL,2.9,-10.2,38,70,5,0,90,86.2,8,504,3.1,16,4,2
CLEARWATER HUB,2023-10-28,ACTUAL,2.1,-9.9,41,265,5,0,90,86.2,9,506,3.2,16,5,2
CLEARWATER HUB,2023-10-29,ACTUAL,1.8,-8.4,47,202,4,0,90,86.3,9,507,3.1,17,5,2
CLEARWATER HUB,2023-10-30,ACTUAL,0.8,-5,65,136,3,0,90,84.9,9,507,2.4,17,3,2
CLEARWATER HUB,2023-10-31,ACTUAL,1,-5.4,62,266,6,0,90,84.4,9,508,2.6,17,4,2
COLDSCAUR LAKE,2023-05-01,ACTUAL,13.2,7.9,70,327,11,1.2,,,,,,,,
COLDSCAUR LAKE,2023-05-02,ACTUAL,17.5,7.6,52,305,12,0.4,,,,,,,,
COLDSCAUR LAKE,2023-05-03,ACTUAL,23.3,6.9,35,136,10,0,,,,,,,,
COLDSCAUR LAKE,2023-05-04,ACTUAL,25.1,6.2,30,120,7,0,,85,6,15,3,6,2,
COLDSCAUR LAKE,2023-05-05,ACTUAL,23.8,2,24,111,13,0,,92,11,22,10.9,11,11,2
COLDSCAUR LAKE,2023-05-06,ACTUAL,9,8.7,98,30,6,5.8,,31.9,6,18,0,7,0,1
COLDSCAUR LAKE,2023-05-07,ACTUAL,7.4,6.8,96,192,5,12.4,,8.9,3,4,0,2,0,1
COLDSCAUR LAKE,2023-05-08,ACTUAL,13.1,4,54,248,6,3.2,,38.2,3,6,0,3,0,1
COLDSCAUR LAKE,2023-05-09,ACTUAL,14,4.9,54,343,7,0.2,,64.3,5,11,0.7,5,0,1
COLDSCAUR LAKE,2023-05-10,ACTUAL,16.9,5.2,46,136,9,13,,54.5,4,5,0.4,4,0,1
COLDSCAUR LAKE,2023-05-11,ACTUAL,18.1,2.7,36,141,11,0,,80,8,11,2,7,1,1
COLDSCAUR LAKE,2023-05-12,ACTUAL,21,-0.4,24,181,13,0,,90.4,12,17,8.7,12,10,2
COLDSCAUR LAKE,2023-05-13,ACTUAL,24.7,1.5,22,120,12,0,,93.3,17,24,12.3,17,15,2
COLDSCAUR LAKE,2023-05-14,ACTUAL,28,-4.2,12,146,10,0,,96.3,24,32,17.4,24,23,2
COLDSCAUR LAKE,2023-05-15,ACTUAL,28.4,-0.8,15,272,5,0,,96.4,31,39,13.7,30,22,2
COLDSCAUR LAKE,2023-05-16,ACTUAL,29,3.8,20,312,11,0,,96.2,37,47,17.4,37,28,3
COLDSCAUR LAKE,2023-05-17,ACTUAL,23.8,7.3,35,340,9,0,,93.3,41,53,10.6,41,21,2
COLDSCAUR LAKE,2023-05-18,ACTUAL,23.4,1.6,24,130,10,0,,93.4,46,60,11.2,46,23,2
COLDSCAUR LAKE,2023-05-19,ACTUAL,22.4,7.3,38,318,5,0.2,,92.1,50,66,7.4,50,18,3
COLDSCAUR LAKE,2023-05-20,ACTUAL,25.3,4.3,26,119,12,0,,92.8,55,73,11.5,55,26,3
COLDSCAUR LAKE,2023-05-21,ACTUAL,20,9.6,51,159,10,0,,89.7,58,79,6.9,57,18,3
COLDSCAUR LAKE,2023-05-22,ACTUAL,9.8,6.5,80,314,12,6.4,,45.9,35,74,0.2,35,0,1
COLDSCAUR LAKE,2023-05-23,ACTUAL,7.6,6.7,94,317,4,16,,12.3,14,50,0,17,0,1
COLDSCAUR LAKE,2023-05-24,ACTUAL,10.5,6.1,74,329,6,4.2,,27.4,10,50,0,13,0,1
COLDSCAUR LAKE,2023-05-25,ACTUAL,18.9,3.8,37,27,6,0,,66.6,13,55,0.8,17,1,1
COLDSCAUR LAKE,2023-05-26,ACTUAL,23,1.8,25,172,10,0.2,,87.9,18,62,5.2,21,8,2
COLDSCAUR LAKE,2023-05-27,ACTUAL,20.3,4.6,36,103,11,0,,89.6,22,68,7,24,12,2
COLDSCAUR LAKE,2023-05-28,ACTUAL,20.3,0.1,26,306,10,0,,91.6,26,74,8.9,28,15,2
COLDSCAUR LAKE,2023-05-29,ACTUAL,19.8,2.9,33,352,11,0,,91.6,30,80,9.6,31,17,2
COLDSCAUR LAKE,2023-05-30,ACTUAL,16.8,1.1,35,323,7,0,,91.3,33,86,7.5,33,15,2
COLDSCAUR LAKE,2023-05-31,ACTUAL,15.1,-0.4,35,272,7,0,,91,35,91,7.1,36,15,2
COLDSCAUR LAKE,2023-06-01,ACTUAL,18.8,-1.2,26,334,7,0,,91.6,39,97,7.6,39,16,2
COLDSCAUR LAKE,2023-06-02,ACTUAL,23.1,0.2,22,146,10,0,,93.2,44,105,11.2,44,23,2
COLDSCAUR LAKE,2023-06-03,ACTUAL,23,-1.2,20,182,12,0,,93.8,49,113,13.4,49,27,3
COLDSCAUR LAKE,2023-06-04,ACTUAL,18,0.5,31,305,9,0,,92.7,53,119,9.8,53,22,3
COLDSCAUR LAKE,2023-06-05,ACTUAL,14.6,-2,32,285,9,0,,91.8,56,125,8.9,56,22,3
COLDSCAUR LAKE,2023-06-06,ACTUAL,21.2,-5.7,16,288,9,0,,94.1,61,132,12.1,60,28,3
COLDSCAUR LAKE,2023-06-07,ACTUAL,26.9,-6.2,11,88,6,0,,96.4,67,141,14.3,67,33,3
COLDSCAUR LAKE,2023-06-08,ACTUAL,30.2,-3.7,11,139,11,0,,97.1,74,150,19.7,74,43,4
COLDSCAUR LAKE,2023-06-09,ACTUAL,29,8,27,323,9,0,,95.3,80,158,14.5,80,36,3
COLDSCAUR LAKE,2023-06-10,ACTUAL,21.1,11.5,54,157,6,1.2,,84.2,83,165,2.6,83,11,2
COLDSCAUR LAKE,2023-06-11,ACTUAL,19.3,11.7,61,285,8,6.4,,59.7,52,160,0.6,57,1,2
COLDSCAUR LAKE,2023-06-12,ACTUAL,26.4,6.8,29,321,10,0,,87.3,57,169,4.8,62,14,2
COLDSCAUR LAKE,2023-06-13,ACTUAL,17.5,11.4,67,320,7,0,,86,58,175,3.5,64,11,2
COLDSCAUR LAKE,2023-06-14,ACTUAL,6.7,5.9,95,327,7,8.4,,26.9,32,163,0,43,0,1
COLDSCAUR LAKE,2023-06-15,ACTUAL,19.3,1.6,31,331,8,0,,69.8,36,170,0.9,47,2,1
COLDSCAUR LAKE,2023-06-16,ACTUAL,15.8,8.6,62,152,15,0.6,,79.1,37,176,2.2,49,6,2
COLDSCAUR LAKE,2023-06-17,ACTUAL,15.4,2.5,42,283,5,6.8,,58.2,24,169,0.5,35,1,1
COLDSCAUR LAKE,2023-06-18,ACTUAL,8.1,4.9,80,299,9,4.2,,41.5,17,167,0.1,27,0,1
COLDSCAUR LAKE,2023-06-19,ACTUAL,8.8,7.4,91,329,9,5.4,,24.7,10,163,0,18,0,1
COLDSCAUR LAKE,2023-06-20,ACTUAL,11.9,6.9,71,250,6,1.2,,43.6,11,168,0.1,19,0,1
COLDSCAUR LAKE,2023-06-21,ACTUAL,9.7,8.3,91,158,6,1.6,,41.3,11,173,0.1,18,0,1
COLDSCAUR LAKE,2023-06-22,ACTUAL,19,5,40,137,8,1.8,,68.5,13,180,0.9,21,1,1
COLDSCAUR LAKE,2023-06-23,ACTUAL,23.4,4.7,30,293,7,0,,87,17,188,3.9,28,8,2
COLDSCAUR LAKE,2023-06-24,ACTUAL,16.6,10.5,67,144,11,7.2,,55.2,11,180,0.5,19,0,1
COLDSCAUR LAKE,2023-06-25,ACTUAL,18.5,10.2,58,328,4,3,,59.1,10,183,0.5,17,0,1
COLDSCAUR LAKE,2023-06-26,ACTUAL,26.3,7.3,30,267,8,0,,86.6,15,191,4,25,7,2
COLDSCAUR LAKE,2023-06-27,ACTUAL,26.7,8.1,31,316,8,0,,91.3,20,199,7.7,32,14,2
COLDSCAUR LAKE,2023-06-28,ACTUAL,24.2,9.3,39,244,6,0,,91.3,24,207,6.9,37,14,2
COLDSCAUR LAKE,2023-06-29,ACTUAL,23.9,11.6,46,231,6,3,,77,22,210,1.2,35,2,1
COLDSCAUR LAKE,2023-06-30,ACTUAL,24.3,7.8,35,301,7,0,,88.2,26,218,4.6,40,11,2
COLDSCAUR LAKE,2023-07-01,ACTUAL,19.2,3.3,35,316,8,0,,89.6,29,225,6,44,14,2
COLDSCAUR LAKE,2023-07-02,ACTUAL,16.6,0.5,34,275,9,0,,89.7,32,232,6.4,48,16,2
COLDSCAUR LAKE,2023-07-03,ACTUAL,20.7,3.3,32,281,10,0,,90.6,36,239,7.8,52,19,3
COLDSCAUR LAKE,2023-07-04,ACTUAL,22.9,5.7,33,283,7,0,,91,39,247,7,56,18,3
COLDSCAUR LAKE,2023-07-05,ACTUAL,24.2,1.7,23,27,6,0,,93,44,255,8.8,61,22,3
COLDSCAUR LAKE,2023-07-06,ACTUAL,26.7,3.8,23,264,7,0,,93.7,49,264,10.1,67,26,3
COLDSCAUR LAKE,2023-07-07,ACTUAL,27.6,6.8,27,221,6,0.2,,93.7,54,273,9.6,72,26,3
COLDSCAUR LAKE,2023-07-08,ACTUAL,28.4,7.5,27,292,8,0,,93.8,59,281,11.1,77,30,3
COLDSCAUR LAKE,2023-07-09,ACTUAL,30.7,3.7,18,186,11,0,,95.4,65,291,15.9,83,39,4
COLDSCAUR LAKE,2023-07-10,ACTUAL,25.2,10.2,39,324,8,0,,92.6,69,299,9.3,87,28,4
COLDSCAUR LAKE,2023-07-11,ACTUAL,23.8,10.1,42,308,11,0,,91.3,72,307,9,91,28,4
COLDSCAUR LAKE,2023-07-12,ACTUAL,25.2,11.7,43,299,9,0,,91.1,76,315,7.9,95,26,3
COLDSCAUR LAKE,2023-07-13,ACTUAL,19.7,9.3,51,320,8,0.6,,88.5,78,322,5.3,97,20,3
COLDSCAUR LAKE,2023-07-14,ACTUAL,21.5,8.7,44,212,3,0,,88.7,81,330,4.2,100,17,3
COLDSCAUR LAKE,2023-07-15,ACTUAL,23.9,13.2,51,329,8,0,,88.7,84,338,5.3,104,21,3
COLDSCAUR LAKE,2023-07-16,ACTUAL,26.5,5.9,27,197,13,0,,92.4,89,346,11.4,108,36,4
COLDSCAUR LAKE,2023-07-17,ACTUAL,19,8.4,50,317,12,0,,89.6,91,353,7.3,111,27,3
COLDSCAUR LAKE,2023-07-18,ACTUAL,19.2,5.9,42,288,7,1.8,,80.7,85,361,1.7,107,9,3
COLDSCAUR LAKE,2023-07-19,ACTUAL,23.6,6.7,34,314,5,0,,88.8,89,369,4.7,111,20,3
COLDSCAUR LAKE,2023-07-20,ACTUAL,29.5,4.9,21,133,8,0,,94.1,95,378,11.5,117,37,4
COLDSCAUR LAKE,2023-07-21,ACTUAL,28,7.7,28,93,7,0,,94.2,100,386,10.8,121,36,4
COLDSCAUR LAKE,2023-07-22,ACTUAL,25.5,4,25,245,9,0.6,,92.9,105,395,10.2,126,35,4
COLDSCAUR LAKE,2023-07-23,ACTUAL,24.6,3.2,25,171,11,0,,93,109,403,11.3,130,38,5
COLDSCAUR LAKE,2023-07-24,ACTUAL,20.2,8.8,48,311,10,0,,90.2,112,410,7.2,133,28,4
COLDSCAUR LAKE,2023-07-25,ACTUAL,16.1,5.1,48,143,13,1.4,,82,114,417,2.8,135,14,3
COLDSCAUR LAKE,2023-07-26,ACTUAL,14.4,8.9,69,350,7,11.8,,44.6,56,378,0.1,82,0,2
COLDSCAUR LAKE,2023-07-27,ACTUAL,19.3,8.3,49,295,10,0,,73.9,59,385,1.2,85,5,2
COLDSCAUR LAKE,2023-07-28,ACTUAL,19.2,9.4,53,245,5,0,,82.5,61,392,1.9,88,9,3
COLDSCAUR LAKE,2023-07-29,ACTUAL,25.5,5.6,28,171,9,0.6,,90.6,66,401,7.2,93,24,3
COLDSCAUR LAKE,2023-07-30,ACTUAL,21.7,8.2,42,310,5,0,,90.6,69,408,6,97,22,3
COLDSCAUR LAKE,2023-07-31,ACTUAL,19.6,6.6,43,328,5,0,,90.3,71,416,5.7,100,21,3
COLDSCAUR LAKE,2023-08-01,ACTUAL,23.5,6.6,34,294,8,0,,90.8,75,423,7.3,104,26,3
COLDSCAUR LAKE,2023-08-02,ACTUAL,20.7,8.3,45,314,9,0,,90.2,77,429,6.8,107,25,3
COLDSCAUR LAKE,2023-08-03,ACTUAL,22.7,3.2,28,284,9,0,,91.7,81,437,8.5,110,29,4
COLDSCAUR LAKE,2023-08-04,ACTUAL,26.2,2.1,21,280,10,0,,93.9,85,444,12.4,115,39,4
COLDSCAUR LAKE,2023-08-05,ACTUAL,27.7,4.6,23,311,7,0,,93.9,90,452,10.6,120,35,4
COLDSCAUR LAKE,2023-08-06,ACTUAL,29.8,2.1,17,304,9,0,,95.5,95,461,14.9,125,45,5
COLDSCAUR LAKE,2023-08-07,ACTUAL,24.5,10.7,42,325,9,0,,92.1,98,468,8.9,129,32,4
COLDSCAUR LAKE,2023-08-08,ACTUAL,21.6,9.1,45,124,6,0,,90.6,101,475,6.3,132,26,4
COLDSCAUR LAKE,2023-08-09,ACTUAL,15.9,13.6,86,159,6,20.8,,31.2,46,389,0,71,0,2
COLDSCAUR LAKE,2023-08-10,ACTUAL,17,9.7,62,299,9,12.4,,42.5,23,351,0.1,40,0,1
COLDSCAUR LAKE,2023-08-11,ACTUAL,18.5,9.9,57,304,6,0,,68,25,357,0.8,42,2,1
COLDSCAUR LAKE,2023-08-12,ACTUAL,22.3,8.7,42,295,13,0,,85,28,364,4.1,47,11,2
COLDSCAUR LAKE,2023-08-13,ACTUAL,26.2,9.9,36,281,8,0,,90.1,31,372,6.4,52,16,2
COLDSCAUR LAKE,2023-08-14,ACTUAL,27.6,12.4,39,286,10,0,,90.6,35,380,7.6,57,19,3
COLDSCAUR LAKE,2023-08-15,ACTUAL,29,11.5,34,289,10,0,,91.7,39,388,8.8,62,23,3
COLDSCAUR LAKE,2023-08-16,ACTUAL,25.2,5.8,29,297,11,0,,92.2,43,395,10,67,26,3
COLDSCAUR LAKE,2023-08-17,ACTUAL,25.8,11.5,41,199,7,0,,91.7,46,403,7.6,72,22,3
COLDSCAUR LAKE,2023-08-18,ACTUAL,15.8,3.2,43,309,13,0,,90.1,48,409,8.3,74,24,3
COLDSCAUR LAKE,2023-08-19,ACTUAL,18.5,2.6,35,242,7,0,,90.2,51,415,6.2,78,20,3
COLDSCAUR LAKE,2023-08-20,ACTUAL,21.4,-1.9,21,186,7,0,,92.8,54,422,9,82,27,3
COLDSCAUR LAKE,2023-08-21,ACTUAL,21.6,3.2,30,166,7,0,,92.8,58,429,9,86,27,4
COLDSCAUR LAKE,2023-08-22,ACTUAL,19.8,10.8,56,135,9,0,,89,60,436,5.9,89,21,3
COLDSCAUR LAKE,2023-08-23,ACTUAL,9.4,6.5,82,158,8,6,,43.6,37,419,0.1,61,0,2
COLDSCAUR LAKE,2023-08-24,ACTUAL,15.7,7.5,58,131,5,0.2,,66.1,38,425,0.7,63,2,2
COLDSCAUR LAKE,2023-08-25,ACTUAL,19.3,8,48,160,7,0,,81.2,41,431,1.9,66,7,2
COLDSCAUR LAKE,2023-08-26,ACTUAL,23,8.6,40,321,7,0,,87.9,44,439,4.4,70,14,2
COLDSCAUR LAKE,2023-08-27,ACTUAL,26.7,6.1,27,215,7,0,,92.2,48,446,8.4,75,24,3
COLDSCAUR LAKE,2023-08-28,ACTUAL,29.9,3,18,277,9,0,,95.2,53,455,13.9,82,36,3
COLDSCAUR LAKE,2023-08-29,ACTUAL,21.8,8.6,43,321,11,0,,91.5,56,462,9.3,86,28,3
COLDSCAUR LAKE,2023-08-30,ACTUAL,15.3,10.1,71,336,11,0,,86.2,57,468,4.2,87,16,3
COLDSCAUR LAKE,2023-08-31,ACTUAL,11.1,10.1,94,172,4,1.2,,71.4,57,473,0.8,87,3,2
COLDSCAUR LAKE,2023-09-01,ACTUAL,16.8,11.4,70,307,7,5.6,,51.4,37,456,0.3,61,1,2
COLDSCAUR LAKE,2023-09-02,ACTUAL,22.7,8.3,40,269,5,0,,79,39,462,1.3,65,5,2
COLDSCAUR LAKE,2023-09-03,ACTUAL,12.5,6.8,68,304,5,0,,81.2,40,466,1.7,66,6,2
COLDSCAUR LAKE,2023-09-04,ACTUAL,16.8,8.6,58,319,10,0.2,,84.1,41,471,3.1,68,11,2
COLDSCAUR LAKE,2023-09-05,ACTUAL,12.1,7.1,71,330,5,0,,84.1,42,474,2.4,69,9,2
COLDSCAUR LAKE,2023-09-06,ACTUAL,13.2,7.9,70,188,6,0,,84.1,43,479,2.5,70,9,2
COLDSCAUR LAKE,2023-09-07,ACTUAL,15.4,5.6,52,294,6,0.2,,85.6,44,483,3,72,11,2
COLDSCAUR LAKE,2023-09-08,ACTUAL,20.9,1.6,28,264,8,0,,90.5,47,489,7,76,21,3
COLDSCAUR LAKE,2023-09-09,ACTUAL,23.8,2.5,25,176,7,0,,92.5,50,495,8.5,80,25,3
COLDSCAUR LAKE,2023-09-10,ACTUAL,24.5,3.7,26,164,12,0,,92.7,54,501,11.7,85,32,3
COLDSCAUR LAKE,2023-09-11,ACTUAL,19.2,4.4,38,335,8,0,,91.5,56,506,8,88,25,3
COLDSCAUR LAKE,2023-09-12,ACTUAL,16.9,7.8,55,153,7,0,,88.7,58,511,5.1,90,19,3
COLDSCAUR LAKE,2023-09-13,ACTUAL,16.5,3.5,42,314,12,1,,85.2,59,515,3.8,92,15,3
COLDSCAUR LAKE,2023-09-14,ACTUAL,20.4,2.6,31,175,9,0,,89.8,62,521,6.6,96,23,3
COLDSCAUR LAKE,2023-09-15,ACTUAL,23.5,1.7,24,135,10,0,,92.5,65,527,10.2,100,32,4
COLDSCAUR LAKE,2023-09-16,ACTUAL,23.7,-0.6,20,121,14,0,,93.8,69,532,14.7,104,41,4
COLDSCAUR LAKE,2023-09-17,ACTUAL,19.4,-0.7,26,228,8,0,,93.5,72,538,10.5,107,34,4
COLDSCAUR LAKE,2023-09-18,ACTUAL,12.7,0.4,43,274,9,4,,67.5,52,526,0.9,83,4,2
COLDSCAUR LAKE,2023-09-19,ACTUAL,5.7,4.5,92,150,6,2.2,,48.4,45,529,0.2,75,0,2
COLDSCAUR LAKE,2023-09-20,ACTUAL,8.2,4.8,79,314,6,3.2,,41.1,35,522,0.1,61,0,2
COLDSCAUR LAKE,2023-09-21,ACTUAL,15.6,3,43,276,8,0.2,,70.4,37,527,1,63,3,2
COLDSCAUR LAKE,2023-09-22,ACTUAL,18.4,2.1,34,156,11,0,,85.3,39,532,3.7,66,12,2
COLDSCAUR LAKE,2023-09-23,ACTUAL,11.9,8.6,80,137,9,0.2,,83,40,536,2.5,67,9,2
COLDSCAUR LAKE,2023-09-24,ACTUAL,13,2.8,50,160,11,4.6,,62.6,28,521,0.8,50,2,2
COLDSCAUR LAKE,2023-09-25,ACTUAL,11,8.4,84,151,10,0.4,,69.1,28,525,1,50,3,2
COLDSCAUR LAKE,2023-09-26,ACTUAL,12.5,4,56,139,12,7.6,,52.5,16,493,0.4,30,0,1
COLDSCAUR LAKE,2023-09-27,ACTUAL,11.3,4.1,61,149,6,0,,68.4,17,497,0.8,32,1,1
COLDSCAUR LAKE,2023-09-28,ACTUAL,9.6,7.5,87,190,5,15.2,,24.4,8,430,0,15,0,1
COLDSCAUR LAKE,2023-09-29,ACTUAL,7.4,4.2,80,318,6,11.2,,20.1,4,389,0,7,0,1
COLDSCAUR LAKE,2023-09-30,ACTUAL,9.9,4.3,68,303,10,0,,45.3,4,393,0.1,9,0,1
COLDSCAUR LAKE,2023-10-01,ACTUAL,14.3,2.1,44,237,5,0,,69.7,6,396,0.8,11,1,1
COLDSCAUR LAKE,2023-10-02,ACTUAL,10.6,4.6,66,164,9,0.8,,74.1,6,398,1.1,12,1,1
COLDSCAUR LAKE,2023-10-03,ACTUAL,10.3,7,80,335,7,1.2,,68.7,7,401,0.9,13,1,1
COLDSCAUR LAKE,2023-10-04,ACTUAL,13.6,3.1,49,303,12,6.4,,57.5,4,383,0.6,8,0,1
COLDSCAUR LAKE,2023-10-05,ACTUAL,9,6.9,87,335,6,1.6,,52,4,385,0.3,8,0,1
COLDSCAUR LAKE,2023-10-06,ACTUAL,15.5,7.1,57,165,8,0,,72.1,5,389,1,10,1,1
COLDSCAUR LAKE,2023-10-07,ACTUAL,18.9,5.6,42,148,12,0,,84.6,7,393,3.6,13,4,1
COLDSCAUR LAKE,2023-10-08,ACTUAL,19.5,6.5,43,130,9,0,,87.6,9,397,4.9,16,7,2
COLDSCAUR LAKE,2023-10-09,ACTUAL,15.5,6.5,55,100,7,0,,87.4,10,401,4.2,18,6,2
COLDSCAUR LAKE,2023-10-10,ACTUAL,9.9,7.8,87,133,9,2.6,,58.1,7,403,0.6,14,0,1
COLDSCAUR LAKE,2023-10-11,ACTUAL,10,8.1,88,254,2,5.2,,30,4,390,0,8,0,1
COLDSCAUR LAKE,2023-10-12,ACTUAL,12.8,5.3,60,167,9,0,,57.2,5,393,0.5,10,0,1
COLDSCAUR LAKE,2023-10-13,ACTUAL,13.8,4.7,54,141,13,0.2,,75.4,6,396,1.5,11,1,1
COLDSCAUR LAKE,2023-10-14,ACTUAL,12.2,3.7,56,142,12,0,,81.6,7,399,2.5,13,3,1
COLDSCAUR LAKE,2023-10-15,ACTUAL,12.6,4.9,59,130,10,1,,79.2,8,402,1.7,15,2,1
COLDSCAUR LAKE,2023-10-16,ACTUAL,10.7,7.2,79,100,5,1.4,,68.9,8,404,0.8,15,1,1
COLDSCAUR LAKE,2023-10-17,ACTUAL,9.7,2.8,62,134,10,0.8,,74.5,9,407,1.3,17,1,1
COLDSCAUR LAKE,2023-10-18,ACTUAL,9.4,6.7,83,138,13,1.2,,68.8,9,409,1.2,17,1,1
COLDSCAUR LAKE,2023-10-19,ACTUAL,13.3,9.6,78,171,11,0,,75.1,9,412,1.4,18,2,1
COLDSCAUR LAKE,2023-10-20,ACTUAL,11.6,0.6,47,290,10,0.4,,82.4,10,415,2.4,20,4,1
COLDSCAUR LAKE,2023-10-21,ACTUAL,10.4,1,52,307,5,0,,84.2,11,418,2.5,21,4,1
COLDSCAUR LAKE,2023-10-22,ACTUAL,,,,,,0,,,,,,,,
COLDSCAUR LAKE,2023-10-23,ACTUAL,2.7,-2.8,67,325,10,0,,,,,,,,
COLDSCAUR LAKE,2023-10-24,ACTUAL,-1.9,-8.6,60,334,11,0,,,,,,,,
COLDSCAUR LAKE,2023-10-25,ACTUAL,-3.8,-12.5,51,305,13,0,,,,,,,,
COLDSCAUR LAKE,2023-10-26,ACTUAL,-1.2,-10.9,48,292,10,0,,,,,,,,
COLDSCAUR LAKE,2023-10-27,ACTUAL,0.9,-13.7,33,297,7,0,,,,,,,,
COLDSCAUR LAKE,2023-10-28,ACTUAL,2.7,-14.1,28,341,8,0,,,,,,,,
COLDSCAUR LAKE,2023-10-29,ACTUAL,3.7,-10.5,35,181,8,0,,,,,,,,
COLDSCAUR LAKE,2023-10-30,ACTUAL,2.3,-8.8,44,135,9,0,,,,,,,,
COLDSCAUR LAKE,2023-10-31,ACTUAL,5.3,-6.7,42,132,9,0,,,,,,,,
EAST BARRIERE,2023-05-01,ACTUAL,20.9,8.5,45,193,5,1.2,,85.3,32,177,2.8,44,8,3
EAST BARRIERE,2023-05-02,ACTUAL,22.9,7.4,37,194,7,0,,89.2,36,184,5.4,48,14,3
EAST BARRIERE,2023-05-03,ACTUAL,25.6,9.3,36,284,12,0,,90.7,41,191,8.8,53,21,4
EAST BARRIERE,2023-05-04,ACTUAL,27.8,9.5,32,235,5,0,,91.9,46,198,7.3,58,19,4
EAST BARRIERE,2023-05-05,ACTUAL,24.7,7.7,34,288,11,0,,91.9,50,205,9.7,62,24,4
EAST BARRIERE,2023-05-06,ACTUAL,10.7,9.9,95,270,3,2.8,,52,41,206,0.2,55,0,2
EAST BARRIERE,2023-05-07,ACTUAL,11.6,9.2,85,252,5,5,,33.3,27,201,0,41,0,2
EAST BARRIERE,2023-05-08,ACTUAL,16.4,7.9,57,274,5,2.6,,52.1,24,206,0.3,37,0,2
EAST BARRIERE,2023-05-09,ACTUAL,10.9,9.9,94,274,4,5,,25.4,15,201,0,26,0,2
EAST BARRIERE,2023-05-10,ACTUAL,19.6,8.6,49,149,5,0.4,,61.7,18,207,0.6,30,1,2
EAST BARRIERE,2023-05-11,ACTUAL,21.2,6.2,38,127,6,0,,82.4,22,213,2,35,5,2
EAST BARRIERE,2023-05-12,ACTUAL,26.7,1.9,20,275,6,0,,92.7,28,221,8.5,42,18,3
EAST BARRIERE,2023-05-13,ACTUAL,27.1,5.9,26,268,8,0,,93.1,33,228,9.9,49,22,4
EAST BARRIERE,2023-05-14,ACTUAL,29.3,6,23,286,8,0,,94.1,39,235,11.6,56,26,4
EAST BARRIERE,2023-05-15,ACTUAL,30.3,4.1,19,261,7,0,,95.2,46,243,12.6,63,29,4
EAST BARRIERE,2023-05-16,ACTUAL,30.2,8.5,26,221,4,0,,95.2,52,251,10.9,69,28,4
EAST BARRIERE,2023-05-17,ACTUAL,27.3,6.6,27,304,5,0,,94.7,58,259,10.8,74,29,4
EAST BARRIERE,2023-05-18,ACTUAL,26.4,10.9,38,270,5,0,,92.8,62,266,8.1,78,24,4
EAST BARRIERE,2023-05-19,ACTUAL,30,8.9,27,185,5,0,,93.4,68,273,8.8,84,26,4
EAST BARRIERE,2023-05-20,ACTUAL,30.8,5.2,20,332,5,0,,95,75,281,11,90,32,5
EAST BARRIERE,2023-05-21,ACTUAL,22.2,11,49,75,6,1,,86.4,78,288,3.5,93,14,4
EAST BARRIERE,2023-05-22,ACTUAL,16,7.5,57,291,10,6.4,,59.5,49,277,0.7,68,2,3
EAST BARRIERE,2023-05-23,ACTUAL,11.3,8.5,83,238,4,2.8,,45.7,40,277,0.1,59,0,2
EAST BARRIERE,2023-05-24,ACTUAL,13.4,9.1,75,262,4,2,,50,37,282,0.2,56,0,2
EAST BARRIERE,2023-05-25,ACTUAL,20,10.2,53,69,3,0,,72.4,39,288,0.8,59,2,3
EAST BARRIERE,2023-05-26,ACTUAL,25.9,6.9,30,241,6,0,,88.8,44,295,4.9,65,15,3
EAST BARRIERE,2023-05-27,ACTUAL,27.7,6.9,27,263,5,0,,92.5,50,303,8,71,23,4
EAST BARRIERE,2023-05-28,ACTUAL,25.1,8,34,287,8,0,,92.5,55,310,9,76,26,4
EAST BARRIERE,2023-05-29,ACTUAL,24.9,4.5,27,171,4,0,,92.6,60,316,7.7,81,24,4
EAST BARRIERE,2023-05-30,ACTUAL,22.7,4.1,30,299,6,0,,92.6,64,323,8.2,86,26,4
EAST BARRIERE,2023-05-31,ACTUAL,21,2.2,29,286,6,0,,92.7,68,329,8.5,90,27,4
EAST BARRIERE,2023-06-01,ACTUAL,24.1,-0.3,20,11,5,0,,93.8,73,337,9.7,95,30,4
EAST BARRIERE,2023-06-02,ACTUAL,26.9,0.6,18,290,8,0,,94.8,79,345,12.8,101,37,5
EAST BARRIERE,2023-06-03,ACTUAL,27.2,3,21,284,7,0,,94.9,85,353,12.1,106,37,5
EAST BARRIERE,2023-06-04,ACTUAL,25.6,-0.5,18,282,8,0,,94.9,91,361,12.5,112,38,5
EAST BARRIERE,2023-06-05,ACTUAL,19.2,-0.4,27,284,13,0,,93.7,95,368,13.8,115,41,5
EAST BARRIERE,2023-06-06,ACTUAL,25.6,-3,15,300,5,0,,95.3,101,376,11.8,121,38,5
EAST BARRIERE,2023-06-07,ACTUAL,29.8,-0.6,14,280,6,0,,96.3,108,385,13.6,127,43,5
EAST BARRIERE,2023-06-08,ACTUAL,31.6,2.7,16,264,6,0,,96.3,115,394,14,133,44,5
EAST BARRIERE,2023-06-09,ACTUAL,28.2,10.8,34,240,4,0,,94.1,120,403,9.3,138,34,5
EAST BARRIERE,2023-06-10,ACTUAL,22.1,16.5,70,293,8,0.4,,87.2,122,410,4.4,140,20,5
EAST BARRIERE,2023-06-11,ACTUAL,21.9,11.7,52,315,5,2,,77.8,104,417,1.2,128,7,3
EAST BARRIERE,2023-06-12,ACTUAL,30.1,8.4,26,272,9,0,,92.1,110,426,9.3,134,34,5
EAST BARRIERE,2023-06-13,ACTUAL,24,13.6,52,264,4,0,,90,114,434,5.1,137,23,5
EAST BARRIERE,2023-06-14,ACTUAL,12.4,7.1,70,308,9,1,,80.5,115,440,1.9,139,11,4
EAST BARRIERE,2023-06-15,ACTUAL,24.2,2.3,24,302,4,0,,90.7,120,447,5.8,143,25,5
EAST BARRIERE,2023-06-16,ACTUAL,17.5,10,61,58,5,1,,82.6,122,454,2,146,11,4
EAST BARRIERE,2023-06-17,ACTUAL,20.3,5,37,324,4,1.4,,82.1,125,461,1.7,149,10,4
EAST BARRIERE,2023-06-18,ACTUAL,16.1,4.1,45,294,12,0.6,,85.5,128,467,4.2,152,20,5
EAST BARRIERE,2023-06-19,ACTUAL,12.6,7.5,71,293,8,0.4,,84.5,129,473,3,153,16,4
EAST BARRIERE,2023-06-20,ACTUAL,14.3,10,75,312,5,3,,59.5,90,471,0.5,121,3,3
EAST BARRIERE,2023-06-21,ACTUAL,17,10.2,64,168,3,1,,68.9,91,478,0.7,124,4,3
EAST BARRIERE,2023-06-22,ACTUAL,23.1,7.1,36,339,5,1.2,,81.9,95,485,1.8,128,10,4
EAST BARRIERE,2023-06-23,ACTUAL,25,8.8,36,127,6,0,,89.1,100,493,5,133,22,5
EAST BARRIERE,2023-06-24,ACTUAL,16.9,14.9,88,47,5,6.8,,39.4,57,471,0,88,0,2
EAST BARRIERE,2023-06-25,ACTUAL,19.2,16.6,85,275,5,0.4,,54.2,58,478,0.3,89,1,2
EAST BARRIERE,2023-06-26,ACTUAL,28.8,9.4,30,156,4,0.4,,85.7,64,486,2.8,96,12,4
EAST BARRIERE,2023-06-27,ACTUAL,30.7,9.5,27,243,5,0.2,,92.7,70,495,8,103,28,4
EAST BARRIERE,2023-06-28,ACTUAL,31.4,11.7,30,281,9,0,,93,76,504,10.3,110,34,5
EAST BARRIERE,2023-06-29,ACTUAL,28.4,13.5,40,286,9,0,,92.3,81,513,9.3,116,32,5
EAST BARRIERE,2023-06-30,ACTUAL,29.2,6.5,24,41,7,0,,93.8,87,522,10.2,122,35,5
EAST BARRIERE,2023-07-01,ACTUAL,26.5,6.4,28,286,8,0,,93.8,91,530,10.9,128,37,5
EAST BARRIERE,2023-07-02,ACTUAL,21.6,2.2,28,267,8,0,,93.5,95,538,10.4,132,36,5
EAST BARRIERE,2023-07-03,ACTUAL,25.8,2.4,22,257,6,0,,93.8,100,546,10.1,137,36,5
EAST BARRIERE,2023-07-04,ACTUAL,28.1,5,23,182,6,0,,94,105,555,10,143,36,5
EAST BARRIERE,2023-07-05,ACTUAL,29.4,4.1,20,253,5,0,,94.8,111,564,11.1,149,39,5
EAST BARRIERE,2023-07-06,ACTUAL,31.3,6.4,21,307,5,0,,95,117,573,11,155,40,5
EAST BARRIERE,2023-07-07,ACTUAL,30.2,11.1,31,296,5,0,,94.4,122,582,10,160,37,5
EAST BARRIERE,2023-07-08,ACTUAL,31.4,9.5,26,269,6,0,,94.4,128,592,11,166,40,5
EAST BARRIERE,2023-07-09,ACTUAL,34.9,8.6,20,201,5,0,,95.7,135,602,12.4,173,44,5
EAST BARRIERE,2023-07-10,ACTUAL,30.3,10.2,29,288,9,0.8,,92.6,140,611,9.9,178,38,5
EAST BARRIERE,2023-07-11,ACTUAL,26.1,11.8,41,281,5,0,,91.8,144,619,7.1,182,31,5
EAST BARRIERE,2023-07-12,ACTUAL,29.7,9.7,29,260,6,0,,92.9,149,628,8.9,187,36,5
EAST BARRIERE,2023-07-13,ACTUAL,24.8,12.7,47,271,5,1.4,,84.6,152,636,2.6,190,15,4
EAST BARRIERE,2023-07-14,ACTUAL,21.6,10.8,50,275,4,0,,86.8,155,644,3.3,193,18,5
EAST BARRIERE,2023-07-15,ACTUAL,27.9,11.8,37,282,4,0,,90.4,159,653,5.5,198,26,5
EAST BARRIERE,2023-07-16,ACTUAL,31.7,8,23,294,9,0,,94.3,165,662,12.1,203,44,5
EAST BARRIERE,2023-07-17,ACTUAL,21.5,8.4,43,325,3,0,,91.7,168,670,6.3,206,29,5
EAST BARRIERE,2023-07-18,ACTUAL,23.4,6.5,34,287,8,0.4,,91.7,172,678,8,210,34,5
EAST BARRIERE,2023-07-19,ACTUAL,30.3,7.4,24,162,5,0,,93.9,177,687,9.7,215,38,5
EAST BARRIERE,2023-07-20,ACTUAL,34.2,7.3,19,297,6,0,,95.8,184,697,13.2,222,47,5
EAST BARRIERE,2023-07-21,ACTUAL,31.6,9.1,25,261,4,0,,95.7,190,706,11.6,227,43,5
EAST BARRIERE,2023-07-22,ACTUAL,28.7,10.3,32,292,7,0,,94.2,194,715,11,231,42,5
EAST BARRIERE,2023-07-23,ACTUAL,29.1,5.8,23,93,7,0,,94.2,200,724,11,237,42,5
EAST BARRIERE,2023-07-24,ACTUAL,24.7,9.4,38,304,8,0,,92.4,204,732,8.9,240,37,5
EAST BARRIERE,2023-07-25,ACTUAL,19.8,6.5,42,291,7,2.4,,78.4,124,739,1.4,174,9,4
EAST BARRIERE,2023-07-26,ACTUAL,20.1,8.1,46,258,4,3.4,,68.7,85,728,0.7,132,4,3
EAST BARRIERE,2023-07-27,ACTUAL,24.4,9.5,39,256,4,0,,84.9,89,736,2.5,136,13,4
EAST BARRIERE,2023-07-28,ACTUAL,23.8,10.1,42,268,3,0,,88.4,92,744,4,141,19,5
EAST BARRIERE,2023-07-29,ACTUAL,30.5,9.3,27,291,4,0,,92.9,98,753,8.1,147,32,5
EAST BARRIERE,2023-07-30,ACTUAL,27.4,8.7,31,278,9,0,,93,102,762,10.3,153,38,5
EAST BARRIERE,2023-07-31,ACTUAL,26.7,6.6,28,320,5,0,,93,107,770,8.6,159,34,5
EAST BARRIERE,2023-08-01,ACTUAL,27.8,5.3,24,255,7,0,,93.7,111,778,10,164,38,5
EAST BARRIERE,2023-08-02,ACTUAL,28.1,6.2,25,274,6,0,,93.7,116,786,9.6,169,37,5
EAST BARRIERE,2023-08-03,ACTUAL,26.8,5.1,25,285,7,0,,93.8,120,794,10.1,174,38,5
EAST BARRIERE,2023-08-04,ACTUAL,30.6,5.8,21,260,6,0,,94.8,125,802,11.6,180,42,5
EAST BARRIERE,2023-08-05,ACTUAL,31.1,6.2,21,312,5,0,,94.9,131,811,11.2,186,41,5
EAST BARRIERE,2023-08-06,ACTUAL,30.9,6.7,22,273,5,0,,95,136,820,11.1,192,41,5
EAST BARRIERE,2023-08-07,ACTUAL,29.1,10.6,32,285,5,0,,94.1,140,828,9.9,197,39,5
EAST BARRIERE,2023-08-08,ACTUAL,24.2,12.2,47,73,5,0,,91.1,143,835,6.4,200,29,5
EAST BARRIERE,2023-08-09,ACTUAL,20.6,14.4,67,260,5,9.4,,52.3,68,750,0.3,111,1,2
EAST BARRIERE,2023-08-10,ACTUAL,20,12.6,62,288,9,17.4,,48,32,615,0.2,57,0,2
EAST BARRIERE,2023-08-11,ACTUAL,22.7,10.5,46,98,4,0,,75.9,35,622,1,61,3,3
EAST BARRIERE,2023-08-12,ACTUAL,27.1,10.2,35,288,12,1,,87.8,38,630,5.6,67,17,4
EAST BARRIERE,2023-08-13,ACTUAL,30.2,10.6,30,248,5,0,,92.2,43,639,7.5,73,22,4
EAST BARRIERE,2023-08-14,ACTUAL,32.8,13.4,31,253,4,0,,93,48,648,8.1,81,24,4
EAST BARRIERE,2023-08-15,ACTUAL,33.8,11,25,274,6,0,,94.4,53,657,10.7,88,31,5
EAST BARRIERE,2023-08-16,ACTUAL,30.7,7.2,23,308,8,0,,94.5,58,665,11.8,95,34,5
EAST BARRIERE,2023-08-17,ACTUAL,30.1,12.9,35,147,4,0,,93.6,62,674,8.9,101,29,4
EAST BARRIERE,2023-08-18,ACTUAL,19.2,3.3,35,273,11,0,,92.1,65,680,9.9,105,32,5
EAST BARRIERE,2023-08-19,ACTUAL,22.4,3.9,30,217,5,0,,92.2,68,687,7.7,110,28,4
EAST BARRIERE,2023-08-20,ACTUAL,23.5,2.8,26,300,4,0,,92.5,72,694,7.5,115,28,4
EAST BARRIERE,2023-08-21,ACTUAL,20.5,6.4,40,245,4,0,,91.4,75,701,6.5,118,25,4
EAST BARRIERE,2023-08-22,ACTUAL,19.4,15.7,79,262,2,0,,85.4,76,708,2.5,120,13,4
EAST BARRIERE,2023-08-23,ACTUAL,13.4,11.4,88,275,2,10.4,,29.6,40,636,0,69,0,2
EAST BARRIERE,2023-08-24,ACTUAL,18.5,10.4,59,303,4,0.2,,58.7,41,642,0.5,71,1,2
EAST BARRIERE,2023-08-25,ACTUAL,22.5,10.6,47,238,5,0,,79.7,44,649,1.4,75,6,3
EAST BARRIERE,2023-08-26,ACTUAL,26.6,10.2,36,229,5,0,,89,48,657,4.6,80,16,4
EAST BARRIERE,2023-08-27,ACTUAL,27.4,10.1,34,271,5,0,,91.2,51,665,6.5,86,22,4
EAST BARRIERE,2023-08-28,ACTUAL,28.4,9.6,31,244,5,0,,92.2,56,673,7.4,92,25,4
EAST BARRIERE,2023-08-29,ACTUAL,24.6,9.3,38,189,3,0,,92,59,681,6.7,97,23,4
EAST BARRIERE,2023-08-30,ACTUAL,22.2,11.6,51,298,9,0,,89.8,61,688,6.4,100,23,4
EAST BARRIERE,2023-08-31,ACTUAL,14.2,13.1,93,273,3,4.2,,42.9,43,670,0.1,74,0,2
EAST BARRIERE,2023-09-01,ACTUAL,20,12.1,60,309,5,0.4,,67.8,44,675,0.7,76,3,3
EAST BARRIERE,2023-09-02,ACTUAL,23.4,12.4,50,265,5,0,,82.5,47,681,2,80,8,4
EAST BARRIERE,2023-09-03,ACTUAL,19.6,10.9,57,251,3,0,,84.9,48,686,2.4,82,10,4
EAST BARRIERE,2023-09-04,ACTUAL,21,11.1,53,269,7,0.2,,86.5,50,692,3.6,85,14,4
EAST BARRIERE,2023-09-05,ACTUAL,19.3,8,48,301,6,0,,87.3,52,697,3.9,87,15,4
EAST BARRIERE,2023-09-06,ACTUAL,21.1,8,43,129,4,0,,88.4,54,702,4.2,91,16,4
EAST BARRIERE,2023-09-07,ACTUAL,20.6,8.9,47,272,8,1,,85.1,56,708,3.1,94,13,4
EAST BARRIERE,2023-09-08,ACTUAL,23,6.6,35,273,6,0,,89.5,59,713,5.3,98,20,4
EAST BARRIERE,2023-09-09,ACTUAL,24.4,5.6,30,234,5,0,,91.4,62,720,6.6,102,24,4
EAST BARRIERE,2023-09-10,ACTUAL,28,5.5,24,22,6,0,,93.5,66,726,9.4,108,31,5
EAST BARRIERE,2023-09-11,ACTUAL,22.9,9.3,42,288,7,0,,91.5,69,732,7.5,111,27,4
EAST BARRIERE,2023-09-12,ACTUAL,22.5,8.5,41,278,5,0,,91.1,71,738,6.5,115,25,4
EAST BARRIERE,2023-09-13,ACTUAL,21,5.7,37,299,8,1.8,,83.2,68,743,2.5,111,12,4
EAST BARRIERE,2023-09-14,ACTUAL,21.9,5.2,34,162,4,0,,88.9,71,749,4.4,114,19,4
EAST BARRIERE,2023-09-15,ACTUAL,27.4,4.4,23,102,6,0,,93.2,75,756,9.2,120,32,5
EAST BARRIERE,2023-09-16,ACTUAL,26.1,3.3,23,257,4,0,,93.6,78,762,8.5,125,31,5
EAST BARRIERE,2023-09-17,ACTUAL,24.4,2.5,24,280,8,0,,93.7,82,768,10.8,129,37,5
EAST BARRIERE,2023-09-18,ACTUAL,15.7,4.1,46,279,9,3,,73.1,64,757,1.1,106,6,3
EAST BARRIERE,2023-09-19,ACTUAL,9.4,7.8,90,149,3,2,,54.3,58,760,0.3,97,1,2
EAST BARRIERE,2023-09-20,ACTUAL,12.6,7.9,73,253,4,8.2,,35.9,32,697,0,58,0,2
EAST BARRIERE,2023-09-21,ACTUAL,14.4,6,57,236,4,0,,60.1,34,701,0.5,60,1,2
EAST BARRIERE,2023-09-22,ACTUAL,19.2,5.2,40,213,4,0,,79.5,36,706,1.3,63,5,3
EAST BARRIERE,2023-09-23,ACTUAL,9.6,9.1,97,35,6,6.8,,26.8,20,662,0,38,0,2
EAST BARRIERE,2023-09-24,ACTUAL,16.7,6.8,52,161,5,1.6,,54.3,21,667,0.3,39,0,2
EAST BARRIERE,2023-09-25,ACTUAL,12.7,12.4,98,290,3,2.2,,37,18,671,0,34,0,2
EAST BARRIERE,2023-09-26,ACTUAL,18.1,6.9,48,233,4,4.8,,51.7,13,649,0.2,25,0,2
EAST BARRIERE,2023-09-27,ACTUAL,16,5,48,225,3,0,,72.1,15,653,0.8,28,1,2
EAST BARRIERE,2023-09-28,ACTUAL,15.8,7.6,58,68,6,4.8,,57.3,10,631,0.5,20,0,1
EAST BARRIERE,2023-09-29,ACTUAL,13.8,6.2,60,133,3,6.2,,45,7,600,0.1,13,0,1
EAST BARRIERE,2023-09-30,ACTUAL,13.8,6.2,60,283,8,1.6,,60.1,7,604,0.6,13,0,1
EAST BARRIERE,2023-10-01,ACTUAL,12.6,4.3,57,242,4,0,,73.3,8,607,0.9,15,1,1
EAST BARRIERE,2023-10-02,ACTUAL,13.2,6.8,65,95,4,0,,78.7,9,610,1.2,17,1,1
EAST BARRIERE,2023-10-03,ACTUAL,16.1,7.9,58,137,5,1,,78.7,10,614,1.3,19,1,2
EAST BARRIERE,2023-10-04,ACTUAL,18.1,5.9,45,275,7,4.2,,67.2,7,598,0.8,14,1,1
EAST BARRIERE,2023-10-05,ACTUAL,13.8,9.3,74,151,4,0.6,,73,8,601,0.9,15,1,1
EAST BARRIERE,2023-10-06,ACTUAL,15.7,8,60,192,5,0.2,,80,9,605,1.4,17,2,2
EAST BARRIERE,2023-10-07,ACTUAL,19.9,9.5,51,207,2,0,,84.6,11,609,2.2,20,4,2
EAST BARRIERE,2023-10-08,ACTUAL,21.4,10.9,51,135,4,0,,86.6,12,614,3.2,23,6,2
EAST BARRIERE,2023-10-09,ACTUAL,21.3,10.8,51,139,4,0,,87.2,14,618,3.6,26,7,2
EAST BARRIERE,2023-10-10,ACTUAL,12.2,11.9,98,302,2,9.6,,22.1,7,564,0,13,0,1
EAST BARRIERE,2023-10-11,ACTUAL,14.7,8.3,65,227,3,2.6,,40.1,6,567,0,11,0,1
EAST BARRIERE,2023-10-12,ACTUAL,11,5.8,70,279,7,0,,58.2,6,570,0.5,12,0,1
EAST BARRIERE,2023-10-13,ACTUAL,11.3,8.3,82,235,3,0,,65.2,6,572,0.6,13,0,1
EAST BARRIERE,2023-10-14,ACTUAL,13.2,7.5,68,46,2,0,,73.4,7,575,0.8,14,1,1
EAST BARRIERE,2023-10-15,ACTUAL,17.5,7.3,51,86,5,0.2,,82.2,9,579,1.9,16,3,2
EAST BARRIERE,2023-10-16,ACTUAL,14.8,11.8,82,278,5,0.6,,80.2,9,583,1.5,17,2,2
EAST BARRIERE,2023-10-17,ACTUAL,13.7,4.9,55,124,5,1.6,,73.8,9,586,0.9,18,1,1
EAST BARRIERE,2023-10-18,ACTUAL,10,9.2,95,139,2,5.8,,28.3,5,559,0,10,0,1
EAST BARRIERE,2023-10-19,ACTUAL,15.4,11.4,77,143,4,2.6,,38.1,4,563,0,7,0,1
EAST BARRIERE,2023-10-20,ACTUAL,13.6,8.9,73,153,3,1.4,,49,4,566,0.2,9,0,1
EAST BARRIERE,2023-10-21,ACTUAL,9.4,3.4,66,262,4,0,,63,5,568,0.6,10,0,1
EAST BARRIERE,2023-10-22,ACTUAL,5.1,3.6,90,317,4,0,,65.5,5,570,0.6,10,0,1
EAST BARRIERE,2023-10-23,ACTUAL,5.3,2.3,81,262,4,0,,69.7,5,572,0.8,10,0,1
EAST BARRIERE,2023-10-24,ACTUAL,4.5,-3.5,56,70,4,0,,76,6,573,1,11,1,1
EAST BARRIERE,2023-10-25,ACTUAL,2.9,-10.2,38,276,9,0,,81.8,6,574,2.2,12,2,2
EAST BARRIERE,2023-10-26,ACTUAL,2.3,-9.4,42,274,6,0,,83.9,6,575,2.4,12,3,2
EAST BARRIERE,2023-10-27,ACTUAL,2.9,-11.9,33,281,8,0,,86,7,577,3.6,13,4,2
EAST BARRIERE,2023-10-28,ACTUAL,2.9,-9.8,39,196,4,0,,86.3,7,578,3.2,14,4,2
EAST BARRIERE,2023-10-29,ACTUAL,3.4,-5.5,52,240,3,0,,86.1,7,579,2.8,14,4,2
EAST BARRIERE,2023-10-30,ACTUAL,3.5,-4.7,55,152,3,0,,85.8,8,581,2.8,15,4,2
EAST BARRIERE,2023-10-31,ACTUAL,1.9,-3.3,68,249,5,0,,84.3,8,582,2.4,15,3,2
HARBOUR LAKE,2023-05-01,ACTUAL,17.4,3.2,39,358,11,0,,,,,,,,
HARBOUR LAKE,2023-05-02,ACTUAL,17.3,5.2,45,314,8,18.6,,,,,,,,
HARBOUR LAKE,2023-05-03,ACTUAL,20,7.3,44,352,6,4.6,,,,,,,,
HARBOUR LAKE,2023-05-04,ACTUAL,22,3.5,30,328,6,0.4,,,,,,,,
HARBOUR LAKE,2023-05-05,ACTUAL,20.4,0.2,26,109,15,0,,,,,,,,
HARBOUR LAKE,2023-05-06,ACTUAL,7.8,7,95,147,7,1.2,,,,,,,,
HARBOUR LAKE,2023-05-07,ACTUAL,6.6,4.6,87,139,6,14.2,,,,,,,,
HARBOUR LAKE,2023-05-08,ACTUAL,7.7,4.7,81,309,4,2.8,,,,,,,,
HARBOUR LAKE,2023-05-09,ACTUAL,4.9,4.3,96,167,7,12.6,,,,,,,,
HARBOUR LAKE,2023-05-10,ACTUAL,8.4,6.8,90,326,3,0.2,,,,,,,,
HARBOUR LAKE,2023-05-11,ACTUAL,10.2,4.4,67,102,3,2.2,,,,,,,,
HARBOUR LAKE,2023-05-12,ACTUAL,18.3,-3.3,23,129,9,0,,,,,,,,
HARBOUR LAKE,2023-05-13,ACTUAL,21.8,-0.9,22,21,8,0,,,,,,,,
HARBOUR LAKE,2023-05-14,ACTUAL,22.5,-3.8,17,128,11,0,,,,,,,,
HARBOUR LAKE,2023-05-15,ACTUAL,24,-1.1,19,290,7,0,,,,,,,,
HARBOUR LAKE,2023-05-16,ACTUAL,22.2,6.3,36,329,7,0,,,,,,,,
HARBOUR LAKE,2023-05-17,ACTUAL,19.7,7.1,44,247,6,0,,,,,,,,
HARBOUR LAKE,2023-05-18,ACTUAL,20.8,5.5,37,165,12,0,,,,,,,,
HARBOUR LAKE,2023-05-19,ACTUAL,19.8,6.1,41,317,5,0,,,,,,,,
HARBOUR LAKE,2023-05-20,ACTUAL,21.1,3.7,32,158,7,0,,,,,,,,
HARBOUR LAKE,2023-05-21,ACTUAL,12.5,10.6,88,6,4,11.4,,,,,,,,
HARBOUR LAKE,2023-05-22,ACTUAL,6.8,6.8,100,350,4,24.8,,,,,,,,
HARBOUR LAKE,2023-05-23,ACTUAL,4.6,4.3,98,162,7,28.6,,85,6,15,3,6,2,
HARBOUR LAKE,2023-05-24,ACTUAL,7.1,5.7,91,311,3,1.4,,67.8,6,19,0.7,7,0,1
HARBOUR LAKE,2023-05-25,ACTUAL,15,2.1,42,98,7,0,,81.2,9,24,1.9,9,1,2
HARBOUR LAKE,2023-05-26,ACTUAL,16,4.3,46,174,4,0,,85.3,11,29,2.7,11,3,2
HARBOUR LAKE,2023-05-27,ACTUAL,18.8,2.5,34,4,6,0,,88.9,15,35,4.9,15,7,2
HARBOUR LAKE,2023-05-28,ACTUAL,15.3,6.6,56,326,7,0,,87.7,16,40,4.4,16,6,2
HARBOUR LAKE,2023-05-29,ACTUAL,16.4,5,47,177,7,0,,87.7,19,45,4.4,19,7,2
HARBOUR LAKE,2023-05-30,ACTUAL,15.9,-2.2,29,143,11,0,,90,22,51,7.6,22,12,3
HARBOUR LAKE,2023-05-31,ACTUAL,14.1,1.3,42,303,5,0,,89.6,24,56,5.3,24,9,3
HARBOUR LAKE,2023-06-01,ACTUAL,14.9,1.7,41,326,7,0,,89.7,27,62,5.8,27,11,3
HARBOUR LAKE,2023-06-02,ACTUAL,18.8,-1.2,26,89,8,0,,91.3,31,68,7.9,31,15,3
HARBOUR LAKE,2023-06-03,ACTUAL,21.4,1,26,161,10,0,,92.1,35,76,9.7,35,18,3
HARBOUR LAKE,2023-06-04,ACTUAL,18.7,-2.9,23,147,10,0,,92.4,39,82,10.1,39,20,3
HARBOUR LAKE,2023-06-05,ACTUAL,12.6,-2.6,35,339,9,0,,91.2,41,88,7.9,41,17,3
HARBOUR LAKE,2023-06-06,ACTUAL,18.5,-4.9,20,318,7,0,,92.7,46,95,9.1,45,20,4
HARBOUR LAKE,2023-06-07,ACTUAL,23.3,-5.8,14,349,8,0,,95,51,102,12.7,51,27,4
HARBOUR LAKE,2023-06-08,ACTUAL,26.9,2,20,310,9,0,,95.1,57,111,13.5,57,29,4
HARBOUR LAKE,2023-06-09,ACTUAL,22.3,1.8,26,142,9,0,,94.2,62,118,12.4,61,29,4
HARBOUR LAKE,2023-06-10,ACTUAL,13.2,13,99,142,7,4.2,,39.3,43,118,0,45,0,2
HARBOUR LAKE,2023-06-11,ACTUAL,14.6,12.3,86,323,6,3,,37,34,121,0,40,0,2
HARBOUR LAKE,2023-06-12,ACTUAL,22.9,8.5,40,281,8,0,,75.2,38,128,1.1,44,3,3
HARBOUR LAKE,2023-06-13,ACTUAL,18.4,6.5,46,142,9,0,,84.4,41,135,3.1,47,9,3
HARBOUR LAKE,2023-06-14,ACTUAL,5.1,5.1,100,342,7,21.8,,12.5,16,96,0,23,0,2
HARBOUR LAKE,2023-06-15,ACTUAL,15.5,3.9,46,49,7,1.6,,48.9,17,102,0.2,24,0,2
HARBOUR LAKE,2023-06-16,ACTUAL,9.4,8.3,93,132,7,4,,29.1,12,102,0,18,0,1
HARBOUR LAKE,2023-06-17,ACTUAL,10.4,5.6,72,119,6,1,,46.5,13,107,0.1,20,0,1
HARBOUR LAKE,2023-06-18,ACTUAL,3.9,3.9,100,357,4,17.8,,6.1,5,78,0,9,0,1
HARBOUR LAKE,2023-06-19,ACTUAL,4.4,4.1,98,7,4,20.2,,1.8,2,47,0,4,0,1
HARBOUR LAKE,2023-06-20,ACTUAL,7.1,4.9,86,152,4,8.6,,11.3,1,38,0,1,0,1
HARBOUR LAKE,2023-06-21,ACTUAL,7.8,6.2,90,147,5,2.2,,17.3,0,43,0,0,0,1
HARBOUR LAKE,2023-06-22,ACTUAL,12.6,5.6,62,105,4,5.6,,32.9,1,42,0,3,0,1
HARBOUR LAKE,2023-06-23,ACTUAL,16.7,6.2,50,343,7,0,,64.6,4,48,0.7,6,0,1
HARBOUR LAKE,2023-06-24,ACTUAL,11.2,8.8,85,101,4,2,,53.1,3,53,0.3,5,0,1
HARBOUR LAKE,2023-06-25,ACTUAL,15.5,9.9,69,335,8,14.8,,39.3,2,36,0,4,0,1
HARBOUR LAKE,2023-06-26,ACTUAL,20.6,7.2,42,284,8,1.6,,69.6,5,43,0.9,8,0,1
HARBOUR LAKE,2023-06-27,ACTUAL,23.5,4.8,30,334,6,0,,87.2,10,50,3.9,13,5,2
HARBOUR LAKE,2023-06-28,ACTUAL,22,10.2,47,127,8,0,,88,13,58,4.7,16,7,2
HARBOUR LAKE,2023-06-29,ACTUAL,20.3,10.5,53,146,11,0.6,,86.6,15,65,4.6,19,7,2
HARBOUR LAKE,2023-06-30,ACTUAL,20.5,7.1,42,223,5,0,,88.3,19,72,4.3,23,7,2
HARBOUR LAKE,2023-07-01,ACTUAL,17.3,3.8,41,178,6,0,,88.5,21,79,4.7,25,9,3
HARBOUR LAKE,2023-07-02,ACTUAL,14,-0.2,38,301,9,0,,88.6,24,85,5.4,28,10,3
HARBOUR LAKE,2023-07-03,ACTUAL,15.7,0.5,36,358,9,0,,89.1,26,91,6,30,12,3
HARBOUR LAKE,2023-07-04,ACTUAL,19.1,3.6,36,288,6,0,,89.6,29,99,5.6,33,12,3
HARBOUR LAKE,2023-07-05,ACTUAL,20.6,1.8,29,138,5,0,,91.1,33,106,6.5,37,14,3
HARBOUR LAKE,2023-07-06,ACTUAL,23,5.3,32,2,5,0,,91.2,37,114,6.7,41,15,3
HARBOUR LAKE,2023-07-07,ACTUAL,19.3,6.7,44,73,5,0,,90.3,39,121,5.8,43,14,3
HARBOUR LAKE,2023-07-08,ACTUAL,21.7,10.9,50,251,4,0.2,,89.5,42,129,4.8,46,12,3
HARBOUR LAKE,2023-07-09,ACTUAL,25.6,5.1,27,82,5,0,,92.2,46,137,7.5,50,18,4
HARBOUR LAKE,2023-07-10,ACTUAL,20.6,10.1,51,301,3,0,,89.9,49,144,4.9,53,14,3
HARBOUR LAKE,2023-07-11,ACTUAL,18.1,11,63,312,5,0.4,,87.4,51,151,3.8,55,11,3
HARBOUR LAKE,2023-07-12,ACTUAL,21.5,10.7,50,346,8,0,,87.6,53,159,4.6,58,14,3
HARBOUR LAKE,2023-07-13,ACTUAL,18.7,8.7,52,1,8,0,,87.6,56,166,4.5,60,13,3
HARBOUR LAKE,2023-07-14,ACTUAL,19.4,10.5,56,24,6,0,,87.7,58,173,4.1,63,13,3
HARBOUR LAKE,2023-07-15,ACTUAL,23,3.9,29,141,8,0,,91.1,62,181,7.6,67,21,4
HARBOUR LAKE,2023-07-16,ACTUAL,22.4,5.7,34,148,10,0,,91.2,65,189,8.3,70,23,4
HARBOUR LAKE,2023-07-17,ACTUAL,15,8.1,63,332,5,1.6,,76.4,64,195,1.1,70,4,3
HARBOUR LAKE,2023-07-18,ACTUAL,16.8,8.3,57,340,8,15.8,,49.7,30,166,0.2,41,0,2
HARBOUR LAKE,2023-07-19,ACTUAL,21.7,7.4,40,312,8,0,,79,33,173,1.6,45,4,3
HARBOUR LAKE,2023-07-20,ACTUAL,25.7,7.2,31,341,5,0,,89.5,38,181,5.1,50,13,3
HARBOUR LAKE,2023-07-21,ACTUAL,25.2,7.2,32,138,8,0,,91.3,42,190,7.5,54,19,4
HARBOUR LAKE,2023-07-22,ACTUAL,21.7,8.5,43,141,7,0,,90.7,45,197,6.9,57,18,4
HARBOUR LAKE,2023-07-23,ACTUAL,22.5,5.3,33,146,12,0,,90.9,49,205,8.8,61,23,4
HARBOUR LAKE,2023-07-24,ACTUAL,22.4,6.5,36,163,11,0,,91,52,213,8.7,65,23,4
HARBOUR LAKE,2023-07-25,ACTUAL,14.1,4.7,53,143,13,4,,66.9,39,212,1.1,53,3,3
HARBOUR LAKE,2023-07-26,ACTUAL,9.2,7,86,13,5,7,,31.6,23,203,0,35,0,2
HARBOUR LAKE,2023-07-27,ACTUAL,13.1,9.6,79,313,6,0,,48.8,23,209,0.2,36,0,2
HARBOUR LAKE,2023-07-28,ACTUAL,15.3,7.6,60,135,6,0,,68.5,25,215,0.8,39,1,2
HARBOUR LAKE,2023-07-29,ACTUAL,23.7,4,28,144,10,0,,88,29,223,5.3,44,13,3
HARBOUR LAKE,2023-07-30,ACTUAL,21.2,5.8,37,143,10,0,,89.6,32,231,6.7,48,16,3
HARBOUR LAKE,2023-07-31,ACTUAL,18,5.5,44,343,7,0,,89.6,35,238,5.8,51,15,3
HARBOUR LAKE,2023-08-01,ACTUAL,19.8,2.5,32,262,7,0,,90.5,38,244,6.4,54,17,3
HARBOUR LAKE,2023-08-02,ACTUAL,21,1.7,28,154,8,0,,91.5,41,251,8,58,20,4
HARBOUR LAKE,2023-08-03,ACTUAL,19.7,3.3,34,336,8,0,,91.5,44,258,8.1,62,21,4
HARBOUR LAKE,2023-08-04,ACTUAL,21,3.1,31,337,8,0,,91.6,47,264,7.9,65,22,4
HARBOUR LAKE,2023-08-05,ACTUAL,23.4,4.7,30,304,8,0,,91.7,51,272,8.2,69,23,4
HARBOUR LAKE,2023-08-06,ACTUAL,24.1,6.3,32,3,7,0,,91.8,54,279,8,73,23,4
HARBOUR LAKE,2023-08-07,ACTUAL,21.9,8,41,324,8,0,,91.1,57,286,7.3,76,22,4
HARBOUR LAKE,2023-08-08,ACTUAL,15.4,13.4,88,155,4,4,,48.7,41,283,0.2,60,0,2
HARBOUR LAKE,2023-08-09,ACTUAL,11.2,11.2,100,199,3,10.2,,10.2,20,261,0,34,0,2
HARBOUR LAKE,2023-08-10,ACTUAL,14.4,7.5,63,330,9,28.8,,34.2,9,189,0,16,0,1
HARBOUR LAKE,2023-08-11,ACTUAL,15.7,8.3,61,166,6,0,,60.4,10,195,0.6,18,0,1
HARBOUR LAKE,2023-08-12,ACTUAL,18.2,8.5,53,2,7,0,,77.5,12,201,1.3,21,2,2
HARBOUR LAKE,2023-08-13,ACTUAL,22.1,8.9,43,323,7,0,,86.3,15,208,3.6,25,7,2
HARBOUR LAKE,2023-08-14,ACTUAL,25.3,9.5,37,326,7,0,,89.9,18,215,5.9,30,11,3
HARBOUR LAKE,2023-08-15,ACTUAL,25.3,9.9,38,344,7,0,,90.4,22,223,6.4,35,13,3
HARBOUR LAKE,2023-08-16,ACTUAL,22.1,7,38,323,9,0,,90.4,25,230,7,39,15,3
HARBOUR LAKE,2023-08-17,ACTUAL,25.4,7.9,33,146,6,0,,91.3,28,238,6.8,44,16,3
HARBOUR LAKE,2023-08-18,ACTUAL,12.6,1.8,48,4,9,0.4,,89.2,30,243,5.9,46,14,3
HARBOUR LAKE,2023-08-19,ACTUAL,15.2,2.6,43,1,7,0,,89.2,32,249,5.4,48,14,3
HARBOUR LAKE,2023-08-20,ACTUAL,17.5,4,41,320,7,0,,89.3,34,255,5.5,51,14,3
HARBOUR LAKE,2023-08-21,ACTUAL,20.8,1,27,130,9,0,,91.4,37,261,8.2,55,20,4
HARBOUR LAKE,2023-08-22,ACTUAL,13.3,10.3,82,154,7,3.2,,57.8,29,262,0.5,46,1,2
HARBOUR LAKE,2023-08-23,ACTUAL,9.5,4.6,71,145,7,5.4,,42.2,19,254,0.1,32,0,2
HARBOUR LAKE,2023-08-24,ACTUAL,11.7,7.1,73,347,6,0,,58.7,19,260,0.5,33,1,2
HARBOUR LAKE,2023-08-25,ACTUAL,19.6,7.6,46,358,7,0.2,,79,22,266,1.4,36,3,2
HARBOUR LAKE,2023-08-26,ACTUAL,20.5,7.8,44,31,7,0,,86.1,24,273,3.4,40,9,3
HARBOUR LAKE,2023-08-27,ACTUAL,22.6,5,32,300,7,0,,90.2,28,280,6.2,44,15,3
HARBOUR LAKE,2023-08-28,ACTUAL,25.2,3.7,25,12,7,0,,92.6,32,287,8.7,50,20,4
HARBOUR LAKE,2023-08-29,ACTUAL,22.1,7.4,39,65,6,0,,91.7,35,294,7.3,53,18,4
HARBOUR LAKE,2023-08-30,ACTUAL,14.2,10.5,78,323,9,0,,85.1,35,300,3.4,54,10,3
HARBOUR LAKE,2023-08-31,ACTUAL,8.5,8.5,100,113,3,14.2,,15.7,15,263,0,26,0,2
HARBOUR LAKE,2023-09-01,ACTUAL,14.6,11.6,82,44,5,0.4,,33.9,15,267,0,27,0,2
HARBOUR LAKE,2023-09-02,ACTUAL,19.5,8.5,49,225,4,0.2,,65.6,17,272,0.7,30,1,2
HARBOUR LAKE,2023-09-03,ACTUAL,13.8,10.3,79,113,4,0,,71.8,18,277,0.8,31,1,2
HARBOUR LAKE,2023-09-04,ACTUAL,13.9,9.4,74,338,6,0.8,,74,19,281,1,32,2,2
HARBOUR LAKE,2023-09-05,ACTUAL,11.1,6.1,71,141,5,0.2,,78,19,284,1.2,33,3,2
HARBOUR LAKE,2023-09-06,ACTUAL,9.9,8.2,89,4,6,8,,31.3,10,267,0,19,0,1
HARBOUR LAKE,2023-09-07,ACTUAL,12.9,5.4,60,18,5,1.6,,50.3,11,271,0.2,19,0,1
HARBOUR LAKE,2023-09-08,ACTUAL,16.3,-0.1,33,96,6,0.2,,76.5,13,276,1.1,23,1,2
HARBOUR LAKE,2023-09-09,ACTUAL,19.7,1.1,29,158,6,0,,87.7,15,281,4.1,27,8,2
HARBOUR LAKE,2023-09-10,ACTUAL,20.7,0.4,26,179,7,0,,91.2,18,286,7.4,31,14,3
HARBOUR LAKE,2023-09-11,ACTUAL,18.9,5.6,42,153,8,0,,90.5,20,291,6.9,35,14,3
HARBOUR LAKE,2023-09-12,ACTUAL,14.2,7.1,62,172,6,0.6,,86.6,21,296,3.6,36,8,3
HARBOUR LAKE,2023-09-13,ACTUAL,13.2,5.9,61,302,7,11.6,,47.7,11,267,0.2,20,0,1
HARBOUR LAKE,2023-09-14,ACTUAL,16,0.4,35,277,5,0,,74.2,13,271,1,23,1,2
HARBOUR LAKE,2023-09-15,ACTUAL,20.3,-1,24,151,11,0,,88.9,16,277,6.2,28,11,3
HARBOUR LAKE,2023-09-16,ACTUAL,20.9,0.6,26,155,12,0,,91.6,19,282,9.7,32,17,3
HARBOUR LAKE,2023-09-17,ACTUAL,15.3,0.2,36,194,8,0,,91,21,287,7.4,35,15,3
HARBOUR LAKE,2023-09-18,ACTUAL,6.9,2.4,73,355,8,6.8,,44.9,12,272,0.1,22,0,2
HARBOUR LAKE,2023-09-19,ACTUAL,3.3,2.9,97,142,6,2.6,,29.2,9,275,0,17,0,1
HARBOUR LAKE,2023-09-20,ACTUAL,6.1,3.4,83,329,7,2,,34.1,8,277,0,14,0,1
HARBOUR LAKE,2023-09-21,ACTUAL,12.3,1,46,357,6,0.6,,61.3,9,281,0.6,17,0,1
HARBOUR LAKE,2023-09-22,ACTUAL,16.6,-0.3,32,132,7,0,,81.5,11,286,1.9,20,3,2
HARBOUR LAKE,2023-09-23,ACTUAL,7.9,7.3,96,146,8,6.6,,29,6,273,0,11,0,1
HARBOUR LAKE,2023-09-24,ACTUAL,8.1,2.6,68,164,7,5.4,,33,3,263,0,7,0,1
HARBOUR LAKE,2023-09-25,ACTUAL,9.2,5.9,80,140,12,0,,50.1,4,267,0.3,7,0,1
HARBOUR LAKE,2023-09-26,ACTUAL,10.4,5.4,71,143,8,9.8,,35.3,2,245,0,4,0,1
HARBOUR LAKE,2023-09-27,ACTUAL,8.5,2.8,67,147,7,1,,51.5,3,248,0.3,5,0,1
HARBOUR LAKE,2023-09-28,ACTUAL,4.5,4,97,142,4,16.4,,10.2,1,208,0,1,0,1
HARBOUR LAKE,2023-09-29,ACTUAL,4.8,3.3,90,342,5,4.4,,13.1,0,203,0,0,0,1
HARBOUR LAKE,2023-09-30,ACTUAL,6.4,4.4,87,304,6,1.8,,21.7,0,205,0,0,0,1
HARBOUR LAKE,2023-10-01,ACTUAL,9.7,3.7,66,342,6,0.2,,45,1,208,0.1,1,0,1
HARBOUR LAKE,2023-10-02,ACTUAL,9.3,2.2,61,130,5,0,,62.4,1,210,0.6,3,0,1
HARBOUR LAKE,2023-10-03,ACTUAL,6.9,5.5,91,333,4,1.8,,49.8,1,212,0.2,2,0,1
HARBOUR LAKE,2023-10-04,ACTUAL,9.9,3.5,64,333,6,6.6,,40,1,201,0,1,0,1
HARBOUR LAKE,2023-10-05,ACTUAL,6.7,5.2,90,341,4,0.2,,46.3,1,203,0.1,1,0,1
HARBOUR LAKE,2023-10-06,ACTUAL,13,6.2,63,339,6,0,,64.9,2,206,0.7,3,0,1
HARBOUR LAKE,2023-10-07,ACTUAL,17.2,2.3,37,130,9,0.2,,82.3,3,210,2.3,6,1,2
HARBOUR LAKE,2023-10-08,ACTUAL,18.1,4.6,41,146,9,0,,87.1,5,214,4.5,9,5,2
HARBOUR LAKE,2023-10-09,ACTUAL,16.7,2.2,38,145,9,0,,88.5,7,217,5.4,12,7,2
HARBOUR LAKE,2023-10-10,ACTUAL,8.3,6.1,86,124,7,21.6,,26.8,3,167,0,5,0,1
HARBOUR LAKE,2023-10-11,ACTUAL,7.2,3.6,78,342,6,3.4,,30.8,1,164,0,3,0,1
HARBOUR LAKE,2023-10-12,ACTUAL,7,6.1,94,3,4,0.4,,35.5,2,166,0,3,0,1
HARBOUR LAKE,2023-10-13,ACTUAL,10.5,3.8,63,142,7,0.2,,57.4,2,169,0.5,4,0,1
HARBOUR LAKE,2023-10-14,ACTUAL,8.7,2.8,66,150,10,0,,70,3,171,1,5,0,1
HARBOUR LAKE,2023-10-15,ACTUAL,8.1,5.2,82,151,5,3.8,,44.3,1,167,0.1,3,0,1
HARBOUR LAKE,2023-10-16,ACTUAL,12.8,4.5,57,144,10,1.8,,60.2,2,170,0.7,3,0,1
HARBOUR LAKE,2023-10-17,ACTUAL,4.3,3.5,95,154,5,12.8,,15.8,0,145,0,0,0,1
HARBOUR LAKE,2023-10-18,ACTUAL,4.8,4.8,100,145,10,20.4,,0.8,0,104,0,0,0,1
HARBOUR LAKE,2023-10-19,ACTUAL,10.9,9.1,89,147,7,10.2,,12.7,0,89,0,0,0,1
HARBOUR LAKE,2023-10-20,ACTUAL,7.3,2,69,313,6,1.8,,31,0,91,0,1,0,1
HARBOUR LAKE,2023-10-21,ACTUAL,7.9,1.3,63,342,4,0.2,,50.6,1,93,0.2,2,0,1
HARBOUR LAKE,2023-10-22,ACTUAL,6,0.2,66,310,6,0,,63.5,1,95,0.7,2,0,1
HARBOUR LAKE,2023-10-23,ACTUAL,2.4,0.3,86,277,4,0,,66.7,1,96,0.7,3,0,1
HARBOUR LAKE,2023-10-24,ACTUAL,-2,-8.5,61,352,7,0,,72.6,1,96,1,3,0,1
HARBOUR LAKE,2023-10-25,ACTUAL,-1.4,-14.7,36,303,8,0,,79.2,1,97,1.6,3,1,1
HARBOUR LAKE,2023-10-26,ACTUAL,-4.7,-11.9,57,313,7,0,,80.4,1,97,1.7,3,1,1
HARBOUR LAKE,2023-10-27,ACTUAL,-4,-16,39,355,9,0,,82.8,1,97,2.5,3,1,1
HARBOUR LAKE,2023-10-28,ACTUAL,-3.6,-11.8,53,339,6,0,,83,1,97,2.2,3,1,1
HARBOUR LAKE,2023-10-29,ACTUAL,0.2,-10.4,45,4,5,0,,84,1,98,2.4,3,1,1
HARBOUR LAKE,2023-10-30,ACTUAL,3.2,-9.6,39,99,6,0,,85.4,2,99,3.1,4,2,2
HARBOUR LAKE,2023-10-31,ACTUAL,3.4,-7.8,44,18,5,0,,85.6,2,101,2.9,4,2,2
LEIGHTON LAKE,2023-05-01,ACTUAL,9.5,6.4,81,327,8,4.8,,49.6,19,434,0.2,35,0,1
LEIGHTON LAKE,2023-05-02,ACTUAL,15.5,6.3,54,336,15,2.4,,64.7,18,439,1.1,32,2,1
LEIGHTON LAKE,2023-05-03,ACTUAL,20,8,46,303,6,0,,81.1,21,445,1.8,37,4,1
LEIGHTON LAKE,2023-05-04,ACTUAL,22.3,6.8,37,62,15,0,,88.7,25,452,7.7,44,17,2
LEIGHTON LAKE,2023-05-05,ACTUAL,14.3,8.3,67,191,14,0,,86,26,457,4.9,46,12,2
LEIGHTON LAKE,2023-05-06,ACTUAL,8.4,7.2,92,195,8,3.8,,44.8,19,449,0.1,34,0,1
LEIGHTON LAKE,2023-05-07,ACTUAL,7.3,6.2,93,353,5,4.6,,24.3,12,438,0,23,0,1
LEIGHTON LAKE,2023-05-08,ACTUAL,9.2,5.4,77,5,7,12.4,,23.5,6,392,0,12,0,1
LEIGHTON LAKE,2023-05-09,ACTUAL,8.8,6.7,87,189,9,9.6,,18.9,3,362,0,6,0,1
LEIGHTON LAKE,2023-05-10,ACTUAL,16.6,1,35,247,7,3.4,,54.3,4,360,0.4,8,0,1
LEIGHTON LAKE,2023-05-11,ACTUAL,17,-0.4,31,188,9,1.6,,74.7,7,366,1.2,13,1,1
LEIGHTON LAKE,2023-05-12,ACTUAL,20.3,0.1,26,185,14,0,,88.9,11,372,7.4,21,11,2
LEIGHTON LAKE,2023-05-13,ACTUAL,23.4,4.3,29,353,9,0,,91.4,16,378,8.4,29,15,2
LEIGHTON LAKE,2023-05-14,ACTUAL,24.1,-2.5,17,53,20,0,,94.4,21,385,22.3,37,34,3
LEIGHTON LAKE,2023-05-15,ACTUAL,25.7,4.1,25,71,10,0,,94.5,27,392,13.4,45,26,2
LEIGHTON LAKE,2023-05-16,ACTUAL,25.7,4.1,25,9,12,0,,94.5,32,399,14.9,53,30,3
LEIGHTON LAKE,2023-05-17,ACTUAL,21.4,3.9,32,358,13,0,,93,36,405,12.8,59,29,3
LEIGHTON LAKE,2023-05-18,ACTUAL,24.5,5.7,30,173,15,0,,93.1,41,412,13.9,65,32,3
LEIGHTON LAKE,2023-05-19,ACTUAL,23.6,4.4,29,359,11,0,,93.1,45,419,11.5,71,29,3
LEIGHTON LAKE,2023-05-20,ACTUAL,24.9,6.5,31,62,6,0,,93.2,50,426,9.1,77,26,3
LEIGHTON LAKE,2023-05-21,ACTUAL,19.2,3.7,36,207,9,0,,91.9,53,432,9,82,27,3
LEIGHTON LAKE,2023-05-22,ACTUAL,13,2.2,48,337,19,0,,89.2,55,436,10,84,29,3
LEIGHTON LAKE,2023-05-23,ACTUAL,7.9,5.9,87,174,10,3.2,,53.5,43,432,0.4,69,1,2
LEIGHTON LAKE,2023-05-24,ACTUAL,11,3.8,61,354,11,1.6,,62.9,43,436,0.8,68,3,2
LEIGHTON LAKE,2023-05-25,ACTUAL,17,7.4,53,56,12,0,,79,45,442,1.9,71,7,2
LEIGHTON LAKE,2023-05-26,ACTUAL,19.8,5,38,261,6,0,,86.8,48,448,3.6,76,13,2
LEIGHTON LAKE,2023-05-27,ACTUAL,21.9,7.2,39,235,12,0,,89.2,52,454,7,81,22,3
LEIGHTON LAKE,2023-05-28,ACTUAL,19.8,4.2,36,122,8,0,,89.8,55,460,6.1,85,21,3
LEIGHTON LAKE,2023-05-29,ACTUAL,18.9,4.2,38,285,6,0,,89.8,59,466,5.7,89,20,3
LEIGHTON LAKE,2023-05-30,ACTUAL,17.1,-1.2,29,168,19,0,,90.7,62,472,12.2,93,35,4
LEIGHTON LAKE,2023-05-31,ACTUAL,15,0.7,38,309,10,0,,90.4,65,477,7.4,97,25,3
LEIGHTON LAKE,2023-06-01,ACTUAL,17.1,-1.7,28,325,8,0,,90.9,68,483,7.1,101,25,3
LEIGHTON LAKE,2023-06-02,ACTUAL,20.7,0.9,27,180,16,0,,91.8,72,490,12.3,106,37,4
LEIGHTON LAKE,2023-06-03,ACTUAL,21.6,-3,19,214,13,0,,93.6,77,498,13.9,111,41,4
LEIGHTON LAKE,2023-06-04,ACTUAL,18,-6.7,18,249,12,0,,93.6,81,504,12.9,116,40,4
LEIGHTON LAKE,2023-06-05,ACTUAL,12.2,-2.9,35,3,14,0,,91.6,84,510,10.6,119,35,4
LEIGHTON LAKE,2023-06-06,ACTUAL,19.6,-4,20,67,8,0,,93,88,517,9.7,123,34,4
LEIGHTON LAKE,2023-06-07,ACTUAL,24.8,-5.6,13,74,9,0,,95.5,94,525,15,130,46,4
LEIGHTON LAKE,2023-06-08,ACTUAL,28,-1.1,15,52,13,0,,95.9,100,533,18.7,137,53,5
LEIGHTON LAKE,2023-06-09,ACTUAL,25.6,3.5,24,33,12,0,,95.1,106,541,16.1,142,49,5
LEIGHTON LAKE,2023-06-10,ACTUAL,17.2,12,71,186,18,1.4,,79.9,107,548,2.7,144,14,3
LEIGHTON LAKE,2023-06-11,ACTUAL,18.3,10.2,59,356,18,7.4,,62.4,61,518,1.1,94,5,3
LEIGHTON LAKE,2023-06-12,ACTUAL,24.4,5.1,29,335,9,0,,86.8,66,526,4.3,100,17,3
LEIGHTON LAKE,2023-06-13,ACTUAL,17.6,7.1,50,182,28,0,,87,68,533,11.1,103,34,4
LEIGHTON LAKE,2023-06-14,ACTUAL,10.1,3,61,294,9,5,,55.7,45,517,0.5,75,1,2
LEIGHTON LAKE,2023-06-15,ACTUAL,19.3,1.6,31,148,13,0,,82.7,49,524,3,80,12,2
LEIGHTON LAKE,2023-06-16,ACTUAL,15.3,7.4,59,197,18,0,,84.4,51,530,4.8,82,17,2
LEIGHTON LAKE,2023-06-17,ACTUAL,15.4,3.1,44,188,19,0,,86.9,53,536,7.1,86,23,3
LEIGHTON LAKE,2023-06-18,ACTUAL,8.6,1.8,62,357,26,0,,85.6,54,541,8.5,87,26,3
LEIGHTON LAKE,2023-06-19,ACTUAL,5.9,4,88,269,7,4.6,,42.1,37,527,0.1,63,0,2
LEIGHTON LAKE,2023-06-20,ACTUAL,9.9,5.7,75,350,9,16.2,,28.7,16,451,0,29,0,1
LEIGHTON LAKE,2023-06-21,ACTUAL,12,6.8,70,201,13,0.2,,53.9,17,457,0.5,31,1,1
LEIGHTON LAKE,2023-06-22,ACTUAL,17.3,6.2,48,96,9,0.4,,76.1,20,463,1.3,35,3,1
LEIGHTON LAKE,2023-06-23,ACTUAL,21.5,4.4,33,89,6,0,,87.5,24,470,4.1,42,10,2
LEIGHTON LAKE,2023-06-24,ACTUAL,17.4,10.6,64,303,9,1.4,,78.3,25,477,1.5,45,4,1
LEIGHTON LAKE,2023-06-25,ACTUAL,17.1,9.1,59,357,12,33.2,,50.1,11,341,0.3,20,0,1
LEIGHTON LAKE,2023-06-26,ACTUAL,22.4,9.5,44,355,10,0.2,,79.3,14,349,1.8,26,3,1
LEIGHTON LAKE,2023-06-27,ACTUAL,24.8,7.3,33,354,13,0,,89.6,19,357,8,33,15,2
LEIGHTON LAKE,2023-06-28,ACTUAL,25.1,10.1,39,339,7,0,,90.1,23,365,6.3,40,14,2
LEIGHTON LAKE,2023-06-29,ACTUAL,23.8,8.2,37,179,17,0,,90.4,27,372,10.6,46,22,2
LEIGHTON LAKE,2023-06-30,ACTUAL,23.7,3.5,27,194,11,0,,92.1,32,380,9.9,53,23,3
LEIGHTON LAKE,2023-07-01,ACTUAL,20.3,2.5,31,230,15,0,,92.2,36,387,12.5,58,28,3
LEIGHTON LAKE,2023-07-02,ACTUAL,16,-1.7,30,31,10,0,,92,38,394,9.5,62,24,3
LEIGHTON LAKE,2023-07-03,ACTUAL,18.3,-0.2,29,346,18,0,,92.1,42,401,14.2,66,32,3
LEIGHTON LAKE,2023-07-04,ACTUAL,21,5.7,37,344,12,0,,91.6,45,408,9.9,70,26,3
LEIGHTON LAKE,2023-07-05,ACTUAL,22.9,2.8,27,6,9,0,,92.2,49,416,9.4,76,26,3
LEIGHTON LAKE,2023-07-06,ACTUAL,26,2,21,12,12,0,,93.9,54,425,13.3,82,35,3
LEIGHTON LAKE,2023-07-07,ACTUAL,25.5,8.8,35,332,10,0,,92.9,58,433,10.5,87,30,3
LEIGHTON LAKE,2023-07-08,ACTUAL,26.4,6.8,29,310,7,0,,92.9,63,441,9.2,92,29,4
LEIGHTON LAKE,2023-07-09,ACTUAL,28.2,4.4,22,215,12,0.2,,94.1,68,450,13.8,99,39,4
LEIGHTON LAKE,2023-07-10,ACTUAL,25,8.4,35,293,9,0,,92.9,72,458,9.9,103,32,4
LEIGHTON LAKE,2023-07-11,ACTUAL,22.9,8.5,40,306,9,3.6,,77.4,56,456,1.4,86,6,2
LEIGHTON LAKE,2023-07-12,ACTUAL,22.9,5.2,32,314,11,0,,88.9,60,464,6.5,90,22,3
LEIGHTON LAKE,2023-07-13,ACTUAL,22.4,8.8,42,287,6,6.6,,68.1,39,446,0.8,63,3,2
LEIGHTON LAKE,2023-07-14,ACTUAL,24.9,11.1,42,47,11,0,,85.8,42,454,4.2,68,14,2
LEIGHTON LAKE,2023-07-15,ACTUAL,24.6,8.5,36,276,6,0,,89.8,46,462,5.8,74,18,3
LEIGHTON LAKE,2023-07-16,ACTUAL,25.5,4,25,187,20,0,,92.8,51,470,17.9,80,41,3
LEIGHTON LAKE,2023-07-17,ACTUAL,19.3,4.9,39,205,18,0,,91.2,54,477,12.8,84,34,3
LEIGHTON LAKE,2023-07-18,ACTUAL,19.1,5.8,42,273,9,1.4,,83.9,56,485,2.9,87,12,2
LEIGHTON LAKE,2023-07-19,ACTUAL,25.1,7.6,33,61,13,0,,90.4,60,493,8.5,93,27,3
LEIGHTON LAKE,2023-07-20,ACTUAL,29.1,4.5,21,198,12,0,,94.3,66,502,14.1,99,39,4
LEIGHTON LAKE,2023-07-21,ACTUAL,26.9,7.3,29,167,15,0,,94,71,510,15.8,105,43,4
LEIGHTON LAKE,2023-07-22,ACTUAL,24,4.8,29,194,21,0,,93.6,75,518,20.7,110,53,5
LEIGHTON LAKE,2023-07-23,ACTUAL,23.5,-0.1,21,195,15,0,,93.7,79,526,15.7,115,45,4
LEIGHTON LAKE,2023-07-24,ACTUAL,16.8,8.6,58,187,27,0,,88.2,81,533,13,118,40,4
LEIGHTON LAKE,2023-07-25,ACTUAL,13.4,4.6,55,212,18,3.4,,69.2,61,528,1.5,95,7,3
LEIGHTON LAKE,2023-07-26,ACTUAL,17,2.8,39,33,8,0,,83,64,534,2.4,98,11,3
LEIGHTON LAKE,2023-07-27,ACTUAL,20.2,4.5,36,337,8,0,,88.4,67,542,5,102,20,3
LEIGHTON LAKE,2023-07-28,ACTUAL,20.6,7.5,43,314,6,0,,88.7,70,549,4.7,106,19,3
LEIGHTON LAKE,2023-07-29,ACTUAL,24.1,8.4,37,75,8,11.6,,69.2,38,497,0.9,64,3,2
LEIGHTON LAKE,2023-07-30,ACTUAL,22,1.5,26,123,8,0,,87.6,42,505,4.6,70,15,2
LEIGHTON LAKE,2023-07-31,ACTUAL,20.8,3.8,33,328,6,0,,90,46,512,5.9,75,19,3
LEIGHTON LAKE,2023-08-01,ACTUAL,22.4,2.9,28,186,7,0,,91.6,49,519,7.7,80,24,3
LEIGHTON LAKE,2023-08-02,ACTUAL,22.1,3.1,29,167,6,0,,91.7,53,526,7.5,84,24,3
LEIGHTON LAKE,2023-08-03,ACTUAL,21,4,33,14,8,0,,91.7,56,533,8.1,89,26,3
LEIGHTON LAKE,2023-08-04,ACTUAL,23.7,2.4,25,337,11,0,,92.7,60,540,10.8,94,32,4
LEIGHTON LAKE,2023-08-05,ACTUAL,25.3,3.2,24,353,14,0,,93.3,64,548,13.6,99,38,4
LEIGHTON LAKE,2023-08-06,ACTUAL,27.3,4.9,24,10,9,0,,93.6,68,556,11.5,105,35,4
LEIGHTON LAKE,2023-08-07,ACTUAL,22.7,10.5,46,8,4,0.2,,91.1,71,563,6,108,23,3
LEIGHTON LAKE,2023-08-08,ACTUAL,19.1,9.9,55,214,14,0,,88.6,73,569,7,110,26,3
LEIGHTON LAKE,2023-08-09,ACTUAL,15.4,11.4,77,173,22,1.4,,76.7,74,575,2.5,112,12,3
LEIGHTON LAKE,2023-08-10,ACTUAL,15.4,8.5,63,243,8,2.4,,67.2,63,581,0.8,99,4,2
LEIGHTON LAKE,2023-08-11,ACTUAL,20.2,7.5,44,192,13,0,,83.6,65,587,3.3,102,15,3
LEIGHTON LAKE,2023-08-12,ACTUAL,20.3,7.3,43,2,12,0,,87.6,68,594,5.7,106,22,3
LEIGHTON LAKE,2023-08-13,ACTUAL,26.2,8.6,33,20,8,0,,91,72,602,7.5,110,27,3
LEIGHTON LAKE,2023-08-14,ACTUAL,28.6,7.2,26,337,9,0,,93.2,76,610,10.4,116,35,4
LEIGHTON LAKE,2023-08-15,ACTUAL,31.8,7.4,22,82,6,0,,94.7,81,619,11.5,123,38,4
LEIGHTON LAKE,2023-08-16,ACTUAL,25.2,6.3,30,320,14,0,,93.8,85,626,14.5,127,44,4
LEIGHTON LAKE,2023-08-17,ACTUAL,30.7,8.9,26,217,15,0,,93.8,90,635,15.3,133,47,4
LEIGHTON LAKE,2023-08-18,ACTUAL,15.8,-1,32,342,26,0,,92.1,93,641,21.5,136,58,5
LEIGHTON LAKE,2023-08-19,ACTUAL,16.9,0,32,330,14,0,,91.8,95,647,11,139,38,4
LEIGHTON LAKE,2023-08-20,ACTUAL,20.4,-1.5,23,24,9,0,,92.6,98,653,9.9,143,36,4
LEIGHTON LAKE,2023-08-21,ACTUAL,20.5,2.7,31,48,12,0,,92.5,102,660,11.3,147,39,4
LEIGHTON LAKE,2023-08-22,ACTUAL,20.2,4.5,36,193,16,0,,91.7,104,667,12.2,150,42,4
LEIGHTON LAKE,2023-08-23,ACTUAL,12.1,5.1,62,180,15,0.8,,84.1,105,672,3.9,151,19,4
LEIGHTON LAKE,2023-08-24,ACTUAL,16,7.3,56,106,8,0.4,,85.2,107,678,3.2,153,16,3
LEIGHTON LAKE,2023-08-25,ACTUAL,19.8,8.5,48,76,11,0,,87.1,109,684,4.9,156,23,4
LEIGHTON LAKE,2023-08-26,ACTUAL,23.4,7,35,59,10,0,,90.1,112,692,7.1,160,30,4
LEIGHTON LAKE,2023-08-27,ACTUAL,25.5,7,31,72,15,0,,91.7,116,699,11.4,164,41,4
LEIGHTON LAKE,2023-08-28,ACTUAL,27.3,7.6,29,56,10,0,,92.5,120,707,10.1,169,38,4
LEIGHTON LAKE,2023-08-29,ACTUAL,20.5,7.4,43,17,8,0,,90.9,123,714,7.4,172,31,4
LEIGHTON LAKE,2023-08-30,ACTUAL,18,8.3,53,326,13,0,,88.7,125,720,6.9,174,30,4
LEIGHTON LAKE,2023-08-31,ACTUAL,11,9.7,92,13,7,14.8,,25.6,57,612,0,92,0,2
LEIGHTON LAKE,2023-09-01,ACTUAL,17.3,8.5,56,23,15,3.2,,55.7,45,604,0.6,76,2,2
LEIGHTON LAKE,2023-09-02,ACTUAL,23.9,8.2,37,40,10,0,,83.3,48,610,2.7,80,11,2
LEIGHTON LAKE,2023-09-03,ACTUAL,16.7,5,46,352,15,0,,86.5,50,615,5.4,83,19,3
LEIGHTON LAKE,2023-09-04,ACTUAL,16.6,7,53,331,6,0,,86.6,51,619,3.5,85,14,2
LEIGHTON LAKE,2023-09-05,ACTUAL,13.9,3.6,50,340,10,0,,86.6,53,624,4.4,87,16,2
LEIGHTON LAKE,2023-09-06,ACTUAL,16.7,4.3,44,309,8,0,,87.5,54,628,4.5,89,17,2
LEIGHTON LAKE,2023-09-07,ACTUAL,16.3,4.3,45,57,12,0,,87.6,56,633,5.5,92,20,3
LEIGHTON LAKE,2023-09-08,ACTUAL,18.9,4.2,38,40,11,0,,89,58,638,6.4,95,23,3
LEIGHTON LAKE,2023-09-09,ACTUAL,22.5,4,30,154,13,0,,91.2,61,644,9.8,99,31,4
LEIGHTON LAKE,2023-09-10,ACTUAL,24.4,1.3,22,171,18,0,,93.4,65,650,16.9,104,45,4
LEIGHTON LAKE,2023-09-11,ACTUAL,17.8,5.7,45,200,15,0,,90.4,67,655,9.8,106,32,4
LEIGHTON LAKE,2023-09-12,ACTUAL,16.1,7.1,55,185,16,0,,88.1,68,659,7.4,108,27,3
LEIGHTON LAKE,2023-09-13,ACTUAL,16.3,5.9,50,340,8,0.8,,84.9,70,664,3.2,110,15,3
LEIGHTON LAKE,2023-09-14,ACTUAL,19.1,5.1,40,73,10,0,,88.1,72,669,5.3,113,21,3
LEIGHTON LAKE,2023-09-15,ACTUAL,24.6,1.4,22,183,20,0,,93.1,75,675,18.6,118,50,5
LEIGHTON LAKE,2023-09-16,ACTUAL,24.2,-4.1,15,174,24,0,,95.1,79,681,29.3,123,68,5
LEIGHTON LAKE,2023-09-17,ACTUAL,20.2,0.5,27,226,15,0,,93.8,82,687,15.4,126,46,4
LEIGHTON LAKE,2023-09-18,ACTUAL,7.4,1.5,66,193,9,1.4,,77.4,82,690,1.4,127,8,3
LEIGHTON LAKE,2023-09-19,ACTUAL,10.2,2.6,59,189,11,0,,81.5,83,693,2.3,128,12,3
LEIGHTON LAKE,2023-09-20,ACTUAL,8.2,3.9,74,351,22,2.6,,63.8,67,696,1.5,109,8,3
LEIGHTON LAKE,2023-09-21,ACTUAL,13.3,0.6,42,344,11,0,,79.7,69,701,2,111,10,3
LEIGHTON LAKE,2023-09-22,ACTUAL,19,0.9,30,176,20,0,,89,71,706,10.2,114,34,4
LEIGHTON LAKE,2023-09-23,ACTUAL,11.4,6.2,70,183,28,1.4,,77.6,72,709,3.7,115,17,3
LEIGHTON LAKE,2023-09-24,ACTUAL,12.5,1.8,48,56,13,0,,83.6,73,713,3.4,117,16,3
LEIGHTON LAKE,2023-09-25,ACTUAL,10.9,7.8,81,184,16,0.6,,81.3,74,717,2.9,117,14,3
LEIGHTON LAKE,2023-09-26,ACTUAL,11.5,2.3,53,194,19,2,,74,67,721,1.9,108,9,3
LEIGHTON LAKE,2023-09-27,ACTUAL,8.7,4.9,77,83,7,0,,76.9,67,724,1.2,109,7,3
LEIGHTON LAKE,2023-09-28,ACTUAL,10.2,2.6,59,195,15,1,,77.4,68,728,1.9,110,10,3
LEIGHTON LAKE,2023-09-29,ACTUAL,7.5,3.2,74,344,14,8.6,,42.2,37,665,0.1,65,0,2
LEIGHTON LAKE,2023-09-30,ACTUAL,8.1,3.4,72,350,14,0,,60,38,668,0.8,66,3,2
LEIGHTON LAKE,2023-10-01,ACTUAL,14,-2.2,33,149,7,0.2,,79.2,39,672,1.5,68,6,2
LEIGHTON LAKE,2023-10-02,ACTUAL,11.3,3.9,60,181,12,0,,82.3,40,674,2.6,69,10,2
LEIGHTON LAKE,2023-10-03,ACTUAL,15.6,4,46,114,5,0,,85.7,41,678,3,72,11,2
LEIGHTON LAKE,2023-10-04,ACTUAL,12.5,7.4,71,325,6,0,,84.6,42,681,2.6,73,10,2
LEIGHTON LAKE,2023-10-05,ACTUAL,14.6,7.7,63,12,15,0.2,,84.6,43,684,4.3,74,15,2
LEIGHTON LAKE,2023-10-06,ACTUAL,15.6,7.9,60,51,11,0,,84.9,44,688,3.5,75,13,2
LEIGHTON LAKE,2023-10-07,ACTUAL,17.9,7,49,50,7,0.2,,86.6,45,692,3.7,78,14,2
LEIGHTON LAKE,2023-10-08,ACTUAL,20.7,5.8,38,185,18,0,,89.2,47,696,9.3,81,27,3
LEIGHTON LAKE,2023-10-09,ACTUAL,19.1,2.3,33,195,23,0,,90.2,49,700,13.8,84,36,3
LEIGHTON LAKE,2023-10-10,ACTUAL,8.5,2.3,65,184,19,0,,86.2,50,702,6.4,85,21,3
LEIGHTON LAKE,2023-10-11,ACTUAL,12.7,3.4,53,70,8,0,,86.3,51,705,3.8,86,15,2
LEIGHTON LAKE,2023-10-12,ACTUAL,12.6,2.4,50,49,13,0,,86.3,52,708,5,88,18,3
LEIGHTON LAKE,2023-10-13,ACTUAL,13.3,2.5,48,154,19,0.2,,86.6,53,711,6.8,89,23,3
LEIGHTON LAKE,2023-10-14,ACTUAL,12,2.7,53,174,18,0,,86.6,54,714,6.4,91,22,3
LEIGHTON LAKE,2023-10-15,ACTUAL,12.4,3.6,55,169,19,1.4,,79.3,55,717,2.7,92,12,3
LEIGHTON LAKE,2023-10-16,ACTUAL,13.2,7.1,66,185,28,0.6,,81.6,56,720,5.6,93,20,3
LEIGHTON LAKE,2023-10-17,ACTUAL,8.3,0.8,59,179,18,0.8,,80.5,56,722,3,94,13,3
LEIGHTON LAKE,2023-10-18,ACTUAL,16,6.7,54,161,20,0,,84.7,57,726,5.5,96,20,3
LEIGHTON LAKE,2023-10-19,ACTUAL,19.5,6.9,44,200,23,0,,87.7,59,730,9.8,98,31,4
LEIGHTON LAKE,2023-10-20,ACTUAL,10.5,0.5,50,20,9,0,,87.5,60,733,4.8,100,19,3
LEIGHTON LAKE,2023-10-21,ACTUAL,8,1.4,63,68,10,0,,85.8,60,735,3.9,100,16,3
LEIGHTON LAKE,2023-10-22,ACTUAL,10.1,-0.2,49,25,10,0,,85.9,61,738,4,102,17,3
LEIGHTON LAKE,2023-10-23,ACTUAL,8.4,-3.5,43,252,11,0,,86.4,62,740,4.6,103,18,3
LEIGHTON LAKE,2023-10-24,ACTUAL,-3.2,-8.1,69,342,13,0,,84.1,62,740,3.7,103,16,3
LEIGHTON LAKE,2023-10-25,ACTUAL,-4.6,-13.5,50,354,13,0,,84.2,62,740,3.7,103,16,3
LEIGHTON LAKE,2023-10-26,ACTUAL,-3.1,-11.1,54,350,20,0.2,,84.2,62,740,5.2,103,20,3
LEIGHTON LAKE,2023-10-27,ACTUAL,-2,-12.7,44,16,15,0,,84.6,62,741,4.3,103,18,3
LEIGHTON LAKE,2023-10-28,ACTUAL,3.1,-13.4,29,66,6,0,,86.8,63,742,3.8,103,16,3
LEIGHTON LAKE,2023-10-29,ACTUAL,2.1,-9.9,41,73,8,0,,86.9,63,743,4.2,104,17,3
LEIGHTON LAKE,2023-10-30,ACTUAL,3.7,-7.2,45,41,8,0,,86.9,63,744,4.1,104,17,3
LEIGHTON LAKE,2023-10-31,ACTUAL,3.1,-6.4,50,41,7,0,,86.5,64,746,3.8,105,16,3
MAYSON,2023-05-01,ACTUAL,10.5,7,79,293,10,2.6,,,,,,,,
MAYSON,2023-05-02,ACTUAL,16.2,6.9,54,303,10,0.4,,,,,,,,
MAYSON,2023-05-03,ACTUAL,21,8.6,45,95,12,0,,85,6,15,3.9,6,3,
MAYSON,2023-05-04,ACTUAL,22.5,5.3,33,90,7,0.2,,89.8,10,21,6,10,6,2
MAYSON,2023-05-05,ACTUAL,20.2,5.3,38,126,8,0,,89.8,14,27,6.2,14,8,2
MAYSON,2023-05-06,ACTUAL,7.6,7.3,98,73,4,11,,21.1,7,15,0,6,0,1
MAYSON,2023-05-07,MANUAL,6.2,4.8,91,249,6,9.2,80,12.8,3,6,0,3,0,1
MAYSON,2023-05-08,ACTUAL,10.7,5.1,68,85,5,2.8,80,31.4,3,8,0,3,0,1
MAYSON,2023-05-09,ACTUAL,7.1,5.9,92,146,3,8.8,80,13.5,1,4,0,1,0,1
MAYSON,2023-05-10,ACTUAL,11.9,5.6,65,196,10,1,80,41.8,2,8,0.1,3,0,1
MAYSON,2023-05-11,ACTUAL,16.3,0.3,34,161,9,0.2,80,73.6,5,14,1.1,5,0,1
MAYSON,2023-05-12,ACTUAL,19.6,0,27,177,13,0,80,88.1,9,19,6.4,9,6,2
MAYSON,2023-05-13,ACTUAL,23.5,0.5,22,179,10,0,80,92.7,14,26,10.3,14,12,2
MAYSON,2023-05-14,ACTUAL,25.1,-0.9,18,86,11,0,80,94.4,20,33,14.2,20,18,2
MAYSON,2023-05-15,ACTUAL,25.8,0.4,19,101,11,0,80,94.5,25,40,14.1,25,20,2
MAYSON,2023-05-16,ACTUAL,26.3,3.5,23,69,9,0,80,94.6,31,47,13,31,21,2
MAYSON,2023-05-17,ACTUAL,21.5,5.7,36,309,10,0.6,80,91.7,35,54,9,35,17,2
MAYSON,2023-05-18,ACTUAL,22.7,5.5,33,130,11,0,80,91.8,39,60,9.7,39,19,2
MAYSON,2023-05-19,ACTUAL,23.9,6.1,32,86,7,0,55,91.8,44,67,8,43,18,2
MAYSON,2023-05-20,ACTUAL,23.6,3.9,28,52,11,0,55,92.1,48,73,9.8,48,22,2
MAYSON,2023-05-21,ACTUAL,16.2,8.7,61,84,10,0,55,87.9,50,79,5.2,50,14,2
MAYSON,2023-05-22,ACTUAL,8.1,5.9,86,325,11,12.2,55,32.8,24,62,0,25,0,1
MAYSON,2023-05-23,ACTUAL,6.2,4.8,91,243,8,13.2,55,14,11,44,0,14,0,1
MAYSON,2023-05-24,ACTUAL,8.4,5.7,83,348,4,6.4,55,18.2,6,39,0,9,0,1
MAYSON,2023-05-25,ACTUAL,17.5,4.7,43,136,11,0,55,61.4,9,44,0.8,12,1,1
MAYSON,2023-05-26,ACTUAL,17.9,3.3,38,110,9,0,55,81.3,12,50,2,15,3,1
MAYSON,2023-05-27,ACTUAL,21.6,5.8,36,237,8,0,55,88.3,16,56,5,19,8,2
MAYSON,2023-05-28,ACTUAL,19.2,2.4,33,348,11,0,55,90,20,62,7.3,22,11,2
MAYSON,2023-05-29,ACTUAL,19.2,4.1,37,21,8,0,55,90,23,68,6.5,25,11,2
MAYSON,2023-05-30,ACTUAL,18.2,2.4,35,180,10,0,55,90.1,26,74,7,28,13,2
MAYSON,2023-05-31,ACTUAL,13.3,-0.1,40,283,9,0,55,89.8,29,79,6.6,30,13,2
MAYSON,2023-06-01,ACTUAL,17.3,-2,27,30,9,0,55,91,32,85,7.6,33,15,2
MAYSON,2023-06-02,ACTUAL,20.8,1.5,28,165,9,0,55,91.6,36,92,8.4,37,17,2
MAYSON,2023-06-03,ACTUAL,21.3,-8.3,13,182,11,0,55,94.8,41,99,14.9,41,27,2
MAYSON,2023-06-04,ACTUAL,17.8,-2.1,26,73,10,0,55,93.7,45,106,12.2,45,24,2
MAYSON,2023-06-05,ACTUAL,11.8,-2.9,36,294,16,0,70,91.4,47,112,11.4,47,24,2
MAYSON,2023-06-06,ACTUAL,19.6,-4,20,41,9,0,70,93,52,119,10.2,52,23,3
MAYSON,2023-06-07,ACTUAL,24.5,-8,11,127,10,0,70,96,58,126,16.4,58,33,3
MAYSON,2023-06-08,ACTUAL,28.5,-3.8,12,77,12,0,70,96.7,65,135,20.2,64,41,3
MAYSON,2023-06-09,ACTUAL,26.1,5,26,24,8,0,70,95.1,70,143,12.9,70,31,3
MAYSON,2023-06-10,ACTUAL,17.8,11.9,68,168,12,0.4,70,87.5,71,150,5.3,71,17,2
MAYSON,2023-06-11,ACTUAL,14.7,10.4,75,312,7,22.2,70,38.5,31,109,0,37,0,1
MAYSON,2023-06-12,ACTUAL,24.2,6.8,33,298,7,0,70,78.5,36,117,1.4,41,4,1
MAYSON,2023-06-13,ACTUAL,18.9,7.6,48,249,9,0,70,85.1,39,124,3.4,43,9,2
MAYSON,2023-06-14,ACTUAL,6.1,4.1,87,307,12,4.4,70,45.4,27,122,0.2,35,0,1
MAYSON,2023-06-15,ACTUAL,18.4,-0.1,29,5,8,0,70,77.4,30,129,1.3,38,3,1
MAYSON,2023-06-16,ACTUAL,15.6,7.9,60,214,13,1,70,79,32,135,1.9,40,5,2
MAYSON,2023-06-17,ACTUAL,15.2,3.3,45,159,11,0,70,85,34,141,3.6,43,9,2
MAYSON,2023-06-18,ACTUAL,6.1,3.1,81,312,12,11.2,70,35.7,16,124,0,24,0,1
MAYSON,2023-06-19,ACTUAL,6.8,4.9,88,324,9,3.8,70,28.4,11,123,0,18,0,1
MAYSON,2023-06-20,ACTUAL,8.6,4.8,77,189,3,3.6,70,29.9,8,124,0,14,0,1
MAYSON,2023-06-21,ACTUAL,7.2,6.1,93,198,8,11.2,70,12.9,4,107,0,7,0,1
MAYSON,2023-06-22,ACTUAL,16.6,6.1,50,72,9,3.2,70,48.7,4,110,0.2,8,0,1
MAYSON,2023-06-23,ACTUAL,18.9,6,43,300,7,0,70,75.7,7,117,1.1,12,1,1
MAYSON,2023-06-24,ACTUAL,11.9,8.2,78,241,3,2.6,70,56,6,123,0.4,10,0,1
MAYSON,2023-06-25,ACTUAL,15.5,9.3,66,309,7,0.4,70,71.5,7,129,1,13,1,1
MAYSON,2023-06-26,ACTUAL,24,5.7,31,334,9,0,70,88,12,137,5.1,19,8,2
MAYSON,2023-06-27,ACTUAL,25.3,7.3,32,306,13,0,70,91.2,17,145,9.5,26,15,2
MAYSON,2023-06-28,ACTUAL,14.2,13.1,93,251,7,2.4,70,58.6,14,150,0.5,22,1,1
MAYSON,2023-06-29,ACTUAL,21.6,8.8,44,70,13,0.6,70,81.5,17,158,2.5,27,5,2
MAYSON,2023-06-30,ACTUAL,23.4,3.3,27,2,8,0,70,90.4,22,165,6.8,33,13,2
MAYSON,2023-07-01,ACTUAL,19.8,2.9,33,269,8,0,70,90.5,25,173,6.7,37,14,2
MAYSON,2023-07-02,ACTUAL,15.6,-0.3,34,307,10,0,70,90.5,28,179,7.7,40,16,2
MAYSON,2023-07-03,ACTUAL,17.6,1,33,325,11,0,70,90.6,31,186,8.1,43,18,2
MAYSON,2023-07-04,ACTUAL,21.2,2.8,30,355,10,0,70,91.2,34,194,8.2,47,19,2
MAYSON,2023-07-05,ACTUAL,22,2.6,28,347,10,0,70,91.8,38,201,8.9,52,21,3
MAYSON,2023-07-06,ACTUAL,25.4,5,27,3,6,0,70,92.5,43,210,8.3,57,21,3
MAYSON,2023-07-07,ACTUAL,23.2,6.4,34,280,10,0,70,92.4,46,217,9.9,61,24,3
MAYSON,2023-07-08,ACTUAL,25.8,6.3,29,51,9,0.2,70,92.5,51,226,9.6,65,25,3
MAYSON,2023-07-09,ACTUAL,28.5,7.6,27,123,13,2.4,70,88.5,48,235,6.6,64,19,3
MAYSON,2023-07-10,ACTUAL,24.9,9.9,39,322,10,0.8,80,88.7,52,243,5.8,68,18,3
MAYSON,2023-07-11,ACTUAL,21.9,9.8,46,289,11,2,80,81.1,50,250,2.2,67,8,2
MAYSON,2023-07-12,ACTUAL,23,9.4,42,92,11,0,80,87.8,53,258,5.4,70,17,2
MAYSON,2023-07-13,ACTUAL,20.6,10.4,52,352,9,1,80,84.2,56,266,2.9,73,11,2
MAYSON,2023-07-14,ACTUAL,22.1,5.8,35,55,7,0,80,89.2,59,273,5.5,77,18,3
MAYSON,2023-07-15,ACTUAL,21.7,10.9,50,331,9,0,80,89.2,62,281,6.1,80,20,3
MAYSON,2023-07-16,ACTUAL,26.3,1.5,20,188,12,0,80,93.8,67,289,13.3,85,35,3
MAYSON,2023-07-17,ACTUAL,16.9,6.7,51,254,6,0,80,90,69,296,5.8,87,20,3
MAYSON,2023-07-18,ACTUAL,17.9,5.8,45,354,9,1.4,80,82.6,71,303,2.4,90,10,2
MAYSON,2023-07-19,ACTUAL,21.5,6.9,39,93,6,0,80,88,75,311,4.3,93,17,3
MAYSON,2023-07-20,ACTUAL,28,5.5,24,125,9,0,80,93.1,80,319,10.4,98,32,4
MAYSON,2023-07-21,ACTUAL,25.7,7.7,32,125,12,0,80,93.2,84,328,12.2,103,36,4
MAYSON,2023-07-22,ACTUAL,24.6,3.2,25,167,13,0,80,93.2,89,336,13.1,107,39,4
MAYSON,2023-07-23,ACTUAL,24,0.3,21,153,11,0,80,93.7,93,344,12.7,111,39,4
MAYSON,2023-07-24,ACTUAL,16.2,11.8,75,226,5,0,80,86.4,94,350,3.3,113,15,3
MAYSON,2023-07-25,ACTUAL,13.7,5.4,57,143,11,2,80,74.2,84,357,1.3,105,7,3
MAYSON,2023-07-26,ACTUAL,15.1,5,51,265,5,3.2,80,64.2,64,356,0.7,89,3,2
MAYSON,2023-07-27,ACTUAL,18.7,5.8,43,313,10,0,80,81.8,67,364,2.3,92,10,3
MAYSON,2023-07-28,ACTUAL,19.4,8.7,50,139,6,0,80,85.7,69,371,3.1,95,13,3
MAYSON,2023-07-29,ACTUAL,25.1,5.7,29,109,9,0,80,91.2,74,379,8,99,27,3
MAYSON,2023-07-30,ACTUAL,20.4,7.7,44,51,6,0,80,90.4,77,386,6.3,102,23,3
MAYSON,2023-07-31,ACTUAL,19.7,4.5,37,42,7,0,80,90.4,80,394,6.6,106,24,3
MAYSON,2023-08-01,ACTUAL,20.8,4.3,34,312,5,0,80,90.5,83,400,5.8,109,23,3
MAYSON,2023-08-02,MANUAL,19.1,4.7,39,319,10,0,90,90.5,85,407,7.7,112,28,3
MAYSON,2023-08-03,ACTUAL,21.2,1.9,28,319,11,0,90,91.6,89,414,9.4,115,32,4
MAYSON,2023-08-04,ACTUAL,24.6,2.6,24,301,9,0,90,93,93,421,10.1,120,34,4
MAYSON,2023-08-05,ACTUAL,26.3,2.9,22,315,9,0,90,93.8,97,429,11.5,124,38,4
MAYSON,2023-08-06,ACTUAL,27.5,1,18,356,7,0,90,94.9,102,437,12.3,129,40,4
MAYSON,2023-08-07,ACTUAL,23,8.6,40,283,9,0,90,92.1,105,444,9,132,33,4
MAYSON,2023-08-08,ACTUAL,17.4,11.1,66,172,7,0,90,87.4,106,450,4.1,134,19,3
MAYSON,2023-08-09,ACTUAL,17.2,11.3,68,315,6,12,90,47,53,407,0.1,80,0,2
MAYSON,2023-08-10,ACTUAL,15.5,6.5,55,323,11,1,90,68.5,55,412,1,82,4,2
MAYSON,2023-08-11,ACTUAL,16,9.7,66,50,7,0,90,77.5,56,418,1.3,84,6,2
MAYSON,2023-08-12,ACTUAL,19.8,7.2,44,324,9,0,90,85.7,59,425,3.7,87,14,2
MAYSON,2023-08-13,ACTUAL,26.2,9,34,338,6,0,90,90.4,62,433,6.1,92,21,3
MAYSON,2023-08-14,ACTUAL,27,8.3,31,313,10,0,90,91.9,66,440,9.1,96,29,4
MAYSON,2023-08-15,ACTUAL,30.6,8.9,26,266,10,0,90,93.6,71,449,11.6,102,35,4
MAYSON,2023-08-16,ACTUAL,24,4.3,28,313,11,0,90,93.7,75,456,12.3,106,37,4
MAYSON,2023-08-17,ACTUAL,27.7,9.9,33,330,12,0,90,93.4,79,464,13,111,39,4
MAYSON,2023-08-18,ACTUAL,14.5,2,43,331,14,0,90,90.5,81,470,9.5,113,32,4
MAYSON,2023-08-19,ACTUAL,17.2,2.7,38,37,7,0,90,90.5,83,476,6.6,116,25,3
MAYSON,2023-08-20,ACTUAL,20.3,-1.6,23,144,6,0,90,92.3,86,483,8.1,119,29,4
MAYSON,2023-08-21,ACTUAL,21,0.1,25,85,12,0,90,92.4,90,489,10.7,123,36,4
MAYSON,2023-08-22,ACTUAL,19.8,7.8,46,178,12,0,90,90.3,92,496,8.1,126,30,4
MAYSON,2023-08-23,MANUAL,8.7,6.8,88,30,2,2.2,90,60.4,78,501,0.5,112,2,2
MAYSON,2023-08-24,ACTUAL,12.6,6.9,68,55,5,2.2,90,58.1,68,506,0.5,101,2,2
MAYSON,2023-08-25,MANUAL,20,6.6,42,92,8,0,90,80.3,70,512,1.8,105,9,3
MAYSON,2023-08-26,MANUAL,22,5.7,35,134,6,0,90,88.2,73,519,4.5,108,19,3
MAYSON,2023-08-27,MANUAL,25,5.6,29,74,13,0,90,91.7,77,527,10.5,113,34,4
MAYSON,2023-08-28,ACTUAL,28.3,5.8,24,94,6,0,90,93.6,82,535,9.6,118,33,4
MAYSON,2023-08-29,ACTUAL,20.3,8,45,313,11,0,90,90.8,84,542,8.2,121,30,4
MAYSON,2023-08-30,ACTUAL,15.7,8.5,62,306,17,0,90,87.2,86,547,6.7,123,26,3
MAYSON,2023-08-31,ACTUAL,9.8,8.7,93,281,7,5.6,90,36.5,53,527,0,85,0,2
MAYSON,2023-09-01,ACTUAL,17,8.7,58,297,10,2.6,90,57.4,45,532,0.6,75,2,2
MAYSON,2023-09-02,ACTUAL,22.9,6.1,34,334,9,0,90,83.5,48,538,2.7,79,10,2
MAYSON,2023-09-03,ACTUAL,13.8,6.2,60,297,7,0,90,84.3,49,542,2.7,80,11,2
MAYSON,2023-09-04,ACTUAL,14.8,8.6,66,345,10,0,90,84.3,50,546,3.2,82,12,2
MAYSON,2023-09-05,ACTUAL,13.6,3.4,50,349,8,0,90,85.7,52,550,3.4,83,13,2
MAYSON,2023-09-06,ACTUAL,16,3.4,43,286,8,1.2,90,82.3,53,555,2.2,86,9,2
MAYSON,2023-09-07,ACTUAL,14.3,4,50,91,7,3,90,67.6,43,550,0.8,73,3,2
MAYSON,2023-09-08,ACTUAL,19.2,2.4,33,96,10,0,90,84.9,46,555,3.4,76,12,2
MAYSON,2023-09-09,ACTUAL,21.4,2,28,131,9,0,90,90.5,49,560,7.4,80,23,3
MAYSON,2023-09-10,ACTUAL,23.3,1.5,24,162,13,0,90,92.7,52,566,12.2,85,33,3
MAYSON,2023-09-11,ACTUAL,18,3,37,252,8,0,90,91.5,54,571,7.8,88,25,3
MAYSON,2023-09-12,ACTUAL,16.6,7,53,144,8,0,90,88.9,56,576,5.5,90,20,3
MAYSON,2023-09-13,ACTUAL,15.5,3.6,45,261,8,1.2,90,82.7,57,580,2.3,92,10,3
MAYSON,2023-09-14,ACTUAL,19.5,4.7,38,83,11,0,90,88,60,586,5.5,95,20,3
MAYSON,2023-09-15,ACTUAL,23.9,-1.2,19,158,13,0,90,93.4,63,592,13.1,100,38,4
MAYSON,2023-09-16,ACTUAL,23.3,-3.2,17,157,15,0,90,94.5,67,597,17.5,104,46,4
MAYSON,2023-09-17,ACTUAL,17.8,-1.1,28,176,10,0,90,93.3,69,602,11.5,107,36,4
MAYSON,2023-09-18,ACTUAL,9.9,-1.2,46,291,11,3.4,90,67.9,53,592,1,86,5,2
MAYSON,2023-09-19,ACTUAL,7.5,3,73,287,5,2,90,58.5,48,595,0.5,80,2,2
MAYSON,2023-09-20,ACTUAL,6.1,2.7,79,301,14,20.6,90,28.5,20,480,0,36,0,1
MAYSON,2023-09-21,ACTUAL,14.2,0.7,40,123,6,0,90,62,21,484,0.6,39,1,1
MAYSON,2023-09-22,ACTUAL,17.6,1.8,35,155,13,0,90,82.7,24,489,3,42,8,2
MAYSON,2023-09-23,ACTUAL,7.8,6.4,91,58,3,3.8,90,42.7,17,479,0.1,31,0,1
MAYSON,2023-09-24,ACTUAL,11.5,2.3,53,143,11,0.4,90,66.7,18,483,1,33,2,1
MAYSON,2023-09-25,ACTUAL,8.8,7.5,92,164,13,3.8,90,39.4,12,474,0.1,23,0,1
MAYSON,2023-09-26,ACTUAL,12.4,3.9,56,185,12,8.4,90,45,7,443,0.2,14,0,1
MAYSON,2023-09-27,ACTUAL,9.3,4.6,72,84,8,0,90,60.4,8,446,0.6,15,0,1
MAYSON,2023-09-28,ACTUAL,7.2,4.8,85,82,8,3.4,90,42.2,5,440,0.1,10,0,1
MAYSON,2023-09-29,ACTUAL,7,1.9,70,303,9,4.6,90,39.1,3,428,0,6,0,1
MAYSON,2023-09-30,ACTUAL,7,2.9,75,285,12,0.2,90,55.5,3,431,0.5,6,0,1
MAYSON,2023-10-01,ACTUAL,13.2,-0.9,38,77,6,0,90,75.8,5,434,1.1,9,1,1
MAYSON,2023-10-02,ACTUAL,8.3,6.4,88,352,4,0.4,90,76.2,5,437,1,9,1,1
MAYSON,2023-10-03,ACTUAL,11,5,66,319,7,1.2,90,73.2,5,439,1,11,1,1
MAYSON,2023-10-04,ACTUAL,12.4,4.4,58,320,13,2.8,90,65.3,4,442,1,8,1,1
MAYSON,2023-10-05,ACTUAL,10.1,7.5,84,303,12,3,90,49.7,3,438,0.3,5,0,1
MAYSON,2023-10-06,ACTUAL,14.8,7.9,63,87,8,0,90,68.8,4,441,0.9,7,0,1
MAYSON,2023-10-07,ACTUAL,17.3,5.9,47,101,11,0,90,82.1,5,445,2.5,10,2,1
MAYSON,2023-10-08,ACTUAL,17.5,6.7,49,124,12,0,90,85.9,6,449,4.4,12,5,2
MAYSON,2023-10-09,ACTUAL,15.6,5.8,52,165,12,0,90,86.2,8,452,4.6,15,6,2
MAYSON,2023-10-10,ACTUAL,7.4,5.4,87,174,8,1.8,90,65,7,454,0.8,13,1,1
MAYSON,2023-10-11,ACTUAL,9.7,3.7,66,54,6,0.4,90,73.6,7,457,1,14,1,1
MAYSON,2023-10-12,ACTUAL,12.3,3.5,55,75,10,0.4,90,80.9,8,460,2.1,16,3,1
MAYSON,2023-10-13,ACTUAL,12.1,3.4,55,141,18,0,90,83.9,9,462,4.5,17,7,2
MAYSON,2023-10-14,ACTUAL,11.6,3.2,56,122,10,0,90,84.6,10,465,3.2,19,5,2
MAYSON,2023-10-15,ACTUAL,13.4,5.4,58,149,12,1,90,80.8,11,468,2.3,20,4,1
MAYSON,2023-10-16,ACTUAL,10.9,7.1,77,110,8,1.8,90,67,10,471,0.9,19,1,1
MAYSON,2023-10-17,ACTUAL,9,1.2,58,157,14,2.8,90,61.3,8,473,0.9,15,1,1
MAYSON,2023-10-18,ACTUAL,8.7,7.6,93,68,6,2.4,90,43.5,6,476,0.1,11,0,1
MAYSON,2023-10-19,ACTUAL,15,9,67,165,10,0.6,90,64.7,7,479,0.9,13,1,1
MAYSON,2023-10-20,ACTUAL,10.4,0.1,49,318,7,0.8,90,74.5,7,482,1,14,1,1
MAYSON,2023-10-21,ACTUAL,9,1.2,58,345,5,0,90,79.5,8,484,1.4,16,1,1
MAYSON,2023-10-22,ACTUAL,8.7,-1.7,48,296,11,0,90,83.4,9,486,2.9,17,4,1
MAYSON,2023-10-23,ACTUAL,3.9,-5.3,51,285,12,0,90,84.1,9,488,3.5,18,5,2
MAYSON,2023-10-24,ACTUAL,-2.6,-9.1,61,273,9,0,90,83.8,9,488,2.8,18,4,1
MAYSON,2023-10-25,ACTUAL,-4.7,-12.1,56,301,13,0,90,83.9,9,488,3.4,18,5,2
MAYSON,2023-10-26,ACTUAL,-2.9,-11.2,53,294,11,0,90,83.9,9,488,3.1,18,5,1
MAYSON,2023-10-27,ACTUAL,-1.2,-13.8,38,340,7,0,90,85,9,489,3,18,5,1
MAYSON,2023-10-28,ACTUAL,2.5,-15.2,26,288,10,0,90,87.4,10,490,5,18,8,2
MAYSON,2023-10-29,ACTUAL,2.9,-9.5,40,64,7,0,90,87.5,10,491,4.2,19,7,2
MAYSON,2023-10-30,ACTUAL,4.5,-8.1,40,60,11,0,90,87.5,11,493,5.2,20,8,2
MAYSON,2023-10-31,ACTUAL,3.9,-7.3,44,95,9,0,90,87.4,11,494,4.7,21,8,2
MCLEAN LAKE,2023-05-01,ACTUAL,8.2,7.1,93,266,17,1.6,,69.3,27,509,1.4,47,4,1
MCLEAN LAKE,2023-05-02,ACTUAL,15.5,6.3,54,266,12,3.2,,66,22,505,1,40,2,1
MCLEAN LAKE,2023-05-03,ACTUAL,20,8.3,47,118,8,0,,81.8,25,511,2.1,45,6,2
MCLEAN LAKE,2023-05-04,ACTUAL,21.8,7.9,41,90,6,0,,87.6,29,517,4.2,50,12,2
MCLEAN LAKE,2023-05-05,ACTUAL,14.9,8,63,157,8,0,,86.4,30,522,3.8,53,11,2
MCLEAN LAKE,2023-05-06,ACTUAL,8.3,7.1,92,257,8,8,,31,16,489,0,30,0,1
MCLEAN LAKE,2023-05-07,ACTUAL,6.7,6.1,96,74,4,12,,8.6,8,438,0,15,0,1
MCLEAN LAKE,2023-05-08,ACTUAL,8,6.6,91,258,12,20.4,,11.6,3,359,0,6,0,1
MCLEAN LAKE,2023-05-09,ACTUAL,10.9,8.3,84,93,6,4.8,,21.1,2,351,0,4,0,1
MCLEAN LAKE,2023-05-10,ACTUAL,14.9,5.4,53,90,11,0,,56.7,4,356,0.6,7,0,1
MCLEAN LAKE,2023-05-11,ACTUAL,15.8,3.5,44,79,10,0,,77.5,6,361,1.5,12,1,1
MCLEAN LAKE,2023-05-12,ACTUAL,18.7,3.2,36,101,9,0,,86.8,10,367,4.3,18,6,2
MCLEAN LAKE,2023-05-13,ACTUAL,21.5,5.3,35,78,8,0,,89.7,13,373,6.2,25,11,2
MCLEAN LAKE,2023-05-14,ACTUAL,26.4,0.9,19,79,12,0,,94.1,19,380,13.7,34,23,2
MCLEAN LAKE,2023-05-15,ACTUAL,24.6,4.3,27,103,7,0,,94,24,387,10.5,42,21,2
MCLEAN LAKE,2023-05-16,ACTUAL,25.2,8.6,35,51,8,0,,92.9,29,394,9.7,49,21,2
MCLEAN LAKE,2023-05-17,ACTUAL,22.6,6.3,35,345,7,0,,92.3,33,401,8.7,55,21,3
MCLEAN LAKE,2023-05-18,ACTUAL,21.1,6.9,40,83,10,0,,91.3,36,407,8.5,59,22,3
MCLEAN LAKE,2023-05-19,ACTUAL,24.1,4.9,29,87,8,0,,91.9,41,413,8.5,66,23,3
MCLEAN LAKE,2023-05-20,ACTUAL,24.3,7.3,34,78,11,0,,92,45,420,9.7,72,26,3
MCLEAN LAKE,2023-05-21,ACTUAL,20.5,7.4,43,108,7,0,,90.7,49,426,6.7,76,21,3
MCLEAN LAKE,2023-05-22,ACTUAL,12.9,6.5,65,103,5,4.4,,56.8,35,418,0.4,58,1,2
MCLEAN LAKE,2023-05-23,ACTUAL,7.7,5.5,86,253,7,4.8,,34.6,23,407,0,41,0,1
MCLEAN LAKE,2023-05-24,ACTUAL,10.3,5.5,72,216,5,1.6,,45.7,23,411,0.1,40,0,1
MCLEAN LAKE,2023-05-25,ACTUAL,17.9,7.6,51,158,6,0,,71.1,25,416,0.9,44,2,1
MCLEAN LAKE,2023-05-26,ACTUAL,20.5,5.2,37,68,12,0,,85.8,29,423,4.3,49,12,2
MCLEAN LAKE,2023-05-27,ACTUAL,20.8,5.5,37,213,11,0,,89.1,33,429,6.5,55,17,3
MCLEAN LAKE,2023-05-28,ACTUAL,21.2,5.4,36,101,9,0,,89.9,36,435,6.6,60,18,3
MCLEAN LAKE,2023-05-29,ACTUAL,21.1,4.1,33,149,9,0,,90.6,40,441,7.1,66,20,3
MCLEAN LAKE,2023-05-30,ACTUAL,17.7,-0.2,30,163,10,0,,90.7,44,447,8,70,23,3
MCLEAN LAKE,2023-05-31,ACTUAL,13.3,-1.2,37,247,6,0,,90.4,46,452,6,73,19,3
MCLEAN LAKE,2023-06-01,ACTUAL,19,-2.1,24,70,7,0,,91.9,50,458,7.9,79,24,3
MCLEAN LAKE,2023-06-02,ACTUAL,21.3,4.7,34,103,11,0,,91.9,54,466,9.7,84,28,3
MCLEAN LAKE,2023-06-03,ACTUAL,21.2,-3.4,19,96,11,0,,93.5,59,473,12,90,34,3
MCLEAN LAKE,2023-06-04,ACTUAL,18.4,-5,20,193,11,0,,93.6,63,480,12.2,95,35,4
MCLEAN LAKE,2023-06-05,ACTUAL,14.7,-2.4,31,347,9,0,,92.3,66,486,9.3,98,30,4
MCLEAN LAKE,2023-06-06,ACTUAL,20.3,-2.8,21,91,7,0,,93,70,493,9.5,104,31,4
MCLEAN LAKE,2023-06-07,ACTUAL,25,-7.7,11,80,10,0,,96.1,76,501,16.2,111,45,4
MCLEAN LAKE,2023-06-08,ACTUAL,27.5,-1.5,15,67,8,0,,96.1,83,509,15.3,118,45,4
MCLEAN LAKE,2023-06-09,ACTUAL,25.9,2.5,22,292,8,0,,95.5,88,517,13.9,124,43,4
MCLEAN LAKE,2023-06-10,ACTUAL,15.4,12.5,83,78,5,11.4,,38,46,468,0,73,0,2
MCLEAN LAKE,2023-06-11,ACTUAL,20.7,8,44,286,10,4.2,,62.9,35,462,0.8,59,2,2
MCLEAN LAKE,2023-06-12,ACTUAL,24.9,-4.5,14,254,12,0,,91,41,470,9.2,67,24,3
MCLEAN LAKE,2023-06-13,ACTUAL,19,6.4,44,167,16,0,,90.1,44,476,9.6,72,26,3
MCLEAN LAKE,2023-06-14,ACTUAL,11.1,3.2,58,248,10,8,,52.4,26,448,0.3,45,1,1
MCLEAN LAKE,2023-06-15,ACTUAL,18,2.2,35,147,12,0,,79.6,29,455,2,50,6,2
MCLEAN LAKE,2023-06-16,ACTUAL,15.9,7.4,57,175,18,0,,83.9,31,461,4.6,53,13,2
MCLEAN LAKE,2023-06-17,ACTUAL,15.5,2.6,42,162,11,0,,87,33,467,4.9,57,14,2
MCLEAN LAKE,2023-06-18,ACTUAL,11.8,1.1,48,44,9,1.8,,76.1,33,473,1.3,56,4,2
MCLEAN LAKE,2023-06-19,ACTUAL,5.9,4.5,91,254,13,6.8,,32.5,19,450,0,34,0,1
MCLEAN LAKE,2023-06-20,ACTUAL,10.8,8.5,86,92,5,13.8,,18.5,9,398,0,17,0,1
MCLEAN LAKE,2023-06-21,ACTUAL,12.7,8.8,77,66,9,1.4,,38.6,10,404,0,18,0,1
MCLEAN LAKE,2023-06-22,ACTUAL,16.2,7.5,56,87,9,2.6,,57.4,9,410,0.5,17,0,1
MCLEAN LAKE,2023-06-23,ACTUAL,20.4,8.4,46,71,7,0,,79,12,417,1.5,23,2,1
MCLEAN LAKE,2023-06-24,ACTUAL,17.4,8.3,55,254,15,0.4,,84.2,14,424,4.1,26,8,2
MCLEAN LAKE,2023-06-25,ACTUAL,18.1,8.1,52,272,8,1.8,,77.2,15,431,1.3,28,2,1
MCLEAN LAKE,2023-06-26,ACTUAL,24.4,11,43,89,8,0,,87,19,438,4.2,34,9,2
MCLEAN LAKE,2023-06-27,ACTUAL,26.3,6.8,29,261,8,0,,91.7,24,446,8.2,43,18,2
MCLEAN LAKE,2023-06-28,ACTUAL,26.2,9.9,36,89,10,0,,91.7,29,455,8.9,50,20,2
MCLEAN LAKE,2023-06-29,ACTUAL,24.4,6.1,31,165,11,0,,91.8,33,462,9.4,57,23,3
MCLEAN LAKE,2023-06-30,ACTUAL,23.8,1.4,23,158,9,0,,93.1,39,470,10.5,64,26,3
MCLEAN LAKE,2023-07-01,ACTUAL,18.9,2.2,33,196,9,0,,92.2,42,477,9.3,68,25,3
MCLEAN LAKE,2023-07-02,ACTUAL,18.4,-1,27,72,9,0,,92.3,45,484,9.2,73,25,3
MCLEAN LAKE,2023-07-03,ACTUAL,21.2,0.8,26,314,9,0,,92.3,49,492,9.2,78,26,3
MCLEAN LAKE,2023-07-04,ACTUAL,22.5,2.5,27,273,10,0,,92.4,53,499,9.9,84,29,3
MCLEAN LAKE,2023-07-05,ACTUAL,25.8,1.8,21,107,6,0,,93.8,58,508,10.1,90,30,3
MCLEAN LAKE,2023-07-06,ACTUAL,27,2.8,21,80,8,0,,94.2,63,516,11.6,97,34,4
MCLEAN LAKE,2023-07-07,ACTUAL,27.1,7.5,29,68,8,0,,94.1,68,525,11.5,103,35,4
MCLEAN LAKE,2023-07-08,ACTUAL,26.8,6.7,28,79,10,0,,94.1,73,533,12.8,108,38,4
MCLEAN LAKE,2023-07-09,ACTUAL,28,8.7,30,79,9,0,,94,77,542,12.1,114,38,4
MCLEAN LAKE,2023-07-10,ACTUAL,26.5,6.4,28,118,8,0,,94.1,82,551,11.4,120,37,4
MCLEAN LAKE,2023-07-11,ACTUAL,25.4,7.9,33,88,10,0,,93.2,86,559,11.3,124,37,4
MCLEAN LAKE,2023-07-12,ACTUAL,23.9,6.1,32,136,7,0,,93,90,567,9.4,129,34,4
MCLEAN LAKE,2023-07-13,ACTUAL,21.2,11.6,54,39,5,0.4,,89.6,93,574,5.3,132,23,3
MCLEAN LAKE,2023-07-14,ACTUAL,24.7,9.8,39,94,8,0,,90.1,96,583,6.5,136,27,3
MCLEAN LAKE,2023-07-15,ACTUAL,26.2,7.6,31,85,11,0,,91.7,101,591,9.7,141,35,4
MCLEAN LAKE,2023-07-16,ACTUAL,27.9,2.1,19,124,11,0,,94.6,106,600,14.2,147,46,4
MCLEAN LAKE,2023-07-17,ACTUAL,19.4,4.2,37,201,5,0,,92.4,109,607,7.5,151,31,4
MCLEAN LAKE,2023-07-18,ACTUAL,19.9,5.1,38,99,9,0,,91.5,112,614,8.1,154,32,4
MCLEAN LAKE,2023-07-19,ACTUAL,25,5.1,28,73,9,0,,92.3,117,622,9.1,159,35,4
MCLEAN LAKE,2023-07-20,ACTUAL,28.9,5.7,23,94,9,0,,94,122,631,11.6,165,41,4
MCLEAN LAKE,2023-07-21,ACTUAL,28.6,4.8,22,129,11,0,,94.3,128,640,13.5,170,46,4
MCLEAN LAKE,2023-07-22,ACTUAL,24.4,4.1,27,135,10,0,,94.1,132,648,12.4,175,44,4
MCLEAN LAKE,2023-07-23,ACTUAL,25.2,-0.8,18,101,12,0,,94.6,137,657,14.7,180,49,5
MCLEAN LAKE,2023-07-24,ACTUAL,17.3,7.1,51,165,14,0,,89.8,139,663,8.6,183,35,4
MCLEAN LAKE,2023-07-25,ACTUAL,13.9,3.9,51,181,16,0.8,,85.1,141,670,4.7,185,23,4
MCLEAN LAKE,2023-07-26,ACTUAL,19.3,2.5,33,110,10,0.2,,89.3,144,677,6.2,188,28,4
MCLEAN LAKE,2023-07-27,ACTUAL,22.2,5.5,34,66,10,0,,90.5,148,684,7.7,192,33,4
MCLEAN LAKE,2023-07-28,ACTUAL,22.9,6.1,34,56,12,0,,90.8,151,692,8.7,196,35,4
MCLEAN LAKE,2023-07-29,ACTUAL,25.7,6.2,29,75,9,0,,92.1,156,701,9.2,200,37,4
MCLEAN LAKE,2023-07-30,ACTUAL,23.3,4.2,29,86,10,0,,92.2,160,709,9.5,204,38,4
MCLEAN LAKE,2023-07-31,ACTUAL,22.1,2.1,27,96,11,0,,92.2,164,716,10.2,209,40,4
MCLEAN LAKE,2023-08-01,ACTUAL,23.2,2.6,26,119,10,0,,92.5,168,723,10.3,212,40,4
MCLEAN LAKE,2023-08-02,ACTUAL,21.7,1.3,26,93,9,0,,92.5,171,730,9.6,216,38,4
MCLEAN LAKE,2023-08-03,ACTUAL,23,3.9,29,114,8,0,,92.6,175,737,9,219,37,4
MCLEAN LAKE,2023-08-04,ACTUAL,25.9,1.2,20,106,8,0,,94.1,179,745,11.5,224,43,4
MCLEAN LAKE,2023-08-05,ACTUAL,29.5,1.9,17,341,7,0,,95.5,184,753,13.1,229,47,4
MCLEAN LAKE,2023-08-06,ACTUAL,28.6,1.9,18,202,8,0,,95.5,189,762,14.1,234,49,5
MCLEAN LAKE,2023-08-07,ACTUAL,20.7,12.2,58,76,5,0,,89.6,191,768,5.3,236,26,4
MCLEAN LAKE,2023-08-08,ACTUAL,19.4,10.2,55,174,8,0,,88.4,193,775,5.2,238,25,4
MCLEAN LAKE,2023-08-09,ACTUAL,15.9,12.9,82,87,7,7.4,,44.2,80,719,0.1,126,0,2
MCLEAN LAKE,2023-08-10,ACTUAL,15.6,6.9,56,269,8,3.2,,55.9,62,709,0.4,102,2,2
MCLEAN LAKE,2023-08-11,ACTUAL,20.5,7.4,43,78,8,0,,79.5,65,715,1.6,105,8,3
MCLEAN LAKE,2023-08-12,ACTUAL,23.1,5.8,33,26,11,0,,89.1,68,723,6.5,110,25,3
MCLEAN LAKE,2023-08-13,ACTUAL,26.6,7.5,30,109,9,0,,91.8,72,730,8.6,115,30,4
MCLEAN LAKE,2023-08-14,ACTUAL,30,6.6,23,61,10,0,,94.1,77,739,12.7,122,40,4
MCLEAN LAKE,2023-08-15,ACTUAL,30.7,7.8,24,73,10,0,,94.2,82,747,12.7,128,41,4
MCLEAN LAKE,2023-08-16,ACTUAL,27.4,2.4,20,99,7,0,,94.5,87,755,11.7,135,39,4
MCLEAN LAKE,2023-08-17,ACTUAL,31.4,8.4,24,87,11,0,,94.6,92,764,14.5,141,46,4
MCLEAN LAKE,2023-08-18,ACTUAL,15.9,-2.7,28,261,17,0,,93.1,94,770,15.3,144,48,5
MCLEAN LAKE,2023-08-19,ACTUAL,18.2,-2.2,25,272,11,0,,93.1,97,776,11.4,148,40,4
MCLEAN LAKE,2023-08-20,ACTUAL,22,-2,20,101,9,0,,93.6,101,783,11,153,39,4
MCLEAN LAKE,2023-08-21,ACTUAL,19.8,-0.4,26,73,10,0,,93.5,104,790,11.5,157,41,4
MCLEAN LAKE,2023-08-22,ACTUAL,20.3,2,30,100,8,0,,92.9,107,796,9.8,160,37,4
MCLEAN LAKE,2023-08-23,ACTUAL,11,5.2,67,262,8,0,,87.2,108,801,4.3,162,21,4
MCLEAN LAKE,2023-08-24,ACTUAL,14.5,8.7,68,177,4,1.6,,73.5,102,807,0.9,155,6,3
MCLEAN LAKE,2023-08-25,ACTUAL,18.2,6.4,46,75,8,0,,83.7,104,813,2.7,158,15,3
MCLEAN LAKE,2023-08-26,ACTUAL,22.3,6,35,102,7,0,,89.1,107,820,5.2,162,24,4
MCLEAN LAKE,2023-08-27,ACTUAL,24.2,5.4,30,86,9,0,,91.4,111,828,8.4,166,34,4
MCLEAN LAKE,2023-08-28,ACTUAL,25.7,4.7,26,83,7,0,,92.7,115,835,9.1,171,36,4
MCLEAN LAKE,2023-08-29,ACTUAL,18.4,7.2,48,258,10,0,,90,117,841,7,174,30,4
MCLEAN LAKE,2023-08-30,ACTUAL,19,9,52,104,7,0,,88.9,119,848,5.2,177,25,4
MCLEAN LAKE,2023-08-31,ACTUAL,11.7,9.6,87,260,9,23.2,,28.5,52,632,0,86,0,2
MCLEAN LAKE,2023-09-01,ACTUAL,18,7.1,49,256,15,4.4,,58,38,615,0.8,65,2,2
MCLEAN LAKE,2023-09-02,ACTUAL,20.5,10.6,53,129,5,0,,77.1,39,620,1.1,68,4,2
MCLEAN LAKE,2023-09-03,ACTUAL,14.1,5,54,275,15,0,,83.1,41,625,3.4,70,12,2
MCLEAN LAKE,2023-09-04,ACTUAL,17.4,10.4,63,112,6,3.2,,65.2,33,617,0.7,58,2,2
MCLEAN LAKE,2023-09-05,ACTUAL,17.6,3.8,40,103,8,0,,81.9,35,621,2.1,61,7,2
MCLEAN LAKE,2023-09-06,ACTUAL,15.7,3.4,44,93,8,0,,86,36,626,3.6,63,12,2
MCLEAN LAKE,2023-09-07,ACTUAL,16.9,3.8,42,79,8,0,,87.7,38,631,4.6,66,15,2
MCLEAN LAKE,2023-09-08,ACTUAL,18.3,2.9,36,94,8,0,,89.2,40,636,5.7,70,18,3
MCLEAN LAKE,2023-09-09,ACTUAL,19.5,3.1,34,74,9,0,,90,43,641,6.8,73,21,3
MCLEAN LAKE,2023-09-10,ACTUAL,21,3.1,31,81,11,0,,90.9,45,646,8.3,77,24,3
MCLEAN LAKE,2023-09-11,ACTUAL,17.7,5.9,46,160,11,0,,89.7,47,651,7.1,80,22,3
MCLEAN LAKE,2023-09-12,ACTUAL,13.6,8.5,71,216,9,0,,85.8,48,655,3.6,81,14,2
MCLEAN LAKE,2023-09-13,ACTUAL,16.8,7.2,53,87,8,3.8,,66.7,36,642,0.8,64,3,2
MCLEAN LAKE,2023-09-14,ACTUAL,17.2,4.4,43,101,8,0,,81.7,38,646,2.1,67,8,2
MCLEAN LAKE,2023-09-15,ACTUAL,19.5,3.1,34,90,9,0,,88.4,41,652,5.4,70,17,3
MCLEAN LAKE,2023-09-16,ACTUAL,18.3,-0.2,29,80,7,0,,90.4,43,657,6.5,74,20,3
MCLEAN LAKE,2023-09-17,ACTUAL,17.2,0.7,33,177,10,0,,90.5,45,661,7.8,77,23,3
MCLEAN LAKE,2023-09-18,ACTUAL,10,6.2,77,78,7,6.4,,45.6,28,625,0.1,50,0,1
MCLEAN LAKE,2023-09-19,ACTUAL,8.2,4.1,75,129,4,0,,57.8,28,628,0.4,51,1,1
MCLEAN LAKE,2023-09-20,ACTUAL,11,3.3,59,261,10,3.8,,54.3,21,615,0.4,38,1,1
MCLEAN LAKE,2023-09-21,ACTUAL,13.9,3.6,50,77,7,0,,73.3,22,619,1,41,2,1
MCLEAN LAKE,2023-09-22,ACTUAL,13.1,2.3,48,80,10,0,,82,23,623,2.3,43,6,2
MCLEAN LAKE,2023-09-23,ACTUAL,11.4,4.7,63,94,12,0,,83.1,24,627,2.9,44,8,2
MCLEAN LAKE,2023-09-24,ACTUAL,11.7,1.3,49,86,9,0,,85.1,25,631,3.4,46,9,2
MCLEAN LAKE,2023-09-25,ACTUAL,10.2,7.8,85,126,4,0,,82,26,634,1.8,47,5,2
MCLEAN LAKE,2023-09-26,ACTUAL,13,1.9,47,97,10,1.6,,77.1,26,638,1.5,47,4,1
MCLEAN LAKE,2023-09-27,ACTUAL,12.4,4.7,59,80,8,0,,81.6,27,642,2,49,6,2
MCLEAN LAKE,2023-09-28,ACTUAL,7.7,2.4,69,266,15,0,,81.9,27,645,2.9,50,9,2
MCLEAN LAKE,2023-09-29,ACTUAL,5.9,3.6,85,266,12,13.8,,30.4,12,558,0,23,0,1
MCLEAN LAKE,2023-09-30,ACTUAL,10.7,3.5,61,257,11,0,,56.3,13,562,0.5,25,1,1
MCLEAN LAKE,2023-10-01,ACTUAL,11.3,4.6,63,70,6,0,,70.1,14,565,0.9,26,1,1
MCLEAN LAKE,2023-10-02,ACTUAL,8.7,3.6,70,143,8,0,,75.9,14,567,1.2,27,2,1
MCLEAN LAKE,2023-10-03,ACTUAL,12.7,6.6,66,110,6,0,,80,15,570,1.5,28,3,1
MCLEAN LAKE,2023-10-04,ACTUAL,12.1,8.2,77,86,6,0.4,,80.6,15,573,1.6,29,3,1
MCLEAN LAKE,2023-10-05,ACTUAL,14.4,7.3,62,259,12,0,,83.1,16,576,3,30,6,2
MCLEAN LAKE,2023-10-06,ACTUAL,12.3,7,70,86,9,0,,83.2,17,579,2.6,31,6,2
MCLEAN LAKE,2023-10-07,ACTUAL,13.4,7,65,76,10,0,,83.6,18,582,2.9,33,7,2
MCLEAN LAKE,2023-10-08,ACTUAL,17,7.1,52,100,8,0,,85.7,19,586,3.5,35,8,2
MCLEAN LAKE,2023-10-09,ACTUAL,16.6,2.1,38,121,11,0,,88.2,21,589,5.8,38,13,2
MCLEAN LAKE,2023-10-10,ACTUAL,9.3,0.7,55,102,8,0,,87,21,592,4.3,39,10,2
MCLEAN LAKE,2023-10-11,ACTUAL,11.4,4.7,63,64,8,0,,85.9,22,595,3.5,40,9,2
MCLEAN LAKE,2023-10-12,ACTUAL,10.2,2.8,60,91,7,0,,85.8,23,597,3.3,41,8,2
MCLEAN LAKE,2023-10-13,ACTUAL,9.4,4.7,72,82,9,0,,84.2,23,600,2.9,42,8,2
MCLEAN LAKE,2023-10-14,ACTUAL,14.4,4.1,50,102,8,0,,85.7,24,603,3.4,44,9,2
MCLEAN LAKE,2023-10-15,ACTUAL,11.3,5.2,66,79,10,0,,85.1,25,606,3.5,45,9,2
MCLEAN LAKE,2023-10-16,ACTUAL,11.2,7.5,78,68,13,1,,77.4,25,608,1.7,46,5,1
MCLEAN LAKE,2023-10-17,ACTUAL,8.2,0.9,60,86,10,0.2,,81,26,610,2.1,47,6,2
MCLEAN LAKE,2023-10-18,ACTUAL,13.7,6.6,62,78,11,0,,83.1,27,614,2.8,48,8,2
MCLEAN LAKE,2023-10-19,ACTUAL,15.9,9.4,65,85,9,0,,83.8,28,617,2.8,50,8,2
MCLEAN LAKE,2023-10-20,ACTUAL,10.9,0,47,255,12,0,,85.5,29,620,4.1,51,12,2
MCLEAN LAKE,2023-10-21,ACTUAL,8.5,0.7,58,345,7,0,,85.6,29,622,3.3,52,10,2
MCLEAN LAKE,2023-10-22,ACTUAL,9.8,-0.2,50,67,4,0,,85.7,30,625,2.9,54,9,2
MCLEAN LAKE,2023-10-23,ACTUAL,3.7,-5.8,50,277,21,0,,85.7,30,626,6.9,54,18,3
MCLEAN LAKE,2023-10-24,ACTUAL,-4.5,-8.6,73,273,18,0,,83.2,30,626,4,54,12,2
MCLEAN LAKE,2023-10-25,ACTUAL,-3.9,-15.3,41,270,21,0,,84.3,30,626,5.3,54,15,2
MCLEAN LAKE,2023-10-26,ACTUAL,-0.6,-11.4,44,255,13,0,,84.7,30,627,3.9,54,11,2
MCLEAN LAKE,2023-10-27,ACTUAL,1.1,-12.8,35,281,9,0,,86,31,628,3.8,55,11,2
MCLEAN LAKE,2023-10-28,ACTUAL,0.6,-11,42,69,5,0,,86,31,629,3.1,55,10,2
MCLEAN LAKE,2023-10-29,ACTUAL,-0.8,-9.7,51,78,8,0,,85.7,31,629,3.6,55,11,2
MCLEAN LAKE,2023-10-30,ACTUAL,0.5,-7.7,54,74,9,0,,85.4,31,630,3.5,55,11,2
MCLEAN LAKE,2023-10-31,ACTUAL,0.4,-6,62,76,13,0,,84.5,31,631,3.8,55,11,2
MUDPIT,2023-05-01,ACTUAL,21.1,6.5,39,289,8,0,,,,,,,,
MUDPIT,2023-05-02,ACTUAL,19.2,7.9,48,282,5,0,,,,,,,,
MUDPIT,2023-05-03,ACTUAL,22.4,10.5,47,283,4,0,,85,6,15,2.6,6,2,
MUDPIT,2023-05-04,ACTUAL,24.6,8.9,37,293,5,0,,89.4,10,22,5.1,10,6,2
MUDPIT,2023-05-05,ACTUAL,24.2,6.8,33,272,7,0,,90.9,15,29,7.1,15,9,2
MUDPIT,2023-05-06,ACTUAL,9.3,9.3,100,358,3,7.8,,24.1,8,22,0,8,0,1
MUDPIT,2023-05-07,ACTUAL,10,7.9,87,234,6,3.4,,25.3,5,23,0,7,0,1
MUDPIT,2023-05-08,ACTUAL,12.1,8.8,80,272,4,5.8,,25.5,3,20,0,4,0,1
MUDPIT,2023-05-09,ACTUAL,9.4,8.8,96,306,3,5.4,,12.6,1,18,0,2,0,1
MUDPIT,2023-05-10,ACTUAL,13.7,9.8,77,231,4,0.4,,32.7,2,22,0,3,0,1
MUDPIT,2023-05-11,ACTUAL,18.2,7,48,294,4,1.8,,58.5,4,28,0.4,6,0,1
MUDPIT,2023-05-12,ACTUAL,21.4,5.6,36,258,5,0,,81.3,8,34,1.6,10,1,1
MUDPIT,2023-05-13,ACTUAL,24.3,4,27,273,6,0,,90.5,13,41,6.1,14,8,2
MUDPIT,2023-05-14,ACTUAL,27.6,4.6,23,297,5,0,,93.4,19,49,8.8,19,12,2
MUDPIT,2023-05-15,ACTUAL,26.7,5.5,26,284,4,0,,93.5,24,56,8.7,24,14,3
MUDPIT,2023-05-16,ACTUAL,25.9,9.2,35,292,5,0,,92.9,29,63,8.3,28,15,3
MUDPIT,2023-05-17,ACTUAL,24.8,9,37,259,6,0,,92.3,33,70,7.8,33,15,3
MUDPIT,2023-05-18,ACTUAL,23.5,10.9,45,225,4,0,,90.9,36,76,5.9,36,13,3
MUDPIT,2023-05-19,ACTUAL,26.2,7.6,31,270,8,0.4,,91.8,41,83,8.2,41,17,3
MUDPIT,2023-05-20,ACTUAL,25.8,7.3,31,270,4,0,,91.9,46,90,6.7,46,16,3
MUDPIT,2023-05-21,ACTUAL,18,11.2,64,51,8,2.2,,73.7,42,96,1.1,42,3,2
MUDPIT,2023-05-22,ACTUAL,11.1,9.7,91,231,4,16.4,,21.5,18,71,0,22,0,2
MUDPIT,2023-05-23,ACTUAL,8.9,7.3,90,9,3,10.2,,12.6,9,58,0,13,0,1
MUDPIT,2023-05-24,ACTUAL,12.9,9.9,82,299,6,1.2,,29.7,10,63,0,14,0,1
MUDPIT,2023-05-25,ACTUAL,18,10.9,63,267,4,0,,57,12,69,0.4,16,0,1
MUDPIT,2023-05-26,ACTUAL,22.1,11.5,51,263,7,0,,78.6,15,75,1.4,20,2,2
MUDPIT,2023-05-27,ACTUAL,24.4,7.4,34,313,6,0,,88.7,19,82,4.9,24,9,3
MUDPIT,2023-05-28,ACTUAL,18.8,9.3,54,190,5,0,,88.3,22,88,4.2,27,8,3
MUDPIT,2023-05-29,ACTUAL,22.6,8.3,40,214,11,0,,89.4,25,94,6.8,30,13,3
MUDPIT,2023-05-30,ACTUAL,21,3.1,31,226,9,0,,90.8,29,100,7.4,34,15,3
MUDPIT,2023-05-31,ACTUAL,19.8,2.9,33,233,9,0,,90.8,33,106,7.7,37,16,3
MUDPIT,2023-06-01,ACTUAL,21.2,3.3,31,258,6,0,,91.1,37,113,6.9,41,15,3
MUDPIT,2023-06-02,ACTUAL,23.6,5.8,32,334,7,0,,91.3,42,121,7.2,45,17,3
MUDPIT,2023-06-03,ACTUAL,25,3,24,253,7,0,,93,47,129,9.3,49,21,4
MUDPIT,2023-06-04,ACTUAL,22.8,1.1,24,234,12,0,,93,52,136,11.8,53,26,4
MUDPIT,2023-06-05,ACTUAL,17.8,-0.1,30,239,11,0,,92.5,55,143,10.6,56,24,4
MUDPIT,2023-06-06,ACTUAL,23.1,-4.1,16,298,9,0,,94.5,60,151,12.4,60,28,4
MUDPIT,2023-06-07,ACTUAL,26.3,1.5,20,265,6,0,,94.6,66,159,11,66,27,4
MUDPIT,2023-06-08,ACTUAL,28.7,4.9,22,287,6,0,,94.6,72,167,11.1,72,29,4
MUDPIT,2023-06-09,ACTUAL,26.8,10.4,36,306,3,0,,93.2,77,176,7.7,77,23,4
MUDPIT,2023-06-10,ACTUAL,17.7,15.7,88,65,13,1,,80.5,78,182,2.3,77,9,4
MUDPIT,2023-06-11,ACTUAL,20.1,12.7,62,271,4,0.2,,83.6,80,189,2.1,80,8,4
MUDPIT,2023-06-12,ACTUAL,27,10.2,35,291,7,0,,90.1,84,197,6.2,84,21,4
MUDPIT,2023-06-13,ACTUAL,22.9,8.5,40,240,8,0,,90.2,88,205,6.7,88,22,4
MUDPIT,2023-06-14,ACTUAL,10.4,6.4,76,204,7,3.2,,58.9,66,206,0.6,73,2,3
MUDPIT,2023-06-15,ACTUAL,18.8,9.3,54,312,7,0,,77,69,212,1.2,76,5,3
MUDPIT,2023-06-16,ACTUAL,14.3,9.4,72,107,3,1.2,,72.1,70,218,0.8,78,3,3
MUDPIT,2023-06-17,ACTUAL,19,6.4,44,327,8,0.8,,82,73,225,2.1,81,9,4
MUDPIT,2023-06-18,ACTUAL,12,3.5,56,242,9,6.2,,55.1,46,218,0.4,60,1,2
MUDPIT,2023-06-19,ACTUAL,8.9,7.6,92,261,5,12.2,,18.5,22,194,0,34,0,2
MUDPIT,2023-06-20,ACTUAL,10.3,9.7,96,304,5,5.6,,10.9,13,188,0,23,0,2
MUDPIT,2023-06-21,ACTUAL,12.8,10,83,297,5,0.8,,26.9,14,194,0,24,0,2
MUDPIT,2023-06-22,ACTUAL,19.8,5.4,39,273,5,0.4,,66.3,17,201,0.7,28,1,2
MUDPIT,2023-06-23,ACTUAL,20.5,8.8,47,329,5,0,,81.3,20,208,1.6,33,4,2
MUDPIT,2023-06-24,ACTUAL,15,12.5,85,312,4,1.4,,68.8,21,214,0.7,34,1,2
MUDPIT,2023-06-25,ACTUAL,18.8,12.9,68,291,4,0.2,,77.4,23,221,1.1,36,2,2
MUDPIT,2023-06-26,ACTUAL,24.5,12.8,48,286,5,0.6,,85.2,26,229,2.7,41,7,2
MUDPIT,2023-06-27,ACTUAL,27.4,10.5,35,301,6,0,,90.4,31,237,6,47,15,3
MUDPIT,2023-06-28,ACTUAL,28.6,11.1,34,276,6,0,,91.6,36,246,7.4,53,18,4
MUDPIT,2023-06-29,ACTUAL,26.3,12.7,43,276,5,0,,91.3,40,254,6.6,58,18,4
MUDPIT,2023-06-30,ACTUAL,26.3,8.7,33,318,7,0,,91.6,45,262,7.6,63,21,4
MUDPIT,2023-07-01,ACTUAL,23.2,5.5,32,235,10,0,,91.6,49,270,9.1,67,24,4
MUDPIT,2023-07-02,ACTUAL,19.7,1.5,30,287,8,0,,91.7,52,277,8,71,23,4
MUDPIT,2023-07-03,ACTUAL,22.2,1.2,25,334,10,0,,92.4,56,285,10,76,27,4
MUDPIT,2023-07-04,ACTUAL,24.9,5.1,28,257,7,0,,92.5,61,293,8.6,80,25,4
MUDPIT,2023-07-05,ACTUAL,27.5,6.2,26,271,6,0,,93.2,66,302,9.2,85,28,4
MUDPIT,2023-07-06,ACTUAL,27.9,6.6,26,286,7,0,,93.3,71,310,9.5,90,29,4
MUDPIT,2023-07-07,ACTUAL,22.9,12.6,52,112,5,0,,90.1,74,318,5.5,93,20,4
MUDPIT,2023-07-08,ACTUAL,28,11,35,266,5,5.6,,77.3,51,312,1.2,72,5,3
MUDPIT,2023-07-09,ACTUAL,31.6,10.8,28,274,8,0,,91.9,56,322,8.5,78,25,4
MUDPIT,2023-07-10,ACTUAL,28.5,9.6,31,301,7,2.2,,86.8,54,331,3.8,76,14,4
MUDPIT,2023-07-11,ACTUAL,24.1,13.1,50,15,6,0.6,,87.2,57,339,3.9,80,14,4
MUDPIT,2023-07-12,ACTUAL,25.6,13.1,46,26,4,0,,88.6,60,347,4.3,84,16,4
MUDPIT,2023-07-13,ACTUAL,22,12.3,54,276,5,0.6,,86.8,63,355,3.4,87,13,4
MUDPIT,2023-07-14,ACTUAL,20.6,11.3,55,294,3,0,,86.8,65,362,3.2,90,13,4
MUDPIT,2023-07-15,ACTUAL,28.1,9.3,31,257,8,0,,91.6,70,371,8.2,95,27,4
MUDPIT,2023-07-16,ACTUAL,29.8,4.4,20,265,10,0,,94.7,75,380,13.4,101,38,5
MUDPIT,2023-07-17,ACTUAL,19.7,5.6,40,199,11,1.4,,85.3,78,387,3.8,104,16,4
MUDPIT,2023-07-18,ACTUAL,19.8,10.3,54,262,3,11.2,,52.9,42,355,0.3,65,1,2
MUDPIT,2023-07-19,ACTUAL,26.5,6.9,29,309,6,0,,84.9,47,363,2.8,71,10,4
MUDPIT,2023-07-20,ACTUAL,30.2,9.6,28,281,5,0,,92.3,52,373,7.6,77,23,4
MUDPIT,2023-07-21,ACTUAL,28.8,10.4,32,278,3,0,,92.3,57,381,6.9,83,22,4
MUDPIT,2023-07-22,ACTUAL,28.4,8.6,29,264,11,0,,92.7,62,390,10.9,88,32,5
MUDPIT,2023-07-23,ACTUAL,26.9,6.2,27,307,6,0,,92.9,66,399,8.9,94,28,4
MUDPIT,2023-07-24,ACTUAL,24.1,5.3,30,210,14,0,,93,71,407,12.9,99,37,5
MUDPIT,2023-07-25,ACTUAL,19.6,6.3,42,277,12,2.2,,80.7,64,414,2.2,92,10,4
MUDPIT,2023-07-26,ACTUAL,15.9,10.5,70,330,5,8.2,,46.6,36,391,0.1,59,0,2
MUDPIT,2023-07-27,ACTUAL,20.9,9.8,49,313,9,0,,75.5,39,399,1.3,62,4,3
MUDPIT,2023-07-28,ACTUAL,23.9,9,39,284,7,0,,87,42,407,3.9,67,13,3
MUDPIT,2023-07-29,ACTUAL,26.5,8.4,32,247,3,0,,90.9,47,415,5.6,73,18,4
MUDPIT,2023-07-30,ACTUAL,24.8,5.5,29,272,5,0,,92,51,423,7.4,78,23,4
MUDPIT,2023-07-31,ACTUAL,23.8,6,32,233,7,0,,92,55,431,8,83,25,4
MUDPIT,2023-08-01,ACTUAL,24.7,5.4,29,254,6,0,,92.1,59,439,7.9,88,25,4
MUDPIT,2023-08-02,ACTUAL,26.1,2.7,22,252,8,0,,93.7,63,446,10.6,93,32,5
MUDPIT,2023-08-03,ACTUAL,24.8,3.9,26,231,7,0,,93.7,67,454,10.1,98,31,5
MUDPIT,2023-08-04,ACTUAL,26.9,3.4,22,211,5,0,,94,72,462,9.9,103,32,5
MUDPIT,2023-08-05,ACTUAL,28.5,4,21,212,4,0,,94.5,76,470,10,109,33,5
MUDPIT,2023-08-06,ACTUAL,26.2,8.6,33,287,5,0,,93.5,80,477,8.9,113,31,4
MUDPIT,2023-08-07,ACTUAL,28,8.7,30,265,9,0,,93.5,84,486,10.9,118,36,5
MUDPIT,2023-08-08,ACTUAL,21,14,64,47,10,0,,88,86,492,5.2,120,22,5
MUDPIT,2023-08-09,ACTUAL,18.9,14,73,341,6,3.8,,60.5,62,486,0.6,93,2,3
MUDPIT,2023-08-10,ACTUAL,20.6,11.9,57,268,9,11.2,,55,32,443,0.4,55,1,2
MUDPIT,2023-08-11,ACTUAL,19.2,10.5,57,278,3,0.4,,72.9,34,449,0.8,57,2,3
MUDPIT,2023-08-12,ACTUAL,23.1,11.2,47,230,5,1,,81.7,37,457,1.8,61,6,3
MUDPIT,2023-08-13,ACTUAL,26.9,10.1,35,299,6,0,,89.8,40,464,5.7,66,17,4
MUDPIT,2023-08-14,ACTUAL,30.2,9.1,27,312,6,0,,93.1,45,473,8.9,73,25,4
MUDPIT,2023-08-15,ACTUAL,30.7,12,32,273,4,0,,93.1,50,481,8.3,79,25,4
MUDPIT,2023-08-16,ACTUAL,27.2,6.5,27,321,5,0,,93.2,54,489,8.7,85,26,4
MUDPIT,2023-08-17,ACTUAL,26.5,11.8,40,290,4,0,,92.2,57,497,7.2,89,24,4
MUDPIT,2023-08-18,ACTUAL,17.4,2.1,36,223,11,0,,91.4,60,503,9.2,92,29,4
MUDPIT,2023-08-19,ACTUAL,20.7,1.9,29,271,6,0,,91.5,63,510,7.3,96,25,4
MUDPIT,2023-08-20,ACTUAL,21.2,1.9,28,317,6,0,,91.7,66,517,7.6,100,26,4
MUDPIT,2023-08-21,ACTUAL,22,4.9,33,263,3,0,,91.8,70,524,6.4,104,24,4
MUDPIT,2023-08-22,ACTUAL,19.3,11.2,59,68,4,0,,88.6,71,530,4.2,107,18,4
MUDPIT,2023-08-23,ACTUAL,13,7.1,67,215,5,1,,80.2,72,535,1.5,108,8,3
MUDPIT,2023-08-24,ACTUAL,18.7,8.4,51,246,6,0,,84.9,74,542,2.9,111,13,4
MUDPIT,2023-08-25,ACTUAL,21.4,8.3,43,266,4,0,,87.8,77,549,3.9,114,17,4
MUDPIT,2023-08-26,ACTUAL,24.3,9,38,274,5,0,,89.8,80,556,5.3,118,22,4
MUDPIT,2023-08-27,ACTUAL,25.7,8.1,33,270,7,0,,91.2,84,564,7.1,122,27,5
MUDPIT,2023-08-28,ACTUAL,27.3,7.6,29,281,5,0,,92.4,88,572,7.8,127,29,5
MUDPIT,2023-08-29,ACTUAL,25.4,7.4,32,265,6,0,,92.4,92,579,8.2,131,31,5
MUDPIT,2023-08-30,ACTUAL,19.3,10.9,58,258,8,0,,88.7,93,586,5.2,134,23,5
MUDPIT,2023-08-31,ACTUAL,13,12.4,96,313,2,14,,20.5,45,511,0,74,0,2
MUDPIT,2023-09-01,ACTUAL,17.9,12,68,291,8,0.4,,51.4,46,516,0.3,76,1,2
MUDPIT,2023-09-02,ACTUAL,20.9,13.2,61,292,5,0,,72.3,48,522,0.9,78,3,3
MUDPIT,2023-09-03,ACTUAL,18.8,9.9,56,261,7,0,,81.7,50,527,2,80,8,4
MUDPIT,2023-09-04,ACTUAL,18.5,10.9,61,285,5,0.4,,84,51,532,2.4,82,10,4
MUDPIT,2023-09-05,ACTUAL,16.8,7.2,53,288,3,0,,85.5,52,537,2.6,84,11,4
MUDPIT,2023-09-06,ACTUAL,18.2,7.6,50,302,8,0,,86.7,54,542,3.9,87,15,4
MUDPIT,2023-09-07,ACTUAL,17,7.4,53,307,4,0.8,,83.9,56,546,2.3,89,10,4
MUDPIT,2023-09-08,ACTUAL,21.1,5.3,36,259,5,0,,88.6,58,552,4.5,92,17,4
MUDPIT,2023-09-09,ACTUAL,22,4.9,33,282,4,0,,90.4,61,558,5.6,96,21,4
MUDPIT,2023-09-10,ACTUAL,25.3,6.4,30,256,5,0,,91.8,64,564,7.1,100,25,4
MUDPIT,2023-09-11,ACTUAL,23.4,6.1,33,306,6,0,,91.8,67,570,7.3,104,26,4
MUDPIT,2023-09-12,ACTUAL,18.5,8.2,51,288,2,0,,89.7,69,575,4.6,106,19,4
MUDPIT,2023-09-13,ACTUAL,16.2,8.2,59,88,1,2.4,,68.6,59,579,0.6,94,3,3
MUDPIT,2023-09-14,ACTUAL,19.1,4.7,39,276,4,0,,83,61,585,2,97,9,4
MUDPIT,2023-09-15,ACTUAL,22.6,5,32,296,5,0,,89.4,64,590,5.1,101,20,4
MUDPIT,2023-09-16,ACTUAL,23.5,5.3,31,303,4,0,,91.1,67,596,6.2,105,23,4
MUDPIT,2023-09-17,ACTUAL,22,1,25,247,7,0,,92.3,70,602,8.5,109,29,4
MUDPIT,2023-09-18,ACTUAL,13,4.7,57,251,6,9,,51,39,554,0.2,66,1,2
MUDPIT,2023-09-19,ACTUAL,6.5,5.9,96,324,1,1.2,,44.6,39,557,0.1,66,0,2
MUDPIT,2023-09-20,ACTUAL,12.6,4.6,58,309,8,0.2,,66,40,561,0.8,68,3,3
MUDPIT,2023-09-21,ACTUAL,15.2,4.2,48,300,4,0,,78.8,41,566,1.3,70,5,3
MUDPIT,2023-09-22,ACTUAL,16.1,6,51,274,4,0,,83.7,43,570,2.2,72,8,4
MUDPIT,2023-09-23,ACTUAL,12,10.4,90,69,6,3.4,,48.5,33,562,0.2,57,0,2
MUDPIT,2023-09-24,ACTUAL,14.1,7.5,64,277,5,4.2,,47.5,23,549,0.2,42,0,2
MUDPIT,2023-09-25,ACTUAL,13.1,8.2,72,61,16,0.2,,66.6,24,553,1.3,43,3,3
MUDPIT,2023-09-26,ACTUAL,13.5,9,74,106,6,13.4,,36.6,11,486,0,22,0,2
MUDPIT,2023-09-27,ACTUAL,11.1,7.8,80,217,0,1,,42,12,490,0.1,22,0,2
MUDPIT,2023-09-28,ACTUAL,10.2,7.6,84,325,5,6.2,,27.9,7,468,0,13,0,1
MUDPIT,2023-09-29,ACTUAL,9.9,6.6,80,237,4,8,,22.6,4,439,0,7,0,1
MUDPIT,2023-09-30,ACTUAL,12,4.8,61,287,5,0,,48.6,4,443,0.2,9,0,1
MUDPIT,2023-10-01,ACTUAL,11.4,6.8,73,266,4,0,,61.8,5,446,0.6,10,0,1
MUDPIT,2023-10-02,ACTUAL,10.3,8.2,87,275,3,0,,65.9,5,448,0.6,10,0,1
MUDPIT,2023-10-03,ACTUAL,12.6,8.1,74,266,4,1,,68,6,451,0.7,11,0,1
MUDPIT,2023-10-04,ACTUAL,16.5,5.1,47,238,8,5.2,,61.1,4,437,0.7,8,0,1
MUDPIT,2023-10-05,ACTUAL,12.2,7,70,292,3,0,,70.3,5,440,0.7,9,0,1
MUDPIT,2023-10-06,ACTUAL,13.7,8,68,257,4,0,,76.9,6,443,1.1,11,1,1
MUDPIT,2023-10-07,ACTUAL,15.9,10.1,68,273,3,0,,80.4,6,446,1.4,12,1,1
MUDPIT,2023-10-08,ACTUAL,18.3,10,58,222,1,0,,83.4,8,450,1.8,15,2,2
MUDPIT,2023-10-09,ACTUAL,20.3,10.7,54,268,1,0,,85.5,9,455,2.4,17,4,2
MUDPIT,2023-10-10,ACTUAL,13.6,9.9,78,135,1,13.6,,32.2,4,401,0,9,0,1
MUDPIT,2023-10-11,ACTUAL,12.7,5.7,62,181,1,2.8,,40.6,3,398,0,7,0,1
MUDPIT,2023-10-12,ACTUAL,10.4,7.6,83,318,4,0,,51.3,4,401,0.2,7,0,1
MUDPIT,2023-10-13,ACTUAL,13.4,6.3,62,88,1,0,,65.5,5,404,0.6,9,0,1
MUDPIT,2023-10-14,ACTUAL,11.8,8.5,80,24,2,0,,70.7,5,407,0.7,10,0,1
MUDPIT,2023-10-15,ACTUAL,14.1,7.9,66,270,4,0.6,,76.5,6,410,1,11,1,1
MUDPIT,2023-10-16,ACTUAL,12.1,10.2,88,323,3,1.2,,67,6,413,0.7,12,0,1
MUDPIT,2023-10-17,ACTUAL,10.5,4,64,188,2,11.4,,35.1,3,372,0,6,0,1
MUDPIT,2023-10-18,ACTUAL,8.9,7.6,92,194,3,23.4,,10,1,293,0,2,0,1
MUDPIT,2023-10-19,ACTUAL,13,10.2,83,238,4,5.6,,19.9,0,282,0,1,0,1
MUDPIT,2023-10-20,ACTUAL,13.6,9.5,76,271,4,3.6,,31.3,1,279,0,1,0,1
MUDPIT,2023-10-21,ACTUAL,8.8,6.1,83,298,3,0,,42.6,1,281,0.1,2,0,1
MUDPIT,2023-10-22,ACTUAL,8.5,5.6,82,347,3,0,,52.4,1,283,0.3,2,0,1
MUDPIT,2023-10-23,ACTUAL,6.1,3.1,81,295,3,0.2,,59.4,1,285,0.4,2,0,1
MUDPIT,2023-10-24,ACTUAL,3.7,-5.3,52,230,5,0.2,,70.3,2,287,0.8,3,0,1
MUDPIT,2023-10-25,ACTUAL,3.2,-12.5,31,309,6,0,,79.6,2,288,1.5,4,1,1
MUDPIT,2023-10-26,ACTUAL,1.6,-8.6,47,254,6,0,,82.2,2,289,1.9,4,1,1
MUDPIT,2023-10-27,ACTUAL,2,-13.1,32,213,2,0,,84.9,3,290,2.3,5,1,1
MUDPIT,2023-10-28,ACTUAL,1.5,-6.8,54,261,3,0,,84.9,3,291,2.5,5,1,2
MUDPIT,2023-10-29,ACTUAL,1.9,-4.6,62,268,4,0,,84.5,3,292,2.4,6,1,2
MUDPIT,2023-10-30,ACTUAL,1,-3.1,74,290,4,0,,83.1,3,293,2,6,1,1
MUDPIT,2023-10-31,ACTUAL,1.7,-4.3,64,270,3,0,,83.1,3,294,1.9,6,1,1
PASKA LAKE,2023-05-01,ACTUAL,6.5,5.7,95,338,7,2.8,,,,,,,,
PASKA LAKE,2023-05-02,ACTUAL,14.9,6,55,359,13,3,,,,,,,,
PASKA LAKE,2023-05-03,ACTUAL,19.1,6.2,43,157,7,0,,85,6,409,3,12,3,
PASKA LAKE,2023-05-04,ACTUAL,20.8,4.7,35,87,11,0,,89.3,10,415,6.7,18,10,2
PASKA LAKE,2023-05-05,ACTUAL,13.5,7.8,68,223,11,0,,86,11,420,4.2,21,7,2
PASKA LAKE,2023-05-06,ACTUAL,5.8,5.2,96,220,9,8.6,,25.8,5,392,0,11,0,1
PASKA LAKE,2023-05-07,ACTUAL,5.4,4.5,94,290,8,5.6,,14.8,3,378,0,5,0,1
PASKA LAKE,2023-05-08,ACTUAL,7.1,3.9,80,82,5,8.8,,19.1,1,352,0,2,0,1
PASKA LAKE,2023-05-09,ACTUAL,6.5,5.1,91,323,8,5.6,,16,0,340,0,0,0,1
PASKA LAKE,2023-05-10,ACTUAL,13.5,2.1,46,217,11,8.6,,44.3,2,318,0.1,4,0,1
PASKA LAKE,2023-05-11,ACTUAL,14.8,-7.4,21,250,8,0,,76.3,5,324,1.3,10,1,1
PASKA LAKE,2023-05-12,ACTUAL,18,-0.9,28,178,10,0,,87.7,9,329,5,17,7,2
PASKA LAKE,2023-05-13,ACTUAL,21.3,-1.3,22,157,11,0,,92.2,14,335,10.5,25,16,2
PASKA LAKE,2023-05-14,ACTUAL,22.3,-1.8,20,83,13,0,,93.5,19,342,13.6,33,22,2
PASKA LAKE,2023-05-15,ACTUAL,25.1,2.5,23,165,9,0,,93.6,24,349,11,41,21,2
PASKA LAKE,2023-05-16,ACTUAL,24.4,2.5,24,325,13,0,,93.6,29,356,13.6,48,27,2
PASKA LAKE,2023-05-17,ACTUAL,20.1,1.9,30,359,11,0.4,,92.9,33,362,11.1,54,25,3
PASKA LAKE,2023-05-18,ACTUAL,23,0.1,22,225,15,0,,93.3,38,368,14.6,60,32,3
PASKA LAKE,2023-05-19,ACTUAL,21.7,2.3,28,199,10,0,,93.3,42,374,11.1,66,27,3
PASKA LAKE,2023-05-20,ACTUAL,23.7,6.4,33,218,16,0,,92.8,46,381,14.3,71,34,3
PASKA LAKE,2023-05-21,ACTUAL,16.2,5.5,49,214,11,0,,89.7,49,386,7.2,74,22,3
PASKA LAKE,2023-05-22,ACTUAL,9.8,2.2,59,317,16,0.2,,87,50,391,6.2,76,20,3
PASKA LAKE,2023-05-23,ACTUAL,4.1,3.3,95,337,6,13,,21.4,24,347,0,40,0,1
PASKA LAKE,2023-05-24,ACTUAL,9.5,3.7,67,10,10,8,,32.7,13,327,0,24,0,1
PASKA LAKE,2023-05-25,ACTUAL,14.3,4,50,60,10,0,,63.9,15,332,0.8,28,1,1
PASKA LAKE,2023-05-26,ACTUAL,16.8,3.4,41,59,6,0,,80.5,18,337,1.7,32,4,1
PASKA LAKE,2023-05-27,ACTUAL,17,5.3,46,103,14,0.2,,85.8,21,342,4.7,36,11,2
PASKA LAKE,2023-05-28,ACTUAL,18,4.5,41,258,8,0,,87.9,24,348,4.8,41,12,2
PASKA LAKE,2023-05-29,ACTUAL,16.5,2.4,39,243,9,0,,88.6,27,353,5.5,45,13,2
PASKA LAKE,2023-05-30,ACTUAL,14.5,-3,30,246,14,0,,89.8,29,358,8.4,49,19,2
PASKA LAKE,2023-05-31,ACTUAL,13.8,-0.4,38,242,12,0,,89.9,32,363,7.9,52,19,3
PASKA LAKE,2023-06-01,ACTUAL,15.8,-2.3,29,356,11,0,,90.5,35,370,8.1,57,20,3
PASKA LAKE,2023-06-02,ACTUAL,18.4,-1.5,26,198,14,0,,91.5,39,376,10.9,62,26,3
PASKA LAKE,2023-06-03,ACTUAL,18.7,-8.5,15,144,14,0,,94,43,383,15,68,34,3
PASKA LAKE,2023-06-04,ACTUAL,15.4,-3.6,27,253,10,0,,93.1,46,389,10.9,72,28,3
PASKA LAKE,2023-06-05,ACTUAL,11.4,-5.3,31,309,13,0,,91.8,49,395,10.8,74,29,3
PASKA LAKE,2023-06-06,ACTUAL,17.5,-10.4,14,24,13,0,,94.1,53,401,14.7,80,36,3
PASKA LAKE,2023-06-07,ACTUAL,23.1,-8,12,182,9,0,,95.7,59,409,14.8,86,38,3
PASKA LAKE,2023-06-08,ACTUAL,26.2,-2.5,15,60,8,0,,95.7,65,417,14,93,38,4
PASKA LAKE,2023-06-09,ACTUAL,23,6.2,34,98,7,0,,93.3,69,424,9.6,98,30,4
PASKA LAKE,2023-06-10,ACTUAL,15.4,12.5,83,181,12,2.4,,66.4,59,431,1,87,5,2
PASKA LAKE,2023-06-11,ACTUAL,16.8,8.6,58,4,16,1.8,,72.5,56,437,1.5,85,7,2
PASKA LAKE,2023-06-12,ACTUAL,23,4.4,30,83,6,0,,87.6,61,445,4,91,16,2
PASKA LAKE,2023-06-13,ACTUAL,14.9,6.5,57,187,16,0,,87.1,63,451,6.3,93,22,3
PASKA LAKE,2023-06-14,ACTUAL,6.8,2.1,72,318,16,2.6,,64.1,52,455,1.1,81,5,2
PASKA LAKE,2023-06-15,ACTUAL,17.6,-0.3,30,234,10,0,,83.9,56,462,3,85,12,2
PASKA LAKE,2023-06-16,ACTUAL,12.5,6.2,65,234,17,0,,83.9,57,468,4.2,87,16,2
PASKA LAKE,2023-06-17,ACTUAL,12.9,2.4,49,213,15,0,,85.7,59,473,5,90,18,3
PASKA LAKE,2023-06-18,ACTUAL,5.2,-0.4,67,256,15,0,,84.4,59,478,4.1,90,16,2
PASKA LAKE,2023-06-19,ACTUAL,3.1,2.4,95,276,11,5.8,,32.5,37,459,0,61,0,2
PASKA LAKE,2023-06-20,ACTUAL,7.9,4.7,80,26,10,16.2,,23,16,395,0,28,0,1
PASKA LAKE,2023-06-21,ACTUAL,10,5.4,73,244,8,3.6,,34.5,12,391,0,21,0,1
PASKA LAKE,2023-06-22,ACTUAL,15.9,4.6,47,116,7,1.6,,60.9,13,397,0.6,24,1,1
PASKA LAKE,2023-06-23,ACTUAL,17.1,2.9,39,251,5,0,,79.4,16,404,1.4,29,3,1
PASKA LAKE,2023-06-24,ACTUAL,14.8,7.7,62,95,7,0.4,,82.6,18,410,2.2,32,5,1
PASKA LAKE,2023-06-25,ACTUAL,15.4,8.9,65,13,13,9,,53.5,10,383,0.5,20,0,1
PASKA LAKE,2023-06-26,ACTUAL,21.4,7.2,40,9,10,0,,80.6,14,391,2,26,4,1
PASKA LAKE,2023-06-27,ACTUAL,21.2,5.8,37,61,11,0,,88.1,18,398,5.8,32,12,2
PASKA LAKE,2023-06-28,ACTUAL,17.4,6.6,49,60,15,1,,84.4,20,404,4.2,36,9,2
PASKA LAKE,2023-06-29,ACTUAL,22.3,5.1,33,187,15,0,,89.9,24,412,8.8,42,19,2
PASKA LAKE,2023-06-30,ACTUAL,21.6,-1.1,22,245,14,0,,92.7,29,419,13,49,27,2
PASKA LAKE,2023-07-01,ACTUAL,18.3,2,34,213,17,0,,91.8,32,426,13.3,54,28,3
PASKA LAKE,2023-07-02,ACTUAL,14.4,-4,28,313,11,0,,91.9,35,432,9.6,58,23,3
PASKA LAKE,2023-07-03,ACTUAL,16.5,0.9,35,359,17,0,,91.3,37,439,12.3,62,28,3
PASKA LAKE,2023-07-04,ACTUAL,18.6,2.3,34,331,11,0,,91.3,40,446,9.1,66,24,3
PASKA LAKE,2023-07-05,ACTUAL,21.8,1.9,27,321,7,0,,91.9,44,454,8.2,71,23,3
PASKA LAKE,2023-07-06,ACTUAL,22.8,1.7,25,328,8,0,,92.6,48,462,9,77,26,3
PASKA LAKE,2023-07-07,ACTUAL,20.6,8.9,47,328,6,0,,90.4,51,469,6.2,80,20,3
PASKA LAKE,2023-07-08,ACTUAL,23.2,7.2,36,29,7,8,,70.8,32,444,0.9,54,3,2
PASKA LAKE,2023-07-09,ACTUAL,25.6,4.6,26,228,16,0.2,,90.3,37,452,10.1,61,25,3
PASKA LAKE,2023-07-10,ACTUAL,22.6,5.4,33,244,12,0,,90.9,40,460,8.7,66,23,3
PASKA LAKE,2023-07-11,ACTUAL,20.9,6.7,40,294,10,4,,74.9,32,455,1.2,54,4,2
PASKA LAKE,2023-07-12,ACTUAL,22.2,7.9,40,246,9,0,,86.4,35,463,3.9,59,12,2
PASKA LAKE,2023-07-13,ACTUAL,19.9,7.6,45,149,6,10.4,,60.7,19,426,0.6,35,1,1
PASKA LAKE,2023-07-14,ACTUAL,22.2,9.7,45,76,9,0,,81.9,22,434,2.2,40,6,2
PASKA LAKE,2023-07-15,ACTUAL,22,7.3,39,201,9,0,,88.1,26,442,5.3,45,13,2
PASKA LAKE,2023-07-16,ACTUAL,23.3,2.1,25,213,19,0,,92.2,30,450,15.1,52,30,3
PASKA LAKE,2023-07-17,ACTUAL,15.7,3.4,44,240,15,0,,90.1,32,456,9.2,55,22,3
PASKA LAKE,2023-07-18,ACTUAL,16.5,4.8,46,279,8,1.2,,83.1,35,463,2.4,58,8,2
PASKA LAKE,2023-07-19,ACTUAL,20.5,5.2,37,89,7,0,,88.3,38,470,4.7,63,14,2
PASKA LAKE,2023-07-20,ACTUAL,26.5,3.6,23,309,9,0,,93.1,43,479,10.3,70,27,3
PASKA LAKE,2023-07-21,ACTUAL,24.7,5.9,30,206,14,0,,93.1,47,487,13.8,76,34,3
PASKA LAKE,2023-07-22,ACTUAL,21.4,3.5,31,228,18,0,,92.8,51,495,15.9,81,39,3
PASKA LAKE,2023-07-23,ACTUAL,21.7,0.7,25,188,12,0,,92.8,55,502,11.7,86,32,3
PASKA LAKE,2023-07-24,ACTUAL,13,6.6,65,200,18,0,,87.1,56,508,6.9,88,23,3
PASKA LAKE,2023-07-25,ACTUAL,10.9,4.4,64,221,12,4,,60.1,41,500,0.7,68,3,2
PASKA LAKE,2023-07-26,ACTUAL,13.6,3.1,49,43,9,0,,76.6,43,506,1.3,70,5,2
PASKA LAKE,2023-07-27,ACTUAL,17.2,4.8,44,351,7,0,,84.6,45,513,2.9,74,11,2
PASKA LAKE,2023-07-28,ACTUAL,16.4,7.4,55,13,7,0,,85.5,47,519,3.2,76,12,2
PASKA LAKE,2023-07-29,ACTUAL,23.2,2.6,26,156,13,0,,91.5,51,527,10.2,82,29,3
PASKA LAKE,2023-07-30,ACTUAL,20,-3,21,234,11,0,,92.9,55,535,11.4,87,32,3
PASKA LAKE,2023-07-31,ACTUAL,18.2,1.1,32,126,8,0,,92.3,58,541,8.8,92,28,3
PASKA LAKE,2023-08-01,ACTUAL,20.3,1.6,29,248,11,0,,92.3,61,548,10.3,96,31,4
PASKA LAKE,2023-08-02,ACTUAL,21.3,-0.7,23,220,9,0,,92.8,65,555,10,100,32,4
PASKA LAKE,2023-08-03,ACTUAL,18,3,37,288,7,0,,91.6,67,561,7.8,103,27,3
PASKA LAKE,2023-08-04,ACTUAL,22.3,1.8,26,340,12,0,,92.3,71,568,10.9,108,35,4
PASKA LAKE,2023-08-05,ACTUAL,24.6,1.4,22,353,15,0,,93.5,75,576,15.1,113,44,4
PASKA LAKE,2023-08-06,ACTUAL,25.3,0.7,20,288,11,0,,94.2,79,583,13.3,118,41,4
PASKA LAKE,2023-08-07,ACTUAL,21.2,8.1,43,338,9,1.4,,85,82,590,3.4,122,16,3
PASKA LAKE,2023-08-08,ACTUAL,15.8,9.5,66,221,12,0,,85,83,596,3.8,123,18,3
PASKA LAKE,2023-08-09,ACTUAL,13.2,10.4,83,223,8,3.6,,53.5,60,587,0.4,96,1,2
PASKA LAKE,2023-08-10,ACTUAL,12.1,7.5,73,246,6,1.8,,56.2,57,592,0.4,91,1,2
PASKA LAKE,2023-08-11,ACTUAL,17.8,6.6,48,206,10,0,,77.8,59,598,1.6,94,7,3
PASKA LAKE,2023-08-12,ACTUAL,18.5,4.9,41,334,11,0,,86.1,61,604,4.2,97,17,3
PASKA LAKE,2023-08-13,ACTUAL,24.9,7.9,34,328,8,0,,90.3,65,612,6.8,102,25,3
PASKA LAKE,2023-08-14,ACTUAL,27.1,6.4,27,35,11,0,,92.7,69,620,11.1,108,35,4
PASKA LAKE,2023-08-15,ACTUAL,29,6.3,24,274,11,0,,93.8,73,628,12.8,114,39,4
PASKA LAKE,2023-08-16,ACTUAL,23.9,3.2,26,3,14,0,,93.9,77,635,15.2,119,44,4
PASKA LAKE,2023-08-17,ACTUAL,28.2,6.8,26,236,14,0,,93.9,82,643,14.8,124,45,4
PASKA LAKE,2023-08-18,ACTUAL,14,-2.2,33,336,20,0,,91.9,84,649,15.8,127,47,4
PASKA LAKE,2023-08-19,ACTUAL,15.6,-1.2,32,17,13,0,,91.6,86,655,10.3,130,36,4
PASKA LAKE,2023-08-20,ACTUAL,19,-2.7,23,208,11,0,,92.3,89,661,10.3,134,36,4
PASKA LAKE,2023-08-21,ACTUAL,21.5,-3.1,19,179,13,0,,93.6,93,668,13.5,138,44,4
PASKA LAKE,2023-08-22,ACTUAL,18.3,3.6,38,188,12,0,,91.6,96,674,9.9,141,36,4
PASKA LAKE,2023-08-23,ACTUAL,10.1,4.1,66,198,13,7,,52.2,55,633,0.4,91,1,2
PASKA LAKE,2023-08-24,ACTUAL,12.2,5.7,64,156,5,0.2,,67.6,56,639,0.8,92,3,2
PASKA LAKE,2023-08-25,ACTUAL,19.2,5.2,40,123,8,0,,83.3,59,645,2.5,96,11,3
PASKA LAKE,2023-08-26,ACTUAL,22.3,3.3,29,211,12,0,,90.3,62,652,8.2,101,28,3
PASKA LAKE,2023-08-27,ACTUAL,25.1,4.2,26,257,13,0,,92.5,66,660,11.9,106,36,4
PASKA LAKE,2023-08-28,ACTUAL,26.5,3,22,218,8,0,,93.8,71,667,11.1,112,36,4
PASKA LAKE,2023-08-29,ACTUAL,18.7,4.4,39,108,11,0,,91.6,73,674,9.3,115,32,4
PASKA LAKE,2023-08-30,ACTUAL,16,7,55,295,15,0,,88.4,75,680,7.4,117,27,3
PASKA LAKE,2023-08-31,ACTUAL,7.8,7.2,96,353,11,17.8,,19.9,34,560,0,59,0,2
PASKA LAKE,2023-09-01,ACTUAL,15.7,7.8,59,357,14,4.6,,48.1,24,545,0.3,43,0,1
PASKA LAKE,2023-09-02,ACTUAL,22.7,4.1,30,294,8,0,,81.3,27,551,1.9,48,6,2
PASKA LAKE,2023-09-03,ACTUAL,15.5,6.5,55,254,7,0,,84.2,28,555,2.6,50,8,2
PASKA LAKE,2023-09-04,ACTUAL,13.9,4.5,53,355,7,0,,85.3,29,559,3.2,52,9,2
PASKA LAKE,2023-09-05,ACTUAL,13.4,2.3,47,252,9,0,,86.4,31,563,4,54,12,2
PASKA LAKE,2023-09-06,ACTUAL,14.5,1.3,41,238,8,0,,87.6,32,568,4.6,56,13,2
PASKA LAKE,2023-09-07,ACTUAL,12.3,3.5,55,8,8,0,,87.1,33,572,4.2,58,13,2
PASKA LAKE,2023-09-08,ACTUAL,17,2.1,37,150,10,0,,88.7,35,576,5.8,61,17,2
PASKA LAKE,2023-09-09,ACTUAL,20,1.8,30,127,13,0,,90.7,38,582,9.2,65,24,3
PASKA LAKE,2023-09-10,ACTUAL,22,-0.1,23,172,16,0,,92.7,41,587,14.1,70,33,3
PASKA LAKE,2023-09-11,ACTUAL,14.8,5.1,52,225,13,0,,89.1,43,592,7.1,72,21,3
PASKA LAKE,2023-09-12,ACTUAL,14.5,5.9,56,220,11,0.2,,87.6,44,596,5.2,74,17,2
PASKA LAKE,2023-09-13,ACTUAL,14.8,2.9,45,228,9,1,,83.8,45,600,2.8,76,11,2
PASKA LAKE,2023-09-14,ACTUAL,18.8,2.5,34,178,10,0,,88.7,48,605,6,80,20,3
PASKA LAKE,2023-09-15,ACTUAL,22.4,-1,21,211,21,0,,93,51,611,18.7,84,44,3
PASKA LAKE,2023-09-16,ACTUAL,22.7,-9.4,11,236,16,0,,95.8,55,617,22.1,90,50,4
PASKA LAKE,2023-09-17,ACTUAL,14.4,-0.2,37,215,14,0,,92.1,56,621,11.6,92,33,4
PASKA LAKE,2023-09-18,ACTUAL,4.1,2.9,92,246,8,4.2,,43.5,40,604,0.1,68,0,2
PASKA LAKE,2023-09-19,ACTUAL,7.4,2.3,70,229,11,0.8,,58.3,40,607,0.6,69,2,2
PASKA LAKE,2023-09-20,ACTUAL,6.2,1.4,71,352,18,1.4,,62.7,40,610,1.2,69,4,2
PASKA LAKE,2023-09-21,ACTUAL,11.6,-0.6,43,6,8,0,,77.7,42,613,1.4,71,5,2
PASKA LAKE,2023-09-22,ACTUAL,17.2,-0.2,31,199,14,0,,87.7,44,618,6.3,75,20,3
PASKA LAKE,2023-09-23,ACTUAL,8.4,3.5,71,210,17,1,,79.3,44,621,2.5,75,10,2
PASKA LAKE,2023-09-24,ACTUAL,11.5,-3.6,35,145,10,0,,85.6,46,625,3.8,78,14,2
PASKA LAKE,2023-09-25,ACTUAL,7.7,6.9,95,154,16,2.8,,50.9,37,618,0.4,65,1,2
PASKA LAKE,2023-09-26,ACTUAL,11,1.2,51,194,22,2.8,,62.5,31,612,1.4,55,5,2
PASKA LAKE,2023-09-27,ACTUAL,6.2,4,86,156,9,0.2,,67.3,31,615,0.9,55,3,2
PASKA LAKE,2023-09-28,ACTUAL,5.8,1,71,211,10,0.4,,73.7,32,618,1.2,56,4,2
PASKA LAKE,2023-09-29,ACTUAL,4.2,2.2,87,335,10,3,,48,25,609,0.2,45,0,1
PASKA LAKE,2023-09-30,ACTUAL,6.9,2,71,356,13,0.4,,63.2,25,612,1,46,2,1
PASKA LAKE,2023-10-01,ACTUAL,11.6,-2.7,37,295,7,0,,78.8,26,615,1.4,48,4,1
PASKA LAKE,2023-10-02,ACTUAL,9,2.6,64,212,8,0,,81.2,27,617,2,49,6,2
PASKA LAKE,2023-10-03,ACTUAL,11.6,2.9,55,283,9,0,,83.7,28,620,2.7,50,8,2
PASKA LAKE,2023-10-04,ACTUAL,9.6,7.5,87,318,7,0.8,,77.2,28,623,1.3,50,4,1
PASKA LAKE,2023-10-05,ACTUAL,11.6,6.6,71,346,18,0.2,,80.4,29,625,2.9,51,9,2
PASKA LAKE,2023-10-06,ACTUAL,17,6.2,49,195,7,0.2,,85,30,629,2.9,54,9,2
PASKA LAKE,2023-10-07,ACTUAL,18.4,1.7,33,142,13,0,,89.2,32,633,7.4,57,19,3
PASKA LAKE,2023-10-08,ACTUAL,18.6,4.3,39,177,16,0,,89.2,34,637,8.6,60,22,3
PASKA LAKE,2023-10-09,ACTUAL,16.6,0.1,33,212,22,0,,89.8,36,641,12.4,62,29,3
PASKA LAKE,2023-10-10,ACTUAL,5.8,3.1,83,158,10,0.2,,83.6,36,643,2.8,63,10,2
PASKA LAKE,2023-10-11,ACTUAL,9.6,1.3,56,250,5,0.4,,84.2,36,645,2.5,64,9,2
PASKA LAKE,2023-10-12,ACTUAL,12.2,0.6,45,106,6,1.8,,75.1,35,648,1,62,4,2
PASKA LAKE,2023-10-13,ACTUAL,9.7,1.4,56,156,19,0,,81.3,36,651,3.4,63,11,2
PASKA LAKE,2023-10-14,ACTUAL,9.9,1.8,57,217,11,0,,83.3,36,653,2.9,64,10,2
PASKA LAKE,2023-10-15,ACTUAL,9.5,2.9,63,180,15,1.6,,73.8,36,655,1.6,63,6,2
PASKA LAKE,2023-10-16,ACTUAL,11.6,5.3,65,199,26,0.6,,79.6,36,658,4,64,13,2
PASKA LAKE,2023-10-17,ACTUAL,6.2,-0.5,62,195,13,2.4,,64.8,31,660,1,56,3,2
PASKA LAKE,2023-10-18,ACTUAL,12.9,6.1,63,196,21,0,,77.4,32,663,2.5,57,8,2
PASKA LAKE,2023-10-19,ACTUAL,15.7,6.7,55,235,23,0,,83.7,33,667,5.6,59,16,2
PASKA LAKE,2023-10-20,ACTUAL,9.4,-0.5,50,15,7,0,,84.9,34,669,2.9,60,9,2
PASKA LAKE,2023-10-21,ACTUAL,8.2,0.7,59,216,6,0,,84.9,34,671,2.9,61,10,2
PASKA LAKE,2023-10-22,ACTUAL,9.2,-2.2,45,316,11,0,,86,35,674,4.2,62,13,2
PASKA LAKE,2023-10-23,ACTUAL,5.6,-4.9,47,232,16,0,,86,36,675,5.5,63,16,2
PASKA LAKE,2023-10-24,ACTUAL,-4.1,-6.7,82,10,8,0,,82.5,36,675,2.3,63,8,2
PASKA LAKE,2023-10-25,ACTUAL,-4.8,-12,57,359,12,0.4,,82.6,36,676,2.8,63,9,2
PASKA LAKE,2023-10-26,ACTUAL,-4.4,-12.1,55,340,14,1.2,,74.1,36,676,1.5,63,5,2
PASKA LAKE,2023-10-27,ACTUAL,-3.9,-15.6,40,8,17,0,,79.7,36,676,2.5,63,9,2
PASKA LAKE,2023-10-28,ACTUAL,1.7,-18.4,21,5,15,0,,85.9,36,677,5.1,64,15,2
PASKA LAKE,2023-10-29,ACTUAL,4.9,-11,31,216,7,0,,87.4,37,679,4.3,65,14,2
PASKA LAKE,2023-10-30,ACTUAL,8.9,-7.9,30,223,8,0,,88.7,38,681,5.2,66,16,2
PASKA LAKE,2023-10-31,ACTUAL,5.4,-9.4,34,189,9,0,,88.7,39,683,5.5,68,17,2
SPARKS LAKE,2023-05-01,ACTUAL,10.8,7.3,79,311,9,3.6,80,57,21,445,0.5,38,1,1
SPARKS LAKE,2023-05-02,ACTUAL,16.5,8.3,58,347,8,4.6,80,56.2,16,436,0.5,29,1,1
SPARKS LAKE,2023-05-03,ACTUAL,19.4,9.3,52,151,7,0,80,76.8,18,442,1.2,33,3,1
SPARKS LAKE,2023-05-04,ACTUAL,23.4,10.4,44,270,9,0,80,86.5,22,448,4,39,10,2
SPARKS LAKE,2023-05-05,FORECAST,14,5.1,55,,20,0,80,86.5,24,453,7.2,42,16,2
SPARKS LAKE,2023-05-06,ACTUAL,7.7,7.7,100,,,10.2,80,49.6,17,445,0.3,31,0,1
SPARKS LAKE,2023-05-07,ACTUAL,8.4,7.3,93,,,9.4,80,70.6,19,450,1.1,34,2,1
SPARKS LAKE,2023-05-08,[object Object],,,,,,,,,,,,,,
SPARKS LAKE,2023-05-09,ACTUAL,13.3,6.5,63,305,7,0.2,,,,,,,,
SPARKS LAKE,2023-05-10,ACTUAL,16.8,5.7,48,312,8,0.2,,85,6,450,3.2,12,4,
SPARKS LAKE,2023-05-11,ACTUAL,18.5,1.8,33,288,7,8,,65.4,6,424,0.8,12,1,1
SPARKS LAKE,2023-05-12,ACTUAL,21.9,3,29,147,11,0,,86.5,10,431,4.4,20,7,2
SPARKS LAKE,2023-05-13,ACTUAL,25,2.4,23,191,10,0,,92.5,16,438,10.2,29,17,2
SPARKS LAKE,2023-05-14,ACTUAL,27.2,4.2,23,247,8,0,,93.7,21,445,10.9,38,21,2
SPARKS LAKE,2023-05-15,ACTUAL,27.2,5.4,25,280,9,0,,93.8,27,452,11.5,47,24,2
SPARKS LAKE,2023-05-16,MANUAL,28,6.1,25,240,8,0,,93.8,33,460,11,56,25,3
SPARKS LAKE,2023-05-17,MANUAL,23.8,5.6,31,351,9,0,80,93.3,37,466,10.7,62,26,3
SPARKS LAKE,2023-05-18,ACTUAL,25.6,7.1,31,198,9,0,80,93.3,42,473,10.8,69,28,3
SPARKS LAKE,2023-05-19,ACTUAL,25.2,6.3,30,232,7,0,55,93.4,47,480,9.8,76,27,3
SPARKS LAKE,2023-05-20,ACTUAL,26.9,5.7,26,205,10,0,55,93.4,52,488,11.2,83,31,3
SPARKS LAKE,2023-05-21,ACTUAL,21.4,7.5,41,219,8,0,55,91.5,56,494,8.1,87,25,3
SPARKS LAKE,2023-05-22,ACTUAL,14.8,2.3,43,315,13,5.4,55,66.8,38,478,1.1,64,4,2
SPARKS LAKE,2023-05-23,ACTUAL,9.1,7.7,91,261,2,7.4,55,25.1,21,451,0,38,0,1
SPARKS LAKE,2023-05-24,ACTUAL,11.3,5.7,68,301,5,3.2,55,37.7,17,447,0,31,0,1
SPARKS LAKE,2023-05-25,ACTUAL,17.9,6.7,48,318,6,0,55,68.2,20,453,0.8,35,1,1
SPARKS LAKE,2023-05-26,ACTUAL,22.4,2.9,28,185,6,2.8,55,77.3,20,453,1.2,36,3,1
SPARKS LAKE,2023-05-27,ACTUAL,23.7,9.6,41,277,9,0,55,87.2,24,460,4.4,42,11,2
SPARKS LAKE,2023-05-28,ACTUAL,21.2,3.3,31,191,6,1.8,55,83.3,26,466,2.2,45,6,2
SPARKS LAKE,2023-05-29,ACTUAL,21.1,4.9,35,111,7,0,55,88.8,29,472,5.1,51,14,2
SPARKS LAKE,2023-05-30,ACTUAL,19.9,1.7,30,160,10,0,55,90.7,33,478,7.7,57,20,3
SPARKS LAKE,2023-05-31,ACTUAL,18.3,-0.2,29,273,8,0,55,91,37,484,7.5,62,20,3
SPARKS LAKE,2023-06-01,ACTUAL,19.8,-0.9,25,10,7,0,55,91.9,41,491,8.1,68,22,3
SPARKS LAKE,2023-06-02,ACTUAL,22.4,1.3,25,138,12,0,55,92.5,46,498,11,74,29,3
SPARKS LAKE,2023-06-03,ACTUAL,23.3,-2.4,18,218,7,0,55,94.1,51,506,10.7,81,30,3
SPARKS LAKE,2023-06-04,ACTUAL,20.7,-6.1,16,265,7,0,55,94.4,56,513,11.1,88,32,3
SPARKS LAKE,2023-06-05,ACTUAL,15.7,-2.9,28,314,10,0,70,93.1,59,519,11.1,92,33,4
SPARKS LAKE,2023-06-06,ACTUAL,21.9,-3.5,18,299,9,0,70,94,64,527,12,98,35,4
SPARKS LAKE,2023-06-07,ACTUAL,27.1,-6,11,164,11,0,70,96.5,71,535,18.7,106,49,5
SPARKS LAKE,2023-06-08,FORECAST,30,-3.8,11,,5,0,60,97.1,78,544,14.8,115,43,4
SPARKS LAKE,2023-06-09,MANUAL,27,4.1,23,,10,0,50,95.8,84,552,15.9,121,46,4
SPARKS LAKE,2023-06-10,ACTUAL,18.8,13.5,71,190,8,1,50,83.2,85,559,2.4,123,12,3
SPARKS LAKE,2023-06-11,ACTUAL,20.8,10,50,318,11,13.2,50,61.8,45,495,0.8,73,3,2
SPARKS LAKE,2023-06-12,ACTUAL,26.6,7,29,346,9,0,50,87.6,50,504,4.7,80,16,2
SPARKS LAKE,2023-06-13,ACTUAL,21.7,8.5,43,129,8,0,50,88.6,53,511,5.3,85,19,3
SPARKS LAKE,2023-06-14,ACTUAL,11.3,4.1,61,313,12,6.2,50,55.3,34,490,0.5,58,1,2
SPARKS LAKE,2023-06-15,ACTUAL,20,1.8,30,263,5,0,50,81,38,497,1.6,63,6,2
SPARKS LAKE,2023-06-16,ACTUAL,17.7,8.3,54,213,10,0.2,50,84.8,40,503,3.5,67,12,2
SPARKS LAKE,2023-06-17,ACTUAL,18.6,3.9,38,151,12,0,50,88.3,43,510,6.1,71,19,3
SPARKS LAKE,2023-06-18,ACTUAL,12,1.9,50,324,12,2.4,50,72.8,38,516,1.3,65,5,2
SPARKS LAKE,2023-06-19,ACTUAL,6.9,6.6,98,290,4,5.2,50,27.8,25,499,0,44,0,1
SPARKS LAKE,2023-06-20,ACTUAL,12.4,6.7,68,267,6,3.6,50,39.5,19,493,0,34,0,1
SPARKS LAKE,2023-06-21,ACTUAL,14.3,6.5,59,253,5,0.6,50,61.9,21,499,0.6,37,1,1
SPARKS LAKE,2023-06-22,ACTUAL,19,8.1,49,259,6,2.2,50,69.7,20,506,0.8,37,2,1
SPARKS LAKE,2023-06-23,ACTUAL,23.2,6.8,35,239,6,0,50,86.1,24,514,3.3,44,9,2
SPARKS LAKE,2023-06-24,ACTUAL,18.6,10.8,60,159,9,1,50,81.9,26,520,2.2,47,6,2
SPARKS LAKE,2023-06-25,ACTUAL,20,10.7,55,344,6,0.4,50,85.2,29,527,2.9,51,9,2
SPARKS LAKE,2023-06-26,ACTUAL,26,5.5,27,322,10,0,50,91.8,34,535,8.9,59,22,3
SPARKS LAKE,2023-06-27,ACTUAL,27.9,7.6,28,356,11,0,50,92.8,40,544,11.1,67,28,3
SPARKS LAKE,2023-06-28,FORECAST,30,10.5,30,,8,0,,92.8,45,553,9.6,75,27,3
SPARKS LAKE,2023-06-29,ACTUAL,26.1,9.4,35,165,11,0,50,92.7,50,561,10.9,82,30,3
SPARKS LAKE,2023-06-30,ACTUAL,26.3,0.8,19,185,12,0,50,94.4,56,569,14.4,90,38,3
SPARKS LAKE,2023-07-01,ACTUAL,22.5,2,26,258,10,0,50,94,60,577,12.2,95,35,4
SPARKS LAKE,2023-07-02,ACTUAL,18.7,-0.3,28,326,11,0,50,93.2,63,584,11.5,100,35,4
SPARKS LAKE,2023-07-03,ACTUAL,20.7,0.9,27,338,12,0,50,93.3,67,591,12.6,104,37,4
SPARKS LAKE,2023-07-04,ACTUAL,24.5,3.1,25,347,8,0,50,93.3,72,599,10.3,110,34,4
SPARKS LAKE,2023-07-05,ACTUAL,25.3,2.6,23,317,9,0,50,93.5,76,608,10.9,116,36,4
SPARKS LAKE,2023-07-06,FORECAST,27,2.8,21,,8,0,70,94.2,82,616,11.6,123,38,4
SPARKS LAKE,2023-07-07,FORECAST,25,9.2,37,,10,1,,89.1,85,624,6.2,127,25,3
SPARKS LAKE,2023-07-08,MANUAL,29,5.7,23,,8,1.6,70,90.5,87,633,6.9,129,27,3
SPARKS LAKE,2023-07-09,MANUAL,30,5.9,22,,15,0,70,94.3,92,642,16.6,136,49,5
SPARKS LAKE,2023-07-10,ACTUAL,27.2,8.5,31,299,7,0,80,93.8,97,651,10.5,141,37,4
SPARKS LAKE,2023-07-11,ACTUAL,26.4,7.3,30,300,10,0,80,93.7,101,659,11.8,146,41,4
SPARKS LAKE,2023-07-12,ACTUAL,26.5,6.4,28,266,7,0,80,93.8,106,668,10.1,152,37,4
SPARKS LAKE,2023-07-13,ACTUAL,23,11.1,47,30,5,1.4,80,84.2,109,676,2.5,155,14,3
SPARKS LAKE,2023-07-14,ACTUAL,27.5,8.3,30,246,7,0,80,91.3,114,684,7.4,161,30,4
SPARKS LAKE,2023-07-15,ACTUAL,26.9,8.7,32,271,5,0,80,91.8,118,693,7.1,166,30,4
SPARKS LAKE,2023-07-16,ACTUAL,29.2,3.2,19,221,12,0,80,94.8,124,702,15.6,172,50,5
SPARKS LAKE,2023-07-17,ACTUAL,20.8,5.5,37,306,10,0,80,92.3,127,709,9.9,176,38,4
SPARKS LAKE,2023-07-18,ACTUAL,21.4,6.4,38,237,7,9.4,80,66.7,66,648,0.8,105,4,2
SPARKS LAKE,2023-07-19,ACTUAL,27.1,5.9,26,208,8,0,80,89.3,71,656,5.9,111,23,3
SPARKS LAKE,2023-07-20,FORECAST,30,7.2,24,,12,0,80,93.7,76,665,13.3,118,41,4
SPARKS LAKE,2023-07-21,FORECAST,28,4.9,23,,10,0,80,94,81,674,12.4,125,40,4
SPARKS LAKE,2023-07-22,ACTUAL,26.9,4.6,24,200,12,0,80,94,86,683,13.9,131,44,4
SPARKS LAKE,2023-07-23,ACTUAL,26.2,1.4,20,156,9,0,80,94.3,92,691,12.6,138,42,4
SPARKS LAKE,2023-07-24,ACTUAL,19.1,8.8,51,174,12,0,80,89.9,94,698,7.8,141,31,4
SPARKS LAKE,2023-07-25,ACTUAL,17.8,4.3,41,182,11,6.2,80,67.4,58,664,1,96,5,2
SPARKS LAKE,2023-07-26,ACTUAL,18.3,6.1,45,172,7,1.8,80,74.1,56,671,1,93,5,2
SPARKS LAKE,2023-07-27,ACTUAL,22.6,6.3,35,8,8,0,80,87.2,60,678,4.4,98,17,3
SPARKS LAKE,2023-07-28,ACTUAL,25.2,8.1,34,208,9,0,80,90.6,64,687,7.2,104,26,3
SPARKS LAKE,2023-07-29,ACTUAL,27.5,5.7,25,238,12,1.2,80,91.2,69,695,9.1,111,31,4
SPARKS LAKE,2023-07-30,ACTUAL,24.6,2.6,24,213,10,0,80,92.9,74,703,10.6,117,35,4
SPARKS LAKE,2023-07-31,ACTUAL,22.7,4.6,31,205,7,0,80,92.9,78,711,9,122,32,4
SPARKS LAKE,2023-08-01,ACTUAL,24.6,3.2,25,276,9,0,80,93,82,719,10.1,127,35,4
SPARKS LAKE,2023-08-02,ACTUAL,23.2,3.6,28,332,7,0,100,93,85,726,9.4,132,34,4
SPARKS LAKE,2023-08-03,ACTUAL,23.9,2,24,205,8,0,100,93.1,89,733,9.9,137,35,4
SPARKS LAKE,2023-08-04,ACTUAL,26.8,2.6,21,343,11,0,100,94.1,94,741,13.6,142,44,4
SPARKS LAKE,2023-08-05,FORECAST,28,1.5,18,,8,0,,95,99,749,13,148,43,4
SPARKS LAKE,2023-08-06,FORECAST,29,4.4,21,,8,0,,95.1,104,757,13.1,154,44,4
SPARKS LAKE,2023-08-07,ACTUAL,23,9.7,43,255,5,0,100,91.9,106,764,7.1,158,30,4
SPARKS LAKE,2023-08-08,ACTUAL,22.7,9.1,42,186,10,0,100,91.1,109,771,8.4,161,33,4
SPARKS LAKE,2023-08-09,ACTUAL,19.7,14.2,70,213,7,7.6,100,54.5,60,715,0.4,100,1,2
SPARKS LAKE,2023-08-10,ACTUAL,18.3,8.6,53,288,5,0.6,100,73.8,62,721,0.9,103,5,2
SPARKS LAKE,2023-08-11,ACTUAL,21.5,9,45,270,8,0.4,100,84.9,65,728,3.1,106,14,3
SPARKS LAKE,2023-08-12,ACTUAL,22.5,6.6,36,298,9,0,100,89.3,68,735,6.2,111,24,3
SPARKS LAKE,2023-08-13,FORECAST,27,9.7,34,,6,0,100,91.2,72,743,6.9,116,26,3
SPARKS LAKE,2023-08-14,FORECAST,30,10.5,30,,6,0,100,92.6,76,751,8.4,122,31,4
SPARKS LAKE,2023-08-15,FORECAST,32,8.9,24,,9,0,100,94.3,82,760,12.4,129,40,4
SPARKS LAKE,2023-08-16,ACTUAL,28,4.3,22,331,8,0,100,94.4,86,768,12.1,135,40,4
SPARKS LAKE,2023-08-17,FORECAST,28,4.3,22,,14,0,,94.4,91,776,16.2,141,49,5
SPARKS LAKE,2023-08-18,MANUAL,15.4,-0.1,35,305,9,0,90,92.2,93,782,9.2,144,34,4
SPARKS LAKE,2023-08-19,MANUAL,19.8,-0.4,26,317,12,0,90,92.2,96,789,10.7,148,38,4
SPARKS LAKE,2023-08-20,ACTUAL,23.2,-2.5,18,248,9,0,90,94.1,100,796,11.7,153,41,4
SPARKS LAKE,2023-08-21,ACTUAL,21.5,1.6,27,261,5,0,90,93.7,104,803,9.4,157,36,4
SPARKS LAKE,2023-08-22,ACTUAL,21.5,4.4,33,243,6,0,90,92.8,107,810,8.5,161,34,4
SPARKS LAKE,2023-08-23,MANUAL,11.9,5.6,65,217,4,0,90,87.8,108,815,3.8,162,19,4
SPARKS LAKE,2023-08-24,ACTUAL,16.2,7.2,55,270,4,4,90,62.9,73,791,0.6,118,3,2
SPARKS LAKE,2023-08-25,MANUAL,21.1,8.3,44,211,7,0,90,81.7,75,798,2,122,10,3
SPARKS LAKE,2023-08-26,MANUAL,25.3,7.3,32,236,8,0,90,90,79,805,6.4,127,26,3
SPARKS LAKE,2023-08-27,MANUAL,28,7.7,28,162,6,0,90,92.5,83,813,8.3,133,31,4
SPARKS LAKE,2023-08-28,MANUAL,29,7.5,26,,8,0,90,93.4,88,821,10.4,139,37,4
SPARKS LAKE,2023-08-29,ACTUAL,22.3,8.7,42,337,7,0,90,91.4,91,828,7.6,142,30,4
SPARKS LAKE,2023-08-30,ACTUAL,20.5,7.1,42,312,14,0,90,90.7,93,835,9.3,146,35,4
SPARKS LAKE,2023-08-31,ACTUAL,12.1,11.6,97,274,4,8.2,90,26.6,51,761,0,88,0,2
SPARKS LAKE,2023-09-01,ACTUAL,19.3,9.8,54,3,8,12,90,47.7,26,665,0.2,48,0,1
SPARKS LAKE,2023-09-02,ACTUAL,22.8,10.9,47,254,6,0,90,76.5,29,671,1.1,52,3,2
SPARKS LAKE,2023-09-03,MANUAL,17.1,5.7,47,343,10,0,90,84.3,30,676,3.2,55,10,2
SPARKS LAKE,2023-09-04,MANUAL,18.5,4.2,39,336,3,0.8,90,85.4,33,681,2.6,58,8,2
SPARKS LAKE,2023-09-05,ACTUAL,16,4.3,46,239,4,0,90,86.8,34,685,3.2,61,10,2
SPARKS LAKE,2023-09-06,ACTUAL,16.9,3.5,41,288,3,0,90,87.9,36,690,3.7,64,12,2
SPARKS LAKE,2023-09-07,ACTUAL,19.7,3.3,34,225,9,0,90,89.8,39,695,6.5,68,19,3
SPARKS LAKE,2023-09-08,ACTUAL,21.4,4.4,33,262,7,0,90,90.6,41,701,6.7,72,20,3
SPARKS LAKE,2023-09-09,ACTUAL,24.2,3.9,27,197,12,0,90,92.2,44,707,10.8,77,29,3
SPARKS LAKE,2023-09-10,ACTUAL,26.1,3.3,23,175,15,0,90,93.5,48,713,14.7,82,37,3
SPARKS LAKE,2023-09-11,ACTUAL,19.6,4.8,38,252,6,0,90,91.8,50,719,7.4,86,24,3
SPARKS LAKE,2023-09-12,ACTUAL,19.1,7.8,48,229,8,0,90,89.9,52,724,6.3,89,21,3
SPARKS LAKE,2023-09-13,ACTUAL,17.4,4.3,42,26,5,1,90,85.1,54,729,2.8,92,12,3
SPARKS LAKE,2023-09-14,ACTUAL,21.2,5,35,248,8,0,90,89.2,57,734,5.6,95,21,3
SPARKS LAKE,2023-09-15,ACTUAL,23.7,4,28,252,6,0,90,91.7,60,740,7.5,100,26,3
SPARKS LAKE,2023-09-16,ACTUAL,24.3,-1.6,18,237,8,0,90,94.1,64,746,11.6,105,36,4
SPARKS LAKE,2023-09-17,ACTUAL,20.2,1,28,260,9,0,90,93.4,66,752,11.1,109,35,4
SPARKS LAKE,2023-09-18,ACTUAL,13.2,1.8,46,272,6,10.4,90,53.5,35,671,0.3,62,1,2
SPARKS LAKE,2023-09-19,ACTUAL,10.6,4.8,67,164,6,0.6,90,66.4,36,674,0.8,63,2,2
SPARKS LAKE,2023-09-20,ACTUAL,9.6,3.4,65,328,9,2.8,90,58,29,678,0.6,53,1,2
SPARKS LAKE,2023-09-21,ACTUAL,15.9,0.7,36,314,9,0,90,79.5,31,682,1.7,56,6,2
SPARKS LAKE,2023-09-22,ACTUAL,17,3.9,42,275,6,0,90,85.6,33,687,3,59,10,2
SPARKS LAKE,2023-09-23,ACTUAL,11.7,6.5,70,155,13,1.4,90,75.4,34,691,1.5,60,5,2
SPARKS LAKE,2023-09-24,ACTUAL,14.4,0.1,38,147,10,0,90,84.7,36,695,3.3,63,11,2
SPARKS LAKE,2023-09-25,ACTUAL,11.7,8.4,80,156,17,2,90,67.7,33,699,1.4,58,5,2
SPARKS LAKE,2023-09-26,ACTUAL,14.5,3.6,48,177,12,3.8,90,64.2,25,682,0.9,45,2,1
SPARKS LAKE,2023-09-27,ACTUAL,13.1,4,54,160,10,0,90,77.5,26,686,1.5,47,4,1
SPARKS LAKE,2023-09-28,ACTUAL,10.5,4.7,67,308,4,1.6,90,68.5,25,690,0.7,46,2,1
SPARKS LAKE,2023-09-29,ACTUAL,8.5,5.8,83,273,6,5.4,90,37.7,16,659,0,30,0,1
SPARKS LAKE,2023-09-30,ACTUAL,8.9,3.8,70,299,6,0,90,55.1,16,663,0.4,31,0,1
SPARKS LAKE,2023-10-01,ACTUAL,13.9,1.5,43,274,5,0,90,74.4,18,666,0.9,33,2,1
SPARKS LAKE,2023-10-02,ACTUAL,10.4,4.2,65,258,3,0,90,78.5,18,668,1.1,34,2,1
SPARKS LAKE,2023-10-03,ACTUAL,15.6,6.1,53,292,5,0,90,83.4,20,672,2.2,36,5,2
SPARKS LAKE,2023-10-04,ACTUAL,13.4,5.6,59,290,8,0.4,90,84.3,20,675,2.9,38,7,2
SPARKS LAKE,2023-10-05,ACTUAL,15.1,8.6,65,333,7,0,90,84.3,21,678,2.7,39,7,2
SPARKS LAKE,2023-10-06,ACTUAL,16,7.5,57,282,7,0,90,85.1,22,682,3,41,8,2
SPARKS LAKE,2023-10-07,ACTUAL,16.2,8,58,272,8,0,90,85.3,24,686,3.3,43,9,2
SPARKS LAKE,2023-10-08,ACTUAL,21,7.5,42,178,15,0,90,88.3,25,690,7.1,47,17,2
SPARKS LAKE,2023-10-09,ACTUAL,19.1,4.4,38,163,14,0,90,89.2,27,694,7.6,50,18,2
SPARKS LAKE,2023-10-10,ACTUAL,9.7,6.3,79,152,10,2.6,90,62.2,23,697,0.8,42,1,1
SPARKS LAKE,2023-10-11,ACTUAL,14,4.9,54,272,7,0.2,90,76.3,24,700,1.2,44,3,1
SPARKS LAKE,2023-10-12,ACTUAL,13.5,4.4,54,215,8,0,90,82.2,25,703,2.1,45,6,2
SPARKS LAKE,2023-10-13,ACTUAL,15.3,4.6,49,165,13,0,90,85.5,26,707,4.4,48,12,2
SPARKS LAKE,2023-10-14,ACTUAL,15,3.7,47,166,12,0,90,86.7,27,710,4.7,50,13,2
SPARKS LAKE,2023-10-15,ACTUAL,13.9,5.6,57,178,7,4.8,90,59.6,19,683,0.6,35,1,1
SPARKS LAKE,2023-10-16,ACTUAL,13.2,7.5,68,173,13,1.8,90,64.4,18,686,1,33,2,1
SPARKS LAKE,2023-10-17,ACTUAL,10,0.9,53,171,11,5.2,90,53.5,12,656,0.4,22,0,1
SPARKS LAKE,2023-10-18,ACTUAL,16.4,8.2,58,189,8,0.2,90,72.9,13,660,1,24,1,1
SPARKS LAKE,2023-10-19,ACTUAL,20.1,8.8,48,180,12,0,90,84.2,14,664,3.5,27,7,2
SPARKS LAKE,2023-10-20,ACTUAL,13.4,2,46,338,6,1.2,90,80.1,16,667,1.5,29,3,1
SPARKS LAKE,2023-10-21,ACTUAL,8.3,1.7,63,299,5,0,90,81.7,16,670,1.8,30,4,1
SPARKS LAKE,2023-10-22,ACTUAL,12.1,-1.2,40,262,7,0,90,85.7,17,673,3.3,32,7,2
SPARKS LAKE,2023-10-23,ACTUAL,5.8,-5.3,45,342,16,0,90,85.9,18,674,5.4,33,11,2
SPARKS LAKE,2023-10-24,ACTUAL,-0.5,-8.9,53,321,11,0.4,90,85.5,18,675,4,33,9,2
SPARKS LAKE,2023-10-25,ACTUAL,-2.2,-13.8,41,312,13,0,90,85.6,18,675,4.4,33,10,2
SPARKS LAKE,2023-10-26,ACTUAL,0.1,-11.7,41,341,13,0,90,85.7,18,676,4.4,34,9,2
SPARKS LAKE,2023-10-27,ACTUAL,1.1,-11.8,38,326,9,0,90,86.1,18,677,3.9,34,9,2
SPARKS LAKE,2023-10-28,ACTUAL,2.5,-11.9,34,276,5,0,90,86.8,19,678,3.5,35,8,2
SPARKS LAKE,2023-10-29,ACTUAL,2.3,-8.2,46,273,5,0,90,86.8,19,679,3.5,35,8,2
SPARKS LAKE,2023-10-30,ACTUAL,3.4,-6.4,49,270,6,0,90,86.6,19,680,3.5,36,8,2
SPARKS LAKE,2023-10-31,ACTUAL,2.3,-4.6,60,240,4,0,90,85.5,19,682,2.8,36,7,2
WELLS GRAY,2023-05-01,ACTUAL,15.2,7.6,60,267,7,0.4,,,,,,,,
WELLS GRAY,2023-05-02,ACTUAL,16,7,55,174,8,0,,,,,,,,
WELLS GRAY,2023-05-03,MANUAL,23.4,6.5,34,222,5,0,80,85,6,15,2.7,6,2,
WELLS GRAY,2023-05-04,ACTUAL,25.6,7.1,31,53,5,1.2,,87.5,11,22,3.8,11,4,2
WELLS GRAY,2023-05-05,ACTUAL,26.1,2,21,173,8,0,,93.2,17,29,10.1,16,13,2
WELLS GRAY,2023-05-06,ACTUAL,7.7,6.8,94,354,10,1.2,,76,17,33,1.4,17,1,2
WELLS GRAY,2023-05-07,MANUAL,10,8.3,89,181,8,22.6,80,23.5,7,4,0,7,0,1
WELLS GRAY,2023-05-08,ACTUAL,15.2,2.3,42,318,5,0.6,80,57.5,10,9,0.4,9,0,1
WELLS GRAY,2023-05-09,ACTUAL,19.2,4.4,38,165,7,0,80,80.2,13,15,1.7,13,2,2
WELLS GRAY,2023-05-10,ACTUAL,17.5,4,41,216,6,0,80,86.2,16,21,3.4,16,5,2
WELLS GRAY,2023-05-11,ACTUAL,18.6,3.9,38,166,5,0,80,88.5,19,27,4.5,19,7,2
WELLS GRAY,2023-05-12,ACTUAL,23.1,1.4,24,161,12,0,80,92.3,24,33,10.7,24,16,3
WELLS GRAY,2023-05-13,ACTUAL,27.4,1.7,19,149,7,0,80,94.5,30,40,11.8,30,19,3
WELLS GRAY,2023-05-14,ACTUAL,29.9,4.5,20,239,7,0,80,94.9,37,48,12,36,22,3
WELLS GRAY,2023-05-15,ACTUAL,29.8,-0.6,14,188,7,0,80,96.3,44,56,14.5,43,27,4
WELLS GRAY,2023-05-16,ACTUAL,29.5,1.9,17,183,5,0,80,96.3,50,64,13,50,27,4
WELLS GRAY,2023-05-17,ACTUAL,26,2.6,22,177,6,0,80,95.6,56,71,13,55,28,4
WELLS GRAY,2023-05-18,ACTUAL,23.7,6.8,34,209,5,4.4,80,76.1,43,72,1,42,3,2
WELLS GRAY,2023-05-19,ACTUAL,26.7,7.6,30,164,6,0,55,89.7,48,79,5.6,48,14,3
WELLS GRAY,2023-05-20,ACTUAL,27.4,4.4,23,141,11,0,55,93.4,54,86,12,53,26,4
WELLS GRAY,2023-05-21,ACTUAL,18.9,10.5,58,163,8,0,55,88.9,56,92,5.4,56,15,3
WELLS GRAY,2023-05-22,ACTUAL,11.9,9.6,86,167,5,8.4,55,36,31,83,0,32,0,2
WELLS GRAY,2023-05-23,ACTUAL,7.4,7.1,98,191,5,12.4,55,7.8,14,65,0,18,0,1
WELLS GRAY,2023-05-24,ACTUAL,14.5,7.1,61,181,8,2.2,55,39.6,13,70,0,18,0,1
WELLS GRAY,2023-05-25,ACTUAL,23.1,4.5,30,197,6,0,55,77.9,17,77,1.2,22,2,2
WELLS GRAY,2023-05-26,ACTUAL,25.5,2.8,23,166,9,0,55,91.3,23,84,7.9,27,14,3
WELLS GRAY,2023-05-27,ACTUAL,21,6.4,39,115,7,0,55,91.1,26,90,7,30,13,3
WELLS GRAY,2023-05-28,ACTUAL,23.4,3.8,28,187,7,0,55,92,31,97,8,34,16,3
WELLS GRAY,2023-05-29,ACTUAL,20.2,2,30,241,4,0,55,92,35,103,6.9,38,15,3
WELLS GRAY,2023-05-30,ACTUAL,20.4,-0.4,25,176,9,0,55,92.2,39,109,9.3,41,19,3
WELLS GRAY,2023-05-31,ACTUAL,19.8,2.5,32,159,6,0,55,92.2,43,115,8,44,18,4
WELLS GRAY,2023-06-01,ACTUAL,22.3,-1.1,21,182,10,0,55,93.3,48,122,11.6,48,24,4
WELLS GRAY,2023-06-02,ACTUAL,27.8,-0.3,16,161,6,0,55,95.3,54,131,12.3,54,27,4
WELLS GRAY,2023-06-03,ACTUAL,27.2,1.6,19,182,12,0,55,95.4,60,139,16.5,60,34,4
WELLS GRAY,2023-06-04,ACTUAL,23.9,0.2,21,164,7,0,55,95.2,65,147,13,65,30,4
WELLS GRAY,2023-06-05,ACTUAL,11.6,4.4,61,68,6,1.2,70,81.2,67,152,1.8,67,7,3
WELLS GRAY,2023-06-06,ACTUAL,24.1,-1.7,18,232,6,0,70,92.2,72,160,7.9,72,23,4
WELLS GRAY,2023-06-07,ACTUAL,29.3,-2.1,13,186,8,0,70,96.2,79,169,15.2,79,37,5
WELLS GRAY,2023-06-08,ACTUAL,33.1,-4.2,9,128,7,0,70,97.9,87,178,18.7,87,44,5
WELLS GRAY,2023-06-09,ACTUAL,30.4,5.6,21,156,6,0,60,96.8,94,187,14.6,94,39,5
WELLS GRAY,2023-06-10,ACTUAL,24.4,12,46,179,7,0.4,60,91.8,98,195,8,97,27,4
WELLS GRAY,2023-06-11,ACTUAL,20.3,15.2,72,169,5,9,60,49.9,53,182,0.2,62,0,2
WELLS GRAY,2023-06-12,ACTUAL,29.7,8.6,27,166,7,0,60,87,59,191,3.9,67,13,3
WELLS GRAY,2023-06-13,ACTUAL,18.8,8.8,52,159,8,0,60,87.1,62,198,4.3,69,14,3
WELLS GRAY,2023-06-14,ACTUAL,13.2,9.8,80,299,3,9.8,60,36.7,33,182,0,45,0,2
WELLS GRAY,2023-06-15,ACTUAL,20.3,6.6,41,166,8,0,60,72.8,36,189,1.1,49,3,3
WELLS GRAY,2023-06-16,ACTUAL,11.5,11,97,186,5,8.4,60,22.1,19,177,0,30,0,2
WELLS GRAY,2023-06-17,ACTUAL,11.7,9.8,88,19,4,7.4,60,17.9,11,168,0,18,0,1
WELLS GRAY,2023-06-18,ACTUAL,9.9,7.2,83,183,7,5.2,60,23.6,7,164,0,12,0,1
WELLS GRAY,2023-06-19,ACTUAL,10.8,8.4,85,169,8,2.2,60,31.7,5,169,0,10,0,1
WELLS GRAY,2023-06-20,ACTUAL,15.3,7.6,60,146,10,0.2,60,60.8,7,175,0.7,13,0,1
WELLS GRAY,2023-06-21,ACTUAL,17.7,9.7,59,155,14,0,60,77.7,9,182,1.8,16,2,2
WELLS GRAY,2023-06-22,ACTUAL,17.2,8.9,58,140,4,6.4,60,54.5,7,176,0.3,12,0,1
WELLS GRAY,2023-06-23,ACTUAL,17.1,14.2,83,194,5,0.8,60,62.1,8,183,0.6,14,0,1
WELLS GRAY,2023-06-24,ACTUAL,22.8,12.2,51,220,5,2.6,60,69.7,8,190,0.8,15,1,1
WELLS GRAY,2023-06-25,ACTUAL,19.1,15,77,185,6,1.8,60,65.3,8,197,0.7,15,1,1
WELLS GRAY,2023-06-26,ACTUAL,27.8,9,31,182,9,0,60,88.4,14,205,5.5,23,9,3
WELLS GRAY,2023-06-27,ACTUAL,29.7,6.9,24,241,7,0,60,93.5,20,214,10.1,32,18,3
WELLS GRAY,2023-06-28,ACTUAL,25.9,10,37,191,4,0,60,92.6,24,222,7.7,38,16,3
WELLS GRAY,2023-06-29,ACTUAL,23.8,14.9,57,173,7,3,60,74.8,22,226,1.1,35,2,2
WELLS GRAY,2023-06-30,ACTUAL,25.9,7.9,32,170,7,0.6,60,88.4,26,234,4.8,41,11,3
WELLS GRAY,2023-07-01,ACTUAL,18.9,6.3,44,170,8,0,60,88.5,29,241,5.3,45,13,3
WELLS GRAY,2023-07-02,ACTUAL,20.3,4.6,36,166,7,0.8,60,87.9,32,248,4.4,49,12,3
WELLS GRAY,2023-07-03,ACTUAL,21.1,2.7,30,292,7,0,60,90.6,36,256,6.8,53,17,4
WELLS GRAY,2023-07-04,ACTUAL,26.5,3.6,23,229,8,0,60,93.3,41,264,10.4,59,25,4
WELLS GRAY,2023-07-05,ACTUAL,29.3,2.5,18,180,8,0,60,95.2,47,273,12.9,65,30,4
WELLS GRAY,2023-07-06,ACTUAL,26.4,7.3,30,194,4,0,60,94.2,51,282,9.5,70,26,4
WELLS GRAY,2023-07-07,ACTUAL,31.4,5.7,20,182,6,0,60,95.1,57,291,12.1,77,31,5
WELLS GRAY,2023-07-08,ACTUAL,31,6.8,22,180,8,0,60,95.2,63,300,13,83,34,5
WELLS GRAY,2023-07-09,ACTUAL,34.1,7.2,19,175,8,0,60,95.9,70,310,14.6,89,38,5
WELLS GRAY,2023-07-10,ACTUAL,24,11.7,46,170,5,0,80,91.7,73,318,7,93,24,4
WELLS GRAY,2023-07-11,ACTUAL,24,11.3,45,180,8,0,80,90.8,76,326,7.2,96,25,4
WELLS GRAY,2023-07-12,ACTUAL,28.2,7.4,27,158,7,0,80,92.9,81,335,9.1,101,30,4
WELLS GRAY,2023-07-13,ACTUAL,20.1,10.3,53,186,6,0,80,89.6,84,342,5.4,104,21,4
WELLS GRAY,2023-07-14,ACTUAL,20.5,10.4,52,208,6,0,80,88.9,86,350,5,107,20,4
WELLS GRAY,2023-07-15,ACTUAL,26.1,10.2,37,166,6,0,80,90.5,90,358,6.3,111,24,4
WELLS GRAY,2023-07-16,ACTUAL,29.2,6.5,24,159,9,0,80,93.6,96,367,11.3,116,36,5
WELLS GRAY,2023-07-17,ACTUAL,18.4,7.8,50,84,5,0,80,90.2,98,374,5.5,118,23,4
WELLS GRAY,2023-07-18,ACTUAL,20.4,6.3,40,188,4,0.2,80,90.3,101,382,5.4,121,23,5
WELLS GRAY,2023-07-19,ACTUAL,28.3,7.4,27,233,6,0,80,92.8,106,390,8.6,126,32,5
WELLS GRAY,2023-07-20,ACTUAL,33.3,7.3,20,183,7,0,80,95.3,112,400,13,132,42,5
WELLS GRAY,2023-07-21,ACTUAL,28.8,10.4,32,193,5,0,80,94.1,117,409,9.8,137,35,5
WELLS GRAY,2023-07-22,ACTUAL,28.3,10.4,33,177,11,0,80,93.6,122,418,12.3,141,41,5
WELLS GRAY,2023-07-23,ACTUAL,25.8,7.3,31,176,6,0,80,93.5,126,426,9.4,145,35,5
WELLS GRAY,2023-07-24,ACTUAL,23.1,7.1,36,188,6,0,80,92.4,130,434,8.1,148,32,5
WELLS GRAY,2023-07-25,ACTUAL,10.2,9.4,95,356,9,6,80,35,71,418,0,99,0,2
WELLS GRAY,2023-07-26,ACTUAL,11.5,11.2,98,183,4,11.8,80,8.1,35,379,0,57,0,2
WELLS GRAY,2023-07-27,ACTUAL,13.2,12.4,95,152,3,1,80,12.3,35,385,0,57,0,2
WELLS GRAY,2023-07-28,ACTUAL,23,10.8,46,182,4,0.4,80,58.2,38,393,0.5,62,1,2
WELLS GRAY,2023-07-29,ACTUAL,28.1,6.7,26,80,6,0,80,87.7,43,402,4.2,68,14,3
WELLS GRAY,2023-07-30,ACTUAL,26.8,8.2,31,177,13,0,80,91.6,48,410,10.4,74,28,4
WELLS GRAY,2023-07-31,ACTUAL,25.3,9.5,37,222,6,0,80,91.6,52,419,7.2,79,22,4
WELLS GRAY,2023-08-01,ACTUAL,23.6,5.4,31,163,6,0.8,80,90.1,55,426,5.9,84,20,4
WELLS GRAY,2023-08-02,ACTUAL,22.7,7.2,37,210,6,0,90,90.2,58,433,6,87,21,4
WELLS GRAY,2023-08-03,ACTUAL,25.7,4.7,26,234,7,0.2,90,92.6,63,440,8.9,92,28,4
WELLS GRAY,2023-08-04,ACTUAL,27.6,1.9,19,277,9,0,90,94.6,67,448,12.6,98,36,5
WELLS GRAY,2023-08-05,ACTUAL,27.8,5.9,25,199,6,0,90,94.6,72,456,10.9,103,34,5
WELLS GRAY,2023-08-06,ACTUAL,29.6,5.6,22,214,7,0,90,94.7,77,465,11.9,109,37,5
WELLS GRAY,2023-08-07,MANUAL,28.1,9.8,32,216,6,0,90,93.9,81,473,10,113,33,5
WELLS GRAY,2023-08-08,ACTUAL,16.9,15.1,89,356,2,1.6,90,71.1,77,479,0.7,110,4,3
WELLS GRAY,2023-08-09,ACTUAL,16.1,14.4,90,169,9,13.2,90,28.3,38,426,0,62,0,2
WELLS GRAY,2023-08-10,ACTUAL,20.7,13,61,204,4,6,90,45.8,25,412,0.1,43,0,2
WELLS GRAY,2023-08-11,ACTUAL,15,11.4,79,57,4,0.4,90,59.3,25,418,0.5,44,1,2
WELLS GRAY,2023-08-12,ACTUAL,22,11.1,50,211,5,0,90,79,28,425,1.3,48,4,3
WELLS GRAY,2023-08-13,ACTUAL,27.2,11.2,37,212,6,0,90,89,32,433,5,53,14,3
WELLS GRAY,2023-08-14,ACTUAL,27.8,10.4,34,185,6,0,90,91.3,35,441,7,59,19,4
WELLS GRAY,2023-08-15,ACTUAL,24.6,11.9,45,183,5,0,90,90.8,38,448,6.1,63,18,4
WELLS GRAY,2023-08-16,ACTUAL,28.1,7.3,27,204,7,0,90,92.9,43,456,9.3,69,25,4
WELLS GRAY,2023-08-17,ACTUAL,26,11.7,41,190,6,0,90,91.9,46,464,7.5,74,22,4
WELLS GRAY,2023-08-18,ACTUAL,17.2,3,39,115,6,0,90,90.9,48,470,6.5,77,20,4
WELLS GRAY,2023-08-19,ACTUAL,20.7,2.9,31,79,6,0,90,91,52,477,6.6,81,21,4
WELLS GRAY,2023-08-20,ACTUAL,24.6,-1.3,18,177,7,0,90,94.1,56,484,11.1,87,32,5
WELLS GRAY,2023-08-21,ACTUAL,22,7.7,40,175,5,0,90,92,59,491,7.2,90,24,4
WELLS GRAY,2023-08-22,ACTUAL,18.8,8.2,50,189,3,0,90,89.8,61,498,4.9,93,18,4
WELLS GRAY,2023-08-23,MANUAL,14.4,12.6,89,133,3,12.6,90,28.8,29,445,0,50,0,2
WELLS GRAY,2023-08-24,ACTUAL,14.9,10.2,73,135,4,0,90,49.4,30,451,0.2,52,0,2
WELLS GRAY,2023-08-25,MANUAL,23.5,6.6,34,191,7,0,90,81.2,34,458,1.8,57,6,3
WELLS GRAY,2023-08-26,MANUAL,19.6,12.2,62,184,4,0,90,83.8,35,464,2.2,59,7,3
WELLS GRAY,2023-08-27,MANUAL,27.3,6.6,27,142,6,0,90,91.7,39,472,7.4,65,20,4
WELLS GRAY,2023-08-28,ACTUAL,28.5,6.5,25,155,6,0,90,93.4,44,480,9.3,72,25,4
WELLS GRAY,2023-08-29,ACTUAL,24.9,9.5,38,196,8,0,90,92.3,47,488,8.9,76,25,4
WELLS GRAY,2023-08-30,ACTUAL,22.9,12.3,51,193,7,0,90,89.9,50,495,6,80,20,4
WELLS GRAY,2023-08-31,ACTUAL,14.9,10.4,74,180,8,0,90,85.4,51,501,3.4,81,13,4
WELLS GRAY,2023-09-01,ACTUAL,18.4,11.8,65,193,10,1.6,90,76.6,50,506,1.4,80,6,3
WELLS GRAY,2023-09-02,ACTUAL,21.6,11.1,51,170,6,0,90,84.6,52,511,2.7,83,11,4
WELLS GRAY,2023-09-03,MANUAL,17.7,8.6,55,175,8,0,90,85.7,53,516,3.5,85,13,4
WELLS GRAY,2023-09-04,MANUAL,17.4,9.4,59,205,6,0,90,85.7,55,521,3.2,87,13,4
WELLS GRAY,2023-09-05,ACTUAL,11.3,9.9,91,210,3,4.8,90,39.1,37,506,0,62,0,2
WELLS GRAY,2023-09-06,ACTUAL,11.7,10.4,92,39,6,4,90,26.4,26,495,0,46,0,2
WELLS GRAY,2023-09-07,ACTUAL,12.2,8.3,77,193,4,3.2,90,33.5,20,490,0,37,0,2
WELLS GRAY,2023-09-08,ACTUAL,20.7,7.3,42,180,6,0,90,69.8,22,495,0.8,40,2,2
WELLS GRAY,2023-09-09,ACTUAL,24.1,4.9,29,169,6,0,90,87.7,26,501,4.3,46,11,3
WELLS GRAY,2023-09-10,ACTUAL,25.5,5.6,28,176,7,0,90,91.7,29,508,7.7,51,19,4
WELLS GRAY,2023-09-11,ACTUAL,19.2,9.7,54,209,5,0,90,89.2,31,513,4.8,53,13,3
WELLS GRAY,2023-09-12,ACTUAL,18.1,9,55,168,5,0,90,88.2,32,518,4.2,56,12,3
WELLS GRAY,2023-09-13,ACTUAL,18.8,7.2,47,165,6,3.4,90,71.1,26,512,0.9,46,2,3
WELLS GRAY,2023-09-14,ACTUAL,19.9,3.5,34,184,6,0,90,85.4,28,517,3,50,9,3
WELLS GRAY,2023-09-15,ACTUAL,23.6,3.9,28,180,6,0,90,90.9,32,523,6.7,55,17,4
WELLS GRAY,2023-09-16,ACTUAL,22.7,2.1,26,191,5,0,90,92.2,35,529,7.4,60,20,4
WELLS GRAY,2023-09-17,ACTUAL,19.5,2.2,32,163,10,0,90,92.1,37,534,9.7,63,24,4
WELLS GRAY,2023-09-18,ACTUAL,13,4.7,57,176,6,2.8,90,68.5,31,530,0.8,54,2,3
WELLS GRAY,2023-09-19,ACTUAL,7.3,6.2,93,192,8,1.8,90,53.2,29,533,0.4,51,1,2
WELLS GRAY,2023-09-20,ACTUAL,11.4,4.7,63,277,5,0.4,90,67.9,30,537,0.8,52,2,3
WELLS GRAY,2023-09-21,ACTUAL,15.2,1.9,41,145,7,0,90,81.5,31,542,1.9,55,6,3
WELLS GRAY,2023-09-22,ACTUAL,19.2,3.3,35,148,5,0,90,87.8,34,547,4,58,12,3
WELLS GRAY,2023-09-23,ACTUAL,13.7,11.2,85,209,3,2,90,64.3,31,551,0.6,54,1,3
WELLS GRAY,2023-09-24,ACTUAL,15.2,5.4,52,246,5,10.6,90,47.6,16,501,0.2,29,0,2
WELLS GRAY,2023-09-25,ACTUAL,11.1,10,93,95,6,1,90,47.8,16,504,0.2,30,0,2
WELLS GRAY,2023-09-26,ACTUAL,15.9,8.7,62,151,8,11.4,90,43.6,9,456,0.1,17,0,1
WELLS GRAY,2023-09-27,ACTUAL,14.7,5.5,54,184,6,0.2,90,67.3,10,460,0.8,19,1,1
WELLS GRAY,2023-09-28,ACTUAL,11.5,8.2,80,193,4,11.6,90,30.9,5,415,0,10,0,1
WELLS GRAY,2023-09-29,ACTUAL,10,6,76,187,6,0.4,90,48,6,418,0.2,11,0,1
WELLS GRAY,2023-09-30,ACTUAL,11.3,5.7,68,181,8,0,90,64.7,6,422,0.8,12,1,1
WELLS GRAY,2023-10-01,ACTUAL,10.1,5.1,71,153,6,0,90,72.6,7,425,0.9,13,1,1
WELLS GRAY,2023-10-02,ACTUAL,14.9,6.5,57,171,6,0.4,90,80.4,8,428,1.6,15,2,2
WELLS GRAY,2023-10-03,ACTUAL,10.2,8.4,89,183,7,1.8,90,61.8,7,431,0.6,13,0,1
WELLS GRAY,2023-10-04,ACTUAL,15,4.1,48,328,6,6.2,90,54.6,5,412,0.4,9,0,1
WELLS GRAY,2023-10-05,ACTUAL,12.2,5.7,64,195,6,0,90,69.1,5,415,0.8,10,0,1
WELLS GRAY,2023-10-06,ACTUAL,14.4,7.3,62,168,5,0,90,77.6,6,418,1.1,12,1,1
WELLS GRAY,2023-10-07,ACTUAL,17.3,8.8,57,136,5,0,90,82.8,7,422,2,14,2,2
WELLS GRAY,2023-10-08,ACTUAL,16.4,8.4,59,168,3,0,90,84.3,9,426,2.2,16,3,2
WELLS GRAY,2023-10-09,ACTUAL,16,7,55,122,7,0,90,85.4,10,430,3.2,18,5,2
WELLS GRAY,2023-10-10,ACTUAL,9.8,9.5,98,84,2,13.4,90,18,4,379,0,8,0,1
WELLS GRAY,2023-10-11,ACTUAL,12,9,82,177,5,9,90,21.2,2,351,0,4,0,1
WELLS GRAY,2023-10-12,ACTUAL,8.1,5.6,84,211,5,0,90,34.5,2,354,0,4,0,1
WELLS GRAY,2023-10-13,ACTUAL,11.7,8.2,79,195,3,0,90,48.6,3,356,0.2,5,0,1
WELLS GRAY,2023-10-14,ACTUAL,10.6,7.1,79,157,3,0,90,58.9,3,359,0.4,6,0,1
WELLS GRAY,2023-10-15,ACTUAL,10,9.1,94,36,3,3.4,90,34.1,1,354,0,3,0,1
WELLS GRAY,2023-10-16,ACTUAL,9,8.7,98,350,3,2.2,90,24.4,1,356,0,1,0,1
WELLS GRAY,2023-10-17,ACTUAL,8.7,7.4,92,81,3,7.4,90,13.2,0,336,0,0,0,1
WELLS GRAY,2023-10-18,ACTUAL,9,7.9,93,152,5,4,90,13.3,0,329,0,0,0,1
WELLS GRAY,2023-10-19,ACTUAL,13.5,10.9,84,233,5,0,90,30,0,332,0,1,0,1
WELLS GRAY,2023-10-20,ACTUAL,13.5,4.4,54,181,7,0.6,90,58.5,1,335,0.5,3,0,1
WELLS GRAY,2023-10-21,ACTUAL,10.2,5.4,72,168,5,0,90,68.5,2,338,0.8,4,0,1
WELLS GRAY,2023-10-22,ACTUAL,3,2.9,99,199,4,0,90,68.6,2,339,0.7,4,0,1
WELLS GRAY,2023-10-23,ACTUAL,4.6,1.8,82,175,8,0,90,72.1,2,341,1,4,0,1
WELLS GRAY,2023-10-24,ACTUAL,0.1,-6.5,61,327,11,0.2,90,76.7,2,341,1.5,4,1,1
WELLS GRAY,2023-10-25,ACTUAL,3,-8.5,43,167,8,2,90,67.3,2,343,0.9,3,0,1
WELLS GRAY,2023-10-26,ACTUAL,2.9,-8,45,165,5,0,90,75.9,2,344,1,4,0,1
WELLS GRAY,2023-10-27,ACTUAL,2.3,-9.1,43,200,7,0,90,80.9,2,345,1.7,4,1,1
WELLS GRAY,2023-10-28,ACTUAL,1.9,-6.9,52,175,5,0,90,82.4,2,346,1.9,5,1,1
WELLS GRAY,2023-10-29,ACTUAL,4,-7.6,43,162,6,0,90,84.3,3,347,2.5,6,2,2
WELLS GRAY,2023-10-30,ACTUAL,2.1,-3.8,65,151,4,0,90,83.9,3,349,2.2,6,1,2
WELLS GRAY,2023-10-31,ACTUAL,5.2,-4.1,51,159,5,0,90,84.4,4,350,2.5,7,2,2
