STATION,DATE,TYPE,TEMP,DEW PNT,RH,W.DIR,W.SPEED,PRECIP,GC,FFMC,DMC,DC,ISI,BUI,FWI,DGR
AFTON,2024-05-01,ACTUAL,13.1,-5.6,27,302,18,0,60,89.7,39,487,10.1,65,26,3
AFTON,2024-05-02,ACTUAL,16.3,-1,31,328,18,0,60,90.2,42,492,10.8,70,28,3
AFTON,2024-05-03,ACTUAL,16.5,-1.7,29,59,23,0,60,90.7,46,498,14.8,74,35,3
AFTON,2024-05-04,ACTUAL,17,-1.8,28,28,9,0,60,91,49,503,7.8,79,24,3
AFTON,2024-05-05,ACTUAL,18.2,2,34,351,16,0,60,91,52,509,10.9,83,31,3
AFTON,2024-05-06,ACTUAL,15.1,-6,23,198,33,0,60,91.7,56,514,28.7,88,58,4
AFTON,2024-05-07,ACTUAL,12.3,-4.1,32,260,17,0,60,91.2,58,518,12,91,34,3
AFTON,2024-05-08,ACTUAL,17.3,-3,25,337,8,0,60,91.7,62,524,8,95,27,3
AFTON,2024-05-09,ACTUAL,22.3,-1.8,20,303,10,0,60,93.4,67,530,11.8,101,35,4
AFTON,2024-05-10,ACTUAL,24,3.2,26,28,12,0,60,93.5,71,537,13.1,107,39,4
AFTON,2024-05-11,ACTUAL,25.4,1.5,21,4,13,0,60,94,77,544,14.1,114,42,4
AFTON,2024-05-12,ACTUAL,22.7,2.7,27,332,11,0,60,93.8,82,551,12.6,119,39,4
AFTON,2024-05-13,ACTUAL,16.8,5.1,46,283,15,0.2,60,90.3,84,556,9.3,122,33,4
AFTON,2024-05-14,ACTUAL,21,2.2,29,304,11,0.2,60,91.3,88,562,9.1,127,33,4
AFTON,2024-05-15,ACTUAL,20.9,5.2,36,17,16,0,60,91.4,92,568,11.9,131,39,4
AFTON,2024-05-16,ACTUAL,10,7.2,83,35,13,0,60,83.8,92,573,3.5,132,17,3
AFTON,2024-05-17,ACTUAL,12.2,-1.5,39,273,18,11.2,60,59.4,49,516,1,79,4,2
AFTON,2024-05-18,ACTUAL,10.2,1.6,55,206,21,0.2,60,75.7,50,520,2.3,81,9,2
AFTON,2024-05-19,ACTUAL,11.4,3,56,252,23,1.4,60,76.2,52,525,2.6,83,11,2
AFTON,2024-05-20,ACTUAL,18.4,-2.6,24,312,19,0,60,89.3,56,530,9.9,88,29,3
AFTON,2024-05-21,ACTUAL,11.9,7.1,72,49,9,0,60,85.4,57,535,3.6,90,14,2
AFTON,2024-05-22,ACTUAL,12.2,3.7,56,257,29,3.6,60,69.1,44,527,2.6,72,10,2
AFTON,2024-05-23,ACTUAL,20.8,0.5,26,326,21,0,60,88.5,48,533,9.8,78,27,3
AFTON,2024-05-24,ACTUAL,13.3,8.2,71,218,13,0.4,60,85.3,49,538,4.2,80,15,2
AFTON,2024-05-25,ACTUAL,9.9,7.3,84,151,16,4.4,60,50.1,34,524,0.4,59,1,2
AFTON,2024-05-26,ACTUAL,13.6,3.4,50,19,13,2.2,60,64.5,32,529,1,55,3,2
AFTON,2024-05-27,ACTUAL,16.6,2.9,40,178,20,0,60,82.9,35,535,4.4,59,13,2
AFTON,2024-05-28,ACTUAL,16.6,4.6,45,192,19,0.4,60,86.6,37,540,6.7,63,19,3
AFTON,2024-05-29,ACTUAL,14.1,-0.9,36,71,14,0,60,88.4,40,545,6.8,67,20,3
AFTON,2024-05-30,ACTUAL,15,-0.1,36,326,17,0.8,60,87.2,42,550,6.9,71,20,3
AFTON,2024-05-31,ACTUAL,18.1,0.6,31,17,11,0,60,89.9,46,556,7.4,76,22,3
AFTON,2024-06-01,ACTUAL,17.3,6.2,48,1,13,0,60,89.1,48,562,7.2,80,22,3
AFTON,2024-06-02,ACTUAL,17,1.7,36,223,14,0,60,89.4,51,569,7.8,84,24,3
AFTON,2024-06-03,ACTUAL,11.9,7.1,72,335,10,3.4,60,60.9,40,562,0.7,68,2,2
AFTON,2024-06-04,ACTUAL,18.5,1.8,33,210,44,0,60,86.2,43,569,22.7,73,46,3
AFTON,2024-06-05,ACTUAL,16,-0.4,33,42,8,0,60,88.9,46,575,5.5,77,18,3
AFTON,2024-06-06,ACTUAL,19.3,-0.8,26,15,9,0,60,91.3,50,582,8.3,83,25,3
AFTON,2024-06-07,ACTUAL,21.3,-2.6,20,271,11,0,60,93.2,55,589,11.5,89,33,3
AFTON,2024-06-08,ACTUAL,24.1,-2.5,17,7,10,0,60,94.6,61,597,13.4,97,38,4
AFTON,2024-06-09,ACTUAL,25.7,0.3,19,24,8,0,60,94.6,66,605,12.5,104,37,4
AFTON,2024-06-10,ACTUAL,21.4,7.9,42,354,9,0,60,91.6,70,612,8.6,109,29,4
AFTON,2024-06-11,ACTUAL,21.7,0.7,25,182,37,0,60,92.4,74,619,39.6,114,79,5
AFTON,2024-06-12,ACTUAL,19.2,0.1,28,246,7,0,60,92.5,78,626,8.5,119,30,4
AFTON,2024-06-13,ACTUAL,21.2,1.9,28,350,10,0,60,92.5,82,633,10.2,124,35,4
AFTON,2024-06-14,ACTUAL,20.4,-3.4,20,191,29,0,60,93.3,87,640,29.1,130,69,5
AFTON,2024-06-15,ACTUAL,13.9,2.4,46,330,16,0,60,90,89,646,9.6,132,34,4
AFTON,2024-06-16,ACTUAL,11.1,9,87,359,7,4.8,60,45.2,58,626,0.1,94,0,2
AFTON,2024-06-17,ACTUAL,13.3,7.4,67,221,8,3.6,60,48.8,44,616,0.2,75,0,2
AFTON,2024-06-18,ACTUAL,13.3,3.4,51,244,10,3.6,60,57,35,606,0.6,60,1,2
AFTON,2024-06-19,ACTUAL,20.3,6.2,40,7,13,0,60,81.6,38,613,2.5,66,9,2
AFTON,2024-06-20,ACTUAL,24.1,1,22,15,15,0.2,60,92,43,621,12.2,73,31,3
AFTON,2024-06-21,ACTUAL,26.8,-0.3,17,6,14,0,60,94.9,49,629,17,82,41,3
AFTON,2024-06-22,ACTUAL,27.1,4.1,23,89,22,0,60,94.9,55,637,26,90,56,4
AFTON,2024-06-23,ACTUAL,21.3,1.4,27,196,33,0,60,93.7,59,645,38.9,96,73,5
AFTON,2024-06-24,ACTUAL,19.7,2.4,32,10,4,0,60,92.8,63,652,7.9,101,27,3
AFTON,2024-06-25,ACTUAL,22.1,4.5,32,31,17,0,60,92.6,67,659,14.3,107,41,4
AFTON,2024-06-26,ACTUAL,22.6,7.5,38,36,6,0,60,91.8,71,666,7.6,112,28,3
AFTON,2024-06-27,ACTUAL,17.8,6.9,49,324,13,2,60,79.4,66,673,2.1,106,10,3
AFTON,2024-06-28,ACTUAL,22.4,6.9,37,25,17,0,60,88.5,70,680,7.9,111,28,4
AFTON,2024-06-29,ACTUAL,23.8,7.7,36,10,18,0,60,90.3,74,688,10.9,116,36,4
AFTON,2024-06-30,ACTUAL,18.9,14.6,76,21,14,4.2,60,62,52,671,0.9,87,4,2
AFTON,2024-07-01,ACTUAL,20.8,11.5,55,36,19,7.6,60,64.3,32,629,1.3,57,4,2
AFTON,2024-07-02,ACTUAL,21.3,6.7,39,303,10,0.4,60,83.8,35,636,2.9,62,10,2
AFTON,2024-07-03,ACTUAL,21.7,2.3,28,307,15,0,70,90.6,39,644,9.7,68,25,3
AFTON,2024-07-04,ACTUAL,25.9,4.3,25,15,16,0,70,92.9,44,652,14.3,75,35,3
AFTON,2024-07-05,ACTUAL,28.8,4.3,21,2,16,0,70,94.5,49,661,17.7,83,42,3
AFTON,2024-07-06,ACTUAL,28.4,3.3,20,268,15,0,70,94.7,55,670,17.3,91,43,3
AFTON,2024-07-07,ACTUAL,30.6,5.8,21,28,13,0,70,94.9,61,679,16.6,99,44,4
AFTON,2024-07-08,ACTUAL,33.5,4.2,16,33,8,0,70,96.4,67,689,15.5,108,44,4
AFTON,2024-07-09,ACTUAL,33.5,7.5,20,39,15,0,70,96.4,74,699,22.6,117,57,5
AFTON,2024-07-10,MANUAL,35.7,4,14,25,18,0,75,97.2,81,709,29,127,68,5
AFTON,2024-07-11,ACTUAL,29.6,4.3,20,259,14,0,75,96.5,87,718,21.8,134,58,5
AFTON,2024-07-12,ACTUAL,29.1,5.8,23,322,13,0,75,95.8,93,727,18.9,141,54,5
AFTON,2024-07-13,MANUAL,30.3,6.8,23,322,20,0,80,95.8,98,736,26.4,147,67,5
AFTON,2024-07-14,MANUAL,31.8,6.8,21,2,14,0,80,95.8,104,745,19.6,155,57,5
AFTON,2024-07-15,ACTUAL,32.1,7.7,22,22,12,0,80,95.9,111,755,17.6,162,54,5
AFTON,2024-07-16,ACTUAL,31.9,6.9,21,35,8,0,80,95.9,117,764,14.6,169,48,5
AFTON,2024-07-17,ACTUAL,34.5,8.3,20,27,17,0,80,96,123,774,22.9,176,64,5
AFTON,2024-07-18,ACTUAL,32.7,6.1,19,26,9,0,80,96,130,784,15.5,184,51,5
AFTON,2024-07-19,ACTUAL,32.8,5.4,18,357,14,0,80,96.1,136,793,20.6,191,61,5
AFTON,2024-07-20,ACTUAL,32.2,4.9,18,18,14,0,80,96.1,143,803,20.2,198,61,5
AFTON,2024-07-21,ACTUAL,34.2,6.5,18,34,17,0,80,96.2,149,813,24.1,205,67,5
AFTON,2024-07-22,ACTUAL,29.5,8.5,27,24,14,0.2,80,95.1,155,822,17.7,210,56,5
AFTON,2024-07-23,ACTUAL,24.7,3.3,25,15,20,2.4,80,88.2,113,830,9.2,168,36,4
AFTON,2024-07-24,ACTUAL,20.1,1.9,30,347,7,0,80,90.5,116,837,6.5,173,29,4
AFTON,2024-07-25,ACTUAL,20.4,3.5,33,4,11,0,80,90.6,120,845,8,177,33,4
AFTON,2024-07-26,ACTUAL,22.4,5.7,34,42,10,0.4,80,90.7,123,852,7.7,181,32,4
AFTON,2024-07-27,ACTUAL,25.3,4.3,26,32,7,0,80,92.6,128,861,8.9,187,36,4
AFTON,2024-07-28,ACTUAL,27,8.3,31,351,14,0,80,92.6,133,869,12.8,192,45,4
AFTON,2024-07-29,ACTUAL,18.6,14.3,76,358,10,3.2,80,65,89,853,0.9,141,5,3
AFTON,2024-07-30,ACTUAL,25.1,12,44,5,13,0.4,80,85.1,92,861,4.1,146,20,4
AFTON,2024-07-31,ACTUAL,27.5,10.2,34,29,26,0,80,91.1,97,870,19,152,55,5
AFTON,2024-08-01,ACTUAL,28.9,6.8,25,37,10,0,80,93.4,102,878,11.6,158,41,4
AFTON,2024-08-02,ACTUAL,30.7,5.9,21,1,8,0,80,94.8,107,887,12.5,164,43,4
AFTON,2024-08-03,ACTUAL,33.9,5.4,17,298,10,0,80,96.2,113,896,17.3,172,54,5
AFTON,2024-08-04,ACTUAL,31.7,7.4,22,11,10,0,80,96.2,118,904,16.9,178,53,5
AFTON,2024-08-05,ACTUAL,28.5,9.2,30,294,14,0.2,80,94.5,122,913,16.3,183,52,5
AFTON,2024-08-06,ACTUAL,25.6,6.6,30,261,16,0,80,93.7,126,920,16.1,188,52,5
AFTON,2024-08-07,MANUAL,27.7,6.9,27,354,13,0,90,93.8,131,928,14.1,193,48,5
AFTON,2024-08-08,ACTUAL,29.3,6,23,17,9,0,90,94.2,135,936,12.3,199,44,4
AFTON,2024-08-09,ACTUAL,26.6,7,29,23,9,0,90,94,139,944,12,204,44,4
AFTON,2024-08-10,ACTUAL,28.1,8.3,29,9,10,0,90,94,144,952,12.4,209,45,4
AFTON,2024-08-11,ACTUAL,27.9,7.6,28,12,10,0,90,94.1,148,960,12.8,214,46,4
AFTON,2024-08-12,ACTUAL,20.4,14.6,69,8,9,6.4,90,59.5,76,888,0.6,125,4,2
AFTON,2024-08-13,ACTUAL,24.8,10.6,41,18,9,0,90,83.6,79,895,2.8,129,14,3
AFTON,2024-08-14,ACTUAL,25.3,11.4,42,3,10,0,90,88.7,82,903,5.8,134,24,3
AFTON,2024-08-15,ACTUAL,27.9,8.1,29,360,12,0,90,92.3,86,911,10.6,140,37,4
AFTON,2024-08-16,ACTUAL,18.3,11.2,63,238,8,0.4,90,87.8,88,917,4.7,142,22,4
AFTON,2024-08-17,ACTUAL,24.6,11.9,45,9,12,0,90,88.8,91,924,6.5,146,27,4
AFTON,2024-08-18,ACTUAL,25.2,11,41,10,15,0,90,89.7,94,932,8.7,150,34,4
AFTON,2024-08-19,ACTUAL,24.2,6.4,32,37,14,0,90,91.2,98,939,10.5,155,38,4
AFTON,2024-08-20,ACTUAL,24.2,4.9,29,307,10,0,90,91.9,101,947,9.4,160,36,4
AFTON,2024-08-21,ACTUAL,21.9,7.6,40,49,14,0,90,91.2,104,954,10.1,164,38,4
AFTON,2024-08-22,ACTUAL,22.6,8.6,41,4,9,0,90,91,107,961,7.7,167,32,4
AFTON,2024-08-23,ACTUAL,24.4,7.9,35,3,8,0,90,91.1,110,968,7.5,172,31,4
AFTON,2024-08-24,ACTUAL,11,10.5,97,347,11,26.6,90,17.3,48,667,0,81,0,2
AFTON,2024-08-25,ACTUAL,17,9.7,62,15,10,1.6,90,50.3,47,673,0.3,81,1,2
AFTON,2024-08-26,ACTUAL,18.5,8.5,52,214,5,0,90,73,49,679,0.9,84,4,2
AFTON,2024-08-27,ACTUAL,10.8,5.4,69,255,23,0,90,79,50,684,3.3,85,13,2
AFTON,2024-08-28,ACTUAL,17.7,2.7,37,255,21,2.6,90,78.7,44,690,2.9,76,11,2
AFTON,2024-08-29,ACTUAL,19,6.1,43,4,9,0,90,86,46,697,3.9,80,14,2
AFTON,2024-08-30,ACTUAL,22.7,10.1,45,7,6,0,90,88.1,49,704,4.5,84,16,2
AFTON,2024-08-31,ACTUAL,23.5,9.4,41,16,13,0,90,89.4,52,711,7.4,88,24,3
AFTON,2024-09-01,ACTUAL,23.6,9.9,42,15,6,0,90,89.4,55,717,5.4,92,20,3
AFTON,2024-09-02,ACTUAL,22.7,10.5,46,354,6,0,90,89.5,57,723,5.3,95,20,3
AFTON,2024-09-03,ACTUAL,25.1,7.6,33,253,15,0,90,91.2,60,729,10.5,100,33,4
AFTON,2024-09-04,ACTUAL,23.1,8.3,39,328,6,0,90,91.2,63,735,6.8,103,25,3
AFTON,2024-09-05,ACTUAL,23.4,8.2,38,39,16,0,90,91.3,65,741,11.6,107,36,4
AFTON,2024-09-06,ACTUAL,24.3,9.8,40,348,7,0,90,91.3,68,747,7.4,111,27,3
AFTON,2024-09-07,ACTUAL,24.2,6.8,33,10,8,0,90,91.4,71,753,7.7,115,28,4
AFTON,2024-09-08,ACTUAL,20.7,8.7,46,48,9,0,90,90.2,73,758,6.9,118,26,3
AFTON,2024-09-09,ACTUAL,17.2,5.1,45,258,17,0,90,89.5,75,763,9.5,120,33,4
AFTON,2024-09-10,ACTUAL,17,1.7,36,40,9,0,90,89.6,77,768,6.3,123,25,3
AFTON,2024-09-11,ACTUAL,13.1,7.4,68,0,3,0.2,90,86.4,78,772,3,124,15,3
AFTON,2024-09-12,ACTUAL,18.8,4.8,40,238,16,0,90,88.5,80,777,7.8,127,30,4
AFTON,2024-09-13,ACTUAL,17.6,7.9,53,5,9,0,90,88.2,82,782,5.1,129,22,3
AFTON,2024-09-14,ACTUAL,16.7,10.4,66,16,9,2.6,90,69.5,67,786,1,110,5,3
AFTON,2024-09-15,ACTUAL,16.7,7.7,55,354,10,0.2,90,80.6,68,791,2,112,10,3
AFTON,2024-09-16,ACTUAL,15.7,6.5,54,18,7,0,90,84.2,70,796,2.7,114,13,3
AFTON,2024-09-17,ACTUAL,17.3,7.7,53,16,6,0,90,85.7,71,800,3.1,116,14,3
AFTON,2024-09-18,ACTUAL,20.8,6.6,40,247,21,0,90,88.7,74,806,10.1,120,34,4
AFTON,2024-09-19,ACTUAL,16.5,7.2,54,316,6,0,90,88,75,811,4.4,122,20,3
AFTON,2024-09-20,ACTUAL,13.1,0,41,292,15,4.6,90,67.5,52,778,1.2,89,6,2
AFTON,2024-09-21,ACTUAL,12.9,3.6,53,23,10,0,90,78.9,53,782,1.7,90,8,2
AFTON,2024-09-22,ACTUAL,12,9.6,85,219,2,0,90,79,53,786,1.1,91,5,2
AFTON,2024-09-23,ACTUAL,19.1,11.5,61,307,7,1.8,90,73.9,51,791,1,87,5,2
AFTON,2024-09-24,ACTUAL,18,12.1,68,26,8,0,90,80.2,52,796,1.7,89,8,2
AFTON,2024-09-25,ACTUAL,18,10.7,62,201,32,0,90,84,53,801,9.4,91,29,4
AFTON,2024-09-26,ACTUAL,14,2.2,45,171,25,7.8,90,64.8,31,736,1.9,57,6,2
AFTON,2024-09-27,ACTUAL,20.2,2,30,209,23,0,90,86.8,34,741,8.8,61,22,3
AFTON,2024-09-28,ACTUAL,11.7,3.5,57,36,11,0,90,86.5,35,745,4.6,62,14,2
AFTON,2024-09-29,ACTUAL,8,4.9,81,231,13,0,90,82.8,35,748,3.1,63,10,2
AFTON,2024-09-30,ACTUAL,11.6,0.9,48,343,10,0.4,90,85.2,36,752,3.6,65,12,2
AFTON,2024-10-01,ACTUAL,8.8,5.7,81,81,11,0,90,82.5,37,754,2.6,65,9,2
AFTON,2024-10-02,ACTUAL,13.9,1.8,44,28,8,0.2,90,85.8,38,758,3.5,67,12,2
AFTON,2024-10-03,ACTUAL,11.9,2.6,53,6,11,0,90,85.9,39,760,4.1,69,14,2
AFTON,2024-10-04,ACTUAL,13.9,1.1,42,152,13,0,90,87.3,40,764,5.7,71,18,3
AFTON,2024-10-05,ACTUAL,15.8,2.5,41,31,12,0,90,88.1,42,767,6.1,73,19,3
AFTON,2024-10-06,ACTUAL,11.4,7,74,70,11,0.2,90,84.7,42,770,3.5,74,13,2
AFTON,2024-10-07,ACTUAL,16.1,6,51,56,16,0,90,86.1,43,773,5.6,76,18,3
AFTON,2024-10-08,ACTUAL,21.1,6.1,38,199,25,0,90,89.2,46,778,13.8,79,35,3
AFTON,2024-10-09,ACTUAL,17.5,-5.1,21,185,12,0,90,92,48,782,10.6,83,30,3
AFTON,2024-10-10,ACTUAL,11.9,0.6,46,340,8,0,90,89.7,49,785,6.1,85,21,3
AFTON,2024-10-11,ACTUAL,9.4,0.8,55,36,8,0,90,87.6,50,787,4.6,86,17,2
AFTON,2024-10-12,ACTUAL,14.3,4.3,51,40,8,0,90,87.7,51,790,4.6,87,17,2
AFTON,2024-10-13,ACTUAL,18.2,4.3,40,308,6,0,90,88.6,52,794,4.6,90,17,3
AFTON,2024-10-14,ACTUAL,14.6,5.1,53,344,7,0,90,87.9,54,798,4.5,92,17,3
AFTON,2024-10-15,ACTUAL,12.6,8.5,76,0,9,0,90,84.4,54,801,3.1,93,13,3
AFTON,2024-10-16,ACTUAL,12.3,1,46,249,19,0,90,86.2,55,804,6.4,94,22,3
AFTON,2024-10-17,ACTUAL,11.2,-2.7,38,216,12,0,90,87.5,56,806,5.5,96,20,3
AFTON,2024-10-18,ACTUAL,3.3,1.6,89,99,13,1.2,90,73,56,808,1.3,96,6,3
AFTON,2024-10-19,ACTUAL,9.8,6.7,81,8,17,0,90,76.4,57,810,1.9,97,9,3
AFTON,2024-10-20,ACTUAL,9.1,9.1,100,43,16,0.4,90,73.5,57,812,1.6,97,7,3
AFTON,2024-10-21,ACTUAL,7.8,2.9,71,256,9,1.6,90,66.6,55,814,0.9,94,4,2
AFTON,2024-10-22,ACTUAL,6.1,-0.8,61,304,4,0,90,73.9,55,816,0.9,94,4,2
AFTON,2024-10-23,ACTUAL,4.9,1,76,352,7,0,90,76.5,55,818,1.2,95,6,3
AFTON,2024-10-24,ACTUAL,7.5,-2.3,50,359,8,0,90,81.5,56,820,2,96,9,3
AFTON,2024-10-25,ACTUAL,2.1,-0.2,85,28,10,0,90,80.1,56,821,1.9,96,9,3
AFTON,2024-10-26,ACTUAL,12.1,4.9,61,109,21,0.6,90,82.2,57,824,4.2,97,17,3
AFTON,2024-10-27,ACTUAL,13.6,1.8,45,193,21,1.4,90,80.6,58,827,3.4,99,14,3
AFTON,2024-10-28,ACTUAL,10.7,0.7,50,2,8,0,90,83.8,59,830,2.7,100,12,3
AFTON,2024-10-29,ACTUAL,4.5,1.5,81,343,7,3,90,53.6,47,813,0.3,82,1,2
AFTON,2024-10-30,ACTUAL,7.3,-0.2,59,52,19,0,90,70.6,47,815,1.7,82,7,2
AFTON,2024-10-31,ACTUAL,6.3,3.3,81,38,12,0,90,74.2,47,816,1.4,83,6,2
CAHILTY,2024-05-01,ACTUAL,8.2,-9.4,28,309,10,0,60,85.8,9,64,4,13,5,2
CAHILTY,2024-05-02,ACTUAL,7.8,-5.8,38,62,5,0,60,86.8,10,67,3.6,15,5,2
CAHILTY,2024-05-03,ACTUAL,10.1,-4.8,35,146,8,0,60,87.9,12,72,4.7,17,7,2
CAHILTY,2024-05-04,ACTUAL,11.9,-7.1,26,89,8,0,60,89.8,14,76,6.1,20,9,2
CAHILTY,2024-05-05,ACTUAL,13.6,-2.1,34,152,6,0,60,89.9,17,81,5.8,22,10,3
CAHILTY,2024-05-06,ACTUAL,8.6,-4.7,39,191,10,0.2,60,89.4,19,85,6.5,24,11,3
CAHILTY,2024-05-07,ACTUAL,5.7,-4.5,48,296,10,0,60,88,19,88,5.4,25,10,3
CAHILTY,2024-05-08,ACTUAL,12.3,-11.4,18,320,10,0,60,91.4,22,93,8.7,28,15,3
CAHILTY,2024-05-09,ACTUAL,15.9,-3.2,27,138,6,0,60,91.4,26,98,7.2,31,14,3
CAHILTY,2024-05-10,ACTUAL,19,0.4,29,176,9,0,60,91.5,29,104,8.3,34,16,3
CAHILTY,2024-05-11,ACTUAL,19.2,-0.9,26,258,8,0,60,91.8,33,110,8.4,38,17,3
CAHILTY,2024-05-12,ACTUAL,18.3,0.3,30,238,9,0,60,91.8,37,116,9,41,19,3
CAHILTY,2024-05-13,ACTUAL,8.9,6.5,85,249,4,2.2,60,63,33,120,0.6,39,1,2
CAHILTY,2024-05-14,ACTUAL,10.8,3.9,62,150,7,2.4,60,59.6,29,124,0.6,36,1,2
CAHILTY,2024-05-15,ACTUAL,12,3.8,57,183,5,0,60,72.8,30,129,0.9,38,2,2
CAHILTY,2024-05-16,ACTUAL,4.8,4.8,100,279,7,10.8,60,15.6,14,111,0,22,0,2
CAHILTY,2024-05-17,ACTUAL,3.2,0.4,82,300,15,13.2,60,19.1,7,90,0,11,0,1
CAHILTY,2024-05-18,ACTUAL,2,0.8,92,341,4,1.8,60,20.2,6,93,0,10,0,1
CAHILTY,2024-05-19,ACTUAL,6.2,2.5,77,271,8,14.6,60,21,3,70,0,5,0,1
CAHILTY,2024-05-20,ACTUAL,10.4,-4.9,34,298,10,0.2,60,56.7,5,74,0.5,8,0,1
CAHILTY,2024-05-21,ACTUAL,4.6,4,96,223,7,0.8,60,54.6,5,78,0.4,8,0,1
CAHILTY,2024-05-22,ACTUAL,10.8,3.2,59,348,10,3.6,60,53.5,4,78,0.4,7,0,1
CAHILTY,2024-05-23,ACTUAL,12.5,1.1,46,273,9,0,60,73.7,6,83,1.1,10,1,1
CAHILTY,2024-05-24,ACTUAL,7.9,3.2,72,170,8,2.4,60,59.3,5,86,0.6,8,0,1
CAHILTY,2024-05-25,ACTUAL,6.6,4.1,84,345,4,2.6,60,44.8,3,90,0.1,6,0,1
CAHILTY,2024-05-26,ACTUAL,4,2.8,92,194,7,4,60,27,1,88,0,3,0,1
CAHILTY,2024-05-27,ACTUAL,8,2.7,69,118,5,0.2,60,46.1,2,92,0.1,4,0,1
CAHILTY,2024-05-28,ACTUAL,9,4.8,75,215,10,2.8,60,46.3,2,96,0.2,3,0,1
CAHILTY,2024-05-29,ACTUAL,4,3.1,94,283,8,0.6,60,49.1,2,99,0.2,3,0,1
CAHILTY,2024-05-30,ACTUAL,7.8,-2.9,47,265,6,0.8,60,65.5,3,103,0.7,5,0,1
CAHILTY,2024-05-31,ACTUAL,9.2,-0.4,51,166,7,0.6,60,75.6,4,107,1.1,8,1,1
CAHILTY,2024-06-01,ACTUAL,9.2,6.5,83,98,4,5.2,60,40,2,104,0,4,0,1
CAHILTY,2024-06-02,ACTUAL,9.5,5.5,76,130,6,2.8,60,41.3,2,109,0.1,3,0,1
CAHILTY,2024-06-03,ACTUAL,4.6,4.6,100,271,9,22,60,4.2,0,72,0,0,0,1
CAHILTY,2024-06-04,ACTUAL,7.9,3.8,75,179,10,1,60,25.3,1,77,0,1,0,1
CAHILTY,2024-06-05,ACTUAL,6.6,-0.6,60,164,8,0,60,48.5,2,81,0.2,3,0,1
CAHILTY,2024-06-06,ACTUAL,10.9,0,47,157,8,0,60,69.8,3,87,0.9,6,0,1
CAHILTY,2024-06-07,ACTUAL,14.5,-5.4,25,301,7,0,60,84.8,6,93,3,11,3,2
CAHILTY,2024-06-08,ACTUAL,17.4,-5.2,21,346,6,0,60,90.7,10,99,6.3,16,9,2
CAHILTY,2024-06-09,ACTUAL,19.9,1.2,29,241,7,0,60,91.2,14,106,7.3,21,11,3
CAHILTY,2024-06-10,ACTUAL,16.9,5.2,46,272,10,0.2,60,89.7,17,113,6.9,24,12,3
CAHILTY,2024-06-11,ACTUAL,14.1,1.6,43,224,17,0.6,60,87.5,19,119,7.1,27,12,3
CAHILTY,2024-06-12,ACTUAL,10.1,0.4,51,255,5,0,60,87.3,20,124,3.7,29,7,2
CAHILTY,2024-06-13,ACTUAL,15,0.7,38,157,10,0,60,88.4,23,130,5.6,32,11,3
CAHILTY,2024-06-14,ACTUAL,13.2,-4.6,29,228,10,0,60,89.7,26,136,6.9,35,14,3
CAHILTY,2024-06-15,ACTUAL,5.9,3.7,86,267,6,1.4,60,71.8,26,140,0.9,35,2,2
CAHILTY,2024-06-16,ACTUAL,4.6,3.4,92,229,4,13,60,20,12,119,0,19,0,1
CAHILTY,2024-06-17,ACTUAL,6.7,6.4,98,257,7,5,60,9.8,7,116,0,12,0,1
CAHILTY,2024-06-18,ACTUAL,8.2,4.4,77,128,5,1.6,60,25.8,7,121,0,12,0,1
CAHILTY,2024-06-19,ACTUAL,12,3.8,57,275,5,6.4,60,37.4,5,116,0,9,0,1
CAHILTY,2024-06-20,ACTUAL,16.2,1.8,38,147,8,6.8,60,54.3,5,111,0.4,9,0,1
CAHILTY,2024-06-21,ACTUAL,20.2,-1.7,23,130,8,0,60,83.2,9,118,2.4,15,3,2
CAHILTY,2024-06-22,ACTUAL,17.3,4.9,44,165,7,0,60,86.6,12,124,3.7,19,6,2
CAHILTY,2024-06-23,ACTUAL,13,2.5,49,223,8,0.2,60,86.7,14,130,4.1,22,7,2
CAHILTY,2024-06-24,ACTUAL,10.2,4,65,275,7,1.4,60,75.2,15,135,1.1,23,1,2
CAHILTY,2024-06-25,MANUAL,15,4.7,50,190,7,0,60,82.6,17,141,2.2,26,4,2
CAHILTY,2024-06-26,MANUAL,18.1,5.9,45,186,7,0,50,86.5,20,148,3.7,30,8,2
CAHILTY,2024-06-27,MANUAL,11,6,71,198,8,6.2,50,49.1,12,142,0.2,20,0,2
CAHILTY,2024-06-28,MANUAL,15.5,7.1,57,152,7,0.4,50,70.2,14,149,0.9,23,1,2
CAHILTY,2024-06-29,MANUAL,16.7,6.5,51,176,10,0,50,81.6,16,155,2.2,26,4,2
CAHILTY,2024-06-30,MANUAL,10.7,10.2,97,256,4,15,50,17.8,7,129,0,13,0,1
CAHILTY,2024-07-01,MANUAL,11,8.4,84,297,9,4.8,50,25.1,4,127,0,8,0,1
CAHILTY,2024-07-02,ACTUAL,11.8,8.5,80,266,6,4.8,50,28.8,3,126,0,5,0,1
CAHILTY,2024-07-03,ACTUAL,15.1,3.5,46,328,8,0,50,62.6,5,132,0.7,9,0,1
CAHILTY,2024-07-04,ACTUAL,17.7,4.6,42,206,6,0,50,80,7,139,1.5,13,1,2
CAHILTY,2024-07-05,ACTUAL,21.6,2.7,29,298,11,0,50,89.5,11,147,7.1,19,10,2
CAHILTY,2024-07-06,ACTUAL,21.1,3.2,31,287,7,0.6,50,90.3,15,154,6.4,24,11,3
CAHILTY,2024-07-07,ACTUAL,25.1,5.7,29,185,8,0,50,91.9,19,163,8.5,29,15,3
CAHILTY,2024-07-08,ACTUAL,26.6,7.5,30,298,7,0,50,92.2,24,171,8.4,35,16,3
CAHILTY,2024-07-09,ACTUAL,28.1,7.3,27,148,8,0,50,93,29,180,9.9,41,20,3
CAHILTY,2024-07-10,MANUAL,28,1.5,18,221,7,0,55,94.9,34,189,12.2,47,25,4
CAHILTY,2024-07-11,ACTUAL,21.9,5.2,34,317,10,0,55,92.9,38,196,10.5,51,23,4
CAHILTY,2024-07-12,ACTUAL,21.3,5.5,36,206,8,0,55,92,41,204,8.7,55,21,4
CAHILTY,2024-07-13,ACTUAL,24.4,7,33,249,8,0,55,92.1,45,212,8.5,59,21,4
CAHILTY,2024-07-14,ACTUAL,23.6,8.4,38,179,5,0,55,91.8,49,220,7.3,63,20,4
CAHILTY,2024-07-15,ACTUAL,25,10,39,153,10,0,55,91.8,52,228,9.3,67,24,4
CAHILTY,2024-07-16,ACTUAL,25.8,6.8,30,152,9,0,55,92.1,57,236,9,71,25,4
CAHILTY,2024-07-17,ACTUAL,28.4,6.4,25,170,9,0,55,93.5,62,245,10.8,76,29,4
CAHILTY,2024-07-18,ACTUAL,26,8.4,33,142,5,0,55,93.2,66,254,8.8,80,26,4
CAHILTY,2024-07-19,ACTUAL,25.4,8.7,35,185,8,0,55,92.7,70,262,9.5,84,28,4
CAHILTY,2024-07-20,ACTUAL,27.5,2.5,20,178,10,0,55,94.4,76,271,13,89,35,5
CAHILTY,2024-07-21,ACTUAL,29.7,6.3,23,150,7,0,55,94.4,81,280,11.6,94,34,5
CAHILTY,2024-07-22,ACTUAL,24.3,10.5,42,77,4,0.8,55,88.8,85,288,4.4,98,17,4
CAHILTY,2024-07-23,ACTUAL,17,2.1,37,178,10,0,55,89.2,87,294,6.2,100,23,4
CAHILTY,2024-07-24,ACTUAL,16.9,5.2,46,279,7,0,55,89.1,90,301,5.3,103,21,4
CAHILTY,2024-07-25,ACTUAL,10.6,4.4,65,274,8,0.4,55,86.3,91,307,3.8,104,16,4
CAHILTY,2024-07-26,ACTUAL,13.5,7.6,67,166,7,2.2,55,69,78,313,0.9,96,4,3
CAHILTY,2024-07-27,ACTUAL,16.3,9.1,62,72,5,0,55,78.1,79,320,1.2,98,6,3
CAHILTY,2024-07-28,ACTUAL,21,7.9,43,215,9,0,55,86.4,82,327,4,101,17,4
CAHILTY,2024-07-29,ACTUAL,10.6,10.6,100,219,5,4,55,36.6,57,324,0,79,0,2
CAHILTY,2024-07-30,ACTUAL,15.8,10.8,72,175,7,1,55,55.6,58,330,0.4,81,1,2
CAHILTY,2024-07-31,ACTUAL,19.2,10,55,187,8,0,55,75.9,60,337,1.2,83,5,3
CAHILTY,2024-08-01,ACTUAL,23.1,4.9,31,169,10,0,55,88.7,64,345,5.8,87,20,4
CAHILTY,2024-08-02,ACTUAL,27.1,8.4,31,176,8,0,55,91.7,68,352,8.1,92,26,4
CAHILTY,2024-08-03,ACTUAL,26.8,5.6,26,254,7,0,55,92.9,72,360,9.2,96,29,4
CAHILTY,2024-08-04,ACTUAL,26.4,5.3,26,153,6,0,55,93.1,76,368,9,101,29,4
CAHILTY,2024-08-05,ACTUAL,22.3,9.4,44,200,7,3,55,77.3,62,369,1.3,87,6,3
CAHILTY,2024-08-06,ACTUAL,18.6,5,41,278,9,0,55,85.8,64,375,3.8,90,15,4
CAHILTY,2024-08-07,ACTUAL,19.1,6.2,43,296,6,0,55,87.8,66,382,4.3,93,17,4
CAHILTY,2024-08-08,ACTUAL,19.8,6.1,41,145,5,0,55,88.7,69,388,4.6,96,18,4
CAHILTY,2024-08-09,ACTUAL,20.6,11,54,24,5,0,55,88.4,71,395,4.4,98,17,4
CAHILTY,2024-08-10,ACTUAL,21.3,7.8,42,250,6,0,55,88.9,74,402,4.9,101,19,4
CAHILTY,2024-08-11,ACTUAL,22,8.1,41,19,9,3.2,55,77.4,59,402,1.4,86,6,3
CAHILTY,2024-08-12,ACTUAL,15.7,8.5,62,317,4,0.2,55,81.6,60,407,1.6,88,7,3
CAHILTY,2024-08-13,ACTUAL,20.1,11.1,56,212,6,0.2,55,84.9,62,414,2.8,90,12,4
CAHILTY,2024-08-14,ACTUAL,20.8,11.5,55,151,8,0,55,86.2,64,421,3.7,93,15,4
CAHILTY,2024-08-15,ACTUAL,23.7,7.7,36,193,7,0,55,89.8,67,428,5.9,97,22,4
CAHILTY,2024-08-16,ACTUAL,11.8,11.8,100,268,5,2.6,55,50.4,55,433,0.2,84,1,2
CAHILTY,2024-08-17,ACTUAL,15.7,11.3,75,143,4,1.6,55,55.6,54,439,0.4,82,1,2
CAHILTY,2024-08-18,ACTUAL,21,10.8,52,133,7,0,55,77.5,56,446,1.3,85,6,3
CAHILTY,2024-08-19,ACTUAL,18,4.5,41,160,9,0,55,85.7,58,452,3.7,88,14,4
CAHILTY,2024-08-20,ACTUAL,15.2,4.2,48,278,2,0,55,86.5,60,458,2.9,90,12,4
CAHILTY,2024-08-21,ACTUAL,15.1,9.5,69,142,9,0,55,85.3,61,463,3.5,92,14,4
CAHILTY,2024-08-22,ACTUAL,17.2,7.6,53,104,5,0,55,86.1,63,470,3.2,94,13,4
CAHILTY,2024-08-23,ACTUAL,24,6.6,33,199,5,0,55,90.2,66,477,5.5,98,21,4
CAHILTY,2024-08-24,ACTUAL,6.4,6.4,100,164,4,21,55,13.7,28,388,0,47,0,2
CAHILTY,2024-08-25,ACTUAL,10.9,8.8,87,129,3,3.8,55,18.6,20,383,0,35,0,2
CAHILTY,2024-08-26,ACTUAL,11.8,9,83,164,6,0,55,35.3,20,388,0,36,0,2
CAHILTY,2024-08-27,ACTUAL,6.6,5.4,92,265,8,8.8,55,16.6,11,362,0,20,0,1
CAHILTY,2024-08-28,ACTUAL,13.7,6.9,63,257,9,5.8,55,38.6,7,351,0,13,0,1
CAHILTY,2024-08-29,ACTUAL,18.1,9.8,58,155,7,0,55,66.4,9,357,0.8,16,1,1
CAHILTY,2024-08-30,ACTUAL,20.1,10.3,53,146,6,0,55,80.5,11,364,1.7,20,2,2
CAHILTY,2024-08-31,ACTUAL,23.1,7.9,38,136,8,0,55,88.2,14,371,4.9,25,9,3
CAHILTY,2024-09-01,ACTUAL,25.5,6.1,29,133,6,0,55,91.6,17,377,7.3,31,14,3
CAHILTY,2024-09-02,ACTUAL,21.5,9.7,47,210,3,0,55,90.3,19,383,5.1,34,11,3
CAHILTY,2024-09-03,ACTUAL,21.7,7.1,39,252,6,0,55,90.4,22,388,6.1,38,13,3
CAHILTY,2024-09-04,ACTUAL,21.9,7.2,39,154,5,0,55,90.4,24,394,5.7,42,13,3
CAHILTY,2024-09-05,ACTUAL,23.4,4.7,30,140,7,0,55,91.5,27,400,7.4,47,17,4
CAHILTY,2024-09-06,ACTUAL,26.2,6.2,28,177,9,0,55,92.5,31,406,9.4,52,22,4
CAHILTY,2024-09-07,ACTUAL,25.2,5.8,29,103,6,0,55,92.5,34,413,8.2,57,21,4
CAHILTY,2024-09-08,ACTUAL,23.9,5.6,31,172,4,0,55,92.6,37,419,7.6,61,20,4
CAHILTY,2024-09-09,ACTUAL,13.6,-2.1,34,304,11,0,55,91.4,39,423,9.1,63,23,4
CAHILTY,2024-09-10,ACTUAL,16.6,0.5,34,173,7,0,55,91.3,41,428,7.4,66,21,4
CAHILTY,2024-09-11,ACTUAL,9.4,6,79,134,2,0.4,55,85.5,41,431,2.5,67,9,3
CAHILTY,2024-09-12,ACTUAL,13.9,5.3,56,313,9,0,55,85.6,43,435,3.7,68,12,3
CAHILTY,2024-09-13,ACTUAL,13.5,7.6,67,135,7,0,55,85.2,43,439,3.1,70,11,3
CAHILTY,2024-09-14,ACTUAL,11.8,8.1,78,169,9,3.2,55,58.1,34,435,0.6,57,1,3
CAHILTY,2024-09-15,ACTUAL,10.8,6.6,75,203,6,2.2,55,54,30,439,0.3,52,1,2
CAHILTY,2024-09-16,ACTUAL,13.5,6.2,61,152,3,0,55,68.9,31,443,0.7,53,2,3
CAHILTY,2024-09-17,ACTUAL,18,8.3,53,257,5,0,55,80.3,33,448,1.5,55,5,3
CAHILTY,2024-09-18,ACTUAL,14,5.1,55,309,10,0,55,83.8,34,452,2.9,57,9,3
CAHILTY,2024-09-19,ACTUAL,13,7.7,70,245,5,0,55,83.8,35,456,2.3,58,8,3
CAHILTY,2024-09-20,ACTUAL,9.3,-0.1,52,304,14,6.6,55,55.7,21,434,0.6,37,1,2
CAHILTY,2024-09-21,ACTUAL,11.3,2.6,55,165,5,0,55,71.1,22,438,0.9,39,2,2
CAHILTY,2024-09-22,ACTUAL,9.3,8.5,95,228,4,1,55,63.8,22,441,0.6,39,1,2
CAHILTY,2024-09-23,ACTUAL,16.3,10.9,70,190,10,0.6,55,74.4,23,446,1.2,40,3,2
CAHILTY,2024-09-24,ACTUAL,17,9.3,60,124,5,0,55,81,24,451,1.6,43,4,2
CAHILTY,2024-09-25,ACTUAL,14,10.8,81,205,6,3.6,55,52.7,18,445,0.3,32,0,2
CAHILTY,2024-09-26,ACTUAL,7.9,3.6,74,192,8,5,55,39.7,11,431,0.1,21,0,2
CAHILTY,2024-09-27,ACTUAL,11.9,1.5,49,184,8,0,55,65,13,435,0.8,23,1,2
CAHILTY,2024-09-28,ACTUAL,11.9,0.9,47,107,4,0,55,77.2,14,439,1.1,26,2,2
CAHILTY,2024-09-29,ACTUAL,0.5,0.5,100,288,7,0.6,55,72.9,14,440,1,26,1,2
CAHILTY,2024-09-30,ACTUAL,6.8,-1.9,54,156,10,2.8,55,61.2,11,437,0.7,21,1,2
CAHILTY,2024-10-01,ACTUAL,3.5,2.3,92,61,7,2.4,55,43.1,9,439,0.1,16,0,1
CAHILTY,2024-10-02,ACTUAL,8.9,-0.4,52,238,8,1,55,61.4,9,441,0.7,18,1,1
CAHILTY,2024-10-03,ACTUAL,8.3,1.3,61,97,7,0,55,72.3,10,443,0.9,19,1,1
CAHILTY,2024-10-04,ACTUAL,3.5,2.9,96,254,7,0.6,55,70.6,10,444,0.9,19,1,1
CAHILTY,2024-10-05,ACTUAL,8.9,1.4,59,158,7,0.2,55,77.8,10,447,1.3,20,2,2
CAHILTY,2024-10-06,ACTUAL,7.7,3.4,74,85,6,0.6,55,78,11,449,1.3,20,2,2
CAHILTY,2024-10-07,ACTUAL,14.1,2.3,45,170,7,0,55,84.2,12,452,2.7,23,5,2
CAHILTY,2024-10-08,ACTUAL,11.6,5.5,66,190,10,0,55,84.2,13,455,3.2,24,6,2
CAHILTY,2024-10-09,ACTUAL,11.2,-1.7,41,248,8,0.2,55,86.4,14,458,3.8,26,7,2
CAHILTY,2024-10-10,ACTUAL,5.1,-0.5,67,93,5,0,55,84.9,14,459,2.6,26,5,2
CAHILTY,2024-10-11,ACTUAL,8.3,-3,45,137,5,0,55,85.7,15,461,3,28,6,2
CAHILTY,2024-10-12,ACTUAL,14.6,-2.9,30,174,7,0,55,88.9,17,465,5.2,30,10,3
CAHILTY,2024-10-13,ACTUAL,15.8,1,37,173,10,0,55,89,18,468,6.2,33,13,3
CAHILTY,2024-10-14,ACTUAL,10,4.2,67,194,3,0,55,86.2,19,471,2.9,34,7,2
CAHILTY,2024-10-15,ACTUAL,5.8,4.3,90,269,7,3.4,55,47.7,14,463,0.2,25,0,2
CAHILTY,2024-10-16,ACTUAL,5.1,0.5,72,218,9,0.6,55,60,14,464,0.7,26,1,2
CAHILTY,2024-10-17,ACTUAL,1.6,-2.5,74,304,8,3.2,55,45.1,10,457,0.1,19,0,1
CAHILTY,2024-10-18,ACTUAL,-2.3,-2.3,100,159,11,0,55,45.2,10,457,0.1,19,0,1
CAHILTY,2024-10-19,ACTUAL,3.7,3.7,100,174,4,2.6,55,26.8,7,458,0,14,0,1
CAHILTY,2024-10-20,ACTUAL,5.8,5.8,100,125,5,24.8,55,1.3,3,355,0,6,0,1
CAHILTY,2024-10-21,ACTUAL,1.1,1.1,100,154,3,5,55,0,1,343,0,2,0,1
CAHILTY,2024-10-22,ACTUAL,2.6,0.8,88,230,5,0.8,55,9,1,344,0,2,0,1
CAHILTY,2024-10-23,ACTUAL,0.3,-1.9,85,214,7,0,55,19.6,1,345,0,2,0,1
CAHILTY,2024-10-24,ACTUAL,3.3,-2.8,64,168,8,0,55,40.4,1,346,0.1,3,0,1
CAHILTY,2024-10-25,ACTUAL,-0.2,-4.4,73,80,6,0,55,51.6,1,347,0.3,3,0,1
CAHILTY,2024-10-26,ACTUAL,1.2,1.2,100,86,5,0,55,51.7,1,348,0.3,3,0,1
CAHILTY,2024-10-27,ACTUAL,3.5,3.1,97,190,8,14.8,55,11.4,0,300,0,0,0,1
CAHILTY,2024-10-28,ACTUAL,2.7,-0.4,80,199,3,0.2,55,23.3,0,302,0,0,0,1
CAHILTY,2024-10-29,ACTUAL,1.1,-1.6,82,151,8,1.6,55,30.7,0,302,0,0,0,1
CAHILTY,2024-10-30,ACTUAL,-0.4,-2.3,87,109,7,0,55,38.7,0,303,0,0,0,1
CAHILTY,2024-10-31,ACTUAL,-0.2,-0.2,100,145,2,0,55,38.8,0,304,0,0,0,1
CLEARWATER HUB,2024-05-01,[object Object],,,,,,,,,,,,,,
CLEARWATER HUB,2024-05-02,[object Object],,,,,,,,,,,,,,
CLEARWATER HUB,2024-05-03,[object Object],,,,,,,,,,,,,,
CLEARWATER HUB,2024-05-04,[object Object],,,,,,,,,,,,,,
CLEARWATER HUB,2024-05-05,[object Object],,,,,,,,,,,,,,
CLEARWATER HUB,2024-05-06,[object Object],,,,,,,,,,,,,,
CLEARWATER HUB,2024-05-07,[object Object],,,,,,,,,,,,,,
CLEARWATER HUB,2024-05-08,[object Object],,,,,,,,,,,,,,
CLEARWATER HUB,2024-05-09,[object Object],,,,,,,,,,,,,,
CLEARWATER HUB,2024-05-10,[object Object],,,,,,,,,,,,,,
CLEARWATER HUB,2024-05-11,[object Object],,,,,,,,,,,,,,
CLEARWATER HUB,2024-05-12,[object Object],,,,,,,,,,,,,,
CLEARWATER HUB,2024-05-13,[object Object],,,,,,,,,,,,,,
CLEARWATER HUB,2024-05-14,[object Object],,,,,,,,,,,,,,
CLEARWATER HUB,2024-05-15,[object Object],,,,,,,,,,,,,,
CLEARWATER HUB,2024-05-16,[object Object],,,,,,,,,,,,,,
CLEARWATER HUB,2024-05-17,[object Object],,,,,,,,,,,,,,
CLEARWATER HUB,2024-05-18,[object Object],,,,,,,,,,,,,,
CLEARWATER HUB,2024-05-19,[object Object],,,,,,,,,,,,,,
CLEARWATER HUB,2024-05-20,[object Object],,,,,,,,,,,,,,
CLEARWATER HUB,2024-05-21,[object Object],,,,,,,,,,,,,,
CLEARWATER HUB,2024-05-22,[object Object],,,,,,,,,,,,,,
CLEARWATER HUB,2024-05-23,[object Object],,,,,,,,,,,,,,
CLEARWATER HUB,2024-05-24,[object Object],,,,,,,,,,,,,,
CLEARWATER HUB,2024-05-25,[object Object],,,,,,,,,,,,,,
CLEARWATER HUB,2024-05-26,[object Object],,,,,,,,,,,,,,
CLEARWATER HUB,2024-05-27,[object Object],,,,,,,,,,,,,,
CLEARWATER HUB,2024-05-28,[object Object],,,,,,,,,,,,,,
CLEARWATER HUB,2024-05-29,[object Object],,,,,,,,,,,,,,
CLEARWATER HUB,2024-05-30,[object Object],,,,,,,,,,,,,,
CLEARWATER HUB,2024-05-31,[object Object],,,,,,,,,,,,,,
CLEARWATER HUB,2024-06-01,[object Object],,,,,,,,,,,,,,
CLEARWATER HUB,2024-06-02,[object Object],,,,,,,,,,,,,,
CLEARWATER HUB,2024-06-03,[object Object],,,,,,,,,,,,,,
CLEARWATER HUB,2024-06-04,[object Object],,,,,,,,,,,,,,
CLEARWATER HUB,2024-06-05,[object Object],,,,,,,,,,,,,,
CLEARWATER HUB,2024-06-06,[object Object],,,,,,,,,,,,,,
CLEARWATER HUB,2024-06-07,[object Object],,,,,,,,,,,,,,
CLEARWATER HUB,2024-06-08,[object Object],,,,,,,,,,,,,,
CLEARWATER HUB,2024-06-09,[object Object],,,,,,,,,,,,,,
CLEARWATER HUB,2024-06-10,[object Object],,,,,,,,,,,,,,
CLEARWATER HUB,2024-06-11,[object Object],,,,,,,,,,,,,,
CLEARWATER HUB,2024-06-12,[object Object],,,,,,,,,,,,,,
CLEARWATER HUB,2024-06-13,[object Object],,,,,,,,,,,,,,
CLEARWATER HUB,2024-06-14,[object Object],,,,,,,,,,,,,,
CLEARWATER HUB,2024-06-15,[object Object],,,,,,,,,,,,,,
CLEARWATER HUB,2024-06-16,[object Object],,,,,,,,,,,,,,
CLEARWATER HUB,2024-06-17,[object Object],,,,,,,,,,,,,,
CLEARWATER HUB,2024-06-18,[object Object],,,,,,,,,,,,,,
CLEARWATER HUB,2024-06-19,[object Object],,,,,,,,,,,,,,
CLEARWATER HUB,2024-06-20,[object Object],,,,,,,,,,,,,,
CLEARWATER HUB,2024-06-21,[object Object],,,,,,,,,,,,,,
CLEARWATER HUB,2024-06-22,[object Object],,,,,,,,,,,,,,
CLEARWATER HUB,2024-06-23,[object Object],,,,,,,,,,,,,,
CLEARWATER HUB,2024-06-24,[object Object],,,,,,,,,,,,,,
CLEARWATER HUB,2024-06-25,[object Object],,,,,,,,,,,,,,
CLEARWATER HUB,2024-06-26,[object Object],,,,,,,,,,,,,,
CLEARWATER HUB,2024-06-27,[object Object],,,,,,,,,,,,,,
CLEARWATER HUB,2024-06-28,[object Object],,,,,,,,,,,,,,
CLEARWATER HUB,2024-06-29,[object Object],,,,,,,,,,,,,,
CLEARWATER HUB,2024-06-30,[object Object],,,,,,,,,,,,,,
CLEARWATER HUB,2024-07-01,[object Object],,,,,,,,,,,,,,
CLEARWATER HUB,2024-07-02,[object Object],,,,,,,,,,,,,,
CLEARWATER HUB,2024-07-03,[object Object],,,,,,,,,,,,,,
CLEARWATER HUB,2024-07-04,[object Object],,,,,,,,,,,,,,
CLEARWATER HUB,2024-07-05,[object Object],,,,,,,,,,,,,,
CLEARWATER HUB,2024-07-06,[object Object],,,,,,,,,,,,,,
CLEARWATER HUB,2024-07-07,[object Object],,,,,,,,,,,,,,
CLEARWATER HUB,2024-07-08,[object Object],,,,,,,,,,,,,,
CLEARWATER HUB,2024-07-09,[object Object],,,,,,,,,,,,,,
CLEARWATER HUB,2024-07-10,[object Object],,,,,,,,,,,,,,
CLEARWATER HUB,2024-07-11,[object Object],,,,,,,,,,,,,,
CLEARWATER HUB,2024-07-12,[object Object],,,,,,,,,,,,,,
CLEARWATER HUB,2024-07-13,[object Object],,,,,,,,,,,,,,
CLEARWATER HUB,2024-07-14,[object Object],,,,,,,,,,,,,,
CLEARWATER HUB,2024-07-15,[object Object],,,,,,,,,,,,,,
CLEARWATER HUB,2024-07-16,[object Object],,,,,,,,,,,,,,
CLEARWATER HUB,2024-07-17,[object Object],,,,,,,,,,,,,,
CLEARWATER HUB,2024-07-18,[object Object],,,,,,,,,,,,,,
CLEARWATER HUB,2024-07-19,[object Object],,,,,,,,,,,,,,
CLEARWATER HUB,2024-07-20,[object Object],,,,,,,,,,,,,,
CLEARWATER HUB,2024-07-21,[object Object],,,,,,,,,,,,,,
CLEARWATER HUB,2024-07-22,[object Object],,,,,,,,,,,,,,
CLEARWATER HUB,2024-07-23,[object Object],,,,,,,,,,,,,,
CLEARWATER HUB,2024-07-24,[object Object],,,,,,,,,,,,,,
CLEARWATER HUB,2024-07-25,MANUAL,20.1,6.4,41,235,8,0,70,88,80,600,4.8,120,21,
CLEARWATER HUB,2024-07-26,ACTUAL,21.9,8.4,42,239,4,0,70,88.9,83,608,4.5,124,20,5
CLEARWATER HUB,2024-07-27,ACTUAL,26.2,10.3,37,159,4,0,70,90.4,87,616,5.5,129,23,5
CLEARWATER HUB,2024-07-28,ACTUAL,26.6,9.8,35,92,6,0,70,91.1,91,625,6.8,134,27,5
CLEARWATER HUB,2024-07-29,ACTUAL,17.9,17.1,95,54,2,4,70,42.8,63,613,0.1,100,0,2
CLEARWATER HUB,2024-07-30,ACTUAL,23.2,15.6,62,161,3,6.6,70,48.9,39,584,0.2,67,0,2
CLEARWATER HUB,2024-07-31,ACTUAL,28,12.7,39,267,6,0,70,82.6,43,593,2.1,73,8,4
CLEARWATER HUB,2024-08-01,ACTUAL,30.3,11.7,32,222,8,0,70,91.4,48,601,7.8,80,24,4
CLEARWATER HUB,2024-08-02,ACTUAL,32.9,8.4,22,154,5,0,70,94.7,53,610,10.9,87,31,5
CLEARWATER HUB,2024-08-03,ACTUAL,31.8,12,30,263,5,0,70,94.7,58,619,10.7,94,32,5
CLEARWATER HUB,2024-08-04,ACTUAL,33,11.5,27,345,5,0,70,94.7,63,628,10.8,101,33,5
CLEARWATER HUB,2024-08-05,ACTUAL,31.2,13,33,74,5,0,70,94.1,68,636,10,107,32,5
CLEARWATER HUB,2024-08-06,ACTUAL,29,6.9,25,179,7,0,70,94.2,72,645,11,113,35,5
CLEARWATER HUB,2024-08-07,MANUAL,28.4,8.6,29,83,7,0,80,94.2,77,653,11.1,118,36,5
CLEARWATER HUB,2024-08-08,ACTUAL,30.7,7.8,24,173,5,0,80,94.3,82,661,10.3,125,35,5
CLEARWATER HUB,2024-08-09,ACTUAL,32,6.9,21,314,9,0,80,95,87,670,13.9,131,44,5
CLEARWATER HUB,2024-08-10,ACTUAL,29.9,9.9,29,112,7,0,80,94.6,91,678,11.8,137,40,5
CLEARWATER HUB,2024-08-11,ACTUAL,28.9,10.5,32,165,5,0,80,94,96,687,9.7,142,35,5
CLEARWATER HUB,2024-08-12,ACTUAL,30,10.5,30,204,7,0,80,94,100,695,10.8,147,38,5
CLEARWATER HUB,2024-08-13,ACTUAL,24.5,12.5,47,322,6,0.4,80,91.1,103,702,6.9,151,29,5
CLEARWATER HUB,2024-08-14,ACTUAL,26.7,13.8,45,118,4,0,80,91,106,710,6.2,155,27,5
CLEARWATER HUB,2024-08-15,ACTUAL,27.3,13.2,42,298,7,3.6,80,79.4,76,699,1.5,120,8,4
CLEARWATER HUB,2024-08-16,ACTUAL,19.2,16.3,83,162,2,1,80,73.6,77,705,0.8,121,4,3
CLEARWATER HUB,2024-08-17,ACTUAL,26.3,13.8,46,43,6,1.2,80,82.9,80,713,2.2,125,11,4
CLEARWATER HUB,2024-08-18,ACTUAL,24.7,14.3,52,155,4,0,80,86.6,82,720,3.3,128,16,4
CLEARWATER HUB,2024-08-19,ACTUAL,27.5,6.2,26,206,8,0,80,92.4,87,728,8.8,134,33,5
CLEARWATER HUB,2024-08-20,ACTUAL,24.3,6.9,33,326,8,0,80,92.4,90,736,9.2,138,34,5
CLEARWATER HUB,2024-08-21,ACTUAL,22,10.2,47,117,4,0,80,90.6,93,743,5.6,142,24,5
CLEARWATER HUB,2024-08-22,ACTUAL,25.8,9.5,36,142,6,0.6,80,90.4,96,750,6.1,146,26,5
CLEARWATER HUB,2024-08-23,ACTUAL,30.5,7.6,24,119,6,0,80,93.8,101,759,10.1,152,37,5
CLEARWATER HUB,2024-08-24,ACTUAL,13.8,12.2,90,206,4,23.8,80,24.5,45,575,0,76,0,2
CLEARWATER HUB,2024-08-25,ACTUAL,21.6,12,54,95,5,3.8,80,52.7,35,566,0.3,61,1,2
CLEARWATER HUB,2024-08-26,ACTUAL,22.3,9.8,45,210,7,0,80,78.7,38,573,1.4,65,5,3
CLEARWATER HUB,2024-08-27,ACTUAL,12.7,9,78,198,8,11.6,80,38.6,18,515,0,33,0,2
CLEARWATER HUB,2024-08-28,ACTUAL,20.8,6.3,39,215,6,0.4,80,73.3,21,522,0.9,38,2,2
CLEARWATER HUB,2024-08-29,ACTUAL,22.9,8.9,41,116,6,0,80,85.7,24,529,3.1,43,8,3
CLEARWATER HUB,2024-08-30,ACTUAL,24.2,11.2,44,22,4,0,80,88.3,27,536,4.1,48,11,3
CLEARWATER HUB,2024-08-31,ACTUAL,27.3,8.1,30,113,5,0,80,91.8,31,544,7,54,18,4
CLEARWATER HUB,2024-09-01,ACTUAL,28.2,10.3,33,162,5,0,80,91.9,34,551,7,60,19,4
CLEARWATER HUB,2024-09-02,ACTUAL,26.1,12.5,43,232,4,0,80,91.4,37,557,6.4,64,18,4
CLEARWATER HUB,2024-09-03,ACTUAL,26.9,10.5,36,272,5,0,80,91.4,40,564,6.8,68,20,4
CLEARWATER HUB,2024-09-04,ACTUAL,24.7,9,37,282,4,0,80,91.5,43,570,6.6,73,20,4
CLEARWATER HUB,2024-09-05,ACTUAL,25.6,10.2,38,162,5,0,80,91.5,46,576,6.7,77,21,4
CLEARWATER HUB,2024-09-06,ACTUAL,26.9,10.1,35,225,4,0,80,91.6,49,583,6.6,82,21,4
CLEARWATER HUB,2024-09-07,ACTUAL,27.6,9.3,32,244,5,0,80,92,53,590,7.3,86,23,4
CLEARWATER HUB,2024-09-08,ACTUAL,20.3,8.9,48,303,5,0,80,90.1,55,595,5.5,89,20,4
CLEARWATER HUB,2024-09-09,ACTUAL,21.7,4.6,33,211,11,0,80,90.7,58,600,8.1,93,26,4
CLEARWATER HUB,2024-09-10,ACTUAL,20,3.1,33,127,5,0,80,90.7,60,606,6,96,22,4
CLEARWATER HUB,2024-09-11,ACTUAL,12.3,8.4,77,153,3,0.4,80,85.5,61,610,2.6,97,12,4
CLEARWATER HUB,2024-09-12,ACTUAL,23.1,9.1,41,85,5,0,80,88.6,63,616,4.6,101,18,4
CLEARWATER HUB,2024-09-13,ACTUAL,19.6,8,47,248,5,0,80,88.7,65,621,4.5,103,18,4
CLEARWATER HUB,2024-09-14,ACTUAL,17.3,11.9,70,83,2,8.2,80,46.1,37,577,0.1,63,0,2
CLEARWATER HUB,2024-09-15,ACTUAL,19.1,9,52,299,5,9,80,50.6,20,534,0.2,37,0,2
CLEARWATER HUB,2024-09-16,ACTUAL,17,8.5,57,110,4,0.2,80,70.5,22,539,0.8,40,1,2
CLEARWATER HUB,2024-09-17,ACTUAL,20.5,9.7,50,237,5,0,80,82.2,24,544,1.9,43,5,2
CLEARWATER HUB,2024-09-18,ACTUAL,23.5,1.7,24,250,14,0,80,91.5,27,550,10.6,48,23,4
CLEARWATER HUB,2024-09-19,ACTUAL,15.9,7.2,56,311,3,0,80,88.7,28,554,4.2,50,12,3
CLEARWATER HUB,2024-09-20,ACTUAL,18.2,1.1,32,246,7,0,80,90,31,559,6.2,54,16,3
CLEARWATER HUB,2024-09-21,ACTUAL,12.5,3.5,54,305,4,0,80,88.2,32,563,4.1,56,12,3
CLEARWATER HUB,2024-09-22,ACTUAL,11.4,9.6,89,254,3,1.8,80,64.8,30,567,0.6,53,1,3
CLEARWATER HUB,2024-09-23,ACTUAL,19.6,13.4,67,36,5,2,80,65.6,28,572,0.7,50,2,3
CLEARWATER HUB,2024-09-24,ACTUAL,20.7,13.7,64,157,4,0.2,80,77.4,29,578,1.1,52,3,3
CLEARWATER HUB,2024-09-25,ACTUAL,17.6,16.3,92,43,0,16.4,80,18.8,12,491,0,23,0,2
CLEARWATER HUB,2024-09-26,ACTUAL,15.2,10,71,88,3,8.8,80,28,7,457,0,13,0,1
CLEARWATER HUB,2024-09-27,ACTUAL,21.3,4.7,34,228,10,0.4,80,72.7,10,462,1.1,18,1,1
CLEARWATER HUB,2024-09-28,ACTUAL,10.7,5.5,70,115,2,0,80,76.7,10,466,0.9,19,1,1
CLEARWATER HUB,2024-09-29,ACTUAL,11.7,3.5,57,186,5,0,80,81.3,11,470,1.7,21,3,2
CLEARWATER HUB,2024-09-30,ACTUAL,11.7,4.7,62,320,3,1.4,80,73.3,12,474,0.8,23,1,2
CLEARWATER HUB,2024-10-01,ACTUAL,7.6,6.5,93,137,4,5.6,80,30.9,7,455,0,13,0,1
CLEARWATER HUB,2024-10-02,ACTUAL,12.5,6.4,66,85,2,6.4,80,32.3,4,433,0,8,0,1
CLEARWATER HUB,2024-10-03,ACTUAL,14.1,6,58,114,4,0.2,80,57.4,5,437,0.4,10,0,1
CLEARWATER HUB,2024-10-04,ACTUAL,9.8,8.2,90,346,3,3.8,80,34.5,3,428,0,6,0,1
CLEARWATER HUB,2024-10-05,ACTUAL,14.9,6.8,58,104,4,0.8,80,58,4,432,0.4,8,0,1
CLEARWATER HUB,2024-10-06,ACTUAL,10.6,9.2,91,299,3,5.2,80,28.6,2,417,0,4,0,1
CLEARWATER HUB,2024-10-07,ACTUAL,12.7,8.6,76,153,3,1.4,80,41.3,2,420,0.1,4,0,1
CLEARWATER HUB,2024-10-08,ACTUAL,21.5,9,45,136,5,0,80,72.8,4,425,0.9,8,0,1
CLEARWATER HUB,2024-10-09,ACTUAL,16.7,9.5,62,198,4,0.2,80,79.8,5,428,1.4,10,1,1
CLEARWATER HUB,2024-10-10,ACTUAL,14.3,2.1,44,175,4,0.4,80,84.7,6,432,2.5,13,3,2
CLEARWATER HUB,2024-10-11,ACTUAL,11.8,2.3,52,62,4,0,80,85.3,7,434,2.6,14,3,2
CLEARWATER HUB,2024-10-12,ACTUAL,15.5,3.9,46,91,3,0,80,86.6,9,438,3.1,17,4,2
CLEARWATER HUB,2024-10-13,ACTUAL,15.2,5.7,53,197,4,0,80,86.7,10,441,3.2,19,5,2
CLEARWATER HUB,2024-10-14,ACTUAL,10.2,8.9,92,200,2,0,80,80.9,10,444,1.4,19,2,2
CLEARWATER HUB,2024-10-15,ACTUAL,10.8,10.2,96,151,2,0.8,80,74.4,10,446,0.8,19,1,1
CLEARWATER HUB,2024-10-16,ACTUAL,10.4,8.5,88,301,5,0,80,75.4,10,449,1,20,1,1
CLEARWATER HUB,2024-10-17,ACTUAL,7.8,4.2,78,114,4,2.6,80,54.4,8,451,0.3,15,0,1
CLEARWATER HUB,2024-10-18,ACTUAL,3.7,2.3,91,226,4,0.2,80,57.9,8,453,0.4,15,0,1
CLEARWATER HUB,2024-10-19,ACTUAL,6.1,5.5,96,78,2,22.4,80,10.6,3,361,0,6,0,1
CLEARWATER HUB,2024-10-20,ACTUAL,8.6,8,96,107,2,13.4,80,4.3,1,318,0,2,0,1
CLEARWATER HUB,2024-10-21,ACTUAL,8.9,4.2,72,81,2,9.6,80,18.3,0,292,0,1,0,1
CLEARWATER HUB,2024-10-22,ACTUAL,8.1,-1.4,51,137,5,0.2,80,45.1,1,294,0.1,2,0,1
CLEARWATER HUB,2024-10-23,ACTUAL,4.3,1,79,296,3,0,80,54,1,295,0.3,3,0,1
CLEARWATER HUB,2024-10-24,ACTUAL,7.1,1.8,69,108,5,0,80,65.1,2,297,0.7,3,0,1
CLEARWATER HUB,2024-10-25,ACTUAL,1.7,0.5,92,283,3,0,80,66.5,2,298,0.6,3,0,1
CLEARWATER HUB,2024-10-26,ACTUAL,7.1,5.7,91,127,5,3.6,80,38.3,1,293,0,1,0,1
CLEARWATER HUB,2024-10-27,ACTUAL,11.1,9.8,92,80,3,8.2,80,17,0,274,0,0,0,1
CLEARWATER HUB,2024-10-28,ACTUAL,7.4,5.7,89,205,2,0,80,24.8,0,276,0,1,0,1
CLEARWATER HUB,2024-10-29,ACTUAL,4.8,1.8,81,147,3,0.2,80,36.3,0,278,0,1,0,1
CLEARWATER HUB,2024-10-30,ACTUAL,5.3,1.1,74,185,4,0,80,49.5,1,279,0.2,1,0,1
CLEARWATER HUB,2024-10-31,ACTUAL,7.8,2.7,70,156,4,0,80,61.5,1,281,0.5,2,0,1
COLDSCAUR LAKE,2024-05-01,ACTUAL,10.7,-8.1,26,311,11,0,,,,,,,,
COLDSCAUR LAKE,2024-05-02,ACTUAL,14.2,-5.6,25,70,8,0,,,,,,,,
COLDSCAUR LAKE,2024-05-03,ACTUAL,14.3,-5.1,26,138,10,0,,,,,,,,
COLDSCAUR LAKE,2024-05-04,ACTUAL,15.1,-5.4,24,190,8,0,,,,,,,,
COLDSCAUR LAKE,2024-05-05,ACTUAL,15.6,-2,30,163,9,0,,,,,,,,
COLDSCAUR LAKE,2024-05-06,ACTUAL,10.4,-2.1,42,157,9,1,,,,,,,,
COLDSCAUR LAKE,2024-05-07,ACTUAL,10.7,-5.1,33,328,11,0.2,,,,,,,,
COLDSCAUR LAKE,2024-05-08,ACTUAL,14.3,-5.6,25,269,10,0,,,,,,,,
COLDSCAUR LAKE,2024-05-09,ACTUAL,19.7,-2.7,22,330,7,0,,,,,,,,
COLDSCAUR LAKE,2024-05-10,ACTUAL,22.2,0,23,166,8,0,,,,,,,,
COLDSCAUR LAKE,2024-05-11,ACTUAL,23,-1.2,20,300,10,0,,,,,,,,
COLDSCAUR LAKE,2024-05-12,ACTUAL,20.8,2.5,30,260,10,0,,,,,,,,
COLDSCAUR LAKE,2024-05-13,ACTUAL,10.3,4.7,68,323,7,1.2,,,,,,,,
COLDSCAUR LAKE,2024-05-14,ACTUAL,,,,,,0,,,,,,,,
COLDSCAUR LAKE,2024-05-15,[object Object],,,,,,,,,,,,,,
COLDSCAUR LAKE,2024-05-16,[object Object],,,,,,,,,,,,,,
COLDSCAUR LAKE,2024-05-17,[object Object],,,,,,,,,,,,,,
COLDSCAUR LAKE,2024-05-18,[object Object],,,,,,,,,,,,,,
COLDSCAUR LAKE,2024-05-19,[object Object],,,,,,,,,,,,,,
COLDSCAUR LAKE,2024-05-20,MANUAL,15.1,-2.9,29,297,9,0,60,,,,,,,
COLDSCAUR LAKE,2024-05-21,ACTUAL,7.7,6.3,91,157,6,6.2,60,,,,,,,
COLDSCAUR LAKE,2024-05-22,ACTUAL,10,5.8,75,304,12,31.6,60,85,6,170,3.8,11,4,
COLDSCAUR LAKE,2024-05-23,ACTUAL,16.3,2.9,41,299,8,0,60,87.4,9,175,4.5,15,6,2
COLDSCAUR LAKE,2024-05-24,ACTUAL,8.5,7.9,96,153,6,2.4,60,54.1,7,179,0.3,12,0,1
COLDSCAUR LAKE,2024-05-25,ACTUAL,8.3,6.2,87,267,4,21,60,17.9,3,136,0,6,0,1
COLDSCAUR LAKE,2024-05-26,ACTUAL,7.2,5,86,152,8,3.2,60,23.6,2,136,0,3,0,1
COLDSCAUR LAKE,2024-05-27,ACTUAL,9.1,3.1,66,167,11,1.4,60,45.2,3,140,0.1,5,0,1
COLDSCAUR LAKE,2024-05-28,ACTUAL,9.2,7.8,91,115,7,5.2,60,25.9,1,136,0,2,0,1
COLDSCAUR LAKE,2024-05-29,ACTUAL,4,2.2,88,298,9,9.8,60,16.1,0,120,0,0,0,1
COLDSCAUR LAKE,2024-05-30,ACTUAL,7.8,1.7,65,317,4,1.6,60,34.4,1,124,0,2,0,1
COLDSCAUR LAKE,2024-05-31,ACTUAL,13.6,0.2,40,281,8,0,60,65.7,3,129,0.8,6,0,1
COLDSCAUR LAKE,2024-06-01,ACTUAL,11.1,6.7,74,281,4,11.4,60,33.6,2,113,0,3,0,1
COLDSCAUR LAKE,2024-06-02,ACTUAL,12.8,5.3,60,158,9,3,60,49.4,2,115,0.2,4,0,1
COLDSCAUR LAKE,2024-06-03,ACTUAL,12.9,4.6,57,199,5,13.2,60,39.3,2,96,0,4,0,1
COLDSCAUR LAKE,2024-06-04,ACTUAL,12.7,4.9,59,194,13,6.2,60,47.2,2,92,0.2,4,0,1
COLDSCAUR LAKE,2024-06-05,ACTUAL,11.2,0.3,47,107,7,1.4,60,63.3,4,98,0.7,7,0,1
COLDSCAUR LAKE,2024-06-06,ACTUAL,15.6,-2,30,297,7,0,60,81.9,7,104,2,12,2,1
COLDSCAUR LAKE,2024-06-07,ACTUAL,17.4,-3.5,24,295,10,0,60,89.7,10,111,6.9,17,10,2
COLDSCAUR LAKE,2024-06-08,ACTUAL,21.3,-7.4,14,36,5,0,60,94.1,15,118,10,23,15,2
COLDSCAUR LAKE,2024-06-09,ACTUAL,20.8,-1.2,23,316,10,0,60,94.1,20,125,12.7,28,20,2
COLDSCAUR LAKE,2024-06-10,ACTUAL,18.3,4.4,40,351,9,0,60,91.6,23,132,8.4,32,16,2
COLDSCAUR LAKE,2024-06-11,ACTUAL,15.5,1.5,39,182,10,1,60,85.9,26,138,4,35,9,2
COLDSCAUR LAKE,2024-06-12,ACTUAL,12.4,2.3,50,322,7,6.8,60,55.6,16,132,0.4,25,0,1
COLDSCAUR LAKE,2024-06-13,ACTUAL,18.4,2.1,34,138,12,0,60,81.3,20,138,2.4,29,5,1
COLDSCAUR LAKE,2024-06-14,MANUAL,12,1.9,50,200,10,0,60,84.4,21,144,3.2,31,7,2
COLDSCAUR LAKE,2024-06-15,MANUAL,9.3,5.1,75,299,8,3.2,60,57.3,17,145,0.5,26,1,1
COLDSCAUR LAKE,2024-06-16,MANUAL,11.1,7.1,76,291,6,4.2,60,43.6,12,144,0.1,19,0,1
COLDSCAUR LAKE,2024-06-17,MANUAL,11,4.7,65,297,9,4,60,46.3,8,144,0.2,15,0,1
COLDSCAUR LAKE,2024-06-18,ACTUAL,15.7,-1.1,32,282,10,0.2,60,75.9,11,150,1.3,19,2,1
COLDSCAUR LAKE,2024-06-19,MANUAL,17,-0.8,30,280,10,0.2,60,87,15,157,4.6,24,8,2
COLDSCAUR LAKE,2024-06-20,ACTUAL,21.2,-0.8,23,161,9,0,60,91.8,19,164,8.7,30,15,2
COLDSCAUR LAKE,2024-06-21,ACTUAL,22.8,-2.1,19,211,9,0,60,93.7,24,171,11.2,36,20,2
COLDSCAUR LAKE,2024-06-22,MANUAL,15,1.4,40,210,5,0,60,91.4,27,177,6.7,39,15,2
COLDSCAUR LAKE,2024-06-23,MANUAL,5,-2.1,60,210,5,0,60,87.8,28,182,4,40,10,2
COLDSCAUR LAKE,2024-06-24,MANUAL,10.7,6.3,74,80,2,0.2,60,85,28,187,2.3,41,6,2
COLDSCAUR LAKE,2024-06-25,MANUAL,19.3,2.9,34,171,9,0.8,60,87.4,32,194,4.6,45,12,2
COLDSCAUR LAKE,2024-06-26,MANUAL,24.3,5.5,30,119,11,0,60,91.2,37,202,8.9,50,20,3
COLDSCAUR LAKE,2024-06-27,MANUAL,11.7,9.4,86,349,7,20.2,60,29.5,14,160,0,24,0,1
COLDSCAUR LAKE,2024-06-28,MANUAL,18.9,8.3,50,156,11,0.2,60,66.9,17,166,1,27,1,1
COLDSCAUR LAKE,2024-06-29,MANUAL,18.6,10.3,58,132,8,0,60,79.5,19,173,1.6,30,3,1
COLDSCAUR LAKE,2024-06-30,MANUAL,17.4,11.5,68,322,7,10.6,60,48.1,11,158,0.2,19,0,1
COLDSCAUR LAKE,2024-07-01,MANUAL,19.9,6.5,42,309,12,2.2,60,71.5,12,165,1.2,20,1,1
COLDSCAUR LAKE,2024-07-02,ACTUAL,14.4,7.8,64,324,7,1.2,60,73,13,171,1,22,1,1
COLDSCAUR LAKE,2024-07-03,ACTUAL,17.6,5.8,46,316,10,0,60,83.6,15,178,2.9,25,6,2
COLDSCAUR LAKE,2024-07-04,ACTUAL,22.3,4.7,32,339,9,0,60,89.7,19,186,6.6,30,13,2
COLDSCAUR LAKE,2024-07-05,ACTUAL,23.1,4.5,30,293,10,0,60,91.4,23,194,8.7,35,17,2
COLDSCAUR LAKE,2024-07-06,ACTUAL,23.4,3.8,28,290,10,0,60,92,27,201,9.3,41,19,2
COLDSCAUR LAKE,2024-07-07,ACTUAL,28.6,4.8,22,171,9,0,60,94.1,33,210,11.8,47,24,2
COLDSCAUR LAKE,2024-07-08,ACTUAL,28.9,1.4,17,321,11,0,60,95.4,38,219,16.3,53,32,3
COLDSCAUR LAKE,2024-07-09,ACTUAL,32,3.9,17,125,11,0,60,96,45,229,17.5,60,36,3
COLDSCAUR LAKE,2024-07-10,MANUAL,31.9,-1.1,12,305,7,0,65,97.1,52,238,16.3,67,36,3
COLDSCAUR LAKE,2024-07-11,ACTUAL,23.7,0.7,22,291,11,0,65,95.6,56,246,16,72,37,3
COLDSCAUR LAKE,2024-07-12,ACTUAL,23.7,6.8,34,342,8,0,65,93.3,60,254,10.3,76,28,3
COLDSCAUR LAKE,2024-07-13,ACTUAL,25.8,7.8,32,315,9,0,65,93.2,64,262,10.8,80,30,3
COLDSCAUR LAKE,2024-07-14,ACTUAL,25.2,6.3,30,283,10,0,65,93.3,69,271,11.5,84,32,3
COLDSCAUR LAKE,2024-07-15,ACTUAL,28.8,7.9,27,286,8,0,65,93.3,74,280,10.5,89,31,4
COLDSCAUR LAKE,2024-07-16,ACTUAL,29.2,8.2,27,280,6,0,65,93.4,79,289,9.3,94,29,4
COLDSCAUR LAKE,2024-07-17,ACTUAL,32,6.2,20,140,9,0,65,95.2,85,298,14.3,99,40,4
COLDSCAUR LAKE,2024-07-18,ACTUAL,29.4,7.8,26,159,9,0,65,95.1,91,307,13.4,104,39,4
COLDSCAUR LAKE,2024-07-19,ACTUAL,27.9,11.4,36,291,9,0,65,93.3,95,316,10.8,108,34,4
COLDSCAUR LAKE,2024-07-20,ACTUAL,30.8,5.2,20,106,9,0,65,95,101,325,13.4,114,40,4
COLDSCAUR LAKE,2024-07-21,ACTUAL,33.2,4,16,180,13,0,65,96.4,108,335,19.5,119,52,5
COLDSCAUR LAKE,2024-07-22,ACTUAL,23,11.7,49,138,5,0,65,91.2,111,342,6.7,122,26,4
COLDSCAUR LAKE,2024-07-23,ACTUAL,20.5,5.2,37,154,10,1.4,65,85.4,114,350,3.6,125,17,4
COLDSCAUR LAKE,2024-07-24,ACTUAL,16.4,4.1,44,143,7,0,65,87.1,116,357,4.1,128,19,4
COLDSCAUR LAKE,2024-07-25,ACTUAL,12.4,7.3,71,331,11,0,65,84.9,117,362,3.6,129,17,4
COLDSCAUR LAKE,2024-07-26,ACTUAL,16.8,6.9,52,343,8,0,65,86,119,369,3.6,132,17,4
COLDSCAUR LAKE,2024-07-27,ACTUAL,20.4,6.6,41,332,6,0,65,88.3,122,377,4.6,135,21,4
COLDSCAUR LAKE,2024-07-28,ACTUAL,23.9,9.4,40,237,6,0,65,89.5,125,385,5.5,138,24,4
COLDSCAUR LAKE,2024-07-29,ACTUAL,13.1,12.8,98,159,8,10.2,65,23,61,355,0,85,0,2
COLDSCAUR LAKE,2024-07-30,ACTUAL,15.7,14.2,91,259,2,8.4,65,14.2,33,335,0,54,0,2
COLDSCAUR LAKE,2024-07-31,ACTUAL,22.4,11.2,49,181,11,0,65,63.3,36,343,0.9,57,3,2
COLDSCAUR LAKE,2024-08-01,ACTUAL,25.7,10.3,38,130,8,0,65,85.4,40,351,3.3,62,11,2
COLDSCAUR LAKE,2024-08-02,ACTUAL,30.1,9,27,257,6,0,65,92.5,44,359,8.1,68,22,3
COLDSCAUR LAKE,2024-08-03,ACTUAL,27.2,11.6,38,309,8,0,65,92.3,48,367,9.1,72,25,3
COLDSCAUR LAKE,2024-08-04,ACTUAL,29.3,7.2,25,307,9,0,65,93.6,53,375,11.3,78,30,3
COLDSCAUR LAKE,2024-08-05,ACTUAL,23.2,13.2,53,296,10,0,65,89.9,55,382,6.8,81,22,3
COLDSCAUR LAKE,2024-08-06,ACTUAL,21.5,8,42,269,9,0.4,65,89.9,58,389,6.7,84,22,3
COLDSCAUR LAKE,2024-08-07,ACTUAL,23.6,8,37,271,8,0.2,65,90.3,61,397,6.7,88,23,3
COLDSCAUR LAKE,2024-08-08,ACTUAL,25.2,7.2,32,29,5,0,65,91.4,65,404,6.7,92,23,3
COLDSCAUR LAKE,2024-08-09,ACTUAL,21.9,7.6,40,85,10,0,65,91.1,68,411,8.4,96,27,4
COLDSCAUR LAKE,2024-08-10,MANUAL,27.3,6.1,26,284,8,0.2,80,93,72,419,9.8,101,31,4
COLDSCAUR LAKE,2024-08-11,MANUAL,26.7,9.9,35,8,6,6.6,80,75.7,46,404,1.1,72,4,2
COLDSCAUR LAKE,2024-08-12,ACTUAL,22.6,14.3,59,200,3,2.6,80,69,40,411,0.7,65,2,2
COLDSCAUR LAKE,2024-08-13,ACTUAL,21.4,12.1,55,32,4,0.6,80,80.2,43,418,1.4,68,5,2
COLDSCAUR LAKE,2024-08-14,ACTUAL,20.7,9.9,50,327,6,0,80,85.5,45,425,3,71,11,2
COLDSCAUR LAKE,2024-08-15,ACTUAL,24.8,11.7,44,159,8,0.2,80,88.6,48,432,5.3,75,17,3
COLDSCAUR LAKE,2024-08-16,ACTUAL,15.7,13.4,86,264,3,0.2,80,83,48,438,1.9,76,7,2
COLDSCAUR LAKE,2024-08-17,ACTUAL,20.7,13,61,274,8,2,80,75.1,45,445,1.2,72,5,2
COLDSCAUR LAKE,2024-08-18,ACTUAL,22,12.9,56,200,8,0,80,83.6,47,452,2.7,75,10,2
COLDSCAUR LAKE,2024-08-19,ACTUAL,21.4,6.8,39,143,11,0,80,88.4,50,458,5.9,79,19,3
COLDSCAUR LAKE,2024-08-20,ACTUAL,16.9,6.1,49,278,4,0,80,88.5,52,464,4.1,81,15,2
COLDSCAUR LAKE,2024-08-21,ACTUAL,18.8,7.9,49,167,11,0,80,88.5,54,471,5.9,84,20,3
COLDSCAUR LAKE,2024-08-22,ACTUAL,22.4,5.2,33,203,8,0,80,90.5,57,478,6.9,88,23,3
COLDSCAUR LAKE,2024-08-23,ACTUAL,26,6.5,29,304,10,0,80,92.1,61,486,9.4,93,29,4
COLDSCAUR LAKE,2024-08-24,ACTUAL,9.7,9.2,97,111,6,26,80,16.5,24,374,0,42,0,1
COLDSCAUR LAKE,2024-08-25,ACTUAL,16.6,10.3,66,149,10,2.6,80,45.1,21,380,0.1,37,0,1
COLDSCAUR LAKE,2024-08-26,ACTUAL,16.7,7.9,56,162,15,0,80,72,22,386,1.4,39,4,1
COLDSCAUR LAKE,2024-08-27,ACTUAL,6.7,6.4,98,311,9,18,80,13.9,9,325,0,17,0,1
COLDSCAUR LAKE,2024-08-28,ACTUAL,15.6,6.4,54,296,11,0.6,80,52,11,331,0.4,20,0,1
COLDSCAUR LAKE,2024-08-29,ACTUAL,20.7,8.7,46,193,7,0,80,77.1,13,338,1.2,24,2,1
COLDSCAUR LAKE,2024-08-30,ACTUAL,22.8,7.3,37,299,8,0,80,87.5,16,345,4.4,29,9,2
COLDSCAUR LAKE,2024-08-31,ACTUAL,25.6,9.3,36,127,8,0,80,90.4,20,353,6.9,35,14,2
COLDSCAUR LAKE,2024-09-01,ACTUAL,27.3,9.1,32,155,9,0,80,91.8,23,359,8.7,40,18,2
COLDSCAUR LAKE,2024-09-02,ACTUAL,25.3,11.8,43,172,8,0,80,91.2,26,366,7.8,44,17,2
COLDSCAUR LAKE,2024-09-03,ACTUAL,21.7,7.8,41,311,10,0,80,90.9,29,371,7.9,48,18,2
COLDSCAUR LAKE,2024-09-04,ACTUAL,21.1,5.7,37,309,9,0,80,91,31,377,7.7,51,19,3
COLDSCAUR LAKE,2024-09-05,ACTUAL,25.1,7.2,32,152,10,0,80,91.5,34,383,8.9,56,22,3
COLDSCAUR LAKE,2024-09-06,ACTUAL,27.6,10.2,34,153,8,0,80,91.6,38,390,8.2,61,21,3
COLDSCAUR LAKE,2024-09-07,ACTUAL,27.8,4.7,23,223,6,0,80,93.7,42,396,9.6,66,25,3
COLDSCAUR LAKE,2024-09-08,ACTUAL,22.9,8.5,40,166,11,0,80,91.8,44,402,9.4,69,25,3
COLDSCAUR LAKE,2024-09-09,ACTUAL,16.4,3.7,43,303,12,0,80,90.2,46,407,8.2,72,23,3
COLDSCAUR LAKE,2024-09-10,ACTUAL,18.6,-4.2,21,188,8,0,80,92.3,49,412,8.8,75,25,3
COLDSCAUR LAKE,2024-09-11,ACTUAL,10.5,6.9,78,148,6,0,80,85.5,49,415,3.1,76,11,2
COLDSCAUR LAKE,2024-09-12,ACTUAL,16.9,7.8,55,288,13,0.2,80,85.9,51,420,4.6,78,16,2
COLDSCAUR LAKE,2024-09-13,ACTUAL,17.7,7.2,50,183,8,0,80,86.7,52,425,3.9,80,14,2
COLDSCAUR LAKE,2024-09-14,ACTUAL,12.6,9.6,82,148,4,9.8,80,36.1,27,392,0,47,0,1
COLDSCAUR LAKE,2024-09-15,ACTUAL,10.7,8.3,85,253,3,7,80,22.7,16,372,0,28,0,1
COLDSCAUR LAKE,2024-09-16,ACTUAL,16.3,8.3,59,311,7,1,80,53.2,17,377,0.3,30,0,1
COLDSCAUR LAKE,2024-09-17,ACTUAL,18.2,9.1,55,195,6,0,80,73.8,18,382,1,33,2,1
COLDSCAUR LAKE,2024-09-18,ACTUAL,17.2,2.7,38,276,10,0,80,85,20,387,3.4,36,8,2
COLDSCAUR LAKE,2024-09-19,ACTUAL,10.8,5.4,69,325,5,0,80,84.5,21,390,2.6,37,6,2
COLDSCAUR LAKE,2024-09-20,ACTUAL,11.6,0.9,48,321,13,0,80,85.8,22,394,4.4,39,10,2
COLDSCAUR LAKE,2024-09-21,ACTUAL,10.3,2.9,60,146,12,0,80,85.7,23,398,4.3,40,10,2
COLDSCAUR LAKE,2024-09-22,ACTUAL,10.4,9.8,96,159,8,2,80,58.6,21,401,0.5,36,1,1
COLDSCAUR LAKE,2024-09-23,ACTUAL,16.5,11.5,72,151,10,2.8,80,58.1,17,400,0.6,31,1,1
COLDSCAUR LAKE,2024-09-24,ACTUAL,18.3,10.7,61,178,12,0,80,76.2,18,405,1.5,33,3,1
COLDSCAUR LAKE,2024-09-25,ACTUAL,10.4,9.6,95,318,14,8.6,80,26.6,10,378,0,18,0,1
COLDSCAUR LAKE,2024-09-26,ACTUAL,8.8,5.6,80,135,11,5,80,30.1,6,367,0,11,0,1
COLDSCAUR LAKE,2024-09-27,ACTUAL,14.1,3.5,49,198,10,0.4,80,62.3,7,371,0.8,14,1,1
COLDSCAUR LAKE,2024-09-28,ACTUAL,7.4,4,79,199,2,0,80,67.4,7,374,0.6,14,0,1
COLDSCAUR LAKE,2024-09-29,ACTUAL,5.1,3.6,90,302,8,2.6,80,46.4,5,377,0.2,10,0,1
COLDSCAUR LAKE,2024-09-30,ACTUAL,7.9,1.6,64,140,9,8.6,80,37.2,3,352,0,5,0,1
COLDSCAUR LAKE,2024-10-01,ACTUAL,4.3,3.8,97,139,12,6.4,80,14.9,1,334,0,2,0,1
COLDSCAUR LAKE,2024-10-02,ACTUAL,9.6,6,78,146,5,2.4,80,28.2,0,337,0,1,0,1
COLDSCAUR LAKE,2024-10-03,ACTUAL,10,2.4,59,145,11,0.8,80,54,1,339,0.5,2,0,1
COLDSCAUR LAKE,2024-10-04,ACTUAL,7.6,4.2,79,128,9,1,80,59.5,1,341,0.6,3,0,1
COLDSCAUR LAKE,2024-10-05,ACTUAL,10.6,2.2,56,139,10,0.8,80,71.7,2,344,1.1,4,0,1
COLDSCAUR LAKE,2024-10-06,ACTUAL,7.2,6.9,98,147,6,7.6,80,21.7,1,323,0,1,0,1
COLDSCAUR LAKE,2024-10-07,ACTUAL,9.8,7.6,86,170,8,2.4,80,28.8,0,326,0,0,0,1
COLDSCAUR LAKE,2024-10-08,ACTUAL,14.4,7.5,63,145,7,1.4,80,51.9,1,329,0.3,2,0,1
COLDSCAUR LAKE,2024-10-09,ACTUAL,12,-2,38,260,7,0,80,73.7,2,332,1,5,0,1
COLDSCAUR LAKE,2024-10-10,ACTUAL,7.7,1.1,63,344,5,0.8,80,75,3,334,1,6,0,1
COLDSCAUR LAKE,2024-10-11,ACTUAL,11.3,-0.6,44,132,9,0,80,82.7,4,337,2.5,8,2,1
COLDSCAUR LAKE,2024-10-12,ACTUAL,15.1,0,36,144,11,0,80,87.4,5,340,5,10,6,2
COLDSCAUR LAKE,2024-10-13,ACTUAL,15.4,4.1,47,153,11,0,80,87.4,7,344,5.2,13,6,2
COLDSCAUR LAKE,2024-10-14,ACTUAL,11.7,5,63,161,10,0,80,86,7,346,4,14,5,2
COLDSCAUR LAKE,2024-10-15,ACTUAL,10.6,7,78,131,7,0.4,80,83.5,8,349,2.4,15,3,1
COLDSCAUR LAKE,2024-10-16,ACTUAL,7.3,-0.4,58,208,7,0,80,83.8,8,351,2.6,16,4,1
COLDSCAUR LAKE,2024-10-17,ACTUAL,5.8,-2,57,280,8,0.6,80,82.8,9,353,2.4,17,3,1
COLDSCAUR LAKE,2024-10-18,ACTUAL,-0.3,-0.4,99,134,12,0,80,76.3,9,353,1.5,17,2,1
COLDSCAUR LAKE,2024-10-19,ACTUAL,5,4.7,98,136,12,12.6,80,17.5,4,313,0,8,0,1
COLDSCAUR LAKE,2024-10-20,ACTUAL,4.6,4.6,100,93,6,12.2,80,2.4,1,279,0,3,0,1
COLDSCAUR LAKE,2024-10-21,ACTUAL,3.5,1.7,88,287,6,9.6,80,10,0,254,0,0,0,1
COLDSCAUR LAKE,2024-10-22,ACTUAL,1.1,-1.5,83,259,4,0.2,80,20.6,0,255,0,0,0,1
COLDSCAUR LAKE,2024-10-23,ACTUAL,2.6,0,83,208,4,0,80,31.4,0,256,0,0,0,1
COLDSCAUR LAKE,2024-10-24,ACTUAL,4.5,-1.3,66,174,3,0.6,80,46.7,1,258,0.1,1,0,1
COLDSCAUR LAKE,2024-10-25,ACTUAL,2.7,-2.8,67,157,9,0,80,60.2,1,259,0.7,1,0,1
COLDSCAUR LAKE,2024-10-26,ACTUAL,3.8,3.5,98,98,5,2.2,80,40.1,0,260,0,0,0,1
COLDSCAUR LAKE,2024-10-27,ACTUAL,6.9,5.3,90,208,8,4.2,80,27.2,0,254,0,0,0,1
COLDSCAUR LAKE,2024-10-28,ACTUAL,2.3,1.7,96,18,3,0.6,80,29.2,0,255,0,0,0,1
COLDSCAUR LAKE,2024-10-29,ACTUAL,4.2,-2.2,63,130,8,0.6,80,48.4,0,257,0.2,1,0,1
COLDSCAUR LAKE,2024-10-30,ACTUAL,3.5,-3.1,62,157,9,0,80,62.9,1,258,0.8,1,0,1
COLDSCAUR LAKE,2024-10-31,ACTUAL,2,1.4,96,100,5,0.4,80,63.8,1,259,0.6,1,0,1
EAST BARRIERE,2024-05-01,ACTUAL,15.6,-8,19,292,10,0,60,90.6,51,128,7.6,51,18,4
EAST BARRIERE,2024-05-02,ACTUAL,17.9,-2,26,126,6,0,60,91.4,54,134,6.9,54,18,4
EAST BARRIERE,2024-05-03,ACTUAL,14.7,-2.4,31,92,6,0.2,60,91.4,57,139,7.1,57,19,4
EAST BARRIERE,2024-05-04,ACTUAL,20.5,-5.4,17,159,6,0,60,93.7,62,145,9.5,62,24,4
EAST BARRIERE,2024-05-05,ACTUAL,20.3,-1.6,23,302,6,0,60,93.7,66,151,9.7,66,25,4
EAST BARRIERE,2024-05-06,ACTUAL,13.8,-0.4,38,52,6,0.6,60,90.4,69,156,6.2,69,18,4
EAST BARRIERE,2024-05-07,ACTUAL,14.8,-3.2,29,265,8,0,60,90.5,72,161,7,71,21,4
EAST BARRIERE,2024-05-08,ACTUAL,19.5,-5.5,18,171,6,0,60,93.1,76,167,9.2,76,26,4
EAST BARRIERE,2024-05-09,ACTUAL,23.5,-0.8,20,225,7,0,60,93.8,81,173,10.4,81,29,4
EAST BARRIERE,2024-05-10,ACTUAL,27.2,0.8,18,305,6,0,60,94.9,87,181,11.6,87,32,5
EAST BARRIERE,2024-05-11,ACTUAL,27.4,1.7,19,292,9,0,60,94.9,93,188,13.7,93,37,5
EAST BARRIERE,2024-05-12,ACTUAL,25.3,4.9,27,281,11,0,60,94.3,98,195,13.5,98,38,5
EAST BARRIERE,2024-05-13,ACTUAL,15.9,6.6,54,283,9,2.4,60,74.7,82,200,1.2,82,5,3
EAST BARRIERE,2024-05-14,ACTUAL,20.7,3.7,33,279,7,0,60,87,85,206,4,85,15,4
EAST BARRIERE,2024-05-15,ACTUAL,20.3,5.8,39,96,4,0,60,88.8,89,212,4.4,89,17,4
EAST BARRIERE,2024-05-16,ACTUAL,12.6,7.7,72,235,5,17.6,60,37.3,42,175,0,53,0,2
EAST BARRIERE,2024-05-17,ACTUAL,13.1,0.7,43,290,12,5.8,60,52.5,28,169,0.4,40,1,2
EAST BARRIERE,2024-05-18,ACTUAL,13.2,1.5,45,100,5,0.6,60,71.7,30,174,0.8,42,2,2
EAST BARRIERE,2024-05-19,ACTUAL,15.6,2.3,41,262,7,1.2,60,78.2,33,179,1.3,45,4,3
EAST BARRIERE,2024-05-20,ACTUAL,19.5,-0.1,27,279,9,0,60,88.8,37,185,5.7,49,15,3
EAST BARRIERE,2024-05-21,ACTUAL,10.4,9,91,288,4,2.4,60,57.2,32,189,0.4,45,1,2
EAST BARRIERE,2024-05-22,ACTUAL,17.3,5.9,47,286,9,5,60,60.2,23,186,0.6,35,1,2
EAST BARRIERE,2024-05-23,ACTUAL,22,4,31,278,9,0,60,84.4,27,192,3,40,8,2
EAST BARRIERE,2024-05-24,ACTUAL,14.9,8.7,66,72,5,1.8,60,71.8,26,197,0.9,39,2,2
EAST BARRIERE,2024-05-25,ACTUAL,13.3,8.6,73,33,4,11,60,36.8,13,177,0,23,0,2
EAST BARRIERE,2024-05-26,ACTUAL,12,5,62,287,6,1.4,60,54.1,15,182,0.4,25,0,2
EAST BARRIERE,2024-05-27,ACTUAL,15.3,4.3,48,4,2,0,60,71.8,17,187,0.7,28,1,2
EAST BARRIERE,2024-05-28,ACTUAL,13.5,10.7,83,299,5,2.2,60,57.2,15,192,0.4,25,0,2
EAST BARRIERE,2024-05-29,ACTUAL,9.7,6.8,82,275,7,1.4,60,56.7,15,196,0.4,26,0,2
EAST BARRIERE,2024-05-30,ACTUAL,14.6,-0.4,36,294,8,0.2,60,78.1,18,201,1.4,30,3,2
EAST BARRIERE,2024-05-31,ACTUAL,18.1,1.5,33,284,10,0,60,87.3,22,207,4.8,34,10,3
EAST BARRIERE,2024-06-01,ACTUAL,15.3,9.5,68,131,6,7.4,60,49.9,13,197,0.2,22,0,2
EAST BARRIERE,2024-06-02,ACTUAL,18.1,5.6,44,229,5,2.6,60,64.3,13,204,0.7,22,1,2
EAST BARRIERE,2024-06-03,ACTUAL,10.6,8.8,89,39,5,14.4,60,22.4,6,176,0,11,0,1
EAST BARRIERE,2024-06-04,ACTUAL,15.8,4.2,46,205,3,0.2,60,54.7,8,182,0.3,15,0,1
EAST BARRIERE,2024-06-05,ACTUAL,15.9,2.6,41,316,5,3.2,60,61.8,8,184,0.6,15,0,1
EAST BARRIERE,2024-06-06,ACTUAL,19.9,0.7,28,293,8,0,60,84.2,12,191,2.8,21,5,2
EAST BARRIERE,2024-06-07,ACTUAL,21.8,-3.6,18,278,12,0,60,92.6,17,198,11.1,28,18,3
EAST BARRIERE,2024-06-08,ACTUAL,24.7,-2,17,135,6,0,60,94.5,23,206,10.8,36,20,3
EAST BARRIERE,2024-06-09,ACTUAL,25.7,3,23,329,4,0,60,94.6,28,214,10.1,42,21,3
EAST BARRIERE,2024-06-10,ACTUAL,23.3,5.6,32,287,8,0,60,93.3,33,222,10.2,48,22,4
EAST BARRIERE,2024-06-11,ACTUAL,20,4,35,313,6,0,60,92.2,36,229,7.9,52,19,4
EAST BARRIERE,2024-06-12,ACTUAL,17.2,3,39,279,7,0.2,60,91,39,235,7.2,55,18,4
EAST BARRIERE,2024-06-13,ACTUAL,23.2,5.9,33,281,8,0,60,91.1,43,243,7.6,60,20,4
EAST BARRIERE,2024-06-14,ACTUAL,17.7,-0.7,29,284,6,0,60,91.1,47,249,6.9,64,19,4
EAST BARRIERE,2024-06-15,ACTUAL,14.8,4.8,51,294,9,0,60,88.9,49,255,5.7,66,17,4
EAST BARRIERE,2024-06-16,ACTUAL,12.2,10.4,89,96,5,0.8,60,80,49,261,1.5,67,6,3
EAST BARRIERE,2024-06-17,ACTUAL,13.1,9.4,78,265,7,2.2,60,63.4,44,267,0.7,62,2,3
EAST BARRIERE,2024-06-18,ACTUAL,19.1,3.6,36,303,7,0,60,82.5,47,274,2.1,66,8,3
EAST BARRIERE,2024-06-19,ACTUAL,18.1,6.3,46,44,6,0,60,86.2,50,280,3.3,69,12,3
EAST BARRIERE,2024-06-20,ACTUAL,24.5,0.7,21,93,7,0,60,92.7,55,288,8.7,75,25,4
EAST BARRIERE,2024-06-21,ACTUAL,28.4,1.8,18,314,6,0,60,94.9,62,297,11.3,81,31,4
EAST BARRIERE,2024-06-22,ACTUAL,19.6,14.9,74,110,5,0,60,86.9,63,303,3.5,83,13,4
EAST BARRIERE,2024-06-23,ACTUAL,16.2,11.2,72,281,8,0,60,85.1,65,310,3.2,85,12,4
EAST BARRIERE,2024-06-24,ACTUAL,19.5,5.8,41,294,5,1,60,84.6,68,317,2.6,88,11,4
EAST BARRIERE,2024-06-25,ACTUAL,23.2,8.8,40,282,5,3,60,76.7,57,319,1.1,78,5,3
EAST BARRIERE,2024-06-26,ACTUAL,20.8,11.2,54,256,6,0,60,83.9,59,326,2.5,82,10,4
EAST BARRIERE,2024-06-27,ACTUAL,19.5,10.6,56,73,4,3.6,60,66,46,325,0.7,68,2,3
EAST BARRIERE,2024-06-28,ACTUAL,23,9.4,42,125,6,0,60,83.6,50,333,2.4,72,9,4
EAST BARRIERE,2024-06-29,ACTUAL,23,10.4,45,176,4,0,60,87.5,53,341,3.6,77,13,4
EAST BARRIERE,2024-06-30,ACTUAL,16.9,15.7,93,279,3,6,60,35.3,33,330,0,53,0,2
EAST BARRIERE,2024-07-01,ACTUAL,20.7,11.7,56,305,8,2.8,60,59.9,29,333,0.6,47,1,3
EAST BARRIERE,2024-07-02,ACTUAL,19.7,7.1,44,269,4,0.4,60,79,32,340,1.3,51,4,3
EAST BARRIERE,2024-07-03,ACTUAL,21.7,5.9,36,284,6,0,60,87.7,35,348,4.3,56,12,3
EAST BARRIERE,2024-07-04,ACTUAL,26.9,5.7,26,212,7,0,60,92.4,40,356,8.4,62,22,4
EAST BARRIERE,2024-07-05,ACTUAL,28.3,2.5,19,277,13,0,60,94.7,45,365,16.1,69,36,4
EAST BARRIERE,2024-07-06,ACTUAL,28,6.1,25,288,11,0,60,94.8,51,374,14.8,76,36,5
EAST BARRIERE,2024-07-07,ACTUAL,32,10.6,27,261,6,0,60,94.8,56,383,11.4,82,31,5
EAST BARRIERE,2024-07-08,ACTUAL,33.4,11.2,26,218,4,0,60,94.9,62,393,10.3,89,30,4
EAST BARRIERE,2024-07-09,ACTUAL,35,9.4,21,263,5,0,60,95.6,69,403,12.1,97,35,5
EAST BARRIERE,2024-07-10,MANUAL,35.4,7.5,18,276,8,0,65,96.3,76,413,15.4,104,43,5
EAST BARRIERE,2024-07-11,ACTUAL,29.5,5.5,22,303,10,0,65,96,82,422,15.9,110,45,5
EAST BARRIERE,2024-07-12,ACTUAL,29.3,6,23,300,9,0,65,95.7,87,431,15.2,116,44,5
EAST BARRIERE,2024-07-13,ACTUAL,31.2,8.2,24,299,9,0,65,95.7,93,441,14.8,122,44,5
EAST BARRIERE,2024-07-14,ACTUAL,32.6,8.8,23,45,5,0,65,95.8,99,450,12.3,128,40,5
EAST BARRIERE,2024-07-15,ACTUAL,32.9,9,23,255,5,0,65,95.8,105,460,12.5,134,41,5
EAST BARRIERE,2024-07-16,ACTUAL,33.8,7.7,20,244,5,0,65,95.9,112,469,12.7,140,42,5
EAST BARRIERE,2024-07-17,ACTUAL,35,12,25,263,3,0,65,95.9,118,479,11.5,146,40,5
EAST BARRIERE,2024-07-18,ACTUAL,33.2,11.1,26,262,6,0,65,95.7,124,489,12.7,152,43,5
EAST BARRIERE,2024-07-19,ACTUAL,34.4,11.5,25,260,6,0,65,95.8,130,499,13.3,158,45,5
EAST BARRIERE,2024-07-20,ACTUAL,33.4,8.8,22,246,5,0,65,95.8,137,509,12.5,163,43,5
EAST BARRIERE,2024-07-21,ACTUAL,36.7,11.5,22,132,4,0,65,95.9,143,519,11.9,170,42,5
EAST BARRIERE,2024-07-22,ACTUAL,27.6,15.6,48,302,5,1.2,65,86.8,147,528,3.5,173,18,5
EAST BARRIERE,2024-07-23,ACTUAL,25.8,6.3,29,280,8,0.2,65,91.5,151,536,7.9,178,33,5
EAST BARRIERE,2024-07-24,ACTUAL,21.4,4.8,34,277,8,0,65,91.6,155,544,7.9,181,33,5
EAST BARRIERE,2024-07-25,ACTUAL,21.3,5.1,35,292,8,0,65,91.6,158,551,8,184,33,5
EAST BARRIERE,2024-07-26,ACTUAL,22.6,7.5,38,282,7,0,65,91.5,162,559,7.7,188,32,5
EAST BARRIERE,2024-07-27,ACTUAL,25.9,7.9,32,344,4,0,65,91.7,166,567,6.8,192,30,5
EAST BARRIERE,2024-07-28,ACTUAL,28.7,9.8,31,289,8,0,65,92.3,171,576,8.7,196,35,5
EAST BARRIERE,2024-07-29,ACTUAL,16.3,15.1,93,62,2,2,65,63.1,126,583,0.5,164,3,3
EAST BARRIERE,2024-07-30,ACTUAL,23.2,15.4,61,263,3,19.2,65,47.5,57,483,0.1,88,0,2
EAST BARRIERE,2024-07-31,ACTUAL,27,13.3,43,82,5,0,65,80.1,61,491,1.5,93,7,3
EAST BARRIERE,2024-08-01,ACTUAL,31.1,11.4,30,327,5,0,65,91.5,66,500,6.9,99,24,4
EAST BARRIERE,2024-08-02,ACTUAL,31.5,10.2,27,239,6,0,65,93.5,71,509,9.4,105,31,4
EAST BARRIERE,2024-08-03,ACTUAL,32.9,11.4,27,291,7,0,65,93.9,76,518,10.7,111,34,5
EAST BARRIERE,2024-08-04,ACTUAL,28.9,13.9,40,278,7,0,65,92.5,79,526,8.9,115,31,5
EAST BARRIERE,2024-08-05,ACTUAL,30.5,12.8,34,292,7,0,65,92.6,84,534,8.8,120,31,5
EAST BARRIERE,2024-08-06,ACTUAL,26,7.9,32,285,10,0,65,92.6,88,542,10.4,125,36,5
EAST BARRIERE,2024-08-07,ACTUAL,28.2,10.3,33,148,4,0,65,92.7,92,550,7.7,129,29,5
EAST BARRIERE,2024-08-08,ACTUAL,30,8.4,26,77,6,0,65,93.6,96,558,9.8,135,35,5
EAST BARRIERE,2024-08-09,ACTUAL,30.5,9.9,28,276,9,0,65,93.6,101,567,11,140,38,5
EAST BARRIERE,2024-08-10,ACTUAL,28.8,9.9,31,248,4,0,65,93.7,105,575,8.9,144,34,5
EAST BARRIERE,2024-08-11,ACTUAL,29.8,9.8,29,130,4,2,65,87.8,95,583,3.7,135,18,5
EAST BARRIERE,2024-08-12,ACTUAL,29,10.1,31,216,6,0,65,91.8,99,592,7.5,140,30,5
EAST BARRIERE,2024-08-13,ACTUAL,26.5,13.3,44,103,6,0,65,91.3,102,599,6.9,143,28,5
EAST BARRIERE,2024-08-14,ACTUAL,26.7,15.2,49,168,4,4.2,65,73.3,70,588,0.8,108,4,3
EAST BARRIERE,2024-08-15,ACTUAL,29.6,14.1,39,291,6,0,65,88.3,74,597,4.4,113,19,4
EAST BARRIERE,2024-08-16,ACTUAL,18.7,17.5,93,254,0,1.4,65,69.2,74,603,0.6,113,3,3
EAST BARRIERE,2024-08-17,ACTUAL,26.1,12.2,42,252,5,0.4,65,85.4,77,611,2.8,118,14,4
EAST BARRIERE,2024-08-18,ACTUAL,27.1,13.4,43,279,6,0,65,89.1,81,618,5.1,122,22,5
EAST BARRIERE,2024-08-19,ACTUAL,26.3,6.8,29,309,5,0.2,65,91.9,85,626,7.2,127,28,5
EAST BARRIERE,2024-08-20,ACTUAL,23.6,8,37,294,5,0,65,91.9,88,633,7.4,131,29,5
EAST BARRIERE,2024-08-21,ACTUAL,18.9,10.8,59,66,3,0,65,88.6,90,640,4.1,133,19,5
EAST BARRIERE,2024-08-22,ACTUAL,25.3,11.4,42,225,3,3,65,76.5,71,636,1,111,5,3
EAST BARRIERE,2024-08-23,ACTUAL,29.3,9.9,30,263,4,0,65,90.3,75,644,5.6,117,23,4
EAST BARRIERE,2024-08-24,ACTUAL,13.1,12.5,96,68,0,15.6,65,17.9,35,548,0,61,0,2
EAST BARRIERE,2024-08-25,ACTUAL,17,11.4,69,141,2,3.8,65,34.1,27,540,0,47,0,2
EAST BARRIERE,2024-08-26,ACTUAL,21,11.7,55,46,2,0,65,62.9,29,547,0.5,51,1,2
EAST BARRIERE,2024-08-27,ACTUAL,12.3,5.8,64,290,10,2.8,65,59.4,24,544,0.7,43,1,2
EAST BARRIERE,2024-08-28,ACTUAL,19.4,7.8,47,278,10,1,65,77.3,26,550,1.5,47,4,3
EAST BARRIERE,2024-08-29,ACTUAL,23.6,8.8,39,141,0,0,65,85.4,29,558,2.2,52,7,3
EAST BARRIERE,2024-08-30,ACTUAL,27.4,11.4,37,192,2,0,65,89.8,33,566,4.6,57,13,3
EAST BARRIERE,2024-08-31,ACTUAL,28.2,11.6,36,220,3,0,65,91.1,37,574,5.8,63,17,4
EAST BARRIERE,2024-09-01,ACTUAL,29.8,12.2,34,213,2,0,65,91.9,40,581,6.3,69,19,4
EAST BARRIERE,2024-09-02,ACTUAL,23.2,13.5,54,268,8,0,65,89.4,42,587,5.9,72,18,4
EAST BARRIERE,2024-09-03,ACTUAL,27.7,9,31,271,7,0,65,91.9,46,593,8,77,24,4
EAST BARRIERE,2024-09-04,ACTUAL,23.7,9.6,41,272,5,0,65,91.4,48,599,6.6,81,21,4
EAST BARRIERE,2024-09-05,ACTUAL,27.3,11.3,37,245,4,0,65,91.4,52,606,6.3,85,21,4
EAST BARRIERE,2024-09-06,ACTUAL,29,13.6,39,258,4,0,65,91.5,55,613,6.6,90,22,4
EAST BARRIERE,2024-09-07,ACTUAL,28.6,9.2,30,276,4,0,65,92.4,59,620,7.3,95,25,4
EAST BARRIERE,2024-09-08,ACTUAL,18.8,11.5,62,280,4,0,65,88.3,60,625,4.1,97,16,4
EAST BARRIERE,2024-09-09,ACTUAL,17.7,6.2,47,299,4,0,65,88.3,62,630,4.1,99,17,4
EAST BARRIERE,2024-09-10,ACTUAL,20.5,4.4,35,269,6,0,65,89.8,64,635,5.5,103,21,4
EAST BARRIERE,2024-09-11,ACTUAL,14,10.3,78,158,2,0.6,65,84.3,65,639,2.1,103,10,4
EAST BARRIERE,2024-09-12,ACTUAL,20.6,8.6,46,13,3,0,65,87,67,645,3.2,106,14,4
EAST BARRIERE,2024-09-13,ACTUAL,19.9,6.5,42,55,6,0,65,88.3,69,650,4.5,109,19,4
EAST BARRIERE,2024-09-14,ACTUAL,19,10.9,59,140,3,2.6,65,69.6,58,655,0.7,95,3,3
EAST BARRIERE,2024-09-15,ACTUAL,19.1,5.5,41,191,4,7.8,65,59.1,35,611,0.5,61,1,2
EAST BARRIERE,2024-09-16,ACTUAL,19.6,8.6,49,279,4,0,65,77.4,36,616,1.1,63,4,3
EAST BARRIERE,2024-09-17,ACTUAL,21.7,9.2,45,244,4,0,65,85.4,39,622,2.7,67,10,3
EAST BARRIERE,2024-09-18,ACTUAL,23.6,3.4,27,283,9,0,65,91.3,42,628,8,72,23,4
EAST BARRIERE,2024-09-19,ACTUAL,19.9,7.6,45,275,6,0,65,90.2,44,633,6,75,19,4
EAST BARRIERE,2024-09-20,ACTUAL,14.4,0.5,39,275,11,0.8,65,86.8,46,637,4.7,77,16,4
EAST BARRIERE,2024-09-21,ACTUAL,14.8,4.5,50,44,4,0,65,86.8,47,642,3.3,79,12,4
EAST BARRIERE,2024-09-22,ACTUAL,13.2,12.6,96,37,0,1.2,65,71.3,47,646,0.7,80,3,3
EAST BARRIERE,2024-09-23,ACTUAL,22.3,10.8,48,158,4,0.6,65,82.7,49,651,1.9,83,8,4
EAST BARRIERE,2024-09-24,ACTUAL,22.3,12.3,53,30,3,0,65,85.9,51,657,2.8,86,11,4
EAST BARRIERE,2024-09-25,ACTUAL,18.4,15.1,81,101,3,1,65,77.4,52,662,1,87,5,3
EAST BARRIERE,2024-09-26,ACTUAL,16.6,4.6,45,50,2,2.6,65,68.4,45,667,0.7,77,2,3
EAST BARRIERE,2024-09-27,ACTUAL,21.3,2.4,29,300,6,0,65,86.1,48,672,3.3,81,13,4
EAST BARRIERE,2024-09-28,ACTUAL,11.3,5,65,264,5,0,65,85.4,48,676,2.9,82,11,4
EAST BARRIERE,2024-09-29,ACTUAL,13.4,3.2,50,278,8,0,65,86,50,680,3.6,84,14,4
EAST BARRIERE,2024-09-30,ACTUAL,13.4,3.2,50,130,4,2.2,65,71.3,45,684,0.8,77,3,3
EAST BARRIERE,2024-10-01,ACTUAL,8.5,8,97,52,2,2.2,65,46.9,39,686,0.1,69,0,2
EAST BARRIERE,2024-10-02,ACTUAL,14.9,5.7,54,67,2,1,65,63.5,40,690,0.6,70,2,3
EAST BARRIERE,2024-10-03,ACTUAL,15.5,4.5,48,160,4,0,65,77.6,42,693,1.1,72,4,3
EAST BARRIERE,2024-10-04,ACTUAL,8.5,8.2,98,28,2,0.2,65,75.3,42,696,0.9,73,3,3
EAST BARRIERE,2024-10-05,ACTUAL,15.4,5.3,51,58,6,1.6,65,74.2,41,699,1,72,4,3
EAST BARRIERE,2024-10-06,ACTUAL,10.4,10.1,98,71,3,0.6,65,72.2,41,702,0.8,72,3,3
EAST BARRIERE,2024-10-07,ACTUAL,17.5,7.3,51,131,3,0.2,65,81.4,43,705,1.6,74,6,3
EAST BARRIERE,2024-10-08,ACTUAL,21.8,6.4,37,275,4,0,65,87.9,45,710,3.9,78,14,4
EAST BARRIERE,2024-10-09,ACTUAL,19.2,3.7,36,280,8,0,65,89.4,47,714,5.8,80,19,4
EAST BARRIERE,2024-10-10,ACTUAL,12.6,1.2,46,267,4,0,65,88.8,48,717,4.3,82,16,4
EAST BARRIERE,2024-10-11,ACTUAL,12.7,1.9,48,194,1,0,65,88.4,49,720,3.6,84,14,4
EAST BARRIERE,2024-10-12,ACTUAL,17.2,3.4,40,108,2,0,65,88.6,51,724,4,86,15,4
EAST BARRIERE,2024-10-13,ACTUAL,19.6,5.2,39,142,1,0,65,89.1,53,728,4,89,15,4
EAST BARRIERE,2024-10-14,ACTUAL,11.4,10.6,95,75,0,0,65,81.2,53,731,1.3,89,6,3
EAST BARRIERE,2024-10-15,ACTUAL,12,10.1,88,90,0,0.2,65,80.3,53,734,1.2,90,5,3
EAST BARRIERE,2024-10-16,ACTUAL,13.3,1.6,45,307,5,0.6,65,83.8,54,737,2.3,92,10,4
EAST BARRIERE,2024-10-17,ACTUAL,9.9,-0.6,48,297,6,1,65,80.4,55,739,1.6,93,8,3
EAST BARRIERE,2024-10-18,ACTUAL,4.1,3.8,98,75,1,0.2,65,76.6,55,741,0.9,93,4,3
EAST BARRIERE,2024-10-19,ACTUAL,7.2,7,99,314,0,18.4,65,12.5,24,597,0,43,0,2
EAST BARRIERE,2024-10-20,ACTUAL,8.8,8.6,99,14,0,14.6,65,1.6,10,514,0,20,0,1
EAST BARRIERE,2024-10-21,ACTUAL,7.9,4.5,79,276,1,4.6,65,11.9,6,499,0,12,0,1
EAST BARRIERE,2024-10-22,ACTUAL,8.4,0.1,56,214,2,0,65,35.5,7,501,0,13,0,1
EAST BARRIERE,2024-10-23,ACTUAL,6.5,1.3,69,259,5,0,65,51.8,7,503,0.3,14,0,1
EAST BARRIERE,2024-10-24,ACTUAL,9.6,0.2,52,240,4,0,65,68.1,8,505,0.7,16,1,1
EAST BARRIERE,2024-10-25,ACTUAL,4.6,0.9,77,281,2,0,65,71.7,8,507,0.7,16,1,1
EAST BARRIERE,2024-10-26,ACTUAL,9.2,8.1,93,128,1,4,65,35.5,5,495,0,10,0,1
EAST BARRIERE,2024-10-27,ACTUAL,12.3,7.7,73,74,1,5.4,65,30.4,3,477,0,6,0,1
EAST BARRIERE,2024-10-28,ACTUAL,9.2,3.4,67,253,0,0.4,65,44.2,3,479,0.1,7,0,1
EAST BARRIERE,2024-10-29,ACTUAL,5.1,2.9,86,83,3,1.2,65,44.7,4,481,0.1,7,0,1
EAST BARRIERE,2024-10-30,[object Object],,,,,,,,,,,,,,
EAST BARRIERE,2024-10-31,ACTUAL,6.9,3.7,80,135,0,0,,,,,,,,
HARBOUR LAKE,2024-05-01,ACTUAL,5.2,-4.7,49,350,8,0.2,60,54.6,1,10,0.4,2,0,1
HARBOUR LAKE,2024-05-02,ACTUAL,9.5,-4.6,37,296,6,0.2,60,73.5,3,14,1,4,0,1
HARBOUR LAKE,2024-05-03,ACTUAL,9.1,-6.1,34,119,7,0,60,82.6,5,18,2.2,6,1,2
HARBOUR LAKE,2024-05-04,ACTUAL,11.6,-6.9,27,105,10,0,60,88,7,22,5.3,8,5,2
HARBOUR LAKE,2024-05-05,ACTUAL,11.8,-2.2,38,212,6,0,60,88.2,10,27,4.4,10,5,2
HARBOUR LAKE,2024-05-06,ACTUAL,7.6,2.3,69,168,6,22.4,60,34.5,5,4,0,4,0,1
HARBOUR LAKE,2024-05-07,ACTUAL,5,-1.6,62,348,8,0.6,60,53.3,5,7,0.4,5,0,1
HARBOUR LAKE,2024-05-08,ACTUAL,11.7,-6.8,27,342,8,0,60,76.7,8,12,1.3,7,1,1
HARBOUR LAKE,2024-05-09,ACTUAL,16.8,-3.4,25,332,9,0,60,87.9,11,17,5,11,6,2
HARBOUR LAKE,2024-05-10,ACTUAL,20,-0.7,25,259,7,0,60,91.3,15,23,7.2,15,9,2
HARBOUR LAKE,2024-05-11,ACTUAL,20,-1.3,24,324,8,0,60,92.2,20,29,8.9,19,13,2
HARBOUR LAKE,2024-05-12,ACTUAL,19.3,0.2,28,282,8,0,60,92.3,23,35,8.7,23,14,3
HARBOUR LAKE,2024-05-13,ACTUAL,7.9,5.5,85,339,7,6,60,41.4,14,31,0.1,14,0,1
HARBOUR LAKE,2024-05-14,ACTUAL,9.4,2.1,60,358,5,3,60,46.7,11,32,0.1,12,0,1
HARBOUR LAKE,2024-05-15,ACTUAL,10.5,3.3,61,112,4,0,60,63.2,13,37,0.6,14,0,1
HARBOUR LAKE,2024-05-16,ACTUAL,6.3,4,85,162,8,26,60,21.7,5,4,0,5,0,1
HARBOUR LAKE,2024-05-17,ACTUAL,2.8,0.7,86,340,6,4.6,60,19.3,3,3,0,3,0,1
HARBOUR LAKE,2024-05-18,ACTUAL,4.9,0.5,73,66,4,3.6,60,26.1,2,3,0,2,0,1
HARBOUR LAKE,2024-05-19,ACTUAL,5.2,0.2,70,8,7,5.6,60,28.8,1,3,0,1,0,1
HARBOUR LAKE,2024-05-20,ACTUAL,9.2,-3.5,41,343,8,0.6,60,57.6,2,7,0.5,3,0,1
HARBOUR LAKE,2024-05-21,ACTUAL,4.5,3.6,94,157,7,6.2,60,23.9,1,3,0,1,0,1
HARBOUR LAKE,2024-05-22,ACTUAL,11.3,3.9,60,321,9,3.2,60,43.4,1,5,0.1,2,0,1
HARBOUR LAKE,2024-05-23,ACTUAL,12,1.3,48,17,6,0,60,66.4,3,9,0.7,3,0,1
HARBOUR LAKE,2024-05-24,ACTUAL,6.1,5.5,96,341,5,1.8,60,49.4,2,13,0.2,3,0,1
HARBOUR LAKE,2024-05-25,ACTUAL,3.3,3,98,116,3,14.8,60,9.3,1,3,0,1,0,1
HARBOUR LAKE,2024-05-26,ACTUAL,4.3,2.9,91,141,9,15.2,60,9.8,0,3,0,0,0,1
HARBOUR LAKE,2024-05-27,ACTUAL,7.6,2.5,70,137,9,0.4,60,33.2,1,7,0,1,0,1
HARBOUR LAKE,2024-05-28,ACTUAL,6.3,5.8,97,223,6,6.6,60,12.7,0,4,0,0,0,1
HARBOUR LAKE,2024-05-29,ACTUAL,3.5,0.4,80,180,6,12.8,60,15.8,0,3,0,0,0,1
HARBOUR LAKE,2024-05-30,ACTUAL,5.7,-1.9,58,58,6,1.4,60,36.6,1,6,0,1,0,1
HARBOUR LAKE,2024-05-31,ACTUAL,8.5,-1.4,50,17,6,0.6,60,59.1,2,10,0.5,3,0,1
HARBOUR LAKE,2024-06-01,ACTUAL,5.9,5.3,96,139,6,7.2,60,20.6,1,5,0,1,0,1
HARBOUR LAKE,2024-06-02,ACTUAL,9.6,4.7,71,149,7,14.8,60,26.3,1,5,0,1,0,1
HARBOUR LAKE,2024-06-03,ACTUAL,5.9,5.6,98,129,7,19.8,60,4.2,0,4,0,0,0,1
HARBOUR LAKE,2024-06-04,ACTUAL,5.7,4.2,90,136,10,9.4,60,10.8,0,4,0,0,0,1
HARBOUR LAKE,2024-06-05,ACTUAL,3.1,2.8,98,145,7,4.6,60,6.6,0,4,0,0,0,1
HARBOUR LAKE,2024-06-06,ACTUAL,11,0.1,47,165,4,1.6,60,36.1,2,9,0,2,0,1
HARBOUR LAKE,2024-06-07,ACTUAL,13.7,-5.6,26,294,7,0,60,69.4,5,15,0.9,5,0,1
HARBOUR LAKE,2024-06-08,ACTUAL,17.1,-4.9,22,342,9,0,60,86.6,8,22,4.2,8,4,2
HARBOUR LAKE,2024-06-09,ACTUAL,18.3,-0.6,28,5,5,0,60,90.1,12,28,5.7,12,7,2
HARBOUR LAKE,2024-06-10,ACTUAL,12.7,5.9,63,289,4,0.6,60,86.3,13,34,3,13,4,2
HARBOUR LAKE,2024-06-11,ACTUAL,12.8,4.8,58,136,10,2.2,60,71.6,12,40,1.1,14,1,1
HARBOUR LAKE,2024-06-12,ACTUAL,9,4.3,72,292,7,6.6,60,42.6,7,36,0.1,10,0,1
HARBOUR LAKE,2024-06-13,ACTUAL,16.8,-1.5,29,169,11,0,60,76.2,11,42,1.4,13,1,1
HARBOUR LAKE,2024-06-14,ACTUAL,7.8,3.5,74,290,2,0,60,78.1,11,47,1.1,14,1,1
HARBOUR LAKE,2024-06-15,ACTUAL,3.5,3.1,97,155,5,0.8,60,71.9,11,51,0.9,15,1,1
HARBOUR LAKE,2024-06-16,ACTUAL,7.4,3.8,78,66,4,7.6,60,34.8,6,45,0,9,0,1
HARBOUR LAKE,2024-06-17,ACTUAL,4.7,4.7,100,14,6,7.4,60,9,3,38,0,5,0,1
HARBOUR LAKE,2024-06-18,ACTUAL,11.1,-5.5,31,14,7,3.6,60,44,3,40,0.1,6,0,1
HARBOUR LAKE,2024-06-19,ACTUAL,11.4,2.2,53,188,5,0,60,64.8,5,45,0.7,8,0,1
HARBOUR LAKE,2024-06-20,ACTUAL,15.3,-5.2,24,107,7,0,60,83.5,8,52,2.4,12,3,2
HARBOUR LAKE,2024-06-21,ACTUAL,16.7,-3.5,25,243,2,0,60,89,12,58,4,16,6,2
HARBOUR LAKE,2024-06-22,ACTUAL,17.7,0.7,32,138,9,0,60,90,15,65,6.8,19,10,2
HARBOUR LAKE,2024-06-23,ACTUAL,10.9,8,82,145,7,7.2,60,41.3,9,59,0.1,13,0,1
HARBOUR LAKE,2024-06-24,ACTUAL,9.3,6.2,81,111,6,5.4,60,31,5,57,0,9,0,1
HARBOUR LAKE,2024-06-25,ACTUAL,17.4,1.3,34,171,8,0.2,60,69.1,8,64,0.9,13,1,1
HARBOUR LAKE,2024-06-26,ACTUAL,20.9,2.6,30,149,9,0,60,86.5,12,71,4.1,17,6,2
HARBOUR LAKE,2024-06-27,ACTUAL,9.3,8.8,97,200,4,20.8,60,16.3,5,40,0,8,0,1
HARBOUR LAKE,2024-06-28,ACTUAL,14.1,10.5,79,337,6,2.8,60,31.4,4,44,0,7,0,1
HARBOUR LAKE,2024-06-29,ACTUAL,18.1,4.2,40,166,10,0,60,69.4,7,50,1,11,1,1
HARBOUR LAKE,2024-06-30,ACTUAL,10.4,10.4,100,335,5,7.8,60,18.6,3,44,0,6,0,1
HARBOUR LAKE,2024-07-01,ACTUAL,13.6,9.9,78,322,7,6.2,60,28.7,2,42,0,4,0,1
HARBOUR LAKE,2024-07-02,ACTUAL,14.4,5,53,316,9,9,60,43.8,2,35,0.1,4,0,1
HARBOUR LAKE,2024-07-03,ACTUAL,13.5,5.9,60,341,6,0,60,64.9,3,41,0.7,6,0,1
HARBOUR LAKE,2024-07-04,ACTUAL,18.7,1.5,32,317,5,0,60,83.2,7,48,2.2,10,2,2
HARBOUR LAKE,2024-07-05,ACTUAL,20.8,0.5,26,276,8,0,60,90.3,10,55,6.7,14,9,2
HARBOUR LAKE,2024-07-06,ACTUAL,21.4,3,30,328,7,0,60,91.2,14,63,7.2,18,10,2
HARBOUR LAKE,2024-07-07,ACTUAL,25.3,4.3,26,113,6,0,60,92.6,19,71,8.5,23,13,3
HARBOUR LAKE,2024-07-08,ACTUAL,25.7,6.7,30,308,8,0,60,92.7,23,80,9.1,27,15,3
HARBOUR LAKE,2024-07-09,ACTUAL,29.1,7,25,327,7,0,60,93.6,28,89,10.4,32,18,3
HARBOUR LAKE,2024-07-10,MANUAL,28.3,5.8,24,207,9,0,65,93.8,34,97,11.6,36,21,3
HARBOUR LAKE,2024-07-11,ACTUAL,22,2,27,318,7,0,65,93.6,38,105,10.3,40,20,3
HARBOUR LAKE,2024-07-12,ACTUAL,21.3,3.4,31,327,8,0,65,93,41,113,9.7,43,20,4
HARBOUR LAKE,2024-07-13,ACTUAL,23.2,8,38,337,8,0,65,92,45,120,8.6,46,19,4
HARBOUR LAKE,2024-07-14,ACTUAL,23.8,6,32,7,6,0,65,92,49,128,7.8,50,19,4
HARBOUR LAKE,2024-07-15,ACTUAL,25,6.6,31,355,7,0,65,92.1,53,137,8.1,54,20,4
HARBOUR LAKE,2024-07-16,ACTUAL,26.9,5.7,26,317,7,0,65,93,58,145,9.1,58,22,4
HARBOUR LAKE,2024-07-17,ACTUAL,28.3,2.5,19,10,8,0,65,94.8,63,154,12.3,63,29,4
HARBOUR LAKE,2024-07-18,ACTUAL,26.4,8.7,33,345,5,0,65,93.6,68,162,9.1,68,24,4
HARBOUR LAKE,2024-07-19,ACTUAL,27.7,8.5,30,137,12,0,65,93.6,73,171,13.3,72,32,5
HARBOUR LAKE,2024-07-20,ACTUAL,28.6,4.1,21,121,7,0,65,94.4,78,180,11.4,78,30,4
HARBOUR LAKE,2024-07-21,ACTUAL,31.6,5.9,20,168,10,0,65,95.2,84,189,15,84,38,5
HARBOUR LAKE,2024-07-22,ACTUAL,22.6,11.7,50,135,7,0.4,65,90.7,87,197,6.6,87,22,4
HARBOUR LAKE,2024-07-23,ACTUAL,17.9,2.5,36,140,10,1,65,86.9,90,204,4.6,90,17,4
HARBOUR LAKE,2024-07-24,ACTUAL,16.1,4.4,46,321,7,0,65,87.3,92,211,4.2,92,16,4
HARBOUR LAKE,2024-07-25,ACTUAL,8.7,6,83,156,4,1,65,76.8,92,216,1.1,92,5,3
HARBOUR LAKE,2024-07-26,ACTUAL,12.8,6.2,64,349,9,1.4,65,73.1,94,222,1.1,94,5,3
HARBOUR LAKE,2024-07-27,ACTUAL,17.4,7.2,51,334,6,0,65,82.2,96,229,2,96,9,4
HARBOUR LAKE,2024-07-28,ACTUAL,20.6,7.9,44,144,9,0,65,87.1,99,236,4.4,99,17,4
HARBOUR LAKE,2024-07-29,ACTUAL,11.2,11,99,136,5,4.8,65,33.5,63,232,0,75,0,2
HARBOUR LAKE,2024-07-30,ACTUAL,14.8,12.7,87,137,5,8,65,23.3,35,220,0,50,0,2
HARBOUR LAKE,2024-07-31,ACTUAL,20,10.2,53,151,10,0,65,63.5,37,228,0.8,53,2,3
HARBOUR LAKE,2024-08-01,ACTUAL,23.5,3.8,28,185,7,0,65,86.3,41,235,3.5,57,11,3
HARBOUR LAKE,2024-08-02,ACTUAL,27,7.9,30,313,9,0,65,91.5,45,243,8.2,62,21,4
HARBOUR LAKE,2024-08-03,ACTUAL,24.6,8.5,36,331,6,0,65,91.6,48,250,7.1,65,20,4
HARBOUR LAKE,2024-08-04,ACTUAL,25.4,8.7,35,14,5,0,65,91.6,52,258,7,69,20,4
HARBOUR LAKE,2024-08-05,ACTUAL,16.1,14.9,93,220,4,0.4,65,81.4,52,264,1.6,70,6,3
HARBOUR LAKE,2024-08-06,ACTUAL,18.8,2.9,35,306,6,1.2,65,83.5,55,270,2.3,73,9,4
HARBOUR LAKE,2024-08-07,ACTUAL,18,7.1,49,342,7,0,65,86.1,57,276,3.4,75,12,4
HARBOUR LAKE,2024-08-08,ACTUAL,17.2,10.6,65,176,5,0,65,86,58,282,3.2,77,12,4
HARBOUR LAKE,2024-08-09,ACTUAL,15.3,7.4,59,163,5,0,65,86,60,288,3.2,79,12,4
HARBOUR LAKE,2024-08-10,ACTUAL,22.4,8.1,40,325,8,0,65,88.9,63,295,5.4,82,18,4
HARBOUR LAKE,2024-08-11,ACTUAL,20.3,8,45,129,5,0.4,65,88.9,65,302,4.8,84,17,4
HARBOUR LAKE,2024-08-12,ACTUAL,19.1,8.8,51,259,8,0.8,65,85.5,67,308,3.3,87,13,4
HARBOUR LAKE,2024-08-13,ACTUAL,17.2,12.4,73,349,4,0.4,65,84.7,68,314,2.5,88,11,4
HARBOUR LAKE,2024-08-14,ACTUAL,17.5,13.9,79,203,4,1.2,65,74.9,69,320,0.9,90,4,3
HARBOUR LAKE,2024-08-15,ACTUAL,20,12.3,61,304,8,0.2,65,82.2,71,327,2.2,92,10,4
HARBOUR LAKE,2024-08-16,ACTUAL,12,12,100,312,4,10.6,65,18,36,300,0,55,0,2
HARBOUR LAKE,2024-08-17,ACTUAL,14.9,12.6,86,129,4,20.4,65,16.1,14,245,0,25,0,2
HARBOUR LAKE,2024-08-18,ACTUAL,21.7,9.6,46,218,5,0,65,60,17,252,0.5,28,1,2
HARBOUR LAKE,2024-08-19,ACTUAL,17.6,6.1,47,142,7,0,65,78.4,19,258,1.4,32,3,2
HARBOUR LAKE,2024-08-20,ACTUAL,15.8,4.2,46,160,5,0,65,84.3,21,264,2.5,34,6,2
HARBOUR LAKE,2024-08-21,ACTUAL,11.9,8.9,82,157,6,5.2,65,45.4,13,258,0.1,23,0,2
HARBOUR LAKE,2024-08-22,ACTUAL,17.5,6,47,278,6,0,65,71.8,15,264,0.9,27,1,2
HARBOUR LAKE,2024-08-23,ACTUAL,22.9,5.7,33,328,6,0,65,86.9,18,271,3.7,32,8,2
HARBOUR LAKE,2024-08-24,ACTUAL,8.6,8.1,97,164,8,17,65,18.4,8,229,0,15,0,1
HARBOUR LAKE,2024-08-25,ACTUAL,12.1,9.1,82,163,5,3.8,65,26,5,227,0,10,0,1
HARBOUR LAKE,2024-08-26,ACTUAL,15.1,7.7,61,147,10,0,65,57.1,7,233,0.6,12,0,1
HARBOUR LAKE,2024-08-27,ACTUAL,7.4,6.3,93,4,6,11.8,65,18.3,3,208,0,6,0,1
HARBOUR LAKE,2024-08-28,ACTUAL,10.5,7.9,84,342,9,6,65,23.8,1,201,0,3,0,1
HARBOUR LAKE,2024-08-29,ACTUAL,16.9,9.2,60,323,8,0,65,56.4,3,207,0.5,6,0,1
HARBOUR LAKE,2024-08-30,ACTUAL,20,8.7,48,320,7,0,65,78.2,5,214,1.4,10,1,1
HARBOUR LAKE,2024-08-31,ACTUAL,23.1,8.3,39,134,5,0,65,87.2,8,221,3.7,15,5,2
HARBOUR LAKE,2024-09-01,ACTUAL,24.8,7.3,33,129,8,0,65,90.7,11,227,7,20,11,3
HARBOUR LAKE,2024-09-02,ACTUAL,20.1,12.2,60,178,6,0,65,88.1,13,233,4.4,22,8,2
HARBOUR LAKE,2024-09-03,ACTUAL,19.3,8,48,356,7,0,65,88.1,15,238,4.7,25,9,3
HARBOUR LAKE,2024-09-04,ACTUAL,19.5,5.5,40,314,6,0,65,88.9,17,243,5,29,10,3
HARBOUR LAKE,2024-09-05,ACTUAL,23.4,5.2,31,153,8,0,65,91.1,20,249,7.4,33,14,3
HARBOUR LAKE,2024-09-06,ACTUAL,25.4,7.4,32,157,9,0,65,91.6,23,255,8.4,38,17,3
HARBOUR LAKE,2024-09-07,ACTUAL,23.6,6.3,33,3,7,0,65,91.6,26,261,7.8,42,17,3
HARBOUR LAKE,2024-09-08,ACTUAL,21.5,9.7,47,134,5,0,65,90.2,28,267,5.7,45,14,3
HARBOUR LAKE,2024-09-09,ACTUAL,10,4.8,70,298,7,0,65,86,29,270,3.4,45,9,3
HARBOUR LAKE,2024-09-10,ACTUAL,15.1,-2,31,348,8,0,65,89,31,275,5.4,48,14,3
HARBOUR LAKE,2024-09-11,ACTUAL,9.7,7.1,84,358,5,0.6,65,82.6,31,278,2,49,6,3
HARBOUR LAKE,2024-09-12,ACTUAL,11.7,8.2,79,359,9,0.4,65,82.4,32,282,2.3,49,7,3
HARBOUR LAKE,2024-09-13,ACTUAL,12.4,5.4,62,168,7,0,65,83.4,32,286,2.4,51,7,3
HARBOUR LAKE,2024-09-14,ACTUAL,7.3,7.1,99,141,4,8.2,65,22.5,17,267,0,29,0,2
HARBOUR LAKE,2024-09-15,ACTUAL,9.1,7.4,89,274,4,7.2,65,15.9,9,253,0,17,0,1
HARBOUR LAKE,2024-09-16,ACTUAL,12.9,5.4,60,321,10,0,65,48.3,10,257,0.2,19,0,1
HARBOUR LAKE,2024-09-17,ACTUAL,16.3,6.4,52,332,7,0,65,71.7,12,261,1,21,1,2
HARBOUR LAKE,2024-09-18,ACTUAL,14.9,6.5,57,303,8,0,65,80.2,13,266,1.7,23,3,2
HARBOUR LAKE,2024-09-19,ACTUAL,10.2,5.4,72,318,7,0,65,81.1,14,269,1.8,24,3,2
HARBOUR LAKE,2024-09-20,ACTUAL,6.1,0.5,67,309,5,1.8,65,66.8,13,272,0.7,23,1,2
HARBOUR LAKE,2024-09-21,ACTUAL,7.7,0.9,62,138,7,0,65,74.9,13,275,1.1,24,1,2
HARBOUR LAKE,2024-09-22,ACTUAL,8.4,8.1,98,142,6,1.8,65,53.7,12,279,0.3,21,0,2
HARBOUR LAKE,2024-09-23,ACTUAL,11.5,10.4,93,135,6,3.6,65,33.2,8,276,0,15,0,1
HARBOUR LAKE,2024-09-24,ACTUAL,15.8,7.6,58,137,7,0,65,61.3,9,280,0.6,17,1,1
HARBOUR LAKE,2024-09-25,ACTUAL,13.6,10.8,83,132,9,9.8,65,34.1,5,258,0,9,0,1
HARBOUR LAKE,2024-09-26,ACTUAL,8,3.1,71,148,9,16.8,65,27.5,2,216,0,4,0,1
HARBOUR LAKE,2024-09-27,ACTUAL,11.7,4.2,60,164,9,2,65,49,2,220,0.2,4,0,1
HARBOUR LAKE,2024-09-28,ACTUAL,11.7,4.7,62,145,6,0,65,66.1,3,224,0.7,6,0,1
HARBOUR LAKE,2024-09-29,ACTUAL,1.1,1.1,100,4,6,0,65,66.2,3,226,0.7,6,0,1
HARBOUR LAKE,2024-09-30,ACTUAL,4.4,-2.4,61,132,5,3,65,52.4,2,224,0.3,4,0,1
HARBOUR LAKE,2024-10-01,ACTUAL,1,1,100,178,3,11.6,65,10.1,0,197,0,1,0,1
HARBOUR LAKE,2024-10-02,ACTUAL,4.3,3.4,94,5,3,14.6,65,5.2,0,165,0,0,0,1
HARBOUR LAKE,2024-10-03,ACTUAL,7.2,2.3,71,113,8,2.8,65,25.4,0,167,0,1,0,1
HARBOUR LAKE,2024-10-04,ACTUAL,0.5,0.1,97,153,6,0.4,65,27.7,0,168,0,1,0,1
HARBOUR LAKE,2024-10-05,ACTUAL,6.5,2.2,74,150,7,8.2,65,26.1,0,153,0,1,0,1
HARBOUR LAKE,2024-10-06,ACTUAL,5.5,4.3,92,157,7,3.4,65,21.1,0,151,0,0,0,1
HARBOUR LAKE,2024-10-07,ACTUAL,12.3,1.3,47,133,10,3.2,65,48.1,1,150,0.2,2,0,1
HARBOUR LAKE,2024-10-08,ACTUAL,9.8,5.8,76,158,5,0,65,60.4,1,152,0.5,3,0,1
HARBOUR LAKE,2024-10-09,ACTUAL,8.6,1.8,62,164,6,0.2,65,71.4,2,154,0.9,4,0,1
HARBOUR LAKE,2024-10-10,ACTUAL,4.1,0.6,78,13,4,0.6,65,72.8,2,156,0.8,4,0,1
HARBOUR LAKE,2024-10-11,ACTUAL,9.3,-3.1,42,157,8,0.2,65,81.4,3,158,2,6,1,1
HARBOUR LAKE,2024-10-12,ACTUAL,13.6,0.2,40,72,3,0,65,85.6,4,161,2.7,8,2,2
HARBOUR LAKE,2024-10-13,ACTUAL,15.2,0.1,36,150,9,0,65,88.2,6,165,5.2,11,6,2
HARBOUR LAKE,2024-10-14,ACTUAL,9.3,5.9,79,160,2,0,65,84.3,6,167,2.2,12,2,2
HARBOUR LAKE,2024-10-15,ACTUAL,6.5,5.9,96,153,4,3.6,65,41.4,4,164,0.1,7,0,1
HARBOUR LAKE,2024-10-16,ACTUAL,5.9,1.8,75,164,8,3.4,65,38.6,2,161,0,4,0,1
HARBOUR LAKE,2024-10-17,ACTUAL,1.5,-0.4,87,0,6,0.4,65,46,2,162,0.1,4,0,1
HARBOUR LAKE,2024-10-18,ACTUAL,-1.2,-2.7,90,143,5,2.6,65,33.4,1,163,0,2,0,1
HARBOUR LAKE,2024-10-19,ACTUAL,2,1.9,99,153,6,3.4,65,17.6,0,159,0,0,0,1
HARBOUR LAKE,2024-10-20,ACTUAL,6.3,6.1,99,145,12,30.8,65,1.6,0,95,0,0,0,1
HARBOUR LAKE,2024-10-21,ACTUAL,1.6,1,96,323,4,11.2,65,3.1,0,77,0,0,0,1
HARBOUR LAKE,2024-10-22,ACTUAL,1.1,-4.1,68,140,3,0.2,65,18.2,0,78,0,0,0,1
HARBOUR LAKE,2024-10-23,ACTUAL,1.8,-2.5,73,141,5,0,65,33.2,0,79,0,0,0,1
HARBOUR LAKE,2024-10-24,ACTUAL,0.9,-2.3,79,354,2,1.2,65,37.2,0,80,0,1,0,1
HARBOUR LAKE,2024-10-25,ACTUAL,2.7,-5.7,54,159,6,0,65,55.3,1,81,0.4,1,0,1
HARBOUR LAKE,2024-10-26,ACTUAL,5,3.6,91,159,10,3.8,65,33.8,0,78,0,0,0,1
HARBOUR LAKE,2024-10-27,ACTUAL,4,3.2,95,146,6,23.2,65,7.4,0,38,0,0,0,1
HARBOUR LAKE,2024-10-28,ACTUAL,1.6,-0.2,88,219,5,1.2,65,14.6,0,39,0,0,0,1
HARBOUR LAKE,2024-10-29,ACTUAL,0.5,-4.3,70,172,4,2.4,65,24.7,0,40,0,0,0,1
HARBOUR LAKE,2024-10-30,ACTUAL,0.4,-4.2,71,147,7,0.2,65,40.2,0,41,0.1,0,0,1
HARBOUR LAKE,2024-10-31,ACTUAL,0.7,-1.7,84,116,5,1,65,44.1,0,42,0.1,0,0,1
LEIGHTON LAKE,2024-05-01,ACTUAL,8.4,-8.3,30,10,10,0,60,84.7,18,377,3.3,32,7,2
LEIGHTON LAKE,2024-05-02,ACTUAL,10,-3.4,39,3,11,0,60,86.7,19,381,4.7,34,10,2
LEIGHTON LAKE,2024-05-03,ACTUAL,13.2,-4.6,29,158,17,0,60,89.4,22,386,9.3,39,18,2
LEIGHTON LAKE,2024-05-04,ACTUAL,12.2,-2.6,36,37,14,0,60,89.4,24,391,8.2,42,18,2
LEIGHTON LAKE,2024-05-05,ACTUAL,13.8,-0.8,37,178,16,0,60,89.5,27,396,8.9,46,19,2
LEIGHTON LAKE,2024-05-06,ACTUAL,10.3,-5.8,32,185,23,0,60,89.5,29,400,12.6,49,26,2
LEIGHTON LAKE,2024-05-07,ACTUAL,6.4,-3.3,50,358,15,0.2,60,87.8,30,404,6.6,50,17,2
LEIGHTON LAKE,2024-05-08,ACTUAL,12.7,-6.4,26,351,13,0,60,90,32,408,8.4,54,20,3
LEIGHTON LAKE,2024-05-09,ACTUAL,16.7,-3,26,344,16,0,60,91.2,36,414,11.4,59,26,3
LEIGHTON LAKE,2024-05-10,ACTUAL,23.9,-4.4,15,219,11,0,60,94.7,42,420,14.1,67,33,3
LEIGHTON LAKE,2024-05-11,ACTUAL,23.3,-4,16,201,16,0,60,94.9,47,427,19.1,74,42,3
LEIGHTON LAKE,2024-05-12,ACTUAL,19.3,0.7,29,220,15,0,60,93.4,51,433,14.3,78,36,3
LEIGHTON LAKE,2024-05-13,ACTUAL,12.2,4.2,58,343,11,0.6,60,87.6,52,437,5.2,80,18,3
LEIGHTON LAKE,2024-05-14,ACTUAL,15,1.8,41,347,12,2.8,60,74.4,45,443,1.4,71,5,2
LEIGHTON LAKE,2024-05-15,ACTUAL,17.4,3.6,40,221,15,0,60,85.4,48,448,4.7,75,16,2
LEIGHTON LAKE,2024-05-16,ACTUAL,12.8,3.5,53,218,18,0,60,85.6,49,453,5.6,78,19,3
LEIGHTON LAKE,2024-05-17,ACTUAL,6.1,0.3,66,325,17,7,60,49.3,29,429,0.3,50,1,1
LEIGHTON LAKE,2024-05-18,ACTUAL,5.7,0.7,70,97,7,0.4,60,61.9,30,433,0.7,51,1,2
LEIGHTON LAKE,2024-05-19,ACTUAL,5.2,-1.7,61,340,20,1.4,60,66.7,31,436,1.5,52,5,2
LEIGHTON LAKE,2024-05-20,ACTUAL,12.6,-2.6,35,151,7,2,60,71.3,30,441,0.9,51,3,1
LEIGHTON LAKE,2024-05-21,ACTUAL,7.9,4.7,80,173,17,0,60,75.4,30,445,1.8,52,6,2
LEIGHTON LAKE,2024-05-22,ACTUAL,6.5,2.2,74,353,19,3.6,60,54.9,22,438,0.7,40,1,1
LEIGHTON LAKE,2024-05-23,ACTUAL,16.6,2.1,38,244,14,0,60,79.4,25,444,2.1,44,6,2
LEIGHTON LAKE,2024-05-24,ACTUAL,10.5,4.7,67,47,10,0.4,60,81.4,26,448,2.2,46,6,2
LEIGHTON LAKE,2024-05-25,ACTUAL,6.9,4,82,84,9,3.4,60,51.3,20,442,0.3,36,0,1
LEIGHTON LAKE,2024-05-26,ACTUAL,9.9,0.2,51,165,17,9,60,48.8,12,411,0.3,22,0,1
LEIGHTON LAKE,2024-05-27,ACTUAL,11.4,1.9,52,200,21,0,60,72.5,13,416,2,24,4,1
LEIGHTON LAKE,2024-05-28,ACTUAL,13.2,2.4,48,209,20,0,60,82.6,15,420,4.3,28,8,2
LEIGHTON LAKE,2024-05-29,ACTUAL,8.3,-4.6,40,33,7,0,60,85.4,17,424,3.3,30,7,2
LEIGHTON LAKE,2024-05-30,ACTUAL,10,-2.4,42,185,11,0.4,60,86.6,18,428,4.6,33,10,2
LEIGHTON LAKE,2024-05-31,ACTUAL,13.4,-1.9,35,359,6,0,60,88.2,21,433,4.4,37,10,2
LEIGHTON LAKE,2024-06-01,ACTUAL,14.4,3.5,48,1,12,0,60,88.3,23,439,6.2,40,14,2
LEIGHTON LAKE,2024-06-02,ACTUAL,9.7,2.1,59,184,21,0,60,86.5,24,444,7.4,42,16,2
LEIGHTON LAKE,2024-06-03,ACTUAL,10.4,1.8,55,213,16,3,60,68,20,442,1.3,36,3,1
LEIGHTON LAKE,2024-06-04,ACTUAL,12.9,0.5,43,198,30,0,60,82.7,22,448,7,39,15,2
LEIGHTON LAKE,2024-06-05,ACTUAL,12.4,-2.4,36,269,5,0,60,86.6,24,454,3.4,43,9,2
LEIGHTON LAKE,2024-06-06,ACTUAL,15.4,-0.9,33,234,8,0,60,88.9,27,460,5.4,47,14,2
LEIGHTON LAKE,2024-06-07,ACTUAL,15.1,-2.9,29,321,14,0,60,90.2,30,466,9,52,21,3
LEIGHTON LAKE,2024-06-08,ACTUAL,19.5,-6.2,17,334,13,0,60,93.4,35,473,13,59,29,3
LEIGHTON LAKE,2024-06-09,ACTUAL,21.7,2.8,29,356,12,0,60,93.2,39,480,12.6,65,30,3
LEIGHTON LAKE,2024-06-10,ACTUAL,20.6,3.7,33,219,14,0,60,92.4,43,487,12.3,70,30,3
LEIGHTON LAKE,2024-06-11,ACTUAL,15.3,1,38,214,32,0,60,90.8,45,494,23.9,74,48,4
LEIGHTON LAKE,2024-06-12,ACTUAL,12.6,-0.1,42,203,9,0,60,89.7,47,499,6.5,77,20,3
LEIGHTON LAKE,2024-06-13,ACTUAL,18.2,-6.6,18,183,15,0,60,92.9,52,506,14,82,36,3
LEIGHTON LAKE,2024-06-14,ACTUAL,14.5,-3.9,28,225,17,0,60,92.4,55,512,13.8,86,36,3
LEIGHTON LAKE,2024-06-15,ACTUAL,9,0.5,55,2,19,0,60,88.2,56,517,8.4,88,26,3
LEIGHTON LAKE,2024-06-16,ACTUAL,8,5.1,82,37,7,17.4,60,30.9,25,437,0,43,0,1
LEIGHTON LAKE,2024-06-17,ACTUAL,7.7,4.3,79,246,9,3,60,35.3,19,435,0,35,0,1
LEIGHTON LAKE,2024-06-18,ACTUAL,10,2.4,59,20,9,0.8,60,57.1,21,440,0.5,37,1,1
LEIGHTON LAKE,2024-06-19,ACTUAL,14.5,2.7,45,188,13,0,60,77.4,23,446,1.7,41,4,1
LEIGHTON LAKE,2024-06-20,ACTUAL,19.1,2.8,34,35,14,0,60,87.5,26,453,6,46,15,2
LEIGHTON LAKE,2024-06-21,ACTUAL,20.9,1.1,27,67,10,0,60,91.1,31,460,8.3,53,20,3
LEIGHTON LAKE,2024-06-22,ACTUAL,21.4,4.4,33,186,21,0,60,91.2,35,467,14.2,58,31,3
LEIGHTON LAKE,2024-06-23,ACTUAL,14.4,1.9,43,190,27,0,60,89.7,37,473,15.9,62,34,3
LEIGHTON LAKE,2024-06-24,ACTUAL,14.4,1.9,43,184,7,0,60,89.4,39,479,5.7,65,17,2
LEIGHTON LAKE,2024-06-25,ACTUAL,18,4.8,42,45,9,0,60,89.5,42,486,6.4,69,19,3
LEIGHTON LAKE,2024-06-26,ACTUAL,19.9,5.4,39,182,21,0,60,89.5,46,493,11.7,74,30,3
LEIGHTON LAKE,2024-06-27,ACTUAL,14.5,4.5,51,257,12,0,60,88.3,48,499,6.2,77,20,3
LEIGHTON LAKE,2024-06-28,ACTUAL,16.4,8.2,58,84,12,0,60,87.3,50,505,5.3,80,18,3
LEIGHTON LAKE,2024-06-29,ACTUAL,20,4.8,37,168,16,0,60,89.3,53,512,8.9,84,27,3
LEIGHTON LAKE,2024-06-30,ACTUAL,16.5,10.4,67,203,8,2.4,60,70.1,47,519,0.9,76,4,2
LEIGHTON LAKE,2024-07-01,ACTUAL,14.6,9.7,72,88,5,5.4,60,46.9,31,502,0.1,54,0,2
LEIGHTON LAKE,2024-07-02,ACTUAL,14.9,6,55,346,13,5.8,60,53.8,20,485,0.5,37,1,1
LEIGHTON LAKE,2024-07-03,ACTUAL,17.8,2,35,318,11,0,60,79.8,23,492,1.9,41,5,2
LEIGHTON LAKE,2024-07-04,ACTUAL,20.8,4.7,35,93,8,0,60,88,26,499,4.7,47,12,2
LEIGHTON LAKE,2024-07-05,ACTUAL,24.2,3.4,26,57,8,0,60,92,31,508,8.5,54,21,3
LEIGHTON LAKE,2024-07-06,ACTUAL,22.6,2.6,27,352,14,0,60,92.2,35,515,11.9,60,27,3
LEIGHTON LAKE,2024-07-07,ACTUAL,28.9,5.7,23,177,11,0,60,94,40,524,13,68,31,3
LEIGHTON LAKE,2024-07-08,ACTUAL,29,3.8,20,273,6,0,60,94.7,46,533,11.3,76,30,3
LEIGHTON LAKE,2024-07-09,ACTUAL,31.7,2.8,16,177,21,0,60,96.1,52,543,29.6,85,58,4
LEIGHTON LAKE,2024-07-10,MANUAL,30.5,-0.1,14,202,16,0,65,96.5,59,552,23.7,93,53,5
LEIGHTON LAKE,2024-07-11,ACTUAL,23,5.3,32,38,14,0,65,93.6,63,560,14.4,98,40,4
LEIGHTON LAKE,2024-07-12,ACTUAL,23.9,5.2,30,23,7,0,65,93.4,67,568,9.9,103,32,4
LEIGHTON LAKE,2024-07-13,ACTUAL,25.5,6.6,30,321,11,0,65,93.4,71,576,12.3,109,38,4
LEIGHTON LAKE,2024-07-14,ACTUAL,26.1,5,26,336,9,0,65,93.5,76,584,10.9,115,35,4
LEIGHTON LAKE,2024-07-15,ACTUAL,27.8,8.6,30,229,5,0,65,93.5,81,593,9.2,120,32,4
LEIGHTON LAKE,2024-07-16,ACTUAL,27.5,6.2,26,345,13,0,65,93.6,86,602,13.6,126,43,4
LEIGHTON LAKE,2024-07-17,ACTUAL,31.4,5,19,175,17,0,65,95.4,92,611,21.2,133,57,5
LEIGHTON LAKE,2024-07-18,ACTUAL,29.7,6.9,24,43,8,0,65,95.4,97,620,13.8,140,44,4
LEIGHTON LAKE,2024-07-19,ACTUAL,28.2,-0.9,15,248,13,0,65,95.9,103,629,18.9,146,55,5
LEIGHTON LAKE,2024-07-20,ACTUAL,29.7,6.3,23,16,7,0,65,95.7,109,638,13.6,152,45,4
LEIGHTON LAKE,2024-07-21,ACTUAL,32.6,2.6,15,184,10,0,65,96.5,115,647,17.3,160,53,5
LEIGHTON LAKE,2024-07-22,ACTUAL,28.8,8.9,29,217,10,0,65,94.8,120,656,13.7,165,46,4
LEIGHTON LAKE,2024-07-23,ACTUAL,20.6,1.8,29,174,12,0,65,93.5,124,664,12.7,169,44,4
LEIGHTON LAKE,2024-07-24,ACTUAL,15.8,3.5,44,199,16,0,65,90.4,126,670,10.1,172,38,4
LEIGHTON LAKE,2024-07-25,ACTUAL,12.8,5.5,61,166,19,0,65,87,128,676,7.2,173,30,4
LEIGHTON LAKE,2024-07-26,ACTUAL,18.4,4.5,40,142,5,1,65,84.9,130,683,2.7,176,15,3
LEIGHTON LAKE,2024-07-27,ACTUAL,21,5.3,36,300,9,0,65,89,134,691,5.8,180,27,4
LEIGHTON LAKE,2024-07-28,ACTUAL,24.1,6.7,33,216,9,0,65,90.9,138,699,7.7,184,32,4
LEIGHTON LAKE,2024-07-29,ACTUAL,14.1,12.3,89,180,16,4.4,65,49.9,81,679,0.4,124,2,2
LEIGHTON LAKE,2024-07-30,ACTUAL,21.7,8.5,43,179,11,0.6,65,78.7,84,687,1.7,128,10,3
LEIGHTON LAKE,2024-07-31,ACTUAL,23.1,9.8,43,175,18,0,65,87.5,87,695,7.5,132,29,4
LEIGHTON LAKE,2024-08-01,ACTUAL,26.5,5.9,27,309,8,0,65,92.1,91,702,8.7,137,33,4
LEIGHTON LAKE,2024-08-02,ACTUAL,29.8,6.4,23,47,13,0,65,94.1,96,711,14.9,143,47,4
LEIGHTON LAKE,2024-08-03,ACTUAL,27.5,6.2,26,19,13,0,65,94.2,100,719,15,149,47,5
LEIGHTON LAKE,2024-08-04,ACTUAL,28.7,4.9,22,50,14,0,65,94.3,105,727,16.3,154,51,5
LEIGHTON LAKE,2024-08-05,ACTUAL,23.4,9.3,41,357,12,0,65,91.8,108,734,10.2,158,38,4
LEIGHTON LAKE,2024-08-06,ACTUAL,20.3,6.2,40,348,16,0.2,65,91,111,741,10.9,161,40,4
LEIGHTON LAKE,2024-08-07,ACTUAL,22.6,5.4,33,318,12,0,65,91,114,748,9.1,165,35,4
LEIGHTON LAKE,2024-08-08,ACTUAL,25.8,4.2,25,67,10,0,65,92.9,118,755,10.9,170,40,4
LEIGHTON LAKE,2024-08-09,ACTUAL,23.5,6.2,33,358,12,0.2,65,92.7,122,763,11.6,174,42,4
LEIGHTON LAKE,2024-08-10,ACTUAL,24.9,7,32,331,6,2,65,85.1,105,770,2.9,156,15,3
LEIGHTON LAKE,2024-08-11,ACTUAL,24.7,8.5,36,276,9,0.2,65,89.8,108,778,6.5,161,28,4
LEIGHTON LAKE,2024-08-12,ACTUAL,24.1,7.6,35,178,10,0,65,90.7,112,785,7.6,165,31,4
LEIGHTON LAKE,2024-08-13,ACTUAL,23.1,7.9,38,342,10,0,65,90.7,115,792,8,168,33,4
LEIGHTON LAKE,2024-08-14,ACTUAL,22.4,10.5,47,313,8,0,65,90.1,117,799,6.6,172,29,4
LEIGHTON LAKE,2024-08-15,ACTUAL,25.6,5.7,28,156,14,0,65,92.2,121,807,12,176,43,4
LEIGHTON LAKE,2024-08-16,ACTUAL,14.2,9.5,73,59,5,0,65,86.4,122,812,3.2,177,17,4
LEIGHTON LAKE,2024-08-17,ACTUAL,21.8,10.6,49,68,11,0,65,87.6,124,819,5.3,180,25,4
LEIGHTON LAKE,2024-08-18,ACTUAL,23.5,11.2,46,161,6,0,65,88.4,127,826,4.7,184,23,4
LEIGHTON LAKE,2024-08-19,ACTUAL,20,3.1,33,167,17,12.4,65,70,62,713,1.4,102,7,3
LEIGHTON LAKE,2024-08-20,ACTUAL,17,4.9,45,138,6,0,65,82,64,719,2,105,10,3
LEIGHTON LAKE,2024-08-21,ACTUAL,17.6,7.1,50,190,14,0,65,85.8,66,725,4.7,108,19,3
LEIGHTON LAKE,2024-08-22,ACTUAL,19.6,7.6,46,67,8,0,65,87.5,68,732,4.5,111,19,3
LEIGHTON LAKE,2024-08-23,ACTUAL,22.6,6.3,35,346,12,0.8,65,88.8,72,739,6.7,115,25,3
LEIGHTON LAKE,2024-08-24,ACTUAL,10.2,9.6,96,191,6,28.4,65,16.8,29,532,0,52,0,2
LEIGHTON LAKE,2024-08-25,ACTUAL,16.2,9.7,65,68,10,0.2,65,50.1,31,538,0.3,54,0,2
LEIGHTON LAKE,2024-08-26,ACTUAL,15.3,5.5,52,181,25,0,65,76.1,32,544,2.9,56,9,2
LEIGHTON LAKE,2024-08-27,ACTUAL,4.7,3.2,90,289,10,10.4,65,26.8,15,495,0,28,0,1
LEIGHTON LAKE,2024-08-28,ACTUAL,13.9,2.1,45,346,18,4,65,55.7,12,487,0.7,22,1,1
LEIGHTON LAKE,2024-08-29,ACTUAL,22.5,4.9,32,193,6,0,65,82.4,15,494,2,28,4,1
LEIGHTON LAKE,2024-08-30,ACTUAL,23.9,4.7,29,19,6,0,65,90.2,19,501,5.8,34,12,2
LEIGHTON LAKE,2024-08-31,ACTUAL,24.7,9,37,56,9,0,65,90.5,22,509,7.1,40,15,2
LEIGHTON LAKE,2024-09-01,ACTUAL,28.1,8.8,30,90,5,0,65,92.2,26,515,7.7,46,18,2
LEIGHTON LAKE,2024-09-02,ACTUAL,23.4,8.2,38,75,9,0,65,91.8,28,521,8.7,50,20,2
LEIGHTON LAKE,2024-09-03,ACTUAL,21.2,7.4,41,54,9,0,65,91,31,527,7.6,54,19,3
LEIGHTON LAKE,2024-09-04,ACTUAL,23.3,3.7,28,1,8,0,65,91.9,34,533,8.3,59,21,3
LEIGHTON LAKE,2024-09-05,ACTUAL,26.4,8.3,32,69,7,0,65,92,37,539,8.2,64,22,3
LEIGHTON LAKE,2024-09-06,ACTUAL,28.8,4.9,22,173,11,0,65,94.1,41,546,13,70,32,3
LEIGHTON LAKE,2024-09-07,ACTUAL,26.3,5.7,27,54,14,0,65,94.2,45,553,15.8,75,37,3
LEIGHTON LAKE,2024-09-08,ACTUAL,22.1,6.2,36,40,3,0,65,92.6,48,558,7.3,79,22,3
LEIGHTON LAKE,2024-09-09,ACTUAL,13.4,3.2,50,13,15,0,65,89.2,49,562,8.1,80,24,3
LEIGHTON LAKE,2024-09-10,ACTUAL,18.1,5.3,43,25,7,0,65,89.3,51,567,5.5,83,19,3
LEIGHTON LAKE,2024-09-11,ACTUAL,11.1,6.7,74,65,7,0.4,65,85.1,51,571,3.1,84,12,2
LEIGHTON LAKE,2024-09-12,ACTUAL,16.3,2.9,41,359,21,0,65,87.7,53,576,8.8,87,27,3
LEIGHTON LAKE,2024-09-13,ACTUAL,18,6.8,48,195,10,0,65,87.8,55,581,5.2,89,19,3
LEIGHTON LAKE,2024-09-14,ACTUAL,15.4,4.7,49,230,9,0.4,65,87.8,57,585,4.8,91,18,3
LEIGHTON LAKE,2024-09-15,ACTUAL,12.3,4.1,57,347,13,0.2,65,86.9,58,589,5.3,93,20,3
LEIGHTON LAKE,2024-09-16,ACTUAL,17.2,0.7,33,46,11,0,65,89.3,60,594,6.6,95,23,3
LEIGHTON LAKE,2024-09-17,ACTUAL,19.1,7.5,47,74,10,0,65,89.3,62,599,6.5,98,23,3
LEIGHTON LAKE,2024-09-18,ACTUAL,17.3,6.8,50,347,14,0,65,88.7,63,604,7.3,100,26,3
LEIGHTON LAKE,2024-09-19,ACTUAL,13.7,7.1,64,1,13,0,65,86.4,64,608,4.9,102,19,3
LEIGHTON LAKE,2024-09-20,ACTUAL,9.9,-0.9,47,340,16,3,65,69.4,51,601,1.4,85,6,2
LEIGHTON LAKE,2024-09-21,ACTUAL,14.6,4,49,60,12,0,65,81.2,53,605,2.4,87,10,2
LEIGHTON LAKE,2024-09-22,ACTUAL,11.7,7.6,76,179,17,0,65,81.3,53,609,3.1,87,12,2
LEIGHTON LAKE,2024-09-23,ACTUAL,20.7,9.6,49,187,24,0.4,65,86.6,55,614,8.9,90,28,3
LEIGHTON LAKE,2024-09-24,ACTUAL,20.7,4.2,34,179,20,0,65,89.9,58,620,11.8,94,34,4
LEIGHTON LAKE,2024-09-25,ACTUAL,13.8,9.1,73,202,20,0,65,85.2,58,624,5.9,95,21,3
LEIGHTON LAKE,2024-09-26,ACTUAL,8.1,1.3,62,171,19,5.2,65,56.7,38,599,0.8,66,3,2
LEIGHTON LAKE,2024-09-27,ACTUAL,15.2,0.5,37,219,15,0,65,79.7,40,604,2.4,69,9,2
LEIGHTON LAKE,2024-09-28,ACTUAL,12.1,2.5,52,51,10,0,65,83.6,41,608,2.8,71,10,2
LEIGHTON LAKE,2024-09-29,ACTUAL,3.2,1.8,91,356,15,0.2,65,79.4,41,610,2.3,71,9,2
LEIGHTON LAKE,2024-09-30,ACTUAL,10.1,-4.4,36,187,22,0.2,65,85.8,43,613,7.1,73,21,3
LEIGHTON LAKE,2024-10-01,ACTUAL,11.1,-0.8,44,213,11,0,65,86.6,44,616,4.6,74,15,2
LEIGHTON LAKE,2024-10-02,ACTUAL,12.2,-2.9,35,269,8,0,65,88.1,45,619,4.9,76,16,2
LEIGHTON LAKE,2024-10-03,ACTUAL,12,0.1,44,81,6,0,65,88.2,46,622,4.4,78,16,2
LEIGHTON LAKE,2024-10-04,ACTUAL,9.5,0.1,52,158,18,0,65,87.3,47,624,7,79,22,3
LEIGHTON LAKE,2024-10-05,ACTUAL,10.9,0,47,180,21,0,65,87.4,48,627,8.2,80,25,3
LEIGHTON LAKE,2024-10-06,ACTUAL,8.7,4.7,76,65,12,0.2,65,84,48,629,3.3,81,13,2
LEIGHTON LAKE,2024-10-07,ACTUAL,17.9,2.9,37,184,18,0,65,88.3,50,633,8.5,84,26,3
LEIGHTON LAKE,2024-10-08,ACTUAL,17.7,4.2,41,210,21,0,65,88.6,52,637,9.9,86,29,3
LEIGHTON LAKE,2024-10-09,ACTUAL,13.1,-5.6,27,197,17,0,65,90.1,53,640,10.1,88,30,3
LEIGHTON LAKE,2024-10-10,ACTUAL,8.8,-2.2,46,28,7,0,65,88.8,54,642,5,89,18,3
LEIGHTON LAKE,2024-10-11,ACTUAL,11.1,-3.2,37,187,12,0,65,88.9,55,645,6.6,91,22,3
LEIGHTON LAKE,2024-10-12,ACTUAL,14.7,0.4,38,72,9,0,65,88.9,57,649,5.7,93,20,3
LEIGHTON LAKE,2024-10-13,ACTUAL,17.1,2.6,38,183,30,0,65,89.1,59,652,16.7,96,43,4
LEIGHTON LAKE,2024-10-14,ACTUAL,15.5,5.1,50,180,24,0,65,88.4,60,656,11.3,97,34,4
LEIGHTON LAKE,2024-10-15,ACTUAL,11,2.6,56,189,12,0,65,87.1,61,658,5.2,99,20,3
LEIGHTON LAKE,2024-10-16,ACTUAL,8.7,-3,44,204,25,0,65,87.1,61,661,9.8,100,31,4
LEIGHTON LAKE,2024-10-17,ACTUAL,6,-2.4,55,339,6,0.2,65,86.4,62,663,3.4,100,15,3
LEIGHTON LAKE,2024-10-18,ACTUAL,1.2,-1.4,83,176,21,0,65,82.1,62,663,4,100,17,3
LEIGHTON LAKE,2024-10-19,ACTUAL,14.5,5.9,56,182,24,0,65,84.6,63,667,6.7,102,24,3
LEIGHTON LAKE,2024-10-20,ACTUAL,11.2,9.1,87,195,21,1,65,75.6,63,669,2.3,102,11,3
LEIGHTON LAKE,2024-10-21,ACTUAL,2.4,1.5,94,2,11,6.6,65,28.6,37,629,0,65,0,2
LEIGHTON LAKE,2024-10-22,ACTUAL,3.2,-0.4,77,186,13,0.2,65,45.2,37,630,0.2,65,0,2
LEIGHTON LAKE,2024-10-23,ACTUAL,3.3,0,79,177,8,0,65,55.7,38,631,0.4,65,1,2
LEIGHTON LAKE,2024-10-24,ACTUAL,6.5,-5.3,43,188,12,0,65,72.8,38,633,1.2,66,5,2
LEIGHTON LAKE,2024-10-25,ACTUAL,1.6,-2.7,73,37,4,0,65,75.4,38,634,1,67,4,2
LEIGHTON LAKE,2024-10-26,ACTUAL,10,3.6,64,172,22,0.6,65,79.7,39,637,3.4,68,12,2
LEIGHTON LAKE,2024-10-27,ACTUAL,8.5,-0.5,53,203,29,0.2,65,83.4,40,639,7.3,69,21,3
LEIGHTON LAKE,2024-10-28,ACTUAL,7.3,-1.1,55,196,14,0.2,65,84.1,40,641,3.7,70,13,2
LEIGHTON LAKE,2024-10-29,ACTUAL,4.4,-0.7,69,181,18,1.6,65,71.4,39,642,1.6,68,6,2
LEIGHTON LAKE,2024-10-30,ACTUAL,3.4,-2.5,65,168,17,0,65,77,39,644,2.1,68,8,2
LEIGHTON LAKE,2024-10-31,ACTUAL,5.3,-3,55,174,12,0.2,65,81,40,645,2.3,69,9,2
MAYSON,2024-05-01,ACTUAL,8.1,-8.6,30,335,12,0,60,,,,,,,
MAYSON,2024-05-02,ACTUAL,9.9,-5,35,330,7,0,60,,,,,,,
MAYSON,2024-05-03,ACTUAL,13.8,-3.6,30,178,13,0,60,,,,,,,
MAYSON,2024-05-04,ACTUAL,13.3,-5.9,26,127,14,0,60,,,,,,,
MAYSON,2024-05-05,ACTUAL,13.5,-1.4,36,86,8,0,60,,,,,,,
MAYSON,2024-05-06,ACTUAL,8.6,-3,44,160,11,0,60,,,,,,,
MAYSON,2024-05-07,ACTUAL,7.3,-5.9,39,298,18,0.2,60,,,,,,,
MAYSON,2024-05-08,ACTUAL,13.2,-7,24,318,10,0,60,,,,,,,
MAYSON,2024-05-09,ACTUAL,17.9,-3.6,23,320,10,0,60,,,,,,,
MAYSON,2024-05-10,ACTUAL,22.1,1.1,25,55,8,0,60,,,,,,,
MAYSON,2024-05-11,ACTUAL,21.1,-2.1,21,34,10,0,60,,,,,,,
MAYSON,2024-05-12,ACTUAL,18.5,0.9,31,257,8,0,60,,,,,,,
MAYSON,2024-05-13,ACTUAL,9.2,4.5,72,314,12,2.2,60,,,,,,,
MAYSON,2024-05-14,ACTUAL,14.5,1.3,41,316,11,1,60,,,,,,,
MAYSON,2024-05-15,ACTUAL,13.6,4.8,55,140,7,0,60,,,,,,,
MAYSON,2024-05-16,ACTUAL,7.1,4.7,85,284,6,10.8,60,,,,,,,
MAYSON,2024-05-17,ACTUAL,3.5,1.7,88,292,15,11,60,,,,,,,
MAYSON,2024-05-18,ACTUAL,6.2,2.1,75,161,4,1,60,,,,,,,
MAYSON,2024-05-19,ACTUAL,7.7,0.5,60,314,15,3.4,60,,,,,,,
MAYSON,2024-05-20,ACTUAL,11.7,-1.6,40,279,10,1.4,60,,,,,,,
MAYSON,2024-05-21,ACTUAL,8.6,6.2,85,355,8,1.2,60,85,6,172,3.1,11,3,
MAYSON,2024-05-22,ACTUAL,5.8,3.5,85,292,16,11.6,60,33.8,3,151,0,5,0,1
MAYSON,2024-05-23,ACTUAL,15.7,0.2,35,276,13,0.2,60,70.7,6,156,1.2,10,1,1
MAYSON,2024-05-24,ACTUAL,7.8,6.2,90,247,7,2,60,53.8,5,160,0.3,8,0,1
MAYSON,2024-05-25,ACTUAL,6.9,4.7,86,36,7,19.4,60,20.5,2,122,0,4,0,1
MAYSON,2024-05-26,ACTUAL,7,3.8,80,110,7,3.2,60,27.9,1,122,0,2,0,1
MAYSON,2024-05-27,ACTUAL,9.9,2.8,61,153,15,0,60,56,2,127,0.7,4,0,1
MAYSON,2024-05-28,ACTUAL,11.2,5.8,69,154,9,1.2,60,63.9,3,131,0.8,6,0,1
MAYSON,2024-05-29,ACTUAL,4.7,0.1,72,330,7,1,60,65.5,4,134,0.8,7,0,1
MAYSON,2024-05-30,ACTUAL,7.8,-1.7,51,305,12,2.2,60,64.5,3,138,0.9,6,0,1
MAYSON,2024-05-31,ACTUAL,12.3,-1.4,39,281,10,0,60,79.8,6,143,1.8,10,1,1
MAYSON,2024-06-01,ACTUAL,9.6,6.5,81,353,9,3.4,60,52.7,4,143,0.4,7,0,1
MAYSON,2024-06-02,ACTUAL,9.6,5.2,74,164,9,4,60,44.7,2,143,0.1,5,0,1
MAYSON,2024-06-03,ACTUAL,7.6,4.9,83,254,10,10.4,60,26.2,1,127,0,2,0,1
MAYSON,2024-06-04,ACTUAL,14.4,-0.2,37,211,14,0,60,65.6,4,133,1.1,7,1,1
MAYSON,2024-06-05,ACTUAL,9.3,-1.2,48,158,7,0.6,60,76.3,5,138,1.2,9,1,1
MAYSON,2024-06-06,ACTUAL,14.9,-0.2,36,126,9,0,60,85.4,8,145,3.6,14,5,1
MAYSON,2024-06-07,ACTUAL,15,-5,25,325,11,0,60,89.9,11,151,7.5,18,11,2
MAYSON,2024-06-08,ACTUAL,19.8,-3.2,21,44,10,0,60,92.5,15,158,10.2,24,16,2
MAYSON,2024-06-09,ACTUAL,20.4,0.7,27,341,11,0,60,92.6,19,165,10.5,30,18,2
MAYSON,2024-06-10,ACTUAL,17.6,4.1,41,242,7,0,60,90.9,22,171,6.8,34,14,2
MAYSON,2024-06-11,ACTUAL,16,-0.4,33,209,18,0.4,60,91,25,178,12.4,37,22,2
MAYSON,2024-06-12,ACTUAL,13.1,-1,38,231,10,0.4,60,90.3,28,183,7.3,40,16,2
MAYSON,2024-06-13,ACTUAL,17.2,-2.6,26,125,12,0,60,91.3,31,190,9.3,44,20,2
MAYSON,2024-06-14,FORECAST,11,1.8,53,219,9,0,60,88.5,33,195,5.5,46,14,2
MAYSON,2024-06-15,ACTUAL,5.8,3,82,300,12,1.2,60,75,33,200,1.4,47,4,1
MAYSON,2024-06-16,ACTUAL,7.7,3.9,77,16,6,2.6,60,55.9,28,204,0.4,41,1,1
MAYSON,2024-06-17,ACTUAL,10.2,4.6,68,313,18,3.2,60,55.3,22,205,0.7,35,1,1
MAYSON,2024-06-18,ACTUAL,10.7,1,51,312,13,0.6,60,73,23,210,1.4,37,3,1
MAYSON,2024-06-19,ACTUAL,14.7,-0.3,36,148,6,0,60,83.8,26,217,2.4,40,6,2
MAYSON,2024-06-20,ACTUAL,18.9,-0.1,28,113,10,0,60,89.8,30,223,6.9,45,16,2
MAYSON,2024-06-21,ACTUAL,20.6,-4.6,18,141,6,0,60,93.1,35,230,8.8,50,20,2
MAYSON,2024-06-22,FORECAST,24,2.7,25,155,10,0,60,93.2,39,238,11.1,56,25,3
MAYSON,2024-06-23,FORECAST,13.1,5.6,60,226,15,0,60,88,41,244,6.8,58,18,3
MAYSON,2024-06-24,ACTUAL,14.6,2.4,44,310,6,0.4,60,88,43,250,4.3,60,13,2
MAYSON,2024-06-25,ACTUAL,17.8,2.4,36,123,10,10.6,60,63.6,25,230,0.8,39,2,1
MAYSON,2024-06-26,ACTUAL,20.4,5.9,39,137,12,0,60,83.6,28,237,3.2,43,8,2
MAYSON,2024-06-27,ACTUAL,12,6.8,70,198,4,1.8,60,69.1,27,242,0.8,42,1,1
MAYSON,2024-06-28,ACTUAL,17.2,6.7,50,111,8,0,60,81.2,29,249,2,45,6,2
MAYSON,2024-06-29,ACTUAL,18.3,6.1,45,171,9,0.4,60,86.2,32,256,4,49,11,2
MAYSON,2024-06-30,ACTUAL,15.3,9.3,67,346,5,3.2,60,62.5,26,257,0.6,41,1,1
MAYSON,2024-07-01,ACTUAL,16,8.6,61,285,10,1.8,60,68.4,26,263,1,41,2,1
MAYSON,2024-07-02,ACTUAL,14.4,5.8,56,351,10,2.4,60,67.2,23,270,1,38,2,1
MAYSON,2024-07-03,ACTUAL,17,2.8,39,303,10,0,60,82.8,26,276,2.6,42,7,2
MAYSON,2024-07-04,ACTUAL,18.4,4.5,40,117,5,0,60,87.2,28,283,3.7,45,10,2
MAYSON,2024-07-05,ACTUAL,22.2,3.7,30,315,12,0,60,90.8,32,291,8.6,50,20,2
MAYSON,2024-07-06,ACTUAL,22,4,31,302,10,0,60,91.2,36,299,8.6,55,21,3
MAYSON,2024-07-07,ACTUAL,27.2,4.8,24,79,10,0,60,93.4,41,307,11.3,61,27,3
MAYSON,2024-07-08,ACTUAL,27,2.8,21,325,10,0,60,94.2,46,316,12.9,68,31,3
MAYSON,2024-07-09,ACTUAL,31.7,5.2,19,160,12,0,60,95.4,52,325,17,75,39,3
MAYSON,2024-07-10,MANUAL,30.9,-1.9,12,235,12,0,65,96.9,59,335,20.6,82,46,3
MAYSON,2024-07-11,ACTUAL,22.1,3.6,30,358,11,0,65,94.1,63,342,13.3,86,35,3
MAYSON,2024-07-12,ACTUAL,21.9,6.1,36,314,10,0,65,92.4,66,350,10.2,90,30,3
MAYSON,2024-07-13,MANUAL,24.1,6.7,33,306,9,0,70,92.4,70,358,9.5,94,30,4
MAYSON,2024-07-14,MANUAL,25.6,6.6,30,285,9,0,70,92.5,75,366,9.6,99,30,4
MAYSON,2024-07-15,ACTUAL,27.6,7.4,28,165,7,0,70,92.8,79,375,8.9,104,30,4
MAYSON,2024-07-16,ACTUAL,27.6,5.7,25,1,7,0,70,93.4,85,384,10.1,109,33,4
MAYSON,2024-07-17,ACTUAL,31.1,4.8,19,141,10,0,70,95.3,91,393,14.7,115,43,4
MAYSON,2024-07-18,ACTUAL,27.8,7.5,28,81,11,0,70,94.5,96,402,14.2,120,43,4
MAYSON,2024-07-19,ACTUAL,26.5,4.2,24,259,6,0,70,94.6,100,410,10.9,125,37,4
MAYSON,2024-07-20,ACTUAL,29.3,4,20,90,14,0,70,94.9,106,419,17.1,130,50,5
MAYSON,2024-07-21,ACTUAL,32.1,3.1,16,165,11,0,70,96.2,113,428,18,136,52,5
MAYSON,2024-07-22,ACTUAL,25.5,9.7,37,85,8,0,70,93.1,117,437,10.2,140,36,4
MAYSON,2024-07-23,ACTUAL,19.3,2.9,34,156,10,0.8,70,89.1,120,444,6.3,143,27,4
MAYSON,2024-07-24,ACTUAL,14.5,4.5,51,74,4,0,70,88.3,122,450,4.1,145,20,4
MAYSON,2024-07-25,ACTUAL,12.7,3.7,54,297,14,0,70,87.4,123,456,6,147,26,4
MAYSON,2024-07-26,ACTUAL,16,4.7,47,308,7,0,70,87.5,125,463,4.2,149,20,4
MAYSON,2024-07-27,ACTUAL,19.3,6.7,44,48,9,0,70,88.1,128,470,5.1,152,23,4
MAYSON,2024-07-28,ACTUAL,20.1,8.1,46,137,8,0,70,88.2,131,477,5,155,23,4
MAYSON,2024-07-29,ACTUAL,14.8,11.8,82,77,5,3,70,58.1,90,476,0.5,122,2,2
MAYSON,2024-07-30,ACTUAL,18.1,12.4,69,55,9,7.8,70,48.5,52,451,0.2,80,1,2
MAYSON,2024-07-31,ACTUAL,22.7,9.8,44,149,11,0,70,79.1,55,458,1.8,84,8,2
MAYSON,2024-08-01,ACTUAL,23.8,10.4,43,35,11,0,70,87.4,58,466,5.2,88,19,3
MAYSON,2024-08-02,ACTUAL,29.3,6.6,24,113,8,0,70,93.3,62,474,10.2,94,31,4
MAYSON,2024-08-03,ACTUAL,26.9,6.8,28,305,11,0,70,93.3,67,482,12,99,35,4
MAYSON,2024-08-04,ACTUAL,28.1,5.6,24,132,10,0,70,93.7,71,490,12.1,104,36,4
MAYSON,2024-08-05,ACTUAL,22.6,10.4,46,303,12,0,70,90.8,74,497,8.8,108,30,4
MAYSON,2024-08-06,ACTUAL,17.3,5.9,47,331,13,0,70,89.5,76,503,7.5,110,27,3
MAYSON,2024-08-07,MANUAL,22.5,6.2,35,319,10,0,80,90.4,79,510,7.5,114,27,3
MAYSON,2024-08-08,ACTUAL,24.1,5.3,30,63,12,0,80,91.6,83,517,9.7,118,33,4
MAYSON,2024-08-09,ACTUAL,20.2,9.8,51,301,3,0,80,89.7,85,524,4.8,121,21,3
MAYSON,2024-08-10,ACTUAL,24.2,4.4,28,35,6,0.4,80,91.8,89,531,7.4,125,28,4
MAYSON,2024-08-11,ACTUAL,22.7,9.1,42,91,10,0.6,80,89.2,91,538,6.3,128,26,3
MAYSON,2024-08-12,ACTUAL,20.4,8.4,46,173,4,0,80,89.3,94,545,4.7,131,21,3
MAYSON,2024-08-13,ACTUAL,21.9,9.1,44,20,8,0,80,89.3,97,552,5.8,134,25,3
MAYSON,2024-08-14,ACTUAL,20.1,11.9,59,51,7,1.2,80,81.8,98,559,2,137,11,3
MAYSON,2024-08-15,ACTUAL,24.6,8,35,188,13,0,80,89.6,102,566,7.6,140,30,4
MAYSON,2024-08-16,ACTUAL,12,11.5,97,101,2,7.4,80,27.3,57,534,0,89,0,2
MAYSON,2024-08-17,ACTUAL,18.5,11.2,62,359,7,0.2,80,58.8,58,540,0.5,92,2,2
MAYSON,2024-08-18,ACTUAL,21.9,10.4,48,72,9,0,80,80.5,61,547,1.9,95,9,3
MAYSON,2024-08-19,ACTUAL,21.3,-2,21,167,12,0.4,80,91.1,64,554,9.1,100,29,4
MAYSON,2024-08-20,ACTUAL,15.3,9.5,68,145,6,0,80,86.8,65,560,3.6,101,15,3
MAYSON,2024-08-21,ACTUAL,17.5,7.6,52,146,12,0.2,80,86.8,67,566,5.1,104,20,3
MAYSON,2024-08-22,ACTUAL,19.6,7,44,140,8,0,80,88,70,572,4.9,107,20,3
MAYSON,2024-08-23,ACTUAL,24.1,6.7,33,311,9,0,80,90.7,73,580,7.4,111,27,3
MAYSON,2024-08-24,ACTUAL,7.8,7.5,98,67,4,32.8,80,13.7,29,410,0,50,0,1
MAYSON,2024-08-25,ACTUAL,15,7.9,62,136,10,1.4,80,45.9,31,416,0.2,52,0,2
MAYSON,2024-08-26,ACTUAL,12.9,6.8,66,112,6,0,80,64.1,32,421,0.7,53,2,2
MAYSON,2024-08-27,ACTUAL,4.3,3.1,92,285,10,5,80,31.5,20,409,0,36,0,1
MAYSON,2024-08-28,ACTUAL,13.2,4.1,54,314,14,5.8,80,48.7,13,396,0.3,25,0,1
MAYSON,2024-08-29,ACTUAL,20.6,6.8,41,63,7,0,80,77.2,16,402,1.3,29,2,1
MAYSON,2024-08-30,ACTUAL,22.8,4.7,31,339,10,0,80,88.9,19,409,6,35,13,2
MAYSON,2024-08-31,ACTUAL,25,8.4,35,118,10,0,80,90.7,23,417,7.7,40,16,2
MAYSON,2024-09-01,ACTUAL,27.3,8.1,30,117,9,0,80,92.2,26,423,9,46,20,2
MAYSON,2024-09-02,ACTUAL,24.5,7.1,33,41,9,0,80,92.2,30,430,9.2,50,21,2
MAYSON,2024-09-03,ACTUAL,20,8,46,319,11,0,80,90.3,32,435,7.6,53,19,3
MAYSON,2024-09-04,ACTUAL,21.9,3,29,295,8,0,80,91.4,34,441,7.8,58,20,3
MAYSON,2024-09-05,ACTUAL,25.5,6.6,30,149,9,0,80,92,38,447,9.1,62,23,3
MAYSON,2024-09-06,ACTUAL,27.6,6.8,27,141,12,0,80,92.9,41,454,11.7,68,29,3
MAYSON,2024-09-07,ACTUAL,26.3,3.5,23,89,9,0,80,93.6,45,460,11.4,73,29,3
MAYSON,2024-09-08,ACTUAL,20.2,9.5,50,55,4,0,80,90.3,47,465,5.5,75,18,3
MAYSON,2024-09-09,ACTUAL,13.5,3.6,51,347,10,0,80,88.5,48,469,5.8,77,19,3
MAYSON,2024-09-10,ACTUAL,17.2,-1.6,28,86,10,0,80,90.5,51,474,7.7,80,23,3
MAYSON,2024-09-11,ACTUAL,9.5,7.6,88,52,4,0.8,80,80.6,51,478,1.5,81,6,2
MAYSON,2024-09-12,ACTUAL,15,5.2,52,337,14,1,80,81.2,52,482,2.6,82,10,2
MAYSON,2024-09-13,ACTUAL,15.9,5.2,49,46,5,0,80,84.9,54,487,2.6,84,11,2
MAYSON,2024-09-14,ACTUAL,11.3,8.3,82,113,9,6.4,80,43.2,33,464,0.1,56,0,2
MAYSON,2024-09-15,ACTUAL,12.1,5.1,62,358,7,12.2,80,37.7,15,416,0,28,0,1
MAYSON,2024-09-16,ACTUAL,16.3,4.3,45,298,9,0.2,80,69.2,17,421,1,31,2,1
MAYSON,2024-09-17,ACTUAL,19.2,8.8,51,71,8,0,80,81.8,19,426,2.1,34,5,1
MAYSON,2024-09-18,ACTUAL,15.8,2.5,41,337,10,0,80,86.5,21,430,4.3,37,10,2
MAYSON,2024-09-19,ACTUAL,11.5,3.6,58,306,9,0,80,86.3,22,434,3.9,39,9,2
MAYSON,2024-09-20,ACTUAL,9,0.2,54,353,14,2.6,80,69,18,438,1.2,33,3,1
MAYSON,2024-09-21,ACTUAL,12.2,3.7,56,92,12,0,80,79.1,19,441,1.9,35,4,1
MAYSON,2024-09-22,ACTUAL,10.5,9.9,96,25,4,1.8,80,57.2,18,445,0.4,32,1,1
MAYSON,2024-09-23,ACTUAL,17.9,10.4,61,251,6,1.4,80,68.3,19,450,0.8,34,1,1
MAYSON,2024-09-24,ACTUAL,18.3,9.7,57,159,11,0,80,80.5,20,455,2.1,37,5,2
MAYSON,2024-09-25,ACTUAL,13.7,9.6,76,215,7,1.4,80,71.6,21,459,0.9,38,2,1
MAYSON,2024-09-26,ACTUAL,10,2.9,61,169,14,3.2,80,60.9,16,454,0.9,30,1,1
MAYSON,2024-09-27,ACTUAL,15.8,0.6,36,215,9,0,80,80.5,18,459,1.9,33,4,1
MAYSON,2024-09-28,ACTUAL,9.4,1.8,59,88,7,0,80,82.5,19,462,2.2,35,5,2
MAYSON,2024-09-29,ACTUAL,2.7,1.7,93,290,14,2.2,80,55.9,16,464,0.6,30,1,1
MAYSON,2024-09-30,ACTUAL,8.1,-1.7,50,145,14,0.8,80,70.9,17,467,1.3,31,3,1
MAYSON,2024-10-01,ACTUAL,4.3,4.1,99,161,5,1.4,80,56.1,17,469,0.4,31,0,1
MAYSON,2024-10-02,ACTUAL,10.7,-0.8,45,308,8,0.4,80,73.7,18,472,1.1,33,2,1
MAYSON,2024-10-03,ACTUAL,10.2,1,53,145,11,0,80,80.8,19,474,2.1,34,5,1
MAYSON,2024-10-04,ACTUAL,7.6,1.1,63,185,9,0,80,82.1,19,476,2.3,35,5,2
MAYSON,2024-10-05,ACTUAL,11.4,1.3,50,168,12,0,80,84.7,20,479,3.7,37,9,2
MAYSON,2024-10-06,ACTUAL,6.1,5.3,95,110,5,2.4,80,53,17,481,0.3,31,0,1
MAYSON,2024-10-07,ACTUAL,13.2,1.5,45,148,14,1.4,80,70.5,18,484,1.3,33,3,1
MAYSON,2024-10-08,ACTUAL,14.9,5.4,53,193,9,0,80,80.7,19,487,1.9,35,5,1
MAYSON,2024-10-09,ACTUAL,12.6,-5.1,29,259,8,1.2,80,82.1,21,490,2.2,37,5,2
MAYSON,2024-10-10,ACTUAL,6.5,-1.9,55,19,7,0,80,83.4,21,492,2.4,38,6,2
MAYSON,2024-10-11,ACTUAL,10.3,-1.8,43,111,9,0.2,80,85.7,22,495,3.7,40,9,2
MAYSON,2024-10-12,ACTUAL,15.3,-0.2,35,122,9,0,80,88.4,24,498,5.4,42,13,2
MAYSON,2024-10-13,ACTUAL,17.5,2.9,38,162,12,0,80,89,26,502,6.7,45,16,2
MAYSON,2024-10-14,ACTUAL,11.7,3.8,58,183,8,0,80,87.2,26,505,4.3,47,11,2
MAYSON,2024-10-15,ACTUAL,10.1,0.7,52,207,10,0,80,87.1,27,507,4.7,48,12,2
MAYSON,2024-10-16,ACTUAL,5.8,-0.7,63,210,16,0,80,85.4,28,509,5,48,13,2
MAYSON,2024-10-17,ACTUAL,2.8,-3.1,65,300,13,2.6,80,62.8,23,510,0.9,41,2,1
MAYSON,2024-10-18,ACTUAL,-1.3,-1.7,97,148,9,0,80,63.5,23,511,0.8,41,2,1
MAYSON,2024-10-19,ACTUAL,5.8,5,95,109,6,6,80,25.4,13,487,0,25,0,1
MAYSON,2024-10-20,ACTUAL,6.3,6.3,100,74,4,8.8,80,5.3,7,451,0,13,0,1
MAYSON,2024-10-21,ACTUAL,2.4,0.6,88,262,7,3.8,80,12.1,4,440,0,8,0,1
MAYSON,2024-10-22,ACTUAL,5,-1.4,63,66,8,0.2,80,35.4,4,442,0,8,0,1
MAYSON,2024-10-23,ACTUAL,2.2,-2.5,71,34,6,0,80,49.5,4,443,0.2,9,0,1
MAYSON,2024-10-24,ACTUAL,5.4,-7.2,40,268,7,0,80,68.1,5,445,0.8,10,0,1
MAYSON,2024-10-25,ACTUAL,2,-4.3,63,115,8,0,80,74.3,5,446,1.1,10,1,1
MAYSON,2024-10-26,ACTUAL,2.9,2.8,99,87,7,2.8,80,41.5,3,447,0.1,6,0,1
MAYSON,2024-10-27,ACTUAL,7.2,0.7,63,222,8,0.6,80,58.8,4,449,0.6,7,0,1
MAYSON,2024-10-28,ACTUAL,5.3,-1.8,60,282,8,0,80,70.2,4,451,0.9,8,1,1
MAYSON,2024-10-29,ACTUAL,2.4,-1.4,76,111,6,2,80,57.1,3,452,0.5,6,0,1
MAYSON,2024-10-30,ACTUAL,1.6,-2.9,72,118,10,0,80,65.9,3,453,0.9,6,0,1
MAYSON,2024-10-31,ACTUAL,1.5,-0.8,85,137,7,0.8,80,65.2,3,454,0.7,6,0,1
MCLEAN LAKE,2024-05-01,ACTUAL,8.7,-9.9,26,261,11,0,60,88,26,319,5.8,44,14,2
MCLEAN LAKE,2024-05-02,ACTUAL,11.8,-4.9,31,314,7,0,60,89.1,29,323,5.4,47,14,2
MCLEAN LAKE,2024-05-03,ACTUAL,13.6,-1.7,35,88,9,0,60,89.1,31,328,6.1,50,16,2
MCLEAN LAKE,2024-05-04,ACTUAL,11.4,-4,34,79,10,0,60,89.2,33,333,6.2,53,16,2
MCLEAN LAKE,2024-05-05,ACTUAL,13.2,-0.6,39,182,9,0,60,89.2,36,337,6.2,56,17,2
MCLEAN LAKE,2024-05-06,ACTUAL,9.8,-5.9,33,188,12,0,60,89.3,38,341,6.9,59,19,3
MCLEAN LAKE,2024-05-07,ACTUAL,7.2,-4.6,43,278,7,0.4,60,88.6,39,345,4.9,61,15,2
MCLEAN LAKE,2024-05-08,ACTUAL,15.4,-4.6,25,45,7,0,60,90.7,42,350,6.7,65,19,3
MCLEAN LAKE,2024-05-09,ACTUAL,17.5,-4.5,22,268,11,0,60,92.1,46,356,10,69,26,3
MCLEAN LAKE,2024-05-10,ACTUAL,21.3,-0.2,24,96,9,0,60,92.6,50,362,9.5,75,26,3
MCLEAN LAKE,2024-05-11,ACTUAL,23,-0.5,21,97,10,0,60,93.5,55,369,11.6,80,31,3
MCLEAN LAKE,2024-05-12,ACTUAL,19.7,2.9,33,95,11,0,60,92.4,59,375,10.4,85,30,3
MCLEAN LAKE,2024-05-13,ACTUAL,11.2,4,61,266,15,0.2,60,87.6,60,379,6.5,86,22,3
MCLEAN LAKE,2024-05-14,ACTUAL,15.6,2.7,42,110,8,1,60,84.3,63,384,2.9,89,12,2
MCLEAN LAKE,2024-05-15,ACTUAL,17.4,4.6,43,155,12,0,60,87.3,66,390,5.2,92,19,3
MCLEAN LAKE,2024-05-16,ACTUAL,14.2,0.7,40,261,18,0,60,88,68,395,7.9,95,26,3
MCLEAN LAKE,2024-05-17,ACTUAL,7.2,-3.7,46,239,10,4.6,60,59.3,47,385,0.6,72,2,2
MCLEAN LAKE,2024-05-18,ACTUAL,8.1,-1.2,52,65,11,0,60,73.6,48,389,1.2,73,5,2
MCLEAN LAKE,2024-05-19,ACTUAL,6,1.4,72,257,13,5.8,60,45.5,30,375,0.2,51,0,1
MCLEAN LAKE,2024-05-20,ACTUAL,14.2,1,41,81,10,0.6,60,72.1,33,379,1.1,54,3,2
MCLEAN LAKE,2024-05-21,ACTUAL,8.8,4.1,72,178,12,0.6,60,76,34,383,1.5,55,5,2
MCLEAN LAKE,2024-05-22,ACTUAL,8.9,2.5,64,264,21,7.8,60,51,19,362,0.5,33,1,1
MCLEAN LAKE,2024-05-23,ACTUAL,14.4,3.5,48,180,11,0,60,73.7,21,367,1.2,37,3,1
MCLEAN LAKE,2024-05-24,ACTUAL,11.7,4,59,60,8,0,60,80,22,371,1.7,39,4,1
MCLEAN LAKE,2024-05-25,ACTUAL,9,2.6,64,104,8,1.8,60,69.1,21,375,0.9,37,2,1
MCLEAN LAKE,2024-05-26,ACTUAL,8.6,2.4,65,87,8,6.6,60,44.7,13,358,0.1,24,0,1
MCLEAN LAKE,2024-05-27,ACTUAL,13.3,2.8,49,146,17,0,60,71.6,15,363,1.5,27,3,1
MCLEAN LAKE,2024-05-28,ACTUAL,12.4,2.5,51,167,18,0,60,81.5,17,368,3.4,30,7,2
MCLEAN LAKE,2024-05-29,ACTUAL,8.3,-0.7,53,281,16,0,60,83.7,18,372,3.9,32,8,2
MCLEAN LAKE,2024-05-30,ACTUAL,8.8,0,54,135,8,0,60,84.4,19,376,2.8,34,6,2
MCLEAN LAKE,2024-05-31,ACTUAL,15,-2.6,30,79,12,0,60,88.8,22,381,6.5,38,14,2
MCLEAN LAKE,2024-06-01,ACTUAL,15.5,2.9,43,78,9,0.4,60,88.9,24,387,5.6,42,13,2
MCLEAN LAKE,2024-06-02,ACTUAL,9.2,4.3,71,120,8,0,60,85.4,25,392,3.3,44,9,2
MCLEAN LAKE,2024-06-03,ACTUAL,10.4,4.4,66,153,12,5.6,60,53.8,16,380,0.5,30,1,1
MCLEAN LAKE,2024-06-04,ACTUAL,13.2,-0.9,38,206,26,0,60,79,19,386,3.7,33,8,2
MCLEAN LAKE,2024-06-05,ACTUAL,12.2,-2.6,36,143,9,0,60,85.5,21,391,3.5,37,8,2
MCLEAN LAKE,2024-06-06,ACTUAL,16.1,-3.5,26,84,9,0,60,89.9,24,398,6.7,42,15,2
MCLEAN LAKE,2024-06-07,ACTUAL,17,-7.5,18,295,9,0,60,92.6,28,404,10,48,22,2
MCLEAN LAKE,2024-06-08,ACTUAL,21.5,-3.1,19,35,7,0,60,93.7,33,412,10.2,55,24,3
MCLEAN LAKE,2024-06-09,ACTUAL,22.8,1.1,24,58,8,0,60,93.7,38,419,11.1,62,27,3
MCLEAN LAKE,2024-06-10,ACTUAL,18.5,3.8,38,212,15,0,60,91.6,41,426,11.4,66,28,3
MCLEAN LAKE,2024-06-11,ACTUAL,16,-2.2,29,178,22,0.6,60,90.4,44,432,13.7,70,33,3
MCLEAN LAKE,2024-06-12,ACTUAL,13.9,-0.7,37,114,8,0,60,90.3,47,438,6.6,74,20,3
MCLEAN LAKE,2024-06-13,ACTUAL,17.6,-0.8,29,109,14,0,60,90.8,50,445,9.5,78,27,3
MCLEAN LAKE,2024-06-14,ACTUAL,13.3,-4.5,29,187,15,0,60,90.9,53,450,10.2,82,29,3
MCLEAN LAKE,2024-06-15,ACTUAL,8.8,0.3,55,262,17,0,60,87.8,54,455,7.2,83,23,3
MCLEAN LAKE,2024-06-16,ACTUAL,10.3,5.1,70,38,9,12.2,60,42.4,27,410,0.1,46,0,1
MCLEAN LAKE,2024-06-17,ACTUAL,8.4,4.6,77,264,11,5.4,60,36,17,397,0,31,0,1
MCLEAN LAKE,2024-06-18,ACTUAL,11.9,5.4,64,61,7,3.2,60,45.9,14,395,0.1,25,0,1
MCLEAN LAKE,2024-06-19,ACTUAL,16.2,2.5,40,122,9,0.2,60,74,16,402,1.1,30,2,1
MCLEAN LAKE,2024-06-20,ACTUAL,19.8,2.9,33,107,9,0,60,86.7,20,409,4.3,36,10,2
MCLEAN LAKE,2024-06-21,ACTUAL,22.6,0.9,24,85,10,0,60,91.9,25,416,9.3,43,20,2
MCLEAN LAKE,2024-06-22,ACTUAL,21.9,4.4,32,138,8,0.2,60,91.9,29,424,8.6,50,20,2
MCLEAN LAKE,2024-06-23,ACTUAL,16.2,0.2,34,171,18,0,60,91.4,32,430,13.2,54,28,3
MCLEAN LAKE,2024-06-24,ACTUAL,18.2,1.1,32,143,12,0,60,91.5,35,437,9.6,59,23,3
MCLEAN LAKE,2024-06-25,ACTUAL,18.5,2.2,34,78,11,0,60,91.5,39,443,9.2,64,24,3
MCLEAN LAKE,2024-06-26,ACTUAL,18.3,3.6,38,192,20,0,60,91,42,450,13.2,68,31,3
MCLEAN LAKE,2024-06-27,ACTUAL,11,4.5,64,274,21,0,60,86.6,43,455,7.6,70,22,3
MCLEAN LAKE,2024-06-28,ACTUAL,20.1,6.4,41,113,13,0.2,60,88.5,47,462,6.7,74,20,3
MCLEAN LAKE,2024-06-29,ACTUAL,20,3.5,34,89,8,0,60,90,50,469,6.5,79,21,3
MCLEAN LAKE,2024-06-30,ACTUAL,20.6,8.6,46,92,12,1,60,85.9,53,477,4.3,83,16,2
MCLEAN LAKE,2024-07-01,ACTUAL,16,7.5,57,285,6,4.2,60,62.6,39,469,0.7,65,2,2
MCLEAN LAKE,2024-07-02,ACTUAL,18.2,6.7,47,106,7,0.4,60,79.8,41,476,1.6,68,6,2
MCLEAN LAKE,2024-07-03,ACTUAL,19.9,3,33,253,7,0.2,60,88,45,483,4.5,73,15,2
MCLEAN LAKE,2024-07-04,ACTUAL,23.3,4.2,29,78,12,0,60,91.3,49,491,9.7,78,27,3
MCLEAN LAKE,2024-07-05,ACTUAL,25.9,1.2,20,79,6,0,60,93.9,54,500,10.2,85,29,3
MCLEAN LAKE,2024-07-06,ACTUAL,25.1,1.2,21,30,13,0,60,94,59,508,14.6,91,39,4
MCLEAN LAKE,2024-07-07,ACTUAL,28.4,2.5,19,95,10,0,60,94.9,64,517,14,98,39,4
MCLEAN LAKE,2024-07-08,ACTUAL,31.3,0.6,14,336,8,0,60,96.5,71,526,16,106,44,4
MCLEAN LAKE,2024-07-09,ACTUAL,31.9,4.6,18,90,10,0,60,96.5,77,535,17.4,114,48,5
MCLEAN LAKE,2024-07-10,MANUAL,32.8,-0.5,12,76,12,0,65,97.3,84,545,21.5,122,56,5
MCLEAN LAKE,2024-07-11,ACTUAL,25.4,3.3,24,15,10,0,65,95.5,89,553,15.1,127,46,4
MCLEAN LAKE,2024-07-12,ACTUAL,24.7,3.3,25,274,10,0,65,94.7,94,561,13.9,132,44,4
MCLEAN LAKE,2024-07-13,ACTUAL,26.6,5.5,26,224,10,0,65,94.6,98,570,13.7,137,44,4
MCLEAN LAKE,2024-07-14,ACTUAL,28.6,4.8,22,65,9,0,65,94.6,104,579,12.8,143,43,4
MCLEAN LAKE,2024-07-15,ACTUAL,29.4,5.4,22,102,9,0,65,94.7,109,588,13.2,149,44,4
MCLEAN LAKE,2024-07-16,ACTUAL,29.4,1.8,17,67,12,0,65,95.5,115,597,16.7,156,51,5
MCLEAN LAKE,2024-07-17,ACTUAL,30.7,4.4,19,82,8,0,65,95.6,121,606,13.9,162,46,4
MCLEAN LAKE,2024-07-18,ACTUAL,29.2,5.3,22,73,9,0,65,95.6,127,615,14.6,167,48,5
MCLEAN LAKE,2024-07-19,ACTUAL,26.8,1.9,20,157,11,0,65,95.7,132,623,16.4,173,52,5
MCLEAN LAKE,2024-07-20,ACTUAL,28.9,4.4,21,75,9,0,65,95.7,138,632,15.3,178,50,5
MCLEAN LAKE,2024-07-21,ACTUAL,30,3.1,18,75,10,0,65,95.8,144,641,16.1,184,52,5
MCLEAN LAKE,2024-07-22,ACTUAL,26.9,5.7,26,109,6,0,65,95,149,650,11.9,189,43,4
MCLEAN LAKE,2024-07-23,ACTUAL,22,-0.1,23,114,10,0,65,94.6,153,658,13.6,193,47,5
MCLEAN LAKE,2024-07-24,ACTUAL,15.8,1,37,77,8,0,65,92,155,664,8.7,196,35,4
MCLEAN LAKE,2024-07-25,ACTUAL,9.2,7.9,92,256,14,0,65,81.3,156,670,2.7,197,15,3
MCLEAN LAKE,2024-07-26,ACTUAL,20.3,3.8,34,87,11,0.4,65,88.6,159,677,6,200,28,4
MCLEAN LAKE,2024-07-27,ACTUAL,22.4,4.3,31,72,10,0,65,90.9,163,685,7.8,204,33,4
MCLEAN LAKE,2024-07-28,ACTUAL,25.4,6,29,112,11,0,65,92.1,167,693,10.1,208,39,4
MCLEAN LAKE,2024-07-29,ACTUAL,14.1,12.8,92,151,5,6.2,65,37.3,80,658,0,122,0,2
MCLEAN LAKE,2024-07-30,ACTUAL,21.1,10.3,50,135,9,0.6,65,71.1,82,666,1,126,6,3
MCLEAN LAKE,2024-07-31,ACTUAL,25.1,8.5,35,104,12,0,65,87.9,86,674,5.8,131,24,3
MCLEAN LAKE,2024-08-01,ACTUAL,25.8,5.3,27,72,11,0,65,92.1,90,682,10.1,136,36,4
MCLEAN LAKE,2024-08-02,ACTUAL,27.9,4.2,22,82,8,0,65,94,95,690,11.3,141,39,4
MCLEAN LAKE,2024-08-03,ACTUAL,29.7,1.2,16,358,9,0,65,95.7,100,698,15.3,147,48,5
MCLEAN LAKE,2024-08-04,ACTUAL,28.6,3.4,20,142,6,0,65,95.8,105,706,13.3,153,44,4
MCLEAN LAKE,2024-08-05,ACTUAL,23.3,8.1,38,272,14,0,65,92.5,108,713,12.6,157,43,4
MCLEAN LAKE,2024-08-06,ACTUAL,21.3,6.7,39,28,8,13.6,65,64.8,55,617,0.8,89,3,2
MCLEAN LAKE,2024-08-07,ACTUAL,25,4.6,27,350,9,0,65,87.9,59,625,4.8,95,18,3
MCLEAN LAKE,2024-08-08,ACTUAL,26.6,3.1,22,72,9,0,65,93.2,63,633,10.4,101,32,4
MCLEAN LAKE,2024-08-09,ACTUAL,26.1,5.6,27,128,5,0,65,93.3,67,640,8.9,106,30,4
MCLEAN LAKE,2024-08-10,ACTUAL,25.6,6.2,29,84,10,0,65,93.3,71,648,11.1,111,35,4
MCLEAN LAKE,2024-08-11,ACTUAL,25.4,8.3,34,103,9,0,65,92.9,75,655,10,116,34,4
MCLEAN LAKE,2024-08-12,ACTUAL,22,7.7,40,115,7,0,65,91.6,77,662,7.6,120,28,4
MCLEAN LAKE,2024-08-13,ACTUAL,23.1,9.1,41,91,9,0,65,91.2,80,670,7.8,124,29,4
MCLEAN LAKE,2024-08-14,ACTUAL,23.6,9.2,40,82,9,0,65,91.2,83,677,7.9,128,30,4
MCLEAN LAKE,2024-08-15,ACTUAL,25,9.2,37,51,10,0,65,91.3,87,684,8.6,132,32,4
MCLEAN LAKE,2024-08-16,ACTUAL,20.6,8.2,45,35,8,0,65,90.3,89,691,6.8,135,27,3
MCLEAN LAKE,2024-08-17,ACTUAL,23.9,9.4,40,83,8,0,65,90.3,92,698,6.9,139,28,3
MCLEAN LAKE,2024-08-18,ACTUAL,21.6,9.1,45,219,5,0,65,90.2,95,705,5.7,142,25,4
MCLEAN LAKE,2024-08-19,ACTUAL,19.6,5.9,41,70,11,4.4,65,72.7,65,685,1.2,105,6,3
MCLEAN LAKE,2024-08-20,ACTUAL,20.4,5.1,37,118,11,0,65,86,68,692,4.1,109,18,3
MCLEAN LAKE,2024-08-21,ACTUAL,20.3,6.6,41,90,10,0,65,88.4,70,699,5.6,112,22,3
MCLEAN LAKE,2024-08-22,ACTUAL,20.3,7.3,43,69,9,0,65,88.6,73,705,5.4,116,22,3
MCLEAN LAKE,2024-08-23,ACTUAL,24.8,5.5,29,243,11,0,65,91.7,77,713,9.6,121,33,4
MCLEAN LAKE,2024-08-24,ACTUAL,11.2,11.2,100,269,8,34,65,11.6,31,485,0,54,0,2
MCLEAN LAKE,2024-08-25,ACTUAL,17,9.7,62,93,10,0,65,48.3,33,491,0.2,56,0,2
MCLEAN LAKE,2024-08-26,ACTUAL,14,8.9,71,72,8,0,65,65.3,34,497,0.8,58,2,2
MCLEAN LAKE,2024-08-27,ACTUAL,6.6,6,96,89,3,5.6,65,25.6,21,479,0,37,0,1
MCLEAN LAKE,2024-08-28,ACTUAL,17.2,2.7,38,291,6,0,65,63.4,23,485,0.7,41,1,1
MCLEAN LAKE,2024-08-29,ACTUAL,18.4,7.5,49,105,8,0,65,79.9,25,491,1.7,44,5,1
MCLEAN LAKE,2024-08-30,ACTUAL,23.2,6.4,34,78,9,0,65,88.9,28,498,5.7,49,15,2
MCLEAN LAKE,2024-08-31,ACTUAL,22.7,9.4,43,82,9,0,65,89,31,505,6,54,16,2
MCLEAN LAKE,2024-09-01,ACTUAL,24.2,7.3,34,78,9,0,65,90.7,34,512,7.3,58,19,3
MCLEAN LAKE,2024-09-02,ACTUAL,23.5,9.8,42,85,7,0,65,90.8,37,517,6.7,62,19,3
MCLEAN LAKE,2024-09-03,ACTUAL,22.7,9.4,43,67,9,0,65,90.7,39,523,7.5,66,21,3
MCLEAN LAKE,2024-09-04,ACTUAL,23.4,6.5,34,78,7,0,65,90.9,42,529,7,70,21,3
MCLEAN LAKE,2024-09-05,ACTUAL,23.2,6.8,35,80,12,0,65,90.9,45,535,8.9,74,25,3
MCLEAN LAKE,2024-09-06,ACTUAL,24.4,7,33,75,11,0,65,91.2,48,541,8.8,78,26,3
MCLEAN LAKE,2024-09-07,ACTUAL,25.1,5.7,29,94,7,0,65,92.1,51,547,8.2,83,25,3
MCLEAN LAKE,2024-09-08,ACTUAL,20.3,6.2,40,77,10,0,65,91.1,53,553,8.2,86,25,3
MCLEAN LAKE,2024-09-09,ACTUAL,13.2,5.2,58,247,10,0,65,87.9,54,557,5.3,87,19,3
MCLEAN LAKE,2024-09-10,ACTUAL,16,6.5,53,73,10,0,65,87.8,56,561,5.1,89,18,3
MCLEAN LAKE,2024-09-11,ACTUAL,9.7,9.2,97,96,5,2.4,65,53.7,47,565,0.3,78,1,2
MCLEAN LAKE,2024-09-12,ACTUAL,19.1,1.9,32,288,10,0,65,81,50,570,2.1,82,9,2
MCLEAN LAKE,2024-09-13,ACTUAL,17.5,8.7,56,91,10,0,65,84.5,51,575,3.2,84,13,2
MCLEAN LAKE,2024-09-14,ACTUAL,16.4,7.9,57,105,11,2.4,65,72.6,45,579,1.2,75,5,2
MCLEAN LAKE,2024-09-15,ACTUAL,12.5,4.3,57,248,7,4,65,58,33,567,0.5,58,1,2
MCLEAN LAKE,2024-09-16,ACTUAL,15.9,5.5,50,81,7,0,65,76.1,35,571,1.2,60,4,2
MCLEAN LAKE,2024-09-17,ACTUAL,15.5,7.1,57,119,5,0,65,81.8,36,576,1.8,62,6,2
MCLEAN LAKE,2024-09-18,ACTUAL,18.3,6.8,47,244,10,0,65,86.1,38,581,4.1,65,13,2
MCLEAN LAKE,2024-09-19,ACTUAL,16.2,6.1,51,106,7,0,65,86.5,39,585,3.7,67,12,2
MCLEAN LAKE,2024-09-20,ACTUAL,12.9,-1.6,37,307,9,0.6,65,87.2,41,589,4.5,70,15,2
MCLEAN LAKE,2024-09-21,ACTUAL,12.6,3.6,54,69,11,0,65,87.1,42,593,5,71,16,2
MCLEAN LAKE,2024-09-22,ACTUAL,12.9,6.5,65,164,16,0.6,65,84.6,43,597,4.4,73,15,2
MCLEAN LAKE,2024-09-23,ACTUAL,17.8,10.7,63,69,8,2.2,65,72,39,602,1,67,4,2
MCLEAN LAKE,2024-09-24,ACTUAL,18,10.5,61,77,10,0,65,80.8,40,607,2,69,7,2
MCLEAN LAKE,2024-09-25,ACTUAL,9.8,7.9,88,299,22,2.4,65,59.2,34,611,1.2,60,4,2
MCLEAN LAKE,2024-09-26,ACTUAL,8,2.1,66,110,13,7.8,65,42.5,19,569,0.1,35,0,1
MCLEAN LAKE,2024-09-27,ACTUAL,16,1.9,39,168,14,0.2,65,74.3,21,574,1.5,38,4,1
MCLEAN LAKE,2024-09-28,ACTUAL,10.8,1.3,52,79,6,0,65,80.8,22,577,1.7,40,4,1
MCLEAN LAKE,2024-09-29,ACTUAL,6.8,1.8,70,240,7,0.2,65,81.3,22,580,1.9,40,5,1
MCLEAN LAKE,2024-09-30,ACTUAL,7.5,-0.4,57,72,10,0,65,83,23,583,2.7,42,7,2
MCLEAN LAKE,2024-10-01,ACTUAL,7.1,3.9,80,67,11,0,65,81.9,23,585,2.4,42,6,2
MCLEAN LAKE,2024-10-02,ACTUAL,13.4,0.3,41,338,10,0,65,86.1,24,589,4,44,10,2
MCLEAN LAKE,2024-10-03,ACTUAL,8.6,0.8,58,73,10,0,65,85.9,25,591,3.9,45,10,2
MCLEAN LAKE,2024-10-04,ACTUAL,10.4,1.2,53,190,18,0,65,85.9,26,593,5.8,47,14,2
MCLEAN LAKE,2024-10-05,ACTUAL,12.1,0.8,46,108,11,0,65,86.5,27,596,4.5,48,12,2
MCLEAN LAKE,2024-10-06,ACTUAL,7.5,5.1,85,65,8,0.4,65,82.2,27,598,2.2,49,6,2
MCLEAN LAKE,2024-10-07,ACTUAL,10.2,4.2,66,90,7,0,65,82.7,28,601,2.2,50,7,2
MCLEAN LAKE,2024-10-08,ACTUAL,17.2,4.4,43,135,11,0,65,86.8,29,605,4.6,52,13,2
MCLEAN LAKE,2024-10-09,ACTUAL,12.8,-1.7,37,108,10,0,65,88,31,608,5.3,54,15,2
MCLEAN LAKE,2024-10-10,ACTUAL,9.4,-0.2,51,72,8,0,65,87.4,31,610,4.4,56,13,2
MCLEAN LAKE,2024-10-11,ACTUAL,7.7,-1,54,80,9,0,65,86.7,32,612,4.2,57,12,2
MCLEAN LAKE,2024-10-12,ACTUAL,12.1,0.5,45,76,10,0,65,86.9,33,615,4.6,58,13,2
MCLEAN LAKE,2024-10-13,ACTUAL,11.3,2.6,55,65,7,0,65,86.8,34,618,3.9,60,12,2
MCLEAN LAKE,2024-10-14,ACTUAL,17.4,5,44,104,12,0,65,87.7,35,622,5.8,62,17,2
MCLEAN LAKE,2024-10-15,ACTUAL,10.2,4,65,116,6,0,65,85.9,36,624,3.1,63,10,2
MCLEAN LAKE,2024-10-16,ACTUAL,9.2,-2.2,45,183,13,0,65,86.3,37,626,4.8,64,15,2
MCLEAN LAKE,2024-10-17,ACTUAL,7.2,-1.7,53,47,11,0,65,86.3,38,628,4.5,65,14,2
MCLEAN LAKE,2024-10-18,ACTUAL,1.1,-0.1,92,97,7,0,65,80.5,38,629,1.7,65,6,2
MCLEAN LAKE,2024-10-19,ACTUAL,14.1,5.2,55,101,10,0.2,65,83.9,39,633,3,67,10,2
MCLEAN LAKE,2024-10-20,ACTUAL,7.2,7,99,45,5,4.6,65,33.2,26,611,0,47,0,1
MCLEAN LAKE,2024-10-21,ACTUAL,1.9,0.1,88,262,15,2.2,65,33.5,22,612,0,41,0,1
MCLEAN LAKE,2024-10-22,ACTUAL,3.1,-0.7,76,79,7,0,65,46.9,23,613,0.2,41,0,1
MCLEAN LAKE,2024-10-23,ACTUAL,3.2,2,92,115,5,0,65,51.1,23,615,0.2,41,0,1
MCLEAN LAKE,2024-10-24,ACTUAL,5.5,-1.9,59,61,8,0,65,65.8,23,616,0.8,42,2,1
MCLEAN LAKE,2024-10-25,ACTUAL,-0.9,-2.8,87,75,8,0,65,68.3,23,617,0.9,42,2,1
MCLEAN LAKE,2024-10-26,ACTUAL,8.7,4.6,75,88,9,1.4,65,65.2,23,619,0.8,43,2,1
MCLEAN LAKE,2024-10-27,ACTUAL,9.4,0.8,55,130,12,0,65,76.6,24,621,1.5,44,4,1
MCLEAN LAKE,2024-10-28,ACTUAL,7.3,0.8,63,62,8,0,65,80,25,623,1.7,45,5,1
MCLEAN LAKE,2024-10-29,ACTUAL,0.6,0.3,98,103,5,2.4,65,48.8,21,624,0.2,38,0,1
MCLEAN LAKE,2024-10-30,ACTUAL,1,-0.2,92,73,8,0,65,53,21,625,0.4,38,0,1
MCLEAN LAKE,2024-10-31,ACTUAL,2.8,0.7,86,74,8,0.2,65,59.2,21,626,0.6,38,1,1
MUDPIT,2024-05-01,ACTUAL,12.1,-5.1,30,316,10,0,60,82.9,17,79,2.6,22,5,2
MUDPIT,2024-05-02,ACTUAL,14.5,-1.7,33,298,7,0,60,87.6,20,84,4.2,25,8,2
MUDPIT,2024-05-03,ACTUAL,14.5,-2.1,32,337,5,0,60,89.1,22,89,4.8,28,9,3
MUDPIT,2024-05-04,ACTUAL,17.7,-5,21,57,8,0,60,92,26,95,8.4,31,15,3
MUDPIT,2024-05-05,ACTUAL,16.7,0.2,33,293,6,0,60,91.7,29,100,7.2,34,14,3
MUDPIT,2024-05-06,ACTUAL,10.9,1.7,53,9,5,6.6,60,53.7,18,94,0.3,25,0,2
MUDPIT,2024-05-07,ACTUAL,12.1,-1.2,40,223,5,0,60,73.6,20,99,0.9,27,1,2
MUDPIT,2024-05-08,ACTUAL,15.8,-6.5,21,304,6,0,60,87.1,24,104,3.9,30,8,3
MUDPIT,2024-05-09,ACTUAL,20.6,-1.3,23,307,6,0,60,91.6,28,110,7.3,34,14,3
MUDPIT,2024-05-10,ACTUAL,22.6,1.5,25,271,3,0,60,92.4,33,117,7.2,39,15,3
MUDPIT,2024-05-11,ACTUAL,23.9,0.2,21,279,5,0,60,93.6,38,123,9.1,43,19,4
MUDPIT,2024-05-12,ACTUAL,21.5,3.1,30,324,5,0,60,93.1,42,129,8.5,47,19,4
MUDPIT,2024-05-13,ACTUAL,11.3,9.7,90,309,3,4.4,60,43.8,29,127,0.1,37,0,2
MUDPIT,2024-05-14,ACTUAL,15.7,5.3,50,259,6,0,60,68.9,32,133,0.8,40,2,2
MUDPIT,2024-05-15,ACTUAL,16,4,45,270,4,0,60,80.8,34,138,1.5,42,4,2
MUDPIT,2024-05-16,ACTUAL,8.5,7.4,93,286,3,14.4,60,20.8,14,113,0,22,0,2
MUDPIT,2024-05-17,ACTUAL,9.3,1.2,57,231,9,10.4,60,34.6,8,99,0,13,0,1
MUDPIT,2024-05-18,ACTUAL,10.2,2.8,60,237,13,0,60,59.8,9,103,0.8,15,1,1
MUDPIT,2024-05-19,ACTUAL,10.4,4.6,67,92,7,0,60,71,10,107,0.9,17,1,1
MUDPIT,2024-05-20,ACTUAL,16.1,0.5,35,314,6,1.6,60,76.9,13,112,1.2,20,1,2
MUDPIT,2024-05-21,ACTUAL,9.2,6.3,82,271,3,2.4,60,55.4,10,116,0.3,17,0,1
MUDPIT,2024-05-22,ACTUAL,14.9,5.4,53,344,6,4.6,60,54.5,8,115,0.4,14,0,1
MUDPIT,2024-05-23,ACTUAL,15.6,7.2,57,314,3,0.4,60,71,10,120,0.7,16,1,1
MUDPIT,2024-05-24,ACTUAL,12.6,6.3,65,33,5,0.6,60,76.6,11,125,1.1,18,1,1
MUDPIT,2024-05-25,ACTUAL,11.4,7.2,75,312,5,1.8,60,64.8,11,129,0.7,18,1,1
MUDPIT,2024-05-26,ACTUAL,10.6,4.8,67,335,8,4.6,60,49.1,7,127,0.2,13,0,1
MUDPIT,2024-05-27,ACTUAL,13.6,3.9,52,291,4,0,60,68.7,9,132,0.7,16,1,1
MUDPIT,2024-05-28,ACTUAL,12.3,9.5,83,285,5,2.4,60,53.5,8,136,0.3,13,0,1
MUDPIT,2024-05-29,ACTUAL,6.4,4.4,87,333,6,5.4,60,30.1,4,131,0,8,0,1
MUDPIT,2024-05-30,ACTUAL,10.1,0.7,52,140,4,2,60,47.9,4,135,0.2,8,0,1
MUDPIT,2024-05-31,ACTUAL,15.7,1.3,38,304,7,0,60,74.2,7,140,1,13,1,1
MUDPIT,2024-06-01,ACTUAL,10.8,9,89,322,5,6.4,60,33.3,4,135,0,7,0,1
MUDPIT,2024-06-02,ACTUAL,14.6,8.6,67,286,4,3.2,60,42.6,3,137,0.1,6,0,1
MUDPIT,2024-06-03,ACTUAL,10.1,8,87,270,5,9.2,60,22.2,2,125,0,3,0,1
MUDPIT,2024-06-04,ACTUAL,12.5,4.8,59,5,7,0.2,60,50.9,3,130,0.3,6,0,1
MUDPIT,2024-06-05,ACTUAL,12.3,3.5,55,45,8,1,60,66.7,5,136,0.8,8,0,1
MUDPIT,2024-06-06,ACTUAL,16.5,2.8,40,308,4,0,60,81,7,142,1.6,13,1,2
MUDPIT,2024-06-07,ACTUAL,18.6,-0.4,28,233,7,0,60,88.9,11,149,5.2,19,8,2
MUDPIT,2024-06-08,ACTUAL,22.1,-3.4,18,320,8,0,60,93.3,16,157,10.1,26,16,3
MUDPIT,2024-06-09,ACTUAL,22.2,4.6,32,277,6,0,60,92.8,20,164,8.6,31,16,3
MUDPIT,2024-06-10,ACTUAL,21.3,5.9,37,280,7,0,60,91.9,24,171,7.9,36,16,3
MUDPIT,2024-06-11,ACTUAL,18.9,5.3,41,243,9,0.6,60,89.3,27,178,6,39,13,3
MUDPIT,2024-06-12,ACTUAL,15.3,4,47,259,7,0.8,60,85.4,29,184,3.1,42,8,3
MUDPIT,2024-06-13,ACTUAL,20.3,4.6,36,302,8,0,60,89,33,191,5.6,46,14,3
MUDPIT,2024-06-14,ACTUAL,19.8,-0.4,26,254,8,0,60,91.4,37,198,7.8,51,19,4
MUDPIT,2024-06-15,ACTUAL,9.9,4.5,69,250,4,0,60,86.7,38,203,3.3,52,10,3
MUDPIT,2024-06-16,ACTUAL,12.3,4.6,59,246,4,2.8,60,64.9,32,206,0.6,46,1,3
MUDPIT,2024-06-17,ACTUAL,11.6,5.7,67,221,11,0.6,60,74.2,33,211,1.3,48,4,3
MUDPIT,2024-06-18,ACTUAL,15.3,4,47,264,8,0.6,60,82.1,35,217,2.1,50,6,3
MUDPIT,2024-06-19,ACTUAL,18,7.1,49,292,7,0,60,85.7,38,224,3.4,53,10,3
MUDPIT,2024-06-20,ACTUAL,21.6,2.7,29,309,7,0,60,90.4,42,231,6.4,58,17,4
MUDPIT,2024-06-21,ACTUAL,25.1,0.5,20,268,8,0,60,93.7,48,239,10.6,64,26,4
MUDPIT,2024-06-22,ACTUAL,20.1,7.1,43,292,4,0,60,91.4,51,246,6.2,67,18,4
MUDPIT,2024-06-23,ACTUAL,17.8,3.9,40,211,12,0.2,60,90.6,54,253,8.4,70,23,4
MUDPIT,2024-06-24,ACTUAL,14.6,10.7,77,313,9,2.4,60,66.9,47,259,0.9,64,3,3
MUDPIT,2024-06-25,ACTUAL,19.9,7.9,46,266,7,0.6,60,81.3,50,266,1.8,68,7,3
MUDPIT,2024-06-26,ACTUAL,22.3,8.7,42,316,3,0,60,87.1,53,273,3.2,72,12,4
MUDPIT,2024-06-27,ACTUAL,18.3,10,58,300,9,6.4,60,60.8,34,264,0.7,52,2,3
MUDPIT,2024-06-28,ACTUAL,17.5,10.5,63,322,5,1,60,71.1,36,271,0.8,54,2,3
MUDPIT,2024-06-29,ACTUAL,21.3,7.8,42,302,4,0,60,84,39,278,2.3,58,7,3
MUDPIT,2024-06-30,ACTUAL,13.8,13.6,99,324,4,6.2,60,27.4,24,269,0,39,0,2
MUDPIT,2024-07-01,ACTUAL,15.1,11.3,78,115,8,1.4,60,45,25,275,0.1,40,0,2
MUDPIT,2024-07-02,ACTUAL,14.8,9.9,72,141,2,2,60,49.7,23,282,0.2,38,0,2
MUDPIT,2024-07-03,ACTUAL,21,7.2,41,264,7,0.2,60,77.9,26,289,1.3,42,4,2
MUDPIT,2024-07-04,ACTUAL,23.2,3.6,28,314,5,0,60,89.2,30,297,4.9,48,13,3
MUDPIT,2024-07-05,ACTUAL,25.9,3.1,23,296,5,0,60,93,35,306,8.6,54,21,4
MUDPIT,2024-07-06,ACTUAL,25.9,5.4,27,290,6,0,60,93,40,314,9,60,23,4
MUDPIT,2024-07-07,ACTUAL,28.4,9.1,30,301,5,0,60,93.1,44,323,8.6,66,23,4
MUDPIT,2024-07-08,ACTUAL,29.8,8.2,26,250,7,0,60,93.6,50,332,9.9,72,27,4
MUDPIT,2024-07-09,ACTUAL,31.6,10.3,27,272,4,0,60,93.7,55,341,9.1,79,26,4
MUDPIT,2024-07-10,MANUAL,32,8.3,23,314,6,0,65,94.6,61,351,11.1,85,31,5
MUDPIT,2024-07-11,ACTUAL,27.9,6,25,312,9,0,65,94.6,66,359,12.8,91,36,5
MUDPIT,2024-07-12,ACTUAL,26.6,6,27,315,8,0,65,94.4,71,368,12,96,35,5
MUDPIT,2024-07-13,ACTUAL,29.5,9,28,260,7,0,65,94.5,76,377,11.4,101,35,5
MUDPIT,2024-07-14,ACTUAL,29.5,6.8,24,293,6,0,65,94.5,82,386,11,107,35,5
MUDPIT,2024-07-15,ACTUAL,29.8,9.8,29,262,6,0,65,94.5,87,395,11,112,35,5
MUDPIT,2024-07-16,ACTUAL,30.9,8.5,25,280,4,0,65,94.5,93,404,10,118,34,5
MUDPIT,2024-07-17,ACTUAL,30.4,11.8,32,302,5,0,65,94.1,98,413,10,123,34,5
MUDPIT,2024-07-18,ACTUAL,32.4,11.5,28,264,6,4.6,65,85.7,69,409,3.2,97,14,4
MUDPIT,2024-07-19,ACTUAL,32.7,10.6,26,240,9,0,65,93.5,74,419,11,103,34,5
MUDPIT,2024-07-20,ACTUAL,30.8,8.5,25,268,6,0,65,94,80,428,10,109,33,5
MUDPIT,2024-07-21,ACTUAL,33.4,12.9,29,275,5,0,65,94,86,438,9.8,115,33,5
MUDPIT,2024-07-22,ACTUAL,29.9,13.6,37,312,6,0.6,65,91.4,90,447,6.9,120,27,5
MUDPIT,2024-07-23,ACTUAL,24.1,3.9,27,286,9,0,65,92.3,95,455,9.2,125,33,5
MUDPIT,2024-07-24,ACTUAL,21.7,4.6,33,266,7,0,65,92.3,98,462,8.4,128,31,5
MUDPIT,2024-07-25,ACTUAL,19.6,4.8,38,203,13,2,65,82.5,88,470,2.9,120,14,4
MUDPIT,2024-07-26,ACTUAL,19.2,7.9,48,294,7,0,65,86.2,91,477,3.5,123,16,4
MUDPIT,2024-07-27,ACTUAL,22.2,8.3,41,275,6,0,65,88.7,94,484,4.9,126,21,5
MUDPIT,2024-07-28,ACTUAL,25.4,9.6,37,320,6,0,65,90.3,98,493,6,131,25,5
MUDPIT,2024-07-29,ACTUAL,14.9,13.4,91,330,3,3,65,52.7,73,491,0.3,107,1,2
MUDPIT,2024-07-30,ACTUAL,18.9,14.6,76,297,5,5.2,65,43.8,48,478,0.1,77,0,2
MUDPIT,2024-07-31,ACTUAL,25.1,11.3,42,274,10,0,65,79.6,52,486,1.8,82,7,3
MUDPIT,2024-08-01,ACTUAL,28.7,10.8,33,248,7,0,65,90.3,56,495,6.5,87,22,4
MUDPIT,2024-08-02,ACTUAL,29.7,10.2,30,244,6,0,65,92.5,60,503,8.1,93,26,4
MUDPIT,2024-08-03,ACTUAL,28.6,8.7,29,275,4,0,65,92.8,65,511,7.9,98,27,4
MUDPIT,2024-08-04,ACTUAL,28.5,12.3,37,286,4,0,65,92.7,68,519,7.6,103,27,4
MUDPIT,2024-08-05,ACTUAL,27.7,11.6,37,53,3,1,65,89,72,527,4.4,108,18,4
MUDPIT,2024-08-06,ACTUAL,24.8,6.9,32,238,7,3.8,65,79.5,55,521,1.5,87,7,3
MUDPIT,2024-08-07,ACTUAL,25.2,7.2,32,306,7,0,65,89.5,59,529,5.5,92,20,4
MUDPIT,2024-08-08,ACTUAL,27.7,8,29,288,8,0,65,92.3,63,537,8.8,98,28,4
MUDPIT,2024-08-09,ACTUAL,26.7,8.1,31,274,4,0,65,92.3,67,544,7.4,103,26,4
MUDPIT,2024-08-10,ACTUAL,26.6,10.6,37,259,5,0.8,65,89.8,71,552,5.4,107,21,4
MUDPIT,2024-08-11,ACTUAL,24.1,11.8,46,262,4,0,65,89.8,74,559,5.2,111,21,4
MUDPIT,2024-08-12,ACTUAL,25.3,9.9,38,221,8,0,65,90.4,77,567,6.6,115,25,4
MUDPIT,2024-08-13,ACTUAL,21.5,11.6,53,259,5,0,65,89.1,79,574,4.8,118,20,4
MUDPIT,2024-08-14,ACTUAL,22.7,14.1,58,294,5,0.8,65,85.1,81,581,2.7,120,13,4
MUDPIT,2024-08-15,ACTUAL,27.4,11.8,38,239,5,0,65,89.8,85,589,5.3,125,22,5
MUDPIT,2024-08-16,ACTUAL,16.7,15,90,256,3,12,65,29.2,43,527,0,71,0,2
MUDPIT,2024-08-17,ACTUAL,20.5,17.2,81,299,6,11.2,65,31,22,478,0,39,0,2
MUDPIT,2024-08-18,ACTUAL,23.4,14.2,56,262,4,0,65,65.4,24,486,0.7,43,1,2
MUDPIT,2024-08-19,ACTUAL,23.4,9,40,289,5,0,65,83.8,27,493,2.3,47,7,3
MUDPIT,2024-08-20,ACTUAL,22.1,5.8,35,270,4,0,65,88.9,30,500,4.5,52,12,3
MUDPIT,2024-08-21,ACTUAL,14.2,12.4,89,225,3,3,65,52.9,24,497,0.3,42,0,2
MUDPIT,2024-08-22,ACTUAL,21.4,10.9,51,277,6,2.4,65,67.6,22,504,0.8,40,1,2
MUDPIT,2024-08-23,ACTUAL,26.8,9.5,34,292,4,0,65,86.9,26,512,3.4,46,9,3
MUDPIT,2024-08-24,ACTUAL,11.2,9.4,89,184,4,26.4,65,22.9,10,392,0,19,0,1
MUDPIT,2024-08-25,ACTUAL,14.8,10.7,76,59,8,4.8,65,34.5,6,384,0,12,0,1
MUDPIT,2024-08-26,ACTUAL,17.9,9.6,58,127,2,0,65,59.6,8,390,0.4,15,0,1
MUDPIT,2024-08-27,ACTUAL,12.7,5.9,63,211,12,14,65,43.5,5,345,0.1,9,0,1
MUDPIT,2024-08-28,ACTUAL,17.3,7.4,52,274,6,4.8,65,53.1,4,338,0.3,8,0,1
MUDPIT,2024-08-29,ACTUAL,19.1,10.5,57,276,5,0,65,73.2,6,345,0.9,11,1,1
MUDPIT,2024-08-30,ACTUAL,22.5,12.8,54,277,5,0,65,83,8,352,2.1,15,3,2
MUDPIT,2024-08-31,ACTUAL,24.4,10.6,42,284,5,0,65,88.1,11,359,4.1,20,7,2
MUDPIT,2024-09-01,ACTUAL,25.9,14.1,48,265,5,0,65,88.6,14,366,4.5,25,8,3
MUDPIT,2024-09-02,ACTUAL,24.2,11.2,44,92,6,0,65,89,16,372,5,29,10,3
MUDPIT,2024-09-03,ACTUAL,24.1,11.1,44,267,7,0,65,89.1,19,378,5.2,33,11,3
MUDPIT,2024-09-04,ACTUAL,23.2,6.8,35,314,6,0,65,90.4,21,384,6.2,38,13,3
MUDPIT,2024-09-05,ACTUAL,24.2,10.8,43,297,4,0,65,90.4,24,390,5.6,41,13,3
MUDPIT,2024-09-06,ACTUAL,25.9,12.7,44,263,6,0,65,90.5,27,396,6.1,46,15,3
MUDPIT,2024-09-07,ACTUAL,25.7,12.5,44,282,5,0,65,90.5,29,402,6,50,15,3
MUDPIT,2024-09-08,ACTUAL,19.1,10.2,56,340,2,0,65,88.7,31,408,3.9,52,11,3
MUDPIT,2024-09-09,ACTUAL,16.7,1.8,37,287,4,0,65,89.1,33,412,4.6,55,13,3
MUDPIT,2024-09-10,ACTUAL,18.9,4.6,39,254,5,0,65,89.2,35,417,4.8,58,14,3
MUDPIT,2024-09-11,ACTUAL,11.8,9.2,84,303,4,0.2,65,83.6,35,421,2.1,59,7,3
MUDPIT,2024-09-12,ACTUAL,18,8.6,54,220,4,0.2,65,85.4,37,426,2.7,61,9,3
MUDPIT,2024-09-13,ACTUAL,16.1,8.2,59,278,5,0,65,85.5,38,431,2.9,63,10,3
MUDPIT,2024-09-14,ACTUAL,13.6,10.8,83,65,5,6.4,65,41.6,23,412,0.1,40,0,2
MUDPIT,2024-09-15,ACTUAL,15,7.4,60,278,6,16.4,65,38.4,11,354,0,20,0,2
MUDPIT,2024-09-16,ACTUAL,16.5,9.3,62,270,5,0,65,62.1,12,358,0.6,22,1,2
MUDPIT,2024-09-17,ACTUAL,18,9.7,58,261,5,0,65,76.5,14,363,1.1,25,1,2
MUDPIT,2024-09-18,ACTUAL,18.5,5.6,43,343,4,0,65,84.6,16,368,2.4,28,5,2
MUDPIT,2024-09-19,ACTUAL,15.3,9.1,66,283,4,0,65,84.7,16,373,2.5,30,5,2
MUDPIT,2024-09-20,ACTUAL,13.1,1.1,44,273,4,2.2,65,72.5,15,377,0.9,28,1,2
MUDPIT,2024-09-21,ACTUAL,9.6,4.4,70,312,3,0,65,76.7,16,380,1,29,2,2
MUDPIT,2024-09-22,ACTUAL,11,10.4,96,206,1,1.4,65,61,16,384,0.5,29,1,2
MUDPIT,2024-09-23,ACTUAL,17.6,10.6,63,19,7,1.2,65,70.8,17,389,0.9,31,1,2
MUDPIT,2024-09-24,ACTUAL,16.8,13.2,79,277,4,0,65,75.5,18,394,0.9,32,2,2
MUDPIT,2024-09-25,ACTUAL,17.4,12.8,74,12,3,8.2,65,41.7,10,370,0.1,19,0,1
MUDPIT,2024-09-26,ACTUAL,13.8,5.5,57,258,5,14,65,38.8,6,326,0,11,0,1
MUDPIT,2024-09-27,ACTUAL,19,3.5,36,224,10,1.6,65,70.8,7,331,1.1,14,1,1
MUDPIT,2024-09-28,ACTUAL,10.9,6.1,72,283,3,0,65,75.6,8,335,0.9,15,1,1
MUDPIT,2024-09-29,ACTUAL,7.2,1.9,69,204,9,0,65,78.8,8,338,1.5,16,2,2
MUDPIT,2024-09-30,ACTUAL,10.2,2.8,60,344,5,0,65,81.6,9,341,1.8,17,2,2
MUDPIT,2024-10-01,ACTUAL,5.8,5.2,96,190,4,4.4,65,35.5,5,332,0,10,0,1
MUDPIT,2024-10-02,ACTUAL,10.7,5.3,69,294,5,9.2,65,31.6,3,307,0,5,0,1
MUDPIT,2024-10-03,ACTUAL,11.7,5,63,243,4,0,65,53.7,4,310,0.3,7,0,1
MUDPIT,2024-10-04,ACTUAL,6.3,4.1,86,138,5,0.2,65,59.9,4,312,0.5,7,0,1
MUDPIT,2024-10-05,ACTUAL,11.6,5.1,64,21,7,2.2,65,59.7,3,315,0.6,6,0,1
MUDPIT,2024-10-06,ACTUAL,9,6.6,85,139,6,0.8,65,62.2,3,317,0.6,6,0,1
MUDPIT,2024-10-07,ACTUAL,10.8,7.1,78,256,4,0.4,65,69.2,4,320,0.7,7,0,1
MUDPIT,2024-10-08,ACTUAL,17.5,5.4,45,168,11,0,65,82.7,5,323,2.7,10,3,2
MUDPIT,2024-10-09,ACTUAL,15.1,5.9,54,226,5,0,65,84.7,6,327,2.5,12,3,2
MUDPIT,2024-10-10,ACTUAL,10,2.4,59,308,5,0.2,65,84.8,7,329,2.6,13,3,2
MUDPIT,2024-10-11,ACTUAL,10,3.1,62,264,4,0,65,84.8,8,332,2.5,15,3,2
MUDPIT,2024-10-12,ACTUAL,13.7,4.9,55,265,4,0,65,85.2,9,335,2.7,16,4,2
MUDPIT,2024-10-13,ACTUAL,15.3,6.9,57,266,2,0,65,85.4,10,338,2.5,18,4,2
MUDPIT,2024-10-14,ACTUAL,9.9,8.3,90,43,7,0,65,80.7,10,341,1.7,19,2,2
MUDPIT,2024-10-15,ACTUAL,10.1,9.9,99,216,1,3.2,65,40.8,7,337,0,13,0,1
MUDPIT,2024-10-16,ACTUAL,11.7,5.2,64,236,5,1,65,57,7,340,0.4,14,0,1
MUDPIT,2024-10-17,ACTUAL,5.6,1.7,76,215,7,3.8,65,42.1,5,333,0.1,9,0,1
MUDPIT,2024-10-18,ACTUAL,3.3,0.8,84,58,10,1.6,65,43.8,4,334,0.1,8,0,1
MUDPIT,2024-10-19,ACTUAL,5.6,4.7,94,95,3,21.8,65,9.6,1,266,0,3,0,1
MUDPIT,2024-10-20,ACTUAL,7.3,7.3,100,121,3,10.8,65,1.4,0,240,0,0,0,1
MUDPIT,2024-10-21,ACTUAL,7.1,3.7,79,257,5,7,65,16,0,226,0,1,0,1
MUDPIT,2024-10-22,ACTUAL,6.7,-0.5,60,268,5,0.8,65,38.2,1,228,0,1,0,1
MUDPIT,2024-10-23,ACTUAL,3.3,1.3,87,291,2,0,65,44.5,1,229,0.1,2,0,1
MUDPIT,2024-10-24,ACTUAL,7.8,1.2,63,350,7,0,65,61.3,1,231,0.6,3,0,1
MUDPIT,2024-10-25,ACTUAL,2.8,0.7,86,268,4,0,65,64.9,1,232,0.6,3,0,1
MUDPIT,2024-10-26,ACTUAL,7.8,5.1,83,249,3,2.8,65,46.3,1,231,0.1,1,0,1
MUDPIT,2024-10-27,ACTUAL,8.7,7.8,94,297,6,17.6,65,12.7,0,189,0,0,0,1
MUDPIT,2024-10-28,ACTUAL,6.4,2.7,77,75,2,0.2,65,26.4,0,191,0,1,0,1
MUDPIT,2024-10-29,ACTUAL,6,-0.5,63,296,5,1.2,65,43.2,1,192,0.1,1,0,1
MUDPIT,2024-10-30,ACTUAL,5.8,-3.9,50,70,11,0,65,63.8,1,194,0.9,3,0,1
MUDPIT,2024-10-31,ACTUAL,3.7,2.8,94,283,4,1,65,58.2,1,196,0.4,3,0,1
PASKA LAKE,2024-05-01,ACTUAL,5.4,-8.6,36,332,14,0,60,77.2,3,230,1.8,6,1,1
PASKA LAKE,2024-05-02,ACTUAL,9.5,-6.5,32,33,14,0,60,85.2,5,234,4.5,10,5,1
PASKA LAKE,2024-05-03,ACTUAL,9.2,-6,34,157,15,0,60,87.5,7,238,6.3,13,8,2
PASKA LAKE,2024-05-04,ACTUAL,10.8,-4.6,34,93,13,0,60,88.4,9,242,6.5,16,9,2
PASKA LAKE,2024-05-05,ACTUAL,11.8,-0.8,42,229,8,0,60,88.5,11,247,5.1,20,8,2
PASKA LAKE,2024-05-06,ACTUAL,7.3,-3.9,45,211,19,0,60,88,12,250,8.2,22,12,2
PASKA LAKE,2024-05-07,ACTUAL,3.4,-4.5,56,328,17,0.8,60,82.4,13,253,3.5,22,6,2
PASKA LAKE,2024-05-08,ACTUAL,11.6,-8.4,24,26,15,0,60,88.7,15,258,7.4,26,13,2
PASKA LAKE,2024-05-09,ACTUAL,15.6,-4.5,25,342,12,0,60,90.9,18,263,8.9,31,16,2
PASKA LAKE,2024-05-10,ACTUAL,21,-5,17,236,14,0,60,93.8,23,269,14.4,38,25,2
PASKA LAKE,2024-05-11,ACTUAL,20.7,-3.8,19,264,16,0,60,93.8,28,275,16.1,45,29,3
PASKA LAKE,2024-05-12,ACTUAL,17.3,-1,29,280,12,0,60,92.9,31,281,11.6,49,24,2
PASKA LAKE,2024-05-13,ACTUAL,11.4,0.7,48,251,8,0.2,60,89.7,33,285,6.1,51,16,2
PASKA LAKE,2024-05-14,ACTUAL,12.3,1.6,48,240,8,0.8,60,85,35,290,3.1,54,9,2
PASKA LAKE,2024-05-15,ACTUAL,14.2,3.3,48,231,16,0,60,86.3,37,295,5.7,56,16,2
PASKA LAKE,2024-05-16,ACTUAL,9.3,0.2,53,227,19,0,60,86.4,38,299,6.7,58,18,3
PASKA LAKE,2024-05-17,ACTUAL,2.3,0.2,86,325,15,6.4,60,38.8,23,285,0.1,38,0,1
PASKA LAKE,2024-05-18,ACTUAL,0.8,-0.5,91,306,3,5.2,60,19.8,14,276,0,25,0,1
PASKA LAKE,2024-05-19,ACTUAL,8.3,-3,45,315,17,1.8,60,50.7,14,280,0.4,25,0,1
PASKA LAKE,2024-05-20,ACTUAL,9.6,-3.8,39,305,10,2.4,60,61.5,13,284,0.7,23,1,1
PASKA LAKE,2024-05-21,ACTUAL,4.6,2.8,88,225,14,3.6,60,40.4,9,280,0.1,16,0,1
PASKA LAKE,2024-05-22,ACTUAL,5.8,3.3,84,355,21,2,60,44.5,8,284,0.2,14,0,1
PASKA LAKE,2024-05-23,ACTUAL,13.5,1.4,44,220,15,0,60,72.3,10,289,1.4,18,2,1
PASKA LAKE,2024-05-24,ACTUAL,9.6,2.3,60,184,9,1,60,74.4,11,293,1.2,20,1,1
PASKA LAKE,2024-05-25,ACTUAL,1.5,0.2,91,302,10,1,60,67,11,295,0.9,20,1,1
PASKA LAKE,2024-05-26,ACTUAL,6.9,-0.3,60,217,11,8.8,60,43.1,6,275,0.1,12,0,1
PASKA LAKE,2024-05-27,ACTUAL,8.2,1.2,61,195,19,0,60,64.9,7,279,1.3,13,1,1
PASKA LAKE,2024-05-28,ACTUAL,7.8,3.9,76,215,16,0.2,60,72.6,8,283,1.5,14,2,1
PASKA LAKE,2024-05-29,ACTUAL,5.6,-4.9,47,215,14,0,60,80.1,9,286,2.3,16,3,1
PASKA LAKE,2024-05-30,ACTUAL,7.4,-2.1,51,254,10,2.2,60,68.4,8,290,1,15,1,1
PASKA LAKE,2024-05-31,ACTUAL,11.8,-4.1,33,236,9,0,60,82.1,10,294,2.3,19,3,1
PASKA LAKE,2024-06-01,ACTUAL,11.8,1.1,48,215,12,0.8,60,82.6,12,300,2.8,22,5,1
PASKA LAKE,2024-06-02,ACTUAL,7.6,1.1,63,215,14,0.4,60,83,13,305,3.2,23,6,2
PASKA LAKE,2024-06-03,ACTUAL,7,2.3,72,230,20,6,60,50.2,8,294,0.5,14,0,1
PASKA LAKE,2024-06-04,ACTUAL,10.2,2.1,57,212,26,0,60,72,9,299,2.4,17,3,1
PASKA LAKE,2024-06-05,ACTUAL,9.9,-2.8,41,224,9,1,60,77.7,11,304,1.5,20,2,1
PASKA LAKE,2024-06-06,ACTUAL,12.8,-4.5,30,193,11,0,60,86.3,13,310,4.3,24,8,2
PASKA LAKE,2024-06-07,ACTUAL,13.6,-7.8,22,342,11,0,60,90.4,16,316,7.8,29,14,2
PASKA LAKE,2024-06-08,ACTUAL,17.7,-5,21,312,12,0,60,92.3,20,322,10.7,35,19,2
PASKA LAKE,2024-06-09,ACTUAL,19.8,-0.9,25,260,8,0,60,92.4,24,329,8.8,41,18,2
PASKA LAKE,2024-06-10,ACTUAL,16.1,3.5,43,220,16,0,60,90.3,27,336,9.9,45,21,2
PASKA LAKE,2024-06-11,ACTUAL,13.3,0.6,42,214,30,0,60,89.5,29,342,18.2,48,33,3
PASKA LAKE,2024-06-12,ACTUAL,10.8,-2.4,40,227,7,0,60,89.3,31,347,5.4,51,14,2
PASKA LAKE,2024-06-13,ACTUAL,16.5,-4.2,24,225,14,0,60,91.3,34,353,10.5,55,24,3
PASKA LAKE,2024-06-14,ACTUAL,11.4,-2.9,37,208,21,0,60,90.3,37,359,12.9,58,29,3
PASKA LAKE,2024-06-15,ACTUAL,4.8,0,71,266,5,0,60,86,37,363,3.1,59,10,2
PASKA LAKE,2024-06-16,ACTUAL,5.8,3,82,319,10,13.6,60,32.5,17,321,0,29,0,1
PASKA LAKE,2024-06-17,ACTUAL,3.6,2.2,91,283,11,11,60,15.1,8,292,0,15,0,1
PASKA LAKE,2024-06-18,ACTUAL,7.6,1.5,65,2,11,2.8,60,35.7,6,293,0,12,0,1
PASKA LAKE,2024-06-19,ACTUAL,12.4,1.4,47,156,9,0.2,60,64.3,8,298,0.8,15,1,1
PASKA LAKE,2024-06-20,ACTUAL,16.4,0,33,74,9,1,60,79.8,11,305,1.8,21,3,1
PASKA LAKE,2024-06-21,ACTUAL,19.1,-0.9,26,106,10,0,60,89.3,15,312,6.3,27,11,2
PASKA LAKE,2024-06-22,ACTUAL,19.3,0.7,29,192,14,0,60,90.9,19,318,9.7,33,18,2
PASKA LAKE,2024-06-23,ACTUAL,12.3,1.9,49,221,23,0,60,88.7,21,324,11,36,20,2
PASKA LAKE,2024-06-24,ACTUAL,12.7,0.7,44,235,13,0,60,88.7,23,330,6.7,39,15,2
PASKA LAKE,2024-06-25,ACTUAL,16.6,-0.3,32,145,12,0,60,89.8,26,336,7.6,44,17,2
PASKA LAKE,2024-06-26,ACTUAL,16.6,1.7,37,202,19,0,60,89.9,29,343,10.9,48,23,2
PASKA LAKE,2024-06-27,ACTUAL,11.1,3.2,58,209,17,0,60,87.2,30,348,6.7,50,17,2
PASKA LAKE,2024-06-28,ACTUAL,13.4,5.1,57,283,4,1.6,60,75.3,31,354,0.9,50,3,1
PASKA LAKE,2024-06-29,ACTUAL,17.4,4.6,43,205,13,1,60,82.2,33,360,2.8,54,9,2
PASKA LAKE,2024-06-30,ACTUAL,14.7,9.6,71,243,6,3.8,60,57.4,25,357,0.5,43,1,1
PASKA LAKE,2024-07-01,ACTUAL,15,7.4,60,303,10,8.6,60,49.1,14,336,0.2,26,0,1
PASKA LAKE,2024-07-02,ACTUAL,13.2,6.1,62,303,8,7.8,60,44.1,9,319,0.1,17,0,1
PASKA LAKE,2024-07-03,ACTUAL,15.1,1.9,41,347,12,0,60,73,11,326,1.2,20,2,1
PASKA LAKE,2024-07-04,ACTUAL,20,2.2,31,213,11,0,60,87.2,14,333,5,26,9,2
PASKA LAKE,2024-07-05,ACTUAL,22.1,1.6,26,274,12,0,60,91.5,19,341,9.8,33,18,2
PASKA LAKE,2024-07-06,ACTUAL,21.1,1.8,28,282,12,0,60,91.7,22,348,10,38,19,2
PASKA LAKE,2024-07-07,ACTUAL,26.8,3.9,23,206,11,0,60,93.6,27,357,12.6,46,25,2
PASKA LAKE,2024-07-08,ACTUAL,27.2,2.3,20,46,8,0,60,94.4,33,365,12,53,26,3
PASKA LAKE,2024-07-09,ACTUAL,29.9,3.8,19,202,15,0,60,95.2,39,375,19.2,61,38,3
PASKA LAKE,2024-07-10,MANUAL,28.1,-2,14,229,16,0,65,96.1,44,383,22.4,69,45,3
PASKA LAKE,2024-07-11,ACTUAL,21.4,4.4,33,1,8,0,65,93.4,48,391,10.2,73,27,3
PASKA LAKE,2024-07-12,ACTUAL,22.1,3.6,30,280,9,0,65,93.1,52,399,10.3,78,29,3
PASKA LAKE,2024-07-13,ACTUAL,24.2,5.4,30,326,10,0,65,93.2,56,407,10.9,83,30,3
PASKA LAKE,2024-07-14,ACTUAL,24.7,4.4,27,6,11,0,65,93.2,60,415,11.9,89,33,3
PASKA LAKE,2024-07-15,ACTUAL,25.8,6.3,29,225,11,0,65,93.3,65,423,11.6,94,34,4
PASKA LAKE,2024-07-16,ACTUAL,25.4,5.5,28,11,6,0,65,93.3,69,431,9.1,99,29,4
PASKA LAKE,2024-07-17,ACTUAL,29.2,3.2,19,206,15,0,65,95,75,440,18.5,105,48,5
PASKA LAKE,2024-07-18,ACTUAL,27.8,4.1,22,205,7,0,65,95,80,449,12.3,111,38,4
PASKA LAKE,2024-07-19,ACTUAL,26,-1,17,227,15,0,65,95.1,86,457,18.2,117,50,5
PASKA LAKE,2024-07-20,ACTUAL,28.2,0,16,197,15,0,65,95.6,91,466,19.6,123,53,5
PASKA LAKE,2024-07-21,ACTUAL,30.6,0,14,173,12,0,65,96.4,98,475,18.9,129,53,5
PASKA LAKE,2024-07-22,ACTUAL,27.8,6.5,26,157,17,0,65,95.1,103,484,20.9,134,57,5
PASKA LAKE,2024-07-23,ACTUAL,18.9,-2.8,23,235,10,0,65,94.4,107,491,13,138,43,4
PASKA LAKE,2024-07-24,ACTUAL,13.3,2.5,48,224,14,0,65,90,108,497,8.7,140,33,4
PASKA LAKE,2024-07-25,ACTUAL,11,5.4,68,206,11,1,65,80.7,109,503,2.2,142,12,3
PASKA LAKE,2024-07-26,ACTUAL,15.3,2.7,43,257,10,5.4,65,63.8,67,488,0.8,100,4,2
PASKA LAKE,2024-07-27,ACTUAL,18.3,4.4,40,28,6,0,65,81.1,70,495,1.7,103,8,3
PASKA LAKE,2024-07-28,ACTUAL,18.4,7.2,48,202,10,0,65,85.8,72,502,4,106,17,3
PASKA LAKE,2024-07-29,ACTUAL,11.8,10.4,91,213,11,13,65,29,35,447,0,59,0,2
PASKA LAKE,2024-07-30,ACTUAL,16.8,8.8,59,249,12,0.2,65,62,37,454,0.8,62,3,2
PASKA LAKE,2024-07-31,ACTUAL,20.6,8.2,45,220,12,0,65,82.1,40,461,2.7,66,9,2
PASKA LAKE,2024-08-01,ACTUAL,25.1,-0.9,18,169,9,0,65,92.9,44,469,10.2,72,27,3
PASKA LAKE,2024-08-02,ACTUAL,27.7,4,22,213,11,0,65,94,49,477,13.1,78,33,3
PASKA LAKE,2024-08-03,ACTUAL,25.5,5.1,27,336,12,0,65,94.1,53,484,13.6,83,35,3
PASKA LAKE,2024-08-04,ACTUAL,26.1,2,21,134,7,0,65,94.1,57,492,11.2,89,32,3
PASKA LAKE,2024-08-05,ACTUAL,22.5,8.2,40,355,10,0,65,91.9,60,499,9.1,93,29,4
PASKA LAKE,2024-08-06,ACTUAL,19.2,4.1,37,325,14,0,65,91.3,63,505,10.4,96,32,4
PASKA LAKE,2024-08-07,ACTUAL,21.2,4.2,33,5,11,0,65,91.4,66,512,8.9,100,29,4
PASKA LAKE,2024-08-08,ACTUAL,20.8,2.9,31,37,8,0,65,91.4,69,519,7.7,104,27,3
PASKA LAKE,2024-08-09,ACTUAL,21.3,4.3,33,133,11,0.6,65,90.4,72,526,7.8,108,27,3
PASKA LAKE,2024-08-10,ACTUAL,22.6,5.4,33,39,11,4.6,65,77.5,52,515,1.6,83,7,2
PASKA LAKE,2024-08-11,ACTUAL,21,7.2,41,211,8,4,65,71.8,40,507,1,66,4,2
PASKA LAKE,2024-08-12,ACTUAL,20.3,9.3,49,188,9,1.4,65,78.5,42,514,1.5,70,6,2
PASKA LAKE,2024-08-13,ACTUAL,20.5,8.1,45,41,3,0,65,85.4,44,520,2.6,73,10,2
PASKA LAKE,2024-08-14,ACTUAL,21.6,9.1,45,202,10,0,65,87.9,47,527,5.2,77,17,3
PASKA LAKE,2024-08-15,ACTUAL,23.5,4.3,29,211,14,0,65,91.4,50,534,10.3,82,29,3
PASKA LAKE,2024-08-16,ACTUAL,12.8,10,83,359,4,5.8,65,43.8,32,514,0.1,55,0,2
PASKA LAKE,2024-08-17,ACTUAL,16.7,9.9,64,47,8,0,65,66.6,33,520,0.8,57,3,2
PASKA LAKE,2024-08-18,ACTUAL,20.2,9.8,51,143,12,0,65,82,35,527,2.7,61,9,2
PASKA LAKE,2024-08-19,ACTUAL,17.6,-5.7,20,213,20,3.8,65,79.4,29,519,2.9,50,9,2
PASKA LAKE,2024-08-20,ACTUAL,13.8,4.7,54,259,5,0,65,83.2,30,525,2.1,52,6,2
PASKA LAKE,2024-08-21,ACTUAL,15.5,3.9,46,219,13,0,65,86.2,32,531,4.7,55,13,2
PASKA LAKE,2024-08-22,ACTUAL,17.3,5.2,45,109,9,0,65,87.4,34,537,4.5,59,13,2
PASKA LAKE,2024-08-23,ACTUAL,21.4,4.4,33,5,13,0,65,90.2,37,544,8.4,63,22,3
PASKA LAKE,2024-08-24,ACTUAL,7.8,7.3,97,252,6,39.8,65,14.3,12,358,0,22,0,1
PASKA LAKE,2024-08-25,ACTUAL,13.5,6.9,64,217,10,0.8,65,44.9,13,363,0.1,24,0,1
PASKA LAKE,2024-08-26,ACTUAL,13.2,4.7,56,180,13,0,65,68.9,14,369,1.2,26,2,1
PASKA LAKE,2024-08-27,ACTUAL,2.6,1.6,93,319,13,3.6,65,38.7,10,364,0.1,18,0,1
PASKA LAKE,2024-08-28,ACTUAL,11.8,1.1,48,332,20,2.8,65,59.6,8,364,1.1,16,1,1
PASKA LAKE,2024-08-29,ACTUAL,20.1,3.2,33,287,9,0,65,82.9,11,370,2.5,21,4,1
PASKA LAKE,2024-08-30,ACTUAL,22.1,2.1,27,236,9,0,65,90.5,15,377,7.3,27,13,2
PASKA LAKE,2024-08-31,ACTUAL,24.6,4.8,28,173,12,0,65,92.1,19,385,10.7,33,19,2
PASKA LAKE,2024-09-01,ACTUAL,27.7,-3.3,13,214,15,0,65,96,23,391,21.1,40,33,3
PASKA LAKE,2024-09-02,ACTUAL,24.4,3,25,267,10,0,65,94.9,26,398,13.9,45,27,2
PASKA LAKE,2024-09-03,ACTUAL,19.1,6.2,43,257,10,0,65,91.3,28,403,8.7,48,20,2
PASKA LAKE,2024-09-04,ACTUAL,21.6,2.7,29,334,6,0,65,91.6,31,408,7.2,53,18,3
PASKA LAKE,2024-09-05,ACTUAL,25.4,2.7,23,170,11,0,65,93.3,35,415,11.8,58,27,3
PASKA LAKE,2024-09-06,ACTUAL,26.6,2.5,21,202,14,0,65,94.1,39,421,15.6,63,34,3
PASKA LAKE,2024-09-07,ACTUAL,26.6,0.3,18,258,8,0,65,94.8,43,428,12.8,69,31,3
PASKA LAKE,2024-09-08,ACTUAL,25.9,4.3,25,156,11,0,65,94.7,47,434,14.6,73,35,3
PASKA LAKE,2024-09-09,ACTUAL,11.4,2.7,55,6,15,0,65,89.1,48,438,7.9,75,23,3
PASKA LAKE,2024-09-10,ACTUAL,15.8,2.8,42,244,9,0,65,89.1,49,442,5.8,77,19,3
PASKA LAKE,2024-09-11,ACTUAL,8.7,6.1,84,171,4,1.2,65,74.7,50,446,0.9,78,4,2
PASKA LAKE,2024-09-12,ACTUAL,12.7,1.6,47,336,18,0,65,83.2,51,450,4,79,15,2
PASKA LAKE,2024-09-13,ACTUAL,15.7,5.3,50,248,8,0,65,85.6,52,454,3.4,81,13,2
PASKA LAKE,2024-09-14,ACTUAL,14.8,3.6,47,227,16,0.6,65,86,54,458,5.4,83,19,3
PASKA LAKE,2024-09-15,ACTUAL,10.5,2.1,56,359,9,0,65,86.1,55,462,3.8,84,14,2
PASKA LAKE,2024-09-16,ACTUAL,16.3,1.8,38,348,10,0,65,88.2,57,467,5.5,87,19,3
PASKA LAKE,2024-09-17,ACTUAL,16.7,4.7,45,318,8,0,65,88.3,58,471,4.9,89,18,3
PASKA LAKE,2024-09-18,ACTUAL,14.9,4.6,50,350,11,0,65,88.2,60,476,5.8,91,21,3
PASKA LAKE,2024-09-19,ACTUAL,12.5,5,60,274,9,0,65,86.7,61,480,4.1,92,16,3
PASKA LAKE,2024-09-20,ACTUAL,8.1,-2.6,47,329,13,1.4,65,78.4,62,483,1.8,94,8,3
PASKA LAKE,2024-09-21,ACTUAL,14.8,2.6,44,238,9,0,65,84.7,63,487,3.1,96,13,3
PASKA LAKE,2024-09-22,ACTUAL,9.8,5.8,76,204,13,1.2,65,75.2,64,491,1.5,96,7,3
PASKA LAKE,2024-09-23,ACTUAL,18.5,8.8,53,225,15,2.6,65,73.2,54,496,1.5,85,6,2
PASKA LAKE,2024-09-24,ACTUAL,19.8,3.4,34,167,15,0,65,86.9,56,501,5.9,88,21,3
PASKA LAKE,2024-09-25,ACTUAL,10.4,7.5,82,240,23,0,65,82.6,57,505,4.9,89,18,3
PASKA LAKE,2024-09-26,ACTUAL,5.5,-0.1,67,187,16,2,65,68.1,51,507,1.3,82,6,2
PASKA LAKE,2024-09-27,ACTUAL,12.2,-0.4,42,216,19,0,65,81.8,53,511,3.6,84,14,2
PASKA LAKE,2024-09-28,ACTUAL,12.1,0.1,44,177,11,0,65,85.4,54,515,3.9,86,15,2
PASKA LAKE,2024-09-29,ACTUAL,1.7,0.1,89,343,12,0,65,80.7,54,517,2.3,86,10,2
PASKA LAKE,2024-09-30,ACTUAL,8.1,-4.5,41,180,16,1,65,80.9,55,520,2.8,87,11,2
PASKA LAKE,2024-10-01,ACTUAL,8.5,-1.1,51,234,11,0,65,83.6,56,522,3.1,88,13,2
PASKA LAKE,2024-10-02,ACTUAL,9.4,-4.7,37,220,13,0,65,86.6,57,525,5,90,18,3
PASKA LAKE,2024-10-03,ACTUAL,9.8,-2.6,42,172,14,0,65,87,58,527,5.7,91,20,3
PASKA LAKE,2024-10-04,ACTUAL,7.7,-1,54,217,19,0,65,86.5,58,529,6.6,92,23,3
PASKA LAKE,2024-10-05,ACTUAL,10.4,-1.7,43,213,12,0,65,86.9,59,532,5,93,19,3
PASKA LAKE,2024-10-06,ACTUAL,10.5,-1,45,164,9,1.6,65,77.6,58,535,1.5,91,7,3
PASKA LAKE,2024-10-07,ACTUAL,16,3.7,44,226,19,0,65,85.3,59,538,5.6,93,20,3
PASKA LAKE,2024-10-08,ACTUAL,13.9,4.5,53,210,20,0,65,85.8,61,541,6.3,95,22,3
PASKA LAKE,2024-10-09,ACTUAL,10.2,-7.2,29,219,18,0,65,88.6,62,544,8.7,96,28,4
PASKA LAKE,2024-10-10,ACTUAL,6,-3.4,51,75,6,0,65,87.5,62,546,4.1,97,16,3
PASKA LAKE,2024-10-11,ACTUAL,11.3,-5.4,31,188,10,0,65,88.9,64,548,6.2,99,22,3
PASKA LAKE,2024-10-12,ACTUAL,17.7,-2.7,25,232,9,0,65,91.2,66,552,8,101,27,3
PASKA LAKE,2024-10-13,ACTUAL,16.3,1.8,38,198,22,0,65,90.6,67,556,13.9,103,40,4
PASKA LAKE,2024-10-14,ACTUAL,13,4.2,55,207,25,0,65,87.8,68,559,10.9,105,34,4
PASKA LAKE,2024-10-15,ACTUAL,7.9,-0.1,57,230,12,0,65,86.5,69,561,4.7,105,19,3
PASKA LAKE,2024-10-16,ACTUAL,5.4,-2.7,56,213,20,0,65,85.9,69,563,6.5,106,24,3
PASKA LAKE,2024-10-17,ACTUAL,2.8,-1.9,71,359,10,2,65,66.2,62,564,0.9,97,4,2
PASKA LAKE,2024-10-18,ACTUAL,-1.8,-2.8,93,174,21,0,65,67.7,62,564,1.7,97,8,3
PASKA LAKE,2024-10-19,ACTUAL,10.2,4.6,68,216,30,1.4,65,71.4,63,567,3,98,13,3
PASKA LAKE,2024-10-20,ACTUAL,9.4,7.3,87,189,20,1.6,65,62.5,60,569,1.3,95,6,3
PASKA LAKE,2024-10-21,ACTUAL,3.2,1.1,86,281,6,3,65,42.4,47,561,0.1,78,0,2
PASKA LAKE,2024-10-22,ACTUAL,1.4,-1.2,83,222,10,0,65,51.8,47,562,0.3,78,1,2
PASKA LAKE,2024-10-23,ACTUAL,-0.1,-3,81,256,9,0,65,59.4,47,562,0.6,78,2,2
PASKA LAKE,2024-10-24,ACTUAL,4.1,-6,48,203,11,0,65,72.7,48,564,1.2,79,5,2
PASKA LAKE,2024-10-25,ACTUAL,0.7,-5.5,63,134,14,0,65,77.1,48,565,1.8,79,7,2
PASKA LAKE,2024-10-26,ACTUAL,6.2,2.7,78,178,19,0.4,65,78.6,48,566,2.6,79,10,2
PASKA LAKE,2024-10-27,ACTUAL,3.9,-0.5,73,188,13,2.2,65,62.2,42,568,0.9,71,3,2
PASKA LAKE,2024-10-28,ACTUAL,3.9,-1.8,66,224,11,0,65,71.2,43,569,1.1,72,4,2
PASKA LAKE,2024-10-29,ACTUAL,0.3,-1.9,85,178,8,1.4,65,61.2,43,570,0.7,72,2,2
PASKA LAKE,2024-10-30,ACTUAL,0.3,-3.8,74,161,16,0,65,68.8,43,571,1.3,72,5,2
PASKA LAKE,2024-10-31,ACTUAL,3.6,-3.4,60,221,8,0.6,65,74.4,43,572,1.1,72,4,2
SPARKS LAKE,2024-05-01,ACTUAL,10.9,-5.3,32,326,11,0,60,85.2,34,382,3.8,56,11,2
SPARKS LAKE,2024-05-02,ACTUAL,12.2,-3.7,33,237,6,0,60,87.9,36,387,4.2,59,13,2
SPARKS LAKE,2024-05-03,ACTUAL,15.5,-4,26,164,16,0,60,90.5,39,392,10.1,63,25,3
SPARKS LAKE,2024-05-04,ACTUAL,15.5,-4,26,138,7,0,60,91.1,43,397,7.2,67,21,3
SPARKS LAKE,2024-05-05,ACTUAL,16.6,0.1,33,215,10,0,60,91.1,46,402,8.3,71,23,3
SPARKS LAKE,2024-05-06,ACTUAL,11.9,-4.8,31,221,13,0,60,91.1,48,407,9.6,74,26,3
SPARKS LAKE,2024-05-07,ACTUAL,9.3,-3.4,41,333,14,0.6,60,88.5,50,411,6.8,76,21,3
SPARKS LAKE,2024-05-08,ACTUAL,16,-6.4,21,348,10,0,60,91.6,53,416,8.7,81,26,3
SPARKS LAKE,2024-05-09,ACTUAL,19.3,-2.4,23,41,9,0,60,92.4,58,422,9.6,86,28,3
SPARKS LAKE,2024-05-10,ACTUAL,24.2,0.5,21,238,6,0,60,93.6,63,429,9.5,92,29,4
SPARKS LAKE,2024-05-11,ACTUAL,24.7,-0.5,19,265,10,0,60,94.3,68,436,12.7,98,37,4
SPARKS LAKE,2024-05-12,ACTUAL,21.7,1.8,27,241,13,0,60,93.7,73,442,13.8,103,39,4
SPARKS LAKE,2024-05-13,ACTUAL,12,5.5,64,331,9,0.2,60,87.8,74,447,4.9,105,20,3
SPARKS LAKE,2024-05-14,ACTUAL,16.9,3.1,40,245,4,4,60,68,55,440,0.7,83,3,2
SPARKS LAKE,2024-05-15,ACTUAL,18.8,4.5,39,176,7,0,60,83.3,58,446,2.4,87,10,2
SPARKS LAKE,2024-05-16,ACTUAL,10.5,5.5,71,41,7,2.2,60,65.5,51,450,0.8,80,3,2
SPARKS LAKE,2024-05-17,ACTUAL,9.4,-0.5,50,299,19,17.4,60,47.8,24,381,0.3,41,0,1
SPARKS LAKE,2024-05-18,ACTUAL,5.6,1.4,74,25,5,0,60,58.9,24,385,0.5,42,1,1
SPARKS LAKE,2024-05-19,ACTUAL,10.2,-0.4,48,334,13,0.4,60,75.5,26,389,1.5,44,4,1
SPARKS LAKE,2024-05-20,ACTUAL,15.3,-0.2,35,288,10,0,60,85.5,28,394,3.8,48,10,2
SPARKS LAKE,2024-05-21,ACTUAL,10.1,6.1,76,188,9,2.2,60,65.2,25,398,0.8,44,2,1
SPARKS LAKE,2024-05-22,ACTUAL,7.6,3.9,77,336,8,6,60,39.5,15,383,0,28,0,1
SPARKS LAKE,2024-05-23,ACTUAL,17.7,3.1,38,261,8,0.6,60,71.9,19,388,1,33,2,1
SPARKS LAKE,2024-05-24,ACTUAL,12.5,5.7,63,136,8,0,60,78.9,20,393,1.6,35,4,1
SPARKS LAKE,2024-05-25,ACTUAL,5,3.8,92,28,13,6.2,60,33.3,12,376,0,22,0,1
SPARKS LAKE,2024-05-26,ACTUAL,11.9,2.6,53,137,8,0.4,60,60,13,381,0.6,24,1,1
SPARKS LAKE,2024-05-27,ACTUAL,12.7,2.8,51,156,17,0,60,77.3,15,386,2.1,27,4,1
SPARKS LAKE,2024-05-28,ACTUAL,13.9,6.3,60,137,14,0,60,82.2,17,391,2.9,30,6,2
SPARKS LAKE,2024-05-29,ACTUAL,3.6,1.5,86,17,10,0,60,80.3,17,394,2,30,4,1
SPARKS LAKE,2024-05-30,ACTUAL,10.9,-0.6,45,300,8,2.2,60,71,16,398,0.9,29,1,1
SPARKS LAKE,2024-05-31,ACTUAL,14.7,-2.4,31,262,6,0,60,83.9,19,403,2.4,33,6,2
SPARKS LAKE,2024-06-01,ACTUAL,15.1,5.6,53,357,7,0,60,85.3,21,409,3.1,37,7,2
SPARKS LAKE,2024-06-02,ACTUAL,10.5,6.7,77,228,6,0,60,83.5,21,415,2.3,38,6,2
SPARKS LAKE,2024-06-03,ACTUAL,12.1,5.1,62,247,7,12.8,60,45.1,11,371,0.1,21,0,1
SPARKS LAKE,2024-06-04,ACTUAL,14.4,2.2,44,228,15,0,60,73.2,13,377,1.5,25,2,1
SPARKS LAKE,2024-06-05,ACTUAL,14.9,-1.4,33,202,9,0,60,84.9,16,383,3.3,29,7,2
SPARKS LAKE,2024-06-06,ACTUAL,16.9,-1.8,28,315,7,0,60,89.5,20,390,5.6,35,12,2
SPARKS LAKE,2024-06-07,ACTUAL,17.4,-2.9,25,350,11,0,60,91.3,23,396,9.1,41,19,2
SPARKS LAKE,2024-06-08,ACTUAL,21.6,-3,19,356,11,0,60,93.5,28,404,12.2,48,25,2
SPARKS LAKE,2024-06-09,ACTUAL,22.2,0.6,24,46,4,0,60,93.5,33,411,8.5,55,21,3
SPARKS LAKE,2024-06-10,ACTUAL,19.8,4.6,37,258,10,0,60,91.9,36,418,9.1,60,23,3
SPARKS LAKE,2024-06-11,ACTUAL,18.1,1,32,179,16,0,60,91.9,40,425,12.7,64,30,3
SPARKS LAKE,2024-06-12,ACTUAL,14.8,-0.3,36,246,6,0,60,91.1,42,431,6.8,68,20,3
SPARKS LAKE,2024-06-13,ACTUAL,19.7,1.5,30,195,9,0,60,91.2,46,438,7.8,73,23,3
SPARKS LAKE,2024-06-14,ACTUAL,18,-2.4,25,194,13,0,60,91.8,50,444,10.3,78,28,3
SPARKS LAKE,2024-06-15,ACTUAL,6,3.7,85,340,6,0,60,84.1,50,449,2.6,78,10,2
SPARKS LAKE,2024-06-16,ACTUAL,11.7,5.6,66,324,9,7.6,60,49.1,30,425,0.2,50,0,1
SPARKS LAKE,2024-06-17,FORECAST,12.9,5.6,61,340,8,6.6,60,54.1,24,424,0.4,43,1,1
SPARKS LAKE,2024-06-18,ACTUAL,11.5,2.3,53,32,4,0.2,60,70.2,26,429,0.8,45,2,1
SPARKS LAKE,2024-06-19,ACTUAL,18,4.5,41,173,11,0,60,83.8,29,436,3.1,50,9,2
SPARKS LAKE,2024-06-20,ACTUAL,21.6,1.7,27,244,7,0,60,90.4,33,443,6.4,56,17,3
SPARKS LAKE,2024-06-21,ACTUAL,24.3,1.8,23,65,8,0,60,92.9,38,451,9.6,63,24,3
SPARKS LAKE,2024-06-22,ACTUAL,23.5,4.3,29,156,16,0,60,93,43,459,14.7,70,34,3
SPARKS LAKE,2024-06-23,ACTUAL,17.2,1.9,36,238,10,0,60,91.6,46,465,8.7,74,25,3
SPARKS LAKE,2024-06-24,ACTUAL,17.4,0.8,33,242,6,1.6,60,83.2,48,472,2.3,76,9,2
SPARKS LAKE,2024-06-25,ACTUAL,20.5,3.1,32,136,8,0.2,60,89.2,51,479,5.8,81,19,3
SPARKS LAKE,2024-06-26,ACTUAL,21.7,6.7,38,201,10,0,60,89.7,55,486,6.8,86,22,3
SPARKS LAKE,2024-06-27,ACTUAL,15.3,5.5,52,239,10,0.2,60,88.4,57,492,5.5,89,20,3
SPARKS LAKE,2024-06-28,ACTUAL,21.2,6.2,38,168,11,0,60,89.5,61,499,7,93,24,3
SPARKS LAKE,2024-06-29,ACTUAL,22.2,6.3,36,179,7,0,60,90.2,65,507,6.2,98,22,3
SPARKS LAKE,2024-06-30,ACTUAL,19.8,12.4,62,194,10,2.4,60,74.3,57,514,1.2,89,6,2
SPARKS LAKE,2024-07-01,ACTUAL,14.5,12.7,89,139,6,7.4,60,33.4,33,487,0,56,0,2
SPARKS LAKE,2024-07-02,ACTUAL,17.4,6.3,48,339,6,1.4,60,61.9,35,494,0.6,60,2,2
SPARKS LAKE,2024-07-03,ACTUAL,20.1,3.2,33,344,10,0,60,83.8,38,501,3,64,10,2
SPARKS LAKE,2024-07-04,ACTUAL,23.6,3.9,28,286,8,0,60,90.7,43,509,7,70,20,3
SPARKS LAKE,2024-07-05,ACTUAL,25.8,4.2,25,357,11,0,60,92.9,47,517,11.1,77,30,3
SPARKS LAKE,2024-07-06,ACTUAL,24.7,3.8,26,345,12,0,60,92.9,52,526,11.7,83,32,3
SPARKS LAKE,2024-07-07,FORECAST,30,7.8,25,180,5,0,60,93.8,57,535,9.4,90,29,3
SPARKS LAKE,2024-07-08,FORECAST,31,8,24,180,5,0,60,94.2,63,544,10,98,31,4
SPARKS LAKE,2024-07-09,FORECAST,32,8.9,24,150,5,0,60,94.4,69,553,10.3,105,33,4
SPARKS LAKE,2024-07-10,MANUAL,33,8.4,22,200,12,0,65,95,75,563,15.9,113,45,4
SPARKS LAKE,2024-07-11,ACTUAL,24.9,4.5,27,2,8,0,65,94.3,80,571,11.7,118,37,4
SPARKS LAKE,2024-07-12,ACTUAL,26.1,6.6,29,344,9,0,65,94,84,580,12.1,123,39,4
SPARKS LAKE,2024-07-13,MANUAL,27.3,8.1,30,335,9,0,70,93.9,89,588,11.7,129,39,4
SPARKS LAKE,2024-07-14,MANUAL,29,7.5,26,256,5,0,70,93.9,94,597,9.6,135,35,4
SPARKS LAKE,2024-07-15,FORECAST,30,7.2,24,210,8,0,70,94.1,100,606,11.4,141,39,4
SPARKS LAKE,2024-07-16,FORECAST,31,6.8,22,240,6,0,70,94.7,105,616,11.2,148,39,4
SPARKS LAKE,2024-07-17,FORECAST,32,6.2,20,200,8,0,70,95.3,112,625,13.5,154,45,4
SPARKS LAKE,2024-07-18,FORECAST,33,7.1,20,150,10,0,70,95.5,118,635,15.3,161,49,5
SPARKS LAKE,2024-07-19,FORECAST,32,6.2,20,200,10,0,70,95.5,124,644,15.4,168,50,5
SPARKS LAKE,2024-07-20,FORECAST,30,4.6,20,200,8,0,70,95.6,130,653,14,174,47,5
SPARKS LAKE,2024-07-21,FORECAST,32,4.7,18,180,8,0,70,95.8,137,663,14.4,180,48,5
SPARKS LAKE,2024-07-22,ACTUAL,29.8,7,24,155,13,0,70,95.5,142,672,17.6,186,55,5
SPARKS LAKE,2024-07-23,ACTUAL,22.1,2.6,28,107,9,0.4,70,94.1,146,679,11.7,190,43,4
SPARKS LAKE,2024-07-24,ACTUAL,17.3,1.6,35,168,5,0,70,92.3,149,686,7.7,193,33,4
SPARKS LAKE,2024-07-25,ACTUAL,13.6,5,56,2,8,0,70,88.6,150,692,5.2,195,25,4
SPARKS LAKE,2024-07-26,ACTUAL,20.2,4.9,37,231,6,2.2,70,79.6,115,700,1.4,163,9,3
SPARKS LAKE,2024-07-27,ACTUAL,23.6,4.4,29,25,6,0,70,89.6,119,708,5.6,167,25,4
SPARKS LAKE,2024-07-28,ACTUAL,26.4,7.3,30,170,8,0,70,91.9,123,716,8.5,172,34,4
SPARKS LAKE,2024-07-29,ACTUAL,15.2,13.4,89,173,5,3.2,70,54.1,84,707,0.3,130,1,2
SPARKS LAKE,2024-07-30,ACTUAL,22.6,10.1,45,169,9,0.6,70,79.5,88,714,1.7,134,9,3
SPARKS LAKE,2024-07-31,ACTUAL,26.3,9.1,34,184,10,0,70,89.7,92,723,6.7,139,27,3
SPARKS LAKE,2024-08-01,FORECAST,28,2.9,20,210,8,0,70,94.1,97,731,11.5,145,40,4
SPARKS LAKE,2024-08-02,FORECAST,27,5.2,25,200,6,0,70,94.2,101,739,10.4,150,38,4
SPARKS LAKE,2024-08-03,FORECAST,29,6.9,25,340,8,0.5,70,94.2,106,747,11.6,156,41,4
SPARKS LAKE,2024-08-04,FORECAST,28,8.7,30,320,5,0,70,94,110,755,9.8,161,37,4
SPARKS LAKE,2024-08-05,ACTUAL,24.8,9.8,39,354,13,0,70,92.2,113,762,11.3,165,41,4
SPARKS LAKE,2024-08-06,ACTUAL,22.5,6.2,35,304,9,1,70,88.4,116,769,5.4,169,25,4
SPARKS LAKE,2024-08-07,MANUAL,25.5,5.6,28,24,9,0,90,91.9,120,777,8.9,173,35,4
SPARKS LAKE,2024-08-08,FORECAST,27,4.1,23,20,8,0,90,93.6,125,785,10.7,178,40,4
SPARKS LAKE,2024-08-09,FORECAST,25,6.1,30,180,8,0,90,93.5,128,792,10.5,183,40,4
SPARKS LAKE,2024-08-10,ACTUAL,27.5,6.2,26,257,8,2,90,88.5,110,800,5.2,163,24,4
SPARKS LAKE,2024-08-11,FORECAST,25,8.4,35,160,5,0,90,90.5,113,808,5.9,168,27,4
SPARKS LAKE,2024-08-12,ACTUAL,26.1,8.5,33,239,6,0.2,90,91.4,117,816,7,172,30,4
SPARKS LAKE,2024-08-13,ACTUAL,24.9,9.1,37,256,7,0,90,91.4,120,823,7.5,176,31,4
SPARKS LAKE,2024-08-14,ACTUAL,25.2,11,41,227,8,0,90,91.4,124,831,8,180,33,4
SPARKS LAKE,2024-08-15,ACTUAL,26.9,8.3,31,163,7,0,90,92,128,838,8,185,33,4
SPARKS LAKE,2024-08-16,ACTUAL,14.8,12,83,136,5,4.6,90,49.6,76,805,0.2,123,1,2
SPARKS LAKE,2024-08-17,ACTUAL,23.1,9.4,42,29,7,0,90,78.9,79,812,1.4,127,8,3
SPARKS LAKE,2024-08-18,ACTUAL,25.3,10.3,39,220,8,0,90,88.3,82,820,5.1,132,22,3
SPARKS LAKE,2024-08-19,ACTUAL,22,6.6,37,221,7,10.6,90,66.6,46,726,0.8,79,3,2
SPARKS LAKE,2024-08-20,ACTUAL,21.2,5.8,37,307,9,0,90,84.5,49,733,3,83,12,2
SPARKS LAKE,2024-08-21,ACTUAL,20.8,7,41,148,11,0,90,88.2,51,739,5.8,87,20,3
SPARKS LAKE,2024-08-22,ACTUAL,22.3,6.8,37,231,9,0,90,89.8,54,746,6.4,92,22,3
SPARKS LAKE,2024-08-23,ACTUAL,26,6.5,29,331,15,0,90,92.1,58,754,12.1,98,35,4
SPARKS LAKE,2024-08-24,ACTUAL,10.8,10.2,96,118,7,52.6,90,15.5,20,413,0,36,0,1
SPARKS LAKE,2024-08-25,ACTUAL,18.7,7.5,48,172,12,0.2,90,60,22,420,0.7,40,1,1
SPARKS LAKE,2024-08-26,ACTUAL,17.5,7.3,51,148,10,0,90,78.2,24,426,1.5,43,4,1
SPARKS LAKE,2024-08-27,ACTUAL,6.5,5.1,91,298,4,8.4,90,27.3,13,399,0,24,0,1
SPARKS LAKE,2024-08-28,ACTUAL,16.9,3.1,40,317,14,1,90,66.7,15,405,1.2,28,2,1
SPARKS LAKE,2024-08-29,ACTUAL,21.4,7.5,41,263,6,0,90,83.3,18,411,2.3,32,5,2
SPARKS LAKE,2024-08-30,ACTUAL,25.6,8,33,278,7,0,90,90.1,21,419,6.3,38,14,2
SPARKS LAKE,2024-08-31,ACTUAL,26.4,10.1,36,241,9,0,90,90.9,25,427,7.5,44,17,2
SPARKS LAKE,2024-09-01,FORECAST,24,5.3,30,160,5,0,90,91.7,28,433,7,49,17,2
SPARKS LAKE,2024-09-02,ACTUAL,25.7,7.2,31,249,5,0,90,91.9,32,439,7.1,53,18,3
SPARKS LAKE,2024-09-03,ACTUAL,23.3,7.7,37,5,9,0,90,91.8,34,445,8.8,57,22,3
SPARKS LAKE,2024-09-04,ACTUAL,25.2,3.7,25,266,7,0,90,92.9,38,451,9.2,62,23,3
SPARKS LAKE,2024-09-05,ACTUAL,27.4,7.2,28,141,11,0,90,93,41,458,11.6,68,29,3
SPARKS LAKE,2024-09-06,FORECAST,27,4.1,23,180,7,0,90,93.7,45,465,10.3,73,28,3
SPARKS LAKE,2024-09-07,FORECAST,27,5.2,25,200,7,0,90,93.8,49,471,10.4,78,29,3
SPARKS LAKE,2024-09-08,ACTUAL,22.2,8.6,42,213,5,0,90,91.6,51,477,6.9,81,22,3
SPARKS LAKE,2024-09-09,ACTUAL,16.1,6,51,359,12,0,90,89.1,53,481,6.9,83,22,3
SPARKS LAKE,2024-09-10,ACTUAL,20.1,4.1,35,155,8,0,90,89.9,55,487,6.2,86,21,3
SPARKS LAKE,2024-09-11,ACTUAL,12.2,5.9,65,265,4,0.2,90,86.8,56,491,3.3,87,13,2
SPARKS LAKE,2024-09-12,ACTUAL,19.1,2.3,33,330,16,0,90,89.7,59,496,9.2,91,28,3
SPARKS LAKE,2024-09-13,ACTUAL,18.3,7.1,48,293,7,0,90,89.2,60,501,5.4,93,20,3
SPARKS LAKE,2024-09-14,ACTUAL,18.5,7.3,48,177,9,2.2,90,77.6,54,506,1.5,86,6,2
SPARKS LAKE,2024-09-15,ACTUAL,15.3,5.2,51,290,10,0.2,90,83.6,56,510,2.9,88,12,2
SPARKS LAKE,2024-09-16,ACTUAL,17.8,4.6,42,260,8,0,90,87.2,58,515,4.3,90,16,2
SPARKS LAKE,2024-09-17,ACTUAL,19.5,7.6,46,284,7,0,90,87.8,60,520,4.5,93,17,3
SPARKS LAKE,2024-09-18,ACTUAL,19.4,5.4,40,340,11,0,90,88.8,62,526,6.1,96,22,3
SPARKS LAKE,2024-09-19,ACTUAL,14.6,2.4,44,348,7,0,90,88.9,64,530,5.2,98,20,3
SPARKS LAKE,2024-09-20,ACTUAL,13.9,-1.8,34,308,14,0,90,89.2,65,534,7.8,100,27,3
SPARKS LAKE,2024-09-21,ACTUAL,16.6,3.6,42,202,12,0,90,89.3,67,539,6.9,102,25,3
SPARKS LAKE,2024-09-22,ACTUAL,12.8,11,89,179,7,1.4,90,71.7,67,543,0.9,103,5,2
SPARKS LAKE,2024-09-23,ACTUAL,20.8,10.9,53,239,7,0.8,90,80.7,69,548,1.7,105,9,3
SPARKS LAKE,2024-09-24,ACTUAL,20.1,10.6,54,187,8,0,90,85,71,554,3.1,107,14,3
SPARKS LAKE,2024-09-25,ACTUAL,15,12.5,85,249,4,1,90,75.9,71,558,1,108,5,3
SPARKS LAKE,2024-09-26,ACTUAL,10.7,2.3,56,170,13,5.2,90,56.9,47,538,0.6,77,2,2
SPARKS LAKE,2024-09-27,ACTUAL,18,-0.4,29,176,10,0,90,82.1,49,543,2.4,80,10,2
SPARKS LAKE,2024-09-28,ACTUAL,10.7,0.1,48,283,5,0,90,84.5,50,547,2.5,82,10,2
SPARKS LAKE,2024-09-29,ACTUAL,6.6,4.6,87,347,2,1,90,74.3,50,550,0.8,82,3,2
SPARKS LAKE,2024-09-30,ACTUAL,11.7,-0.9,42,156,13,0.8,90,81,52,553,2.4,84,10,2
SPARKS LAKE,2024-10-01,FORECAST,10,-0.3,49,227,8,0.7,90,82.2,53,556,2.2,85,9,2
SPARKS LAKE,2024-10-02,ACTUAL,13.8,-1.5,35,271,9,0,90,87.1,54,559,4.4,87,16,2
SPARKS LAKE,2024-10-03,ACTUAL,13,0.6,43,140,12,0,90,87.4,55,562,5.4,89,19,3
SPARKS LAKE,2024-10-04,ACTUAL,14.1,0.2,39,216,13,0,90,88.1,57,565,6.3,91,22,3
SPARKS LAKE,2024-10-05,ACTUAL,14.3,0.4,39,176,11,0,90,88.4,58,569,6,93,21,3
SPARKS LAKE,2024-10-06,ACTUAL,9.4,7.7,89,246,3,1,90,76.7,58,571,1,93,5,2
SPARKS LAKE,2024-10-07,ACTUAL,15,5,51,260,7,0,90,83,60,574,2.4,95,11,3
SPARKS LAKE,2024-10-08,ACTUAL,18.9,4.2,38,185,13,0,90,88,61,579,6.3,97,23,3
SPARKS LAKE,2024-10-09,ACTUAL,15.2,-4.8,25,215,11,0,90,90.6,63,582,8,99,27,3
SPARKS LAKE,2024-10-10,ACTUAL,11.5,-1.7,40,266,7,0,90,89.8,64,585,5.9,101,22,3
SPARKS LAKE,2024-10-11,ACTUAL,11,0.4,48,250,6,0,90,88.6,65,587,4.7,102,19,3
SPARKS LAKE,2024-10-12,ACTUAL,15.5,2.6,42,225,9,0,90,88.7,67,591,5.5,104,21,3
SPARKS LAKE,2024-10-13,ACTUAL,19.1,3.6,36,161,15,0,90,89.6,69,595,8.6,107,29,4
SPARKS LAKE,2024-10-14,ACTUAL,16.3,5.3,48,155,18,0,90,88.9,70,599,9.2,109,31,4
SPARKS LAKE,2024-10-15,ACTUAL,12.8,2.9,51,158,11,0,90,88,71,602,5.6,110,22,3
SPARKS LAKE,2024-10-16,ACTUAL,7.3,-1.9,52,191,12,0.2,90,87.1,72,604,5.1,111,21,3
SPARKS LAKE,2024-10-17,ACTUAL,9.7,-4.1,38,254,10,0,90,87.6,73,606,5,112,20,3
SPARKS LAKE,2024-10-18,ACTUAL,1.6,0.3,91,149,17,0.4,90,80.7,73,607,2.9,112,14,3
SPARKS LAKE,2024-10-19,ACTUAL,9.8,6.5,80,217,7,1.4,90,69.6,73,610,0.9,113,5,2
SPARKS LAKE,2024-10-20,ACTUAL,9.4,9.1,98,178,13,1.8,90,50.9,67,612,0.3,106,1,2
SPARKS LAKE,2024-10-21,ACTUAL,3.7,0.7,81,335,9,3.4,90,39.3,50,600,0,83,0,2
SPARKS LAKE,2024-10-22,ACTUAL,4.6,-0.8,68,173,9,0.8,90,53.5,51,601,0.4,84,1,2
SPARKS LAKE,2024-10-23,ACTUAL,5.9,0.5,68,223,6,0,90,64.9,51,603,0.7,84,3,2
SPARKS LAKE,2024-10-24,ACTUAL,7.9,-3.4,45,225,7,0,90,76.7,52,605,1.2,85,5,2
SPARKS LAKE,2024-10-25,ACTUAL,2,-2.1,74,202,5,0,90,78,52,606,1.2,86,5,2
SPARKS LAKE,2024-10-26,ACTUAL,10.7,3.5,61,146,22,1.4,90,75.4,53,609,2.3,87,10,2
SPARKS LAKE,2024-10-27,ACTUAL,11.4,-1.5,41,190,15,0.4,90,83.8,54,611,3.8,88,15,2
SPARKS LAKE,2024-10-28,ACTUAL,8.8,-0.8,51,287,7,0,90,84.7,54,614,2.8,89,12,2
SPARKS LAKE,2024-10-29,ACTUAL,6.3,-1.6,57,251,8,0,90,84.8,55,616,3,90,13,2
SPARKS LAKE,2024-10-30,ACTUAL,5,-1.9,61,160,12,0,90,84.7,55,617,3.8,90,15,2
SPARKS LAKE,2024-10-31,ACTUAL,4.8,-0.2,70,229,7,2,90,65.8,50,619,0.8,83,3,2
WELLS GRAY,2024-05-01,ACTUAL,13.1,-4.2,30,269,8,0,,,,,,,,
WELLS GRAY,2024-05-02,ACTUAL,14.8,-5.7,24,273,7,0,,,,,,,,
WELLS GRAY,2024-05-03,ACTUAL,18.5,-4.3,21,207,9,0,,,,,,,,
WELLS GRAY,2024-05-04,ACTUAL,17.2,-6,20,131,8,0,,,,,,,,
WELLS GRAY,2024-05-05,ACTUAL,19.1,-3.8,21,230,6,0,,,,,,,,
WELLS GRAY,2024-05-06,ACTUAL,9.1,4.4,72,64,6,10.6,,,,,,,,
WELLS GRAY,2024-05-07,ACTUAL,12.5,0.5,44,276,8,0.6,,,,,,,,
WELLS GRAY,2024-05-08,ACTUAL,16.8,-2.9,26,343,7,0,,,,,,,,
WELLS GRAY,2024-05-09,ACTUAL,20.7,-1.8,22,282,7,0,,,,,,,,
WELLS GRAY,2024-05-10,[object Object],,,,,,,,,,,,,,
WELLS GRAY,2024-05-11,[object Object],,,,,,,,,,,,,,
WELLS GRAY,2024-05-12,[object Object],,,,,,,,,,,,,,
WELLS GRAY,2024-05-13,[object Object],,,,,,,,,,,,,,
WELLS GRAY,2024-05-14,[object Object],,,,,,,,,,,,,,
WELLS GRAY,2024-05-15,[object Object],,,,,,,,,,,,,,
WELLS GRAY,2024-05-16,[object Object],,,,,,,,,,,,,,
WELLS GRAY,2024-05-17,[object Object],,,,,,,,,,,,,,
WELLS GRAY,2024-05-18,[object Object],,,,,,,,,,,,,,
WELLS GRAY,2024-05-19,[object Object],,,,,,,,,,,,,,
WELLS GRAY,2024-05-20,MANUAL,15.6,-1.6,31,354,5,0,60,,,,,,,
WELLS GRAY,2024-05-21,MANUAL,7.7,6.9,95,152,6,0,60,40,10,60,0,14,0,
WELLS GRAY,2024-05-22,ACTUAL,14.8,10.5,75,225,4,0,60,56.6,11,65,0.4,16,0,1
WELLS GRAY,2024-05-23,ACTUAL,19,2.2,33,251,6,0,60,80.6,15,71,1.7,19,2,2
WELLS GRAY,2024-05-24,ACTUAL,9.9,8.6,92,241,3,0,60,78.7,15,75,1.2,20,1,2
WELLS GRAY,2024-05-25,ACTUAL,8.2,7.3,94,173,11,0,60,77.1,15,79,1.5,20,2,2
WELLS GRAY,2024-05-26,ACTUAL,8.7,7.1,90,200,5,0,60,77.1,15,83,1.1,21,1,2
WELLS GRAY,2024-05-27,ACTUAL,9.2,7.3,88,102,6,0,60,77.3,16,87,1.2,21,1,2
WELLS GRAY,2024-05-28,ACTUAL,8.1,6.7,91,73,7,0,60,77.4,16,91,1.3,22,2,2
WELLS GRAY,2024-05-29,ACTUAL,10.4,6,74,204,4,0,60,79.2,17,95,1.3,23,2,2
WELLS GRAY,2024-05-30,ACTUAL,11.1,-0.1,46,185,8,0,60,83.9,18,100,2.7,25,5,2
WELLS GRAY,2024-05-31,ACTUAL,13.3,0.6,42,216,4,0,60,86.3,20,104,3.2,27,6,2
WELLS GRAY,2024-06-01,ACTUAL,11.1,8.5,84,218,5,0,60,82.6,21,110,2,28,4,2
WELLS GRAY,2024-06-02,ACTUAL,15.3,6.6,56,137,9,0,60,84.6,23,116,3.1,31,7,2
WELLS GRAY,2024-06-03,ACTUAL,13.4,10.2,81,186,8,0,60,82.7,24,122,2.3,32,5,2
WELLS GRAY,2024-06-04,ACTUAL,6.6,5.4,92,9,7,0,60,79.2,24,126,1.5,32,3,2
WELLS GRAY,2024-06-05,ACTUAL,11.7,7.6,76,172,5,0,60,80.2,25,132,1.5,34,3,2
WELLS GRAY,2024-06-06,ACTUAL,17.2,1.5,35,155,6,0,60,87,28,138,3.8,37,9,3
WELLS GRAY,2024-06-07,ACTUAL,19.4,-1.8,24,191,8,0,60,91.2,32,145,7.6,41,17,3
WELLS GRAY,2024-06-08,ACTUAL,22.2,-1.2,21,160,9,0,60,93.1,37,153,10.2,46,22,4
WELLS GRAY,2024-06-09,ACTUAL,20,3.5,34,178,8,0,60,92.2,40,160,8.7,49,20,4
WELLS GRAY,2024-06-10,ACTUAL,14.9,10.8,76,262,4,0,60,86,41,166,2.9,51,9,3
WELLS GRAY,2024-06-11,ACTUAL,14.1,9,71,173,7,0,60,84.8,43,172,2.9,53,9,3
WELLS GRAY,2024-06-12,ACTUAL,13,6.2,63,171,8,0,60,84.9,44,177,3.1,54,9,3
WELLS GRAY,2024-06-13,ACTUAL,20.7,2.4,30,173,11,0,60,90.1,48,185,7.5,58,20,4
WELLS GRAY,2024-06-14,FORECAST,13.7,11.1,84,152,7,0,60,83.6,49,190,2.4,59,8,3
WELLS GRAY,2024-06-15,ACTUAL,15.7,3.4,44,213,8,0,60,86.5,51,197,3.8,62,12,3
WELLS GRAY,2024-06-16,ACTUAL,17.4,2.4,37,244,8,0,60,88.6,54,203,5.1,65,16,3
WELLS GRAY,2024-06-17,ACTUAL,15.3,0.6,37,342,7,0,60,88.9,57,209,5.2,68,16,3
WELLS GRAY,2024-06-18,ACTUAL,17.8,-3.7,23,23,9,0,60,91.6,61,216,8.3,71,23,4
WELLS GRAY,2024-06-19,ACTUAL,22.9,-0.6,21,151,8,0,60,93.3,66,223,10.2,76,28,4
WELLS GRAY,2024-06-20,ACTUAL,25.6,-1.3,17,195,7,0,60,94.8,71,231,11.9,81,32,5
WELLS GRAY,2024-06-21,ACTUAL,28.1,-3,13,200,7,0,60,96.2,78,240,14.8,86,38,5
WELLS GRAY,2024-06-22,MANUAL,22,3.5,30,180,7,0,60,94,82,247,10.8,90,31,5
WELLS GRAY,2024-06-23,MANUAL,20,9.3,50,160,7,0,60,90.3,85,254,6.3,93,22,4
WELLS GRAY,2024-06-24,MANUAL,15.3,10.6,73,159,7,0,60,85.7,86,260,3.3,94,14,4
WELLS GRAY,2024-06-25,MANUAL,21.1,6.9,40,185,7,0,60,88.5,90,268,5,98,19,4
WELLS GRAY,2024-06-26,MANUAL,22.5,5.8,34,276,3,0,60,90.2,94,275,5.2,101,20,4
WELLS GRAY,2024-06-27,MANUAL,14,12.9,93,151,4,0,60,81.1,94,281,1.6,103,8,3
WELLS GRAY,2024-06-28,MANUAL,21,8.2,44,176,7,0,60,86.8,97,288,3.9,106,16,4
WELLS GRAY,2024-06-29,MANUAL,18.3,8,51,21,6,0,60,86.9,100,295,3.7,108,16,4
WELLS GRAY,2024-06-30,MANUAL,15.2,13.9,92,153,6,0,60,80.5,100,301,1.6,109,8,4
WELLS GRAY,2024-07-01,ACTUAL,18.3,10.7,61,108,4,0,50,83.4,102,308,2.1,112,10,4
WELLS GRAY,2024-07-02,ACTUAL,14.5,6.1,57,150,4,0,50,84.6,104,314,2.4,114,12,4
WELLS GRAY,2024-07-03,ACTUAL,20.5,5.2,37,279,5,0,50,88.5,107,322,4.4,117,19,4
WELLS GRAY,2024-07-04,ACTUAL,24,6.6,33,189,8,0,50,90.7,111,330,7,120,27,5
WELLS GRAY,2024-07-05,ACTUAL,25.7,4.7,26,249,4,0,50,92.6,115,338,7.6,125,29,5
WELLS GRAY,2024-07-06,ACTUAL,27.6,3.9,22,187,9,0,50,94,121,347,12,129,40,5
WELLS GRAY,2024-07-07,ACTUAL,30.4,6.3,22,182,8,0,50,94.6,127,356,11.9,134,40,5
WELLS GRAY,2024-07-08,ACTUAL,31.5,5.8,20,227,6,0,50,95.2,133,365,11.9,139,40,5
WELLS GRAY,2024-07-09,ACTUAL,34.8,5.3,16,190,6,0,50,96.6,140,375,14.6,145,46,5
WELLS GRAY,2024-07-10,MANUAL,34.5,5.9,17,135,9,0,55,96.6,147,385,17,150,52,5
WELLS GRAY,2024-07-11,ACTUAL,28.4,-1.7,14,174,6,0,55,96.7,153,394,14.9,155,48,5
WELLS GRAY,2024-07-12,ACTUAL,27.1,5.3,25,173,10,0,55,95.3,158,403,14.8,159,48,5
WELLS GRAY,2024-07-13,ACTUAL,27.7,9,31,207,6,0,55,94.2,162,411,10.4,163,39,5
WELLS GRAY,2024-07-14,ACTUAL,30.8,4.5,19,168,5,0,55,95.2,168,421,11.8,168,42,5
WELLS GRAY,2024-07-15,ACTUAL,31.5,7.2,22,206,6,0,55,95.3,174,430,12.3,174,44,5
WELLS GRAY,2024-07-16,ACTUAL,32.3,6.5,20,193,7,0,55,95.4,181,439,12.8,181,45,5
WELLS GRAY,2024-07-17,ACTUAL,35.4,3.8,14,209,6,0,55,97.1,188,450,15.8,188,52,5
WELLS GRAY,2024-07-18,ACTUAL,30.4,8.1,25,187,5,0,55,95.9,193,459,12.8,193,45,5
WELLS GRAY,2024-07-19,ACTUAL,30.5,11.4,31,191,7,0,55,94.6,199,468,11.8,198,43,5
WELLS GRAY,2024-07-20,ACTUAL,32.5,5.9,19,177,4,0,55,95.5,205,477,11.5,205,43,5
WELLS GRAY,2024-07-21,ACTUAL,36.5,5.7,15,168,10,0,55,97.1,213,488,19,212,59,5
WELLS GRAY,2024-07-22,ACTUAL,22.5,13.6,57,120,5,0,55,90.2,215,495,5.6,215,27,5
WELLS GRAY,2024-07-23,ACTUAL,21.9,6.9,38,216,6,3.8,55,74.9,103,491,1,135,6,3
WELLS GRAY,2024-07-24,ACTUAL,19.2,6.9,45,154,6,0,55,84.3,105,498,2.6,138,14,4
WELLS GRAY,2024-07-25,ACTUAL,15.1,7.7,61,158,4,0,55,84.6,107,504,2.5,140,13,4
WELLS GRAY,2024-07-26,ACTUAL,15,7.4,60,214,3,0,55,84.8,108,510,2.3,142,13,4
WELLS GRAY,2024-07-27,ACTUAL,21.2,9.1,46,206,6,3,55,73.9,82,509,1,117,5,3
WELLS GRAY,2024-07-28,ACTUAL,20.9,9.5,48,155,4,0,55,83.6,84,517,2.1,120,11,4
WELLS GRAY,2024-07-29,ACTUAL,14,13.8,99,182,7,9.8,55,20.7,45,477,0,72,0,2
WELLS GRAY,2024-07-30,ACTUAL,16.6,15.6,94,296,1,12,55,9,22,431,0,38,0,2
WELLS GRAY,2024-07-31,ACTUAL,20.9,12.4,58,165,8,0,55,51.3,24,438,0.3,42,0,2
WELLS GRAY,2024-08-01,ACTUAL,27.5,12.7,40,185,6,0,55,82.5,27,446,2,47,6,3
WELLS GRAY,2024-08-02,ACTUAL,31.1,4,18,204,7,0,55,94.4,33,455,11,55,25,4
WELLS GRAY,2024-08-03,ACTUAL,28.7,11.7,35,188,7,0,55,93.4,37,463,10,61,25,4
WELLS GRAY,2024-08-04,ACTUAL,27,11.8,39,223,4,0,55,92.4,40,471,7.4,66,21,4
WELLS GRAY,2024-08-05,ACTUAL,22,13.7,59,69,3,4,55,65.7,31,465,0.6,52,1,3
WELLS GRAY,2024-08-06,ACTUAL,25.2,12.1,44,200,7,0,55,84.2,34,472,2.7,57,9,3
WELLS GRAY,2024-08-07,MANUAL,25.8,8.7,34,194,6,0.2,60,90.1,37,480,5.9,62,17,3
WELLS GRAY,2024-08-08,ACTUAL,30,4.6,20,158,7,0,60,94.5,42,488,11.4,70,29,4
WELLS GRAY,2024-08-09,ACTUAL,25.1,5.7,29,180,4,0,60,94,46,496,9.3,75,26,4
WELLS GRAY,2024-08-10,ACTUAL,25.8,9.1,35,179,8,0,60,93,50,504,9.6,80,27,4
WELLS GRAY,2024-08-11,ACTUAL,27.8,7,27,175,10,0,60,93.1,54,512,11,86,31,5
WELLS GRAY,2024-08-12,ACTUAL,21.9,9.1,44,183,6,0,60,91.1,57,519,6.7,89,22,4
WELLS GRAY,2024-08-13,ACTUAL,21.3,14.8,66,186,5,2,60,75,53,525,1,84,4,3
WELLS GRAY,2024-08-14,ACTUAL,25.7,9.4,36,161,7,0,60,88,56,533,4.5,89,17,4
WELLS GRAY,2024-08-15,ACTUAL,25.4,10.4,39,19,5,0,60,89.8,60,541,5.3,93,20,4
WELLS GRAY,2024-08-16,ACTUAL,22.2,13.9,59,207,7,0.4,60,88.2,62,548,4.8,96,18,4
WELLS GRAY,2024-08-17,ACTUAL,21.7,14,61,153,6,6.8,60,60.1,38,522,0.5,64,1,3
WELLS GRAY,2024-08-18,ACTUAL,22.3,14,59,200,4,0,60,76.9,40,529,1.1,67,4,3
WELLS GRAY,2024-08-19,ACTUAL,24,7.1,34,189,8,3,60,79.2,35,527,1.6,60,6,3
WELLS GRAY,2024-08-20,ACTUAL,19,7.1,46,169,8,0,60,85.6,37,534,3.5,63,11,3
WELLS GRAY,2024-08-21,ACTUAL,18.1,8.7,54,164,4,0,60,86.1,39,540,3,66,10,3
WELLS GRAY,2024-08-22,ACTUAL,24.2,10.4,42,213,6,2.2,60,80.8,37,548,1.7,63,6,3
WELLS GRAY,2024-08-23,ACTUAL,27.5,6.2,26,306,6,0,60,91.4,41,555,7,70,20,4
WELLS GRAY,2024-08-24,ACTUAL,11.4,10.1,92,62,4,29.2,60,20.5,15,411,0,28,0,2
WELLS GRAY,2024-08-25,ACTUAL,14.6,11.6,82,17,4,2.4,60,31.4,13,417,0,24,0,2
WELLS GRAY,2024-08-26,ACTUAL,17.7,11.6,67,335,6,0.2,60,57.5,14,423,0.5,26,0,2
WELLS GRAY,2024-08-27,ACTUAL,12.5,9.3,81,172,6,19.8,60,26.9,6,350,0,12,0,1
WELLS GRAY,2024-08-28,ACTUAL,19.2,7.6,47,221,6,1,60,62.4,9,357,0.6,16,1,1
WELLS GRAY,2024-08-29,ACTUAL,20.4,9.3,49,181,6,0,60,79.8,11,363,1.5,20,2,2
WELLS GRAY,2024-08-30,ACTUAL,23.3,11.4,47,200,6,0,60,86.4,14,371,3.4,25,6,2
WELLS GRAY,2024-08-31,ACTUAL,26.8,9.1,33,195,4,0,60,90.8,17,378,6,31,12,3
WELLS GRAY,2024-09-01,ACTUAL,28.1,10.2,33,174,7,0,60,91.8,21,385,7.6,37,16,3
WELLS GRAY,2024-09-02,ACTUAL,21.4,11.8,54,102,2,0,60,89.5,23,391,4.3,40,10,3
WELLS GRAY,2024-09-03,ACTUAL,23.9,7.4,35,201,5,0,60,90.5,26,397,6,44,14,3
WELLS GRAY,2024-09-04,ACTUAL,22.2,3.7,30,196,6,0,60,91.3,29,402,7.1,49,17,4
WELLS GRAY,2024-09-05,ACTUAL,26.1,8.5,33,193,5,0,60,91.5,32,409,6.8,53,17,4
WELLS GRAY,2024-09-06,ACTUAL,27.2,7.5,29,197,5,0,60,92.4,35,415,7.8,58,20,4
WELLS GRAY,2024-09-07,ACTUAL,26.2,7.2,30,194,6,0,60,92.5,39,422,8.2,63,22,4
WELLS GRAY,2024-09-08,ACTUAL,19.7,9,50,161,1,0,60,90.2,41,427,4.7,66,15,3
WELLS GRAY,2024-09-09,ACTUAL,20.8,-2.4,21,241,6,0,60,92.7,44,433,8.4,70,23,4
WELLS GRAY,2024-09-10,ACTUAL,18.7,-1.3,26,145,5,0,60,92.7,46,438,7.9,73,23,4
WELLS GRAY,2024-09-11,ACTUAL,12,6.6,69,161,5,0,60,87.1,47,442,3.7,74,13,4
WELLS GRAY,2024-09-12,ACTUAL,19.1,10.2,56,186,6,1.6,60,78.3,47,447,1.3,74,5,3
WELLS GRAY,2024-09-13,ACTUAL,18,6.5,47,195,7,0,60,84.8,49,452,2.9,77,11,4
WELLS GRAY,2024-09-14,ACTUAL,12.4,11,91,177,2,7.2,60,31.3,28,428,0,48,0,2
WELLS GRAY,2024-09-15,ACTUAL,16,9.7,66,168,6,4.6,60,42.8,20,418,0.1,35,0,2
WELLS GRAY,2024-09-16,ACTUAL,12.1,8.4,78,211,2,0,60,54.6,20,422,0.3,36,0,2
WELLS GRAY,2024-09-17,ACTUAL,17.7,6.9,49,173,4,0,60,74.5,22,427,0.9,39,2,2
WELLS GRAY,2024-09-18,ACTUAL,21.4,4.4,33,179,6,0,60,87,25,432,3.9,43,10,3
WELLS GRAY,2024-09-19,ACTUAL,12.7,5.7,62,196,6,0,60,86.2,25,436,3.3,44,9,3
WELLS GRAY,2024-09-20,ACTUAL,12.1,3.6,56,181,7,2.6,60,68.3,22,440,0.9,39,2,2
WELLS GRAY,2024-09-21,ACTUAL,9.9,5.7,75,186,3,0,60,73.4,22,444,0.8,40,2,2
WELLS GRAY,2024-09-22,ACTUAL,9.2,9,99,268,3,11.2,60,16.4,11,402,0,20,0,1
WELLS GRAY,2024-09-23,ACTUAL,12.6,11.3,92,359,2,7.4,60,11.2,6,381,0,11,0,1
WELLS GRAY,2024-09-24,ACTUAL,20.1,14.1,68,105,5,0.2,60,44.2,7,386,0.1,13,0,1
WELLS GRAY,2024-09-25,ACTUAL,11.7,11.2,97,108,3,23.2,60,7.6,3,306,0,5,0,1
WELLS GRAY,2024-09-26,ACTUAL,10.3,8.7,90,143,7,11.4,60,12.5,1,276,0,2,0,1
WELLS GRAY,2024-09-27,ACTUAL,14.8,7.9,63,189,5,2.6,60,38.3,1,281,0,2,0,1
WELLS GRAY,2024-09-28,ACTUAL,6.9,5.2,89,321,3,0.2,60,44.8,1,284,0.1,2,0,1
WELLS GRAY,2024-09-29,ACTUAL,9.4,0,52,214,5,0.6,60,63.5,2,287,0.6,4,0,1
WELLS GRAY,2024-09-30,ACTUAL,9.3,3.3,66,187,6,0.2,60,72.7,3,291,0.9,5,0,1
WELLS GRAY,2024-10-01,ACTUAL,3.4,3.1,98,2,1,32,60,9.9,1,200,0,1,0,1
WELLS GRAY,2024-10-02,ACTUAL,6.4,6.2,99,183,5,5.2,60,4.8,0,192,0,0,0,1
WELLS GRAY,2024-10-03,ACTUAL,11.3,5.7,68,187,4,4,60,25.7,1,189,0,1,0,1
WELLS GRAY,2024-10-04,ACTUAL,4.4,3.2,92,45,8,5.2,60,17.2,0,181,0,0,0,1
WELLS GRAY,2024-10-05,ACTUAL,9,7.6,91,150,2,8.6,60,11.2,0,165,0,0,0,1
WELLS GRAY,2024-10-06,ACTUAL,8.2,7.7,97,150,3,3.4,60,8.8,0,163,0,0,0,1
WELLS GRAY,2024-10-07,ACTUAL,7.9,7.7,99,222,1,2.4,60,6.4,0,165,0,0,0,1
WELLS GRAY,2024-10-08,ACTUAL,9.8,9.6,99,18,4,12.4,60,1.3,0,141,0,0,0,1
WELLS GRAY,2024-10-09,ACTUAL,9.1,8.9,99,170,3,0.6,60,1.7,0,144,0,0,0,1
WELLS GRAY,2024-10-10,ACTUAL,9.7,5.3,74,151,6,5.4,60,21.6,0,137,0,1,0,1
WELLS GRAY,2024-10-11,ACTUAL,11.5,5.2,65,181,4,0,60,44.9,1,140,0.1,2,0,1
WELLS GRAY,2024-10-12,ACTUAL,12.5,4.8,59,164,4,0,60,63.6,2,143,0.6,4,0,1
WELLS GRAY,2024-10-13,ACTUAL,13.9,9.2,73,217,4,0,60,72,3,146,0.8,5,0,1
WELLS GRAY,2024-10-14,ACTUAL,9.5,9.2,98,53,4,5,60,28.4,1,140,0,2,0,1
WELLS GRAY,2024-10-15,ACTUAL,10.1,9.9,99,157,2,5.4,60,10.6,0,134,0,0,0,1
WELLS GRAY,2024-10-16,ACTUAL,7.9,7,94,177,6,0.6,60,16.7,0,136,0,0,0,1
WELLS GRAY,2024-10-17,ACTUAL,5.2,2.9,85,178,8,0.2,60,29.6,0,138,0,0,0,1
WELLS GRAY,2024-10-18,ACTUAL,0.6,0.2,97,108,1,0.6,60,30.4,0,139,0,0,0,1
WELLS GRAY,2024-10-19,ACTUAL,2.7,2.6,99,102,2,1.8,60,22.9,0,140,0,0,0,1
WELLS GRAY,2024-10-20,ACTUAL,4.1,3.9,99,226,3,29.8,60,1.4,0,81,0,0,0,1
WELLS GRAY,2024-10-21,ACTUAL,2.4,2.3,99,219,3,14.6,60,0.7,0,56,0,0,0,1
WELLS GRAY,2024-10-22,ACTUAL,0.2,-0.1,98,169,7,0.2,60,2.6,0,57,0,0,0,1
WELLS GRAY,2024-10-23,ACTUAL,-0.2,-0.5,98,135,2,0.2,60,3.9,0,58,0,0,0,1
WELLS GRAY,2024-10-24,ACTUAL,1.2,1.1,99,211,3,0.6,60,4.2,0,59,0,0,0,1
WELLS GRAY,2024-10-25,ACTUAL,0,-0.3,98,73,4,0,60,5.7,0,60,0,0,0,1
WELLS GRAY,2024-10-26,ACTUAL,1.1,0.5,96,105,3,0,60,8.7,0,60,0,0,0,1
WELLS GRAY,2024-10-27,ACTUAL,5.8,5.3,97,276,5,6.4,60,5.6,0,53,0,0,0,1
WELLS GRAY,2024-10-28,ACTUAL,2.9,2.6,98,49,2,3.8,60,3.8,0,50,0,0,0,1
WELLS GRAY,2024-10-29,ACTUAL,-0.3,-0.4,99,219,4,1.4,60,3.1,0,51,0,0,0,1
WELLS GRAY,2024-10-30,ACTUAL,-0.1,-2,87,35,6,0,60,12.4,0,51,0,0,0,1
WELLS GRAY,2024-10-31,ACTUAL,1.2,0.6,96,355,2,0.2,60,14.8,0,52,0,0,0,1
